 ******* Program HYDRUS
 ******* 
 Welcome to HYDRUS-1D                                                    
 Date:  26. 3.2026    Time:   3: 9:11
 Units: L = cm   , T = days , M = micro


 Time:        0.0000


 Node      Depth      Head Moisture       K          C         Flux        Sink         Kappa   v/KsTop   Temp   Conc(1..NS) Sorb(1...NS)
           [L]        [L]    [-]        [L/T]      [1/L]      [L/T]        [1/T]         [-]      [-]      [C]      [M/L*3]

   1     0.0000    -120.000 0.3030   0.1139E+00  0.5933E-03 -0.3106E-02  0.5176E-02      -1  -0.298E-03    0.00  0.0000E+00  0.0000E+00
   2    -1.2000    -118.800 0.3038   0.1177E+00  0.5988E-03  0.7976E-07  0.5124E-02      -1   0.764E-08    0.00  0.0000E+00  0.0000E+00
   3    -2.4000    -117.600 0.3046   0.1215E+00  0.6042E-03  0.8100E-07  0.5072E-02      -1   0.776E-08    0.00  0.0000E+00  0.0000E+00
   4    -3.6000    -116.400 0.3053   0.1254E+00  0.6097E-03  0.8041E-07  0.5021E-02      -1   0.770E-08    0.00  0.0000E+00  0.0000E+00
   5    -4.8000    -115.200 0.3061   0.1292E+00  0.6152E-03  0.7130E-07  0.4969E-02      -1   0.683E-08    0.00  0.0000E+00  0.0000E+00
   6    -6.0000    -114.000 0.3069   0.1330E+00  0.6206E-03 -0.3171E-06  0.4917E-02      -1  -0.304E-07    0.00  0.0000E+00  0.0000E+00
   7    -7.2000    -112.800 0.3077   0.1368E+00  0.6261E-03  0.1121E-06  0.4865E-02      -1   0.107E-07    0.00  0.0000E+00  0.0000E+00
   8    -8.4000    -111.600 0.3084   0.1406E+00  0.6316E-03  0.4771E-07  0.4814E-02      -1   0.457E-08    0.00  0.0000E+00  0.0000E+00
   9    -9.6000    -110.400 0.3092   0.1445E+00  0.6371E-03  0.6275E-07  0.4762E-02      -1   0.601E-08    0.00  0.0000E+00  0.0000E+00
  10   -10.8000    -109.200 0.3100   0.1483E+00  0.6425E-03  0.1089E-06  0.4710E-02      -1   0.104E-07    0.00  0.0000E+00  0.0000E+00
  11   -12.0000    -108.000 0.3108   0.1521E+00  0.6480E-03 -0.3627E-06  0.4658E-02      -1  -0.347E-07    0.00  0.0000E+00  0.0000E+00
  12   -13.2000    -106.800 0.3115   0.1559E+00  0.6535E-03  0.1269E-06  0.4607E-02      -1   0.122E-07    0.00  0.0000E+00  0.0000E+00
  13   -14.4000    -105.600 0.3123   0.1598E+00  0.6589E-03  0.5512E-07  0.4555E-02      -1   0.528E-08    0.00  0.0000E+00  0.0000E+00
  14   -15.6000    -104.400 0.3131   0.1636E+00  0.6644E-03  0.1392E-06  0.4503E-02      -1   0.133E-07    0.00  0.0000E+00  0.0000E+00
  15   -16.8000    -103.200 0.3139   0.1674E+00  0.6699E-03  0.1271E-06  0.4451E-02      -1   0.122E-07    0.00  0.0000E+00  0.0000E+00
  16   -18.0000    -102.000 0.3146   0.1712E+00  0.6754E-03 -0.5409E-06  0.4400E-02      -1  -0.518E-07    0.00  0.0000E+00  0.0000E+00
  17   -19.2000    -100.800 0.3154   0.1751E+00  0.6808E-03  0.1484E-06  0.4348E-02      -1   0.142E-07    0.00  0.0000E+00  0.0000E+00
  18   -20.4000     -99.600 0.3162   0.1789E+00  0.6863E-03  0.1364E-06  0.4296E-02      -1   0.131E-07    0.00  0.0000E+00  0.0000E+00
  19   -21.6000     -98.400 0.3170   0.1827E+00  0.6918E-03  0.1546E-06  0.4244E-02      -1   0.148E-07    0.00  0.0000E+00  0.0000E+00
  20   -22.8000     -97.200 0.3177   0.1865E+00  0.6972E-03  0.1425E-06  0.4193E-02      -1   0.137E-07    0.00  0.0000E+00  0.0000E+00
  21   -24.0000     -96.000 0.3185   0.1903E+00  0.7027E-03 -0.6029E-06  0.4141E-02      -1  -0.577E-07    0.00  0.0000E+00  0.0000E+00
  22   -25.2000     -94.800 0.3194   0.1961E+00  0.7087E-03  0.1712E-06  0.4089E-02      -1   0.164E-07    0.00  0.0000E+00  0.0000E+00
  23   -26.4000     -93.600 0.3203   0.2035E+00  0.7152E-03  0.1491E-06  0.4037E-02      -1   0.143E-07    0.00  0.0000E+00  0.0000E+00
  24   -27.6000     -92.400 0.3212   0.2109E+00  0.7217E-03  0.1843E-06  0.3986E-02      -1   0.177E-07    0.00  0.0000E+00  0.0000E+00
  25   -28.8000     -91.200 0.3221   0.2183E+00  0.7282E-03  0.1610E-06  0.3934E-02      -1   0.154E-07    0.00  0.0000E+00  0.0000E+00
  26   -30.0000     -90.000 0.3230   0.2257E+00  0.7346E-03 -0.7129E-06  0.3882E-02      -1  -0.683E-07    0.00  0.0000E+00  0.0000E+00
  27   -31.2000     -88.800 0.3239   0.2331E+00  0.7411E-03  0.1872E-07  0.3830E-02      -1   0.179E-08    0.00  0.0000E+00  0.0000E+00
  28   -32.4000     -87.600 0.3248   0.2404E+00  0.7476E-03  0.3810E-06  0.3778E-02      -1   0.365E-07    0.00  0.0000E+00  0.0000E+00
  29   -33.6000     -86.400 0.3257   0.2478E+00  0.7541E-03  0.4048E-06  0.3727E-02      -1   0.388E-07    0.00  0.0000E+00  0.0000E+00
  30   -34.8000     -85.200 0.3266   0.2552E+00  0.7606E-03  0.1263E-06  0.3675E-02      -1   0.121E-07    0.00  0.0000E+00  0.0000E+00
  31   -36.0000     -84.000 0.3338   0.9736E-01  0.7253E-03 -0.4345E-06  0.3623E-02      -1  -0.416E-07    0.00  0.0000E+00  0.0000E+00
  32   -37.2000     -82.800 0.3346   0.1002E+00  0.7324E-03  0.7463E-08  0.3571E-02      -1   0.715E-09    0.00  0.0000E+00  0.0000E+00
  33   -38.4000     -81.600 0.3355   0.1030E+00  0.7396E-03  0.1635E-06  0.3520E-02      -1   0.157E-07    0.00  0.0000E+00  0.0000E+00
  34   -39.6000     -80.400 0.3364   0.1058E+00  0.7468E-03  0.1725E-06  0.3468E-02      -1   0.165E-07    0.00  0.0000E+00  0.0000E+00
  35   -40.8000     -79.200 0.3372   0.1086E+00  0.7540E-03 -0.1241E-08  0.3416E-02      -1  -0.119E-09    0.00  0.0000E+00  0.0000E+00
  36   -42.0000     -78.000 0.3381   0.1114E+00  0.7612E-03 -0.3519E-06  0.3364E-02      -1  -0.337E-07    0.00  0.0000E+00  0.0000E+00
  37   -43.2000     -76.800 0.3389   0.1142E+00  0.7684E-03  0.7959E-08  0.3313E-02      -1   0.762E-09    0.00  0.0000E+00  0.0000E+00
  38   -44.4000     -75.600 0.3398   0.1171E+00  0.7756E-03  0.1861E-06  0.3261E-02      -1   0.178E-07    0.00  0.0000E+00  0.0000E+00
  39   -45.6000     -74.400 0.3408   0.1224E+00  0.7841E-03  0.2013E-06  0.3209E-02      -1   0.193E-07    0.00  0.0000E+00  0.0000E+00
  40   -46.8000     -73.200 0.3418   0.1277E+00  0.7927E-03 -0.4634E-08  0.3157E-02      -1  -0.444E-09    0.00  0.0000E+00  0.0000E+00
  41   -48.0000     -72.000 0.3428   0.1330E+00  0.8012E-03 -0.4202E-06  0.3106E-02      -1  -0.402E-07    0.00  0.0000E+00  0.0000E+00
  42   -49.2000     -70.800 0.3438   0.1383E+00  0.8097E-03  0.1256E-07  0.3054E-02      -1   0.120E-08    0.00  0.0000E+00  0.0000E+00
  43   -50.4000     -69.600 0.3448   0.1436E+00  0.8182E-03  0.2268E-06  0.3002E-02      -1   0.217E-07    0.00  0.0000E+00  0.0000E+00
  44   -51.6000     -68.400 0.3458   0.1489E+00  0.8268E-03  0.2439E-06  0.2950E-02      -1   0.234E-07    0.00  0.0000E+00  0.0000E+00
  45   -52.8000     -67.200 0.3468   0.1542E+00  0.8353E-03 -0.3845E-08  0.2899E-02      -1  -0.368E-09    0.00  0.0000E+00  0.0000E+00
  46   -54.0000     -66.000 0.3478   0.1595E+00  0.8438E-03 -0.5038E-06  0.2847E-02      -1  -0.483E-07    0.00  0.0000E+00  0.0000E+00
  47   -55.2000     -64.800 0.3488   0.1648E+00  0.8523E-03  0.1335E-07  0.2795E-02      -1   0.128E-08    0.00  0.0000E+00  0.0000E+00
  48   -56.4000     -63.600 0.3498   0.1701E+00  0.8609E-03  0.2694E-06  0.2743E-02      -1   0.258E-07    0.00  0.0000E+00  0.0000E+00
  49   -57.6000     -62.400 0.3507   0.1753E+00  0.8694E-03  0.0000E+00  0.2692E-02      -1   0.000E+00    0.00  0.0000E+00  0.0000E+00
  50   -58.8000     -61.200 0.3517   0.1806E+00  0.8779E-03  0.0000E+00  0.2640E-02      -1   0.000E+00    0.00  0.0000E+00  0.0000E+00
  51   -60.0000     -60.000 0.3527   0.1859E+00  0.8865E-03  0.0000E+00  0.2588E-02      -1   0.000E+00    0.00  0.0000E+00  0.0000E+00
  52   -61.2000     -58.800 0.3539   0.1952E+00  0.8956E-03  0.0000E+00  0.2536E-02      -1   0.000E+00    0.00  0.0000E+00  0.0000E+00
  53   -62.4000     -57.600 0.3550   0.2046E+00  0.9048E-03  0.0000E+00  0.2484E-02      -1   0.000E+00    0.00  0.0000E+00  0.0000E+00
  54   -63.6000     -56.400 0.3561   0.2141E+00  0.9139E-03 -0.3456E-06  0.2433E-02      -1  -0.331E-07    0.00  0.0000E+00  0.0000E+00
  55   -64.8000     -55.200 0.3572   0.2235E+00  0.9231E-03  0.2172E-07  0.2381E-02      -1   0.208E-08    0.00  0.0000E+00  0.0000E+00
  56   -66.0000     -54.000 0.3583   0.2330E+00  0.9323E-03  0.7499E-06  0.2329E-02      -1   0.718E-07    0.00  0.0000E+00  0.0000E+00
  57   -67.2000     -52.800 0.3595   0.2424E+00  0.9414E-03 -0.7835E-08  0.2277E-02      -1  -0.751E-09    0.00  0.0000E+00  0.0000E+00
  58   -68.4000     -51.600 0.3606   0.2519E+00  0.9506E-03 -0.3904E-06  0.2226E-02      -1  -0.374E-07    0.00  0.0000E+00  0.0000E+00
  59   -69.6000     -50.400 0.3617   0.2613E+00  0.9598E-03 -0.4202E-06  0.2174E-02      -1  -0.402E-07    0.00  0.0000E+00  0.0000E+00
  60   -70.8000     -49.200 0.3628   0.2708E+00  0.9689E-03  0.2312E-07  0.2122E-02      -1   0.221E-08    0.00  0.0000E+00  0.0000E+00
  61   -72.0000     -48.000 0.3639   0.2802E+00  0.9781E-03  0.9049E-06  0.2070E-02      -1   0.867E-07    0.00  0.0000E+00  0.0000E+00
  62   -73.2000     -46.800 0.3651   0.2935E+00  0.9870E-03 -0.1452E-07  0.2019E-02      -1  -0.139E-08    0.00  0.0000E+00  0.0000E+00
  63   -74.4000     -45.600 0.3663   0.3094E+00  0.9956E-03 -0.4761E-06  0.1967E-02      -1  -0.456E-07    0.00  0.0000E+00  0.0000E+00
  64   -75.6000     -44.400 0.3676   0.3253E+00  0.1004E-02 -0.5265E-06  0.1915E-02      -1  -0.504E-07    0.00  0.0000E+00  0.0000E+00
  65   -76.8000     -43.200 0.3688   0.3413E+00  0.1013E-02  0.3557E-07  0.1863E-02      -1   0.341E-08    0.00  0.0000E+00  0.0000E+00
  66   -78.0000     -42.000 0.3700   0.3572E+00  0.1022E-02  0.1150E-05  0.1812E-02      -1   0.110E-06    0.00  0.0000E+00  0.0000E+00
  67   -79.2000     -40.800 0.3712   0.3731E+00  0.1030E-02 -0.1429E-07  0.1760E-02      -1  -0.137E-08    0.00  0.0000E+00  0.0000E+00
  68   -80.4000     -39.600 0.3725   0.3891E+00  0.1039E-02 -0.6020E-06  0.1708E-02      -1  -0.577E-07    0.00  0.0000E+00  0.0000E+00
  69   -81.6000     -38.400 0.3737   0.4050E+00  0.1048E-02 -0.6551E-06  0.1656E-02      -1  -0.628E-07    0.00  0.0000E+00  0.0000E+00
  70   -82.8000     -37.200 0.3749   0.4245E+00  0.1056E-02  0.4854E-07  0.1605E-02      -1   0.465E-08    0.00  0.0000E+00  0.0000E+00
  71   -84.0000     -36.000 0.3762   0.4500E+00  0.1062E-02  0.1448E-05  0.1553E-02      -1   0.139E-06    0.00  0.0000E+00  0.0000E+00
  72   -85.2000     -34.800 0.3775   0.4754E+00  0.1069E-02 -0.2644E-07  0.1501E-02      -1  -0.253E-08    0.00  0.0000E+00  0.0000E+00
  73   -86.4000     -33.600 0.3788   0.5009E+00  0.1075E-02 -0.7711E-06  0.1449E-02      -1  -0.739E-07    0.00  0.0000E+00  0.0000E+00
  74   -87.6000     -32.400 0.3801   0.5264E+00  0.1082E-02 -0.8515E-06  0.1398E-02      -1  -0.816E-07    0.00  0.0000E+00  0.0000E+00
  75   -88.8000     -31.200 0.3814   0.5518E+00  0.1089E-02  0.5704E-07  0.1346E-02      -1   0.546E-08    0.00  0.0000E+00  0.0000E+00
  76   -90.0000     -30.000 0.3827   0.5773E+00  0.1095E-02  0.1867E-05  0.1294E-02      -1   0.179E-06    0.00  0.0000E+00  0.0000E+00
  77   -91.2000     -28.800 0.3840   0.6142E+00  0.1099E-02 -0.5518E-06  0.1242E-02      -1  -0.529E-07    0.00  0.0000E+00  0.0000E+00
  78   -92.4000     -27.600 0.3853   0.6529E+00  0.1102E-02 -0.4286E-06  0.1190E-02      -1  -0.411E-07    0.00  0.0000E+00  0.0000E+00
  79   -93.6000     -26.400 0.3867   0.6916E+00  0.1105E-02 -0.6132E-06  0.1139E-02      -1  -0.587E-07    0.00  0.0000E+00  0.0000E+00
  80   -94.8000     -25.200 0.3880   0.7303E+00  0.1108E-02 -0.4886E-06  0.1087E-02      -1  -0.468E-07    0.00  0.0000E+00  0.0000E+00
  81   -96.0000     -24.000 0.3893   0.7690E+00  0.1111E-02  0.2485E-05  0.9662E-03      -1   0.238E-06    0.00  0.0000E+00  0.0000E+00
  82   -97.2000     -22.800 0.3906   0.8200E+00  0.1110E-02 -0.7435E-06  0.8392E-03      -1  -0.712E-07    0.00  0.0000E+00  0.0000E+00
  83   -98.4000     -21.600 0.3920   0.8763E+00  0.1108E-02 -0.5667E-06  0.7205E-03      -1  -0.543E-07    0.00  0.0000E+00  0.0000E+00
  84   -99.6000     -20.400 0.3933   0.9325E+00  0.1106E-02 -0.8348E-06  0.6101E-03      -1  -0.800E-07    0.00  0.0000E+00  0.0000E+00
  85  -100.8000     -19.200 0.3946   0.9887E+00  0.1103E-02 -0.6428E-06  0.5079E-03      -1  -0.616E-07    0.00  0.0000E+00  0.0000E+00
  86  -102.0000     -18.000 0.3959   0.1059E+01  0.1097E-02  0.3414E-05  0.4141E-03      -1   0.327E-06    0.00  0.0000E+00  0.0000E+00
  87  -103.2000     -16.800 0.3973   0.1137E+01  0.1088E-02 -0.1038E-05  0.3285E-03      -1  -0.994E-07    0.00  0.0000E+00  0.0000E+00
  88  -104.4000     -15.600 0.3986   0.1216E+01  0.1079E-02 -0.7769E-06  0.2512E-03      -1  -0.744E-07    0.00  0.0000E+00  0.0000E+00
  89  -105.6000     -14.400 0.3999   0.1305E+01  0.1067E-02 -0.6830E-06  0.1822E-03      -1  -0.654E-07    0.00  0.0000E+00  0.0000E+00
  90  -106.8000     -13.200 0.4011   0.1411E+01  0.1049E-02 -0.9660E-06  0.1215E-03      -1  -0.925E-07    0.00  0.0000E+00  0.0000E+00
  91  -108.0000     -12.000 0.4024   0.1517E+01  0.1032E-02  0.3633E-05  0.6901E-04      -1   0.348E-06    0.00  0.0000E+00  0.0000E+00
  92  -109.2000     -10.800 0.4036   0.1650E+01  0.1008E-02 -0.1547E-05  0.2484E-04      -1  -0.148E-06    0.00  0.0000E+00  0.0000E+00
  93  -110.4000      -9.600 0.4048   0.1790E+01  0.9815E-03 -0.4168E-06  0.0000E+00      -1  -0.399E-07    0.00  0.0000E+00  0.0000E+00
  94  -111.6000      -8.400 0.4060   0.1961E+01  0.9473E-03 -0.1084E-05  0.0000E+00      -1  -0.104E-06    0.00  0.0000E+00  0.0000E+00
  95  -112.8000      -7.200 0.4071   0.2148E+01  0.9090E-03 -0.1406E-05  0.0000E+00      -1  -0.135E-06    0.00  0.0000E+00  0.0000E+00
  96  -114.0000      -6.000 0.4081   0.2375E+01  0.8612E-03  0.5692E-05  0.0000E+00      -1   0.545E-06    0.00  0.0000E+00  0.0000E+00
  97  -115.2000      -4.800 0.4091   0.2651E+01  0.8025E-03 -0.2053E-05  0.0000E+00      -1  -0.197E-06    0.00  0.0000E+00  0.0000E+00
  98  -116.4000      -3.600 0.4101   0.2996E+01  0.7293E-03 -0.1202E-05  0.0000E+00      -1  -0.115E-06    0.00  0.0000E+00  0.0000E+00
  99  -117.6000      -2.400 0.4109   0.3459E+01  0.6326E-03 -0.3308E-05  0.0000E+00      -1  -0.317E-06    0.00  0.0000E+00  0.0000E+00
 100  -118.8000      -1.200 0.4116   0.4163E+01  0.4913E-03  0.1635E-06  0.0000E+00      -1   0.157E-07    0.00  0.0000E+00  0.0000E+00
 101  -120.0000       0.000 0.4120   0.7000E+01  0.0000E+00  0.1464E-04  0.0000E+00      -1   0.140E-05    0.00  0.0000E+00  0.0000E+00
end


 Time:      365.0000


 Node      Depth      Head Moisture       K          C         Flux        Sink         Kappa   v/KsTop   Temp   Conc(1..NS) Sorb(1...NS)
           [L]        [L]    [-]        [L/T]      [1/L]      [L/T]        [1/T]         [-]      [-]      [C]      [M/L*3]

   1     0.0000     -75.279 0.3342   0.3181E+00  0.8142E-03 -0.3165E+00  0.5176E-02      -1  -0.303E-01    0.00  0.0000E+00  0.0000E+00
   2    -1.2000     -75.260 0.3342   0.3183E+00  0.8143E-03 -0.3103E+00  0.5124E-02      -1  -0.297E-01    0.00  0.0000E+00  0.0000E+00
   3    -2.4000     -75.217 0.3342   0.3188E+00  0.8146E-03 -0.3042E+00  0.5072E-02      -1  -0.291E-01    0.00  0.0000E+00  0.0000E+00
   4    -3.6000     -75.149 0.3343   0.3196E+00  0.8150E-03 -0.2981E+00  0.5021E-02      -1  -0.286E-01    0.00  0.0000E+00  0.0000E+00
   5    -4.8000     -75.056 0.3344   0.3206E+00  0.8155E-03 -0.2921E+00  0.4969E-02      -1  -0.280E-01    0.00  0.0000E+00  0.0000E+00
   6    -6.0000     -74.936 0.3345   0.3220E+00  0.8162E-03 -0.2862E+00  0.4917E-02      -1  -0.274E-01    0.00  0.0000E+00  0.0000E+00
   7    -7.2000     -74.788 0.3346   0.3236E+00  0.8170E-03 -0.2803E+00  0.4865E-02      -1  -0.268E-01    0.00  0.0000E+00  0.0000E+00
   8    -8.4000     -74.614 0.3348   0.3256E+00  0.8180E-03 -0.2745E+00  0.4814E-02      -1  -0.263E-01    0.00  0.0000E+00  0.0000E+00
   9    -9.6000     -74.412 0.3349   0.3278E+00  0.8192E-03 -0.2688E+00  0.4762E-02      -1  -0.257E-01    0.00  0.1145E-29  0.0000E+00
  10   -10.8000     -74.181 0.3351   0.3304E+00  0.8205E-03 -0.2631E+00  0.4710E-02      -1  -0.252E-01    0.00  0.7238E-29  0.0000E+00
  11   -12.0000     -73.922 0.3354   0.3333E+00  0.8220E-03 -0.2575E+00  0.4658E-02      -1  -0.247E-01    0.00  0.2023E-28  0.0000E+00
  12   -13.2000     -73.635 0.3356   0.3365E+00  0.8236E-03 -0.2519E+00  0.4607E-02      -1  -0.241E-01    0.00  0.4927E-28  0.0000E+00
  13   -14.4000     -73.318 0.3359   0.3401E+00  0.8254E-03 -0.2464E+00  0.4555E-02      -1  -0.236E-01    0.00  0.1153E-27  0.0000E+00
  14   -15.6000     -72.973 0.3362   0.3439E+00  0.8274E-03 -0.2410E+00  0.4503E-02      -1  -0.231E-01    0.00  0.2661E-27  0.0000E+00
  15   -16.8000     -72.600 0.3365   0.3481E+00  0.8296E-03 -0.2356E+00  0.4451E-02      -1  -0.226E-01    0.00  0.6115E-27  0.0000E+00
  16   -18.0000     -72.198 0.3368   0.3526E+00  0.8319E-03 -0.2303E+00  0.4400E-02      -1  -0.221E-01    0.00  0.1406E-26  0.0000E+00
  17   -19.2000     -71.767 0.3372   0.3574E+00  0.8343E-03 -0.2250E+00  0.4348E-02      -1  -0.216E-01    0.00  0.3237E-26  0.0000E+00
  18   -20.4000     -71.308 0.3376   0.3625E+00  0.8369E-03 -0.2198E+00  0.4296E-02      -1  -0.211E-01    0.00  0.7480E-26  0.0000E+00
  19   -21.6000     -70.822 0.3380   0.3680E+00  0.8397E-03 -0.2147E+00  0.4244E-02      -1  -0.206E-01    0.00  0.1734E-25  0.0000E+00
  20   -22.8000     -70.309 0.3384   0.3737E+00  0.8426E-03 -0.2097E+00  0.4193E-02      -1  -0.201E-01    0.00  0.4033E-25  0.0000E+00
  21   -24.0000     -69.769 0.3389   0.3798E+00  0.8457E-03 -0.2047E+00  0.4141E-02      -1  -0.196E-01    0.00  0.9416E-25  0.0000E+00
  22   -25.2000     -69.202 0.3394   0.3861E+00  0.8490E-03 -0.1997E+00  0.4089E-02      -1  -0.191E-01    0.00  0.2206E-24  0.0000E+00
  23   -26.4000     -68.610 0.3399   0.3927E+00  0.8524E-03 -0.1948E+00  0.4037E-02      -1  -0.187E-01    0.00  0.5189E-24  0.0000E+00
  24   -27.6000     -67.993 0.3404   0.3996E+00  0.8559E-03 -0.1900E+00  0.3986E-02      -1  -0.182E-01    0.00  0.1225E-23  0.0000E+00
  25   -28.8000     -67.351 0.3410   0.4068E+00  0.8596E-03 -0.1853E+00  0.3934E-02      -1  -0.177E-01    0.00  0.2902E-23  0.0000E+00
  26   -30.0000     -66.686 0.3416   0.4142E+00  0.8634E-03 -0.1806E+00  0.3882E-02      -1  -0.173E-01    0.00  0.6900E-23  0.0000E+00
  27   -31.2000     -65.998 0.3421   0.4219E+00  0.8673E-03 -0.1760E+00  0.3830E-02      -1  -0.169E-01    0.00  0.1647E-22  0.0000E+00
  28   -32.4000     -65.287 0.3428   0.4299E+00  0.8714E-03 -0.1714E+00  0.3778E-02      -1  -0.164E-01    0.00  0.3944E-22  0.0000E+00
  29   -33.6000     -64.555 0.3434   0.4381E+00  0.8755E-03 -0.1669E+00  0.3727E-02      -1  -0.160E-01    0.00  0.9482E-22  0.0000E+00
  30   -34.8000     -63.801 0.3440   0.4465E+00  0.8798E-03 -0.1625E+00  0.3675E-02      -1  -0.156E-01    0.00  0.2288E-21  0.0000E+00
  31   -36.0000     -63.223 0.3501   0.1717E+00  0.8636E-03 -0.1581E+00  0.3623E-02      -1  -0.151E-01    0.00  0.5541E-21  0.0000E+00
  32   -37.2000     -63.111 0.3502   0.1722E+00  0.8643E-03 -0.1538E+00  0.3571E-02      -1  -0.147E-01    0.00  0.1289E-20  0.0000E+00
  33   -38.4000     -62.966 0.3503   0.1729E+00  0.8654E-03 -0.1495E+00  0.3520E-02      -1  -0.143E-01    0.00  0.2985E-20  0.0000E+00
  34   -39.6000     -62.787 0.3504   0.1736E+00  0.8667E-03 -0.1453E+00  0.3468E-02      -1  -0.139E-01    0.00  0.6924E-20  0.0000E+00
  35   -40.8000     -62.574 0.3506   0.1746E+00  0.8682E-03 -0.1412E+00  0.3416E-02      -1  -0.135E-01    0.00  0.1612E-19  0.0000E+00
  36   -42.0000     -62.327 0.3508   0.1757E+00  0.8699E-03 -0.1371E+00  0.3364E-02      -1  -0.131E-01    0.00  0.3767E-19  0.0000E+00
  37   -43.2000     -62.047 0.3510   0.1769E+00  0.8719E-03 -0.1331E+00  0.3313E-02      -1  -0.127E-01    0.00  0.8836E-19  0.0000E+00
  38   -44.4000     -61.733 0.3513   0.1783E+00  0.8741E-03 -0.1292E+00  0.3261E-02      -1  -0.124E-01    0.00  0.2081E-18  0.0000E+00
  39   -45.6000     -61.385 0.3516   0.1798E+00  0.8766E-03 -0.1253E+00  0.3209E-02      -1  -0.120E-01    0.00  0.4919E-18  0.0000E+00
  40   -46.8000     -61.005 0.3519   0.1815E+00  0.8793E-03 -0.1215E+00  0.3157E-02      -1  -0.116E-01    0.00  0.1167E-17  0.0000E+00
  41   -48.0000     -60.591 0.3522   0.1833E+00  0.8823E-03 -0.1177E+00  0.3106E-02      -1  -0.113E-01    0.00  0.2780E-17  0.0000E+00
  42   -49.2000     -60.145 0.3526   0.1853E+00  0.8854E-03 -0.1140E+00  0.3054E-02      -1  -0.109E-01    0.00  0.6646E-17  0.0000E+00
  43   -50.4000     -59.666 0.3530   0.1884E+00  0.8890E-03 -0.1104E+00  0.3002E-02      -1  -0.106E-01    0.00  0.1595E-16  0.0000E+00
  44   -51.6000     -59.150 0.3535   0.1924E+00  0.8929E-03 -0.1068E+00  0.2950E-02      -1  -0.102E-01    0.00  0.3839E-16  0.0000E+00
  45   -52.8000     -58.598 0.3540   0.1968E+00  0.8971E-03 -0.1033E+00  0.2899E-02      -1  -0.989E-02    0.00  0.9277E-16  0.0000E+00
  46   -54.0000     -58.010 0.3546   0.2014E+00  0.9016E-03 -0.9984E-01  0.2847E-02      -1  -0.956E-02    0.00  0.2249E-15  0.0000E+00
  47   -55.2000     -57.387 0.3552   0.2063E+00  0.9064E-03 -0.9646E-01  0.2795E-02      -1  -0.924E-02    0.00  0.5471E-15  0.0000E+00
  48   -56.4000     -56.732 0.3558   0.2115E+00  0.9114E-03 -0.9314E-01  0.2743E-02      -1  -0.892E-02    0.00  0.1335E-14  0.0000E+00
  49   -57.6000     -56.045 0.3564   0.2169E+00  0.9166E-03 -0.8988E-01  0.2692E-02      -1  -0.861E-02    0.00  0.3268E-14  0.0000E+00
  50   -58.8000     -55.327 0.3571   0.2225E+00  0.9221E-03 -0.8668E-01  0.2640E-02      -1  -0.830E-02    0.00  0.8024E-14  0.0000E+00
  51   -60.0000     -54.579 0.3578   0.2284E+00  0.9278E-03 -0.8354E-01  0.2588E-02      -1  -0.800E-02    0.00  0.1975E-13  0.0000E+00
  52   -61.2000     -53.805 0.3585   0.2345E+00  0.9338E-03 -0.8047E-01  0.2536E-02      -1  -0.771E-02    0.00  0.4876E-13  0.0000E+00
  53   -62.4000     -53.003 0.3593   0.2408E+00  0.9399E-03 -0.7745E-01  0.2484E-02      -1  -0.742E-02    0.00  0.1207E-12  0.0000E+00
  54   -63.6000     -52.177 0.3600   0.2473E+00  0.9462E-03 -0.7450E-01  0.2433E-02      -1  -0.714E-02    0.00  0.2993E-12  0.0000E+00
  55   -64.8000     -51.326 0.3608   0.2540E+00  0.9527E-03 -0.7161E-01  0.2381E-02      -1  -0.686E-02    0.00  0.7438E-12  0.0000E+00
  56   -66.0000     -50.453 0.3617   0.2609E+00  0.9594E-03 -0.6879E-01  0.2329E-02      -1  -0.659E-02    0.00  0.1852E-11  0.0000E+00
  57   -67.2000     -49.559 0.3625   0.2679E+00  0.9662E-03 -0.6602E-01  0.2277E-02      -1  -0.632E-02    0.00  0.4619E-11  0.0000E+00
  58   -68.4000     -48.645 0.3633   0.2751E+00  0.9732E-03 -0.6332E-01  0.2226E-02      -1  -0.607E-02    0.00  0.1153E-10  0.0000E+00
  59   -69.6000     -47.712 0.3642   0.2825E+00  0.9803E-03 -0.6068E-01  0.2174E-02      -1  -0.581E-02    0.00  0.2883E-10  0.0000E+00
  60   -70.8000     -46.759 0.3652   0.2940E+00  0.9873E-03 -0.5811E-01  0.2122E-02      -1  -0.557E-02    0.00  0.7210E-10  0.0000E+00
  61   -72.0000     -45.786 0.3662   0.3069E+00  0.9943E-03 -0.5559E-01  0.2070E-02      -1  -0.532E-02    0.00  0.1804E-09  0.0000E+00
  62   -73.2000     -44.794 0.3672   0.3201E+00  0.1001E-02 -0.5314E-01  0.2019E-02      -1  -0.509E-02    0.00  0.4511E-09  0.0000E+00
  63   -74.4000     -43.785 0.3682   0.3335E+00  0.1009E-02 -0.5075E-01  0.1967E-02      -1  -0.486E-02    0.00  0.1128E-08  0.0000E+00
  64   -75.6000     -42.759 0.3692   0.3471E+00  0.1016E-02 -0.4842E-01  0.1915E-02      -1  -0.464E-02    0.00  0.2815E-08  0.0000E+00
  65   -76.8000     -41.720 0.3703   0.3609E+00  0.1024E-02 -0.4615E-01  0.1863E-02      -1  -0.442E-02    0.00  0.7017E-08  0.0000E+00
  66   -78.0000     -40.667 0.3714   0.3749E+00  0.1031E-02 -0.4394E-01  0.1812E-02      -1  -0.421E-02    0.00  0.1745E-07  0.0000E+00
  67   -79.2000     -39.601 0.3725   0.3891E+00  0.1039E-02 -0.4180E-01  0.1760E-02      -1  -0.400E-02    0.00  0.4328E-07  0.0000E+00
  68   -80.4000     -38.525 0.3736   0.4034E+00  0.1047E-02 -0.3972E-01  0.1708E-02      -1  -0.380E-02    0.00  0.1070E-06  0.0000E+00
  69   -81.6000     -37.437 0.3747   0.4195E+00  0.1054E-02 -0.3770E-01  0.1656E-02      -1  -0.361E-02    0.00  0.2633E-06  0.0000E+00
  70   -82.8000     -36.340 0.3759   0.4428E+00  0.1060E-02 -0.3574E-01  0.1605E-02      -1  -0.342E-02    0.00  0.6447E-06  0.0000E+00
  71   -84.0000     -35.231 0.3770   0.4663E+00  0.1066E-02 -0.3385E-01  0.1553E-02      -1  -0.324E-02    0.00  0.1570E-05  0.0000E+00
  72   -85.2000     -34.114 0.3782   0.4900E+00  0.1073E-02 -0.3202E-01  0.1501E-02      -1  -0.307E-02    0.00  0.3796E-05  0.0000E+00
  73   -86.4000     -32.988 0.3795   0.5139E+00  0.1079E-02 -0.3025E-01  0.1449E-02      -1  -0.290E-02    0.00  0.9109E-05  0.0000E+00
  74   -87.6000     -31.856 0.3807   0.5379E+00  0.1085E-02 -0.2854E-01  0.1398E-02      -1  -0.273E-02    0.00  0.2167E-04  0.0000E+00
  75   -88.8000     -30.716 0.3819   0.5621E+00  0.1091E-02 -0.2689E-01  0.1346E-02      -1  -0.258E-02    0.00  0.5104E-04  0.0000E+00
  76   -90.0000     -29.570 0.3831   0.5894E+00  0.1097E-02 -0.2531E-01  0.1294E-02      -1  -0.242E-02    0.00  0.1189E-03  0.0000E+00
  77   -91.2000     -28.419 0.3844   0.6265E+00  0.1100E-02 -0.2379E-01  0.1242E-02      -1  -0.228E-02    0.00  0.2737E-03  0.0000E+00
  78   -92.4000     -27.262 0.3857   0.6638E+00  0.1103E-02 -0.2233E-01  0.1190E-02      -1  -0.214E-02    0.00  0.6215E-03  0.0000E+00
  79   -93.6000     -26.100 0.3870   0.7013E+00  0.1106E-02 -0.2093E-01  0.1139E-02      -1  -0.200E-02    0.00  0.1390E-02  0.0000E+00
  80   -94.8000     -24.933 0.3883   0.7389E+00  0.1109E-02 -0.1960E-01  0.1082E-02      -1  -0.188E-02    0.00  0.3060E-02  0.0000E+00
  81   -96.0000     -23.763 0.3896   0.7766E+00  0.1111E-02 -0.1838E-01  0.9499E-03      -1  -0.176E-02    0.00  0.6614E-02  0.0000E+00
  82   -97.2000     -22.590 0.3909   0.8299E+00  0.1110E-02 -0.1731E-01  0.8254E-03      -1  -0.166E-02    0.00  0.1400E-01  0.0000E+00
  83   -98.4000     -21.414 0.3922   0.8850E+00  0.1107E-02 -0.1639E-01  0.7089E-03      -1  -0.157E-02    0.00  0.2898E-01  0.0000E+00
  84   -99.6000     -20.235 0.3935   0.9402E+00  0.1105E-02 -0.1561E-01  0.6004E-03      -1  -0.149E-02    0.00  0.5849E-01  0.0000E+00
  85  -100.8000     -19.053 0.3948   0.9956E+00  0.1103E-02 -0.1495E-01  0.4998E-03      -1  -0.143E-02    0.00  0.1149E+00  0.0000E+00
  86  -102.0000     -17.870 0.3961   0.1067E+01  0.1096E-02 -0.1440E-01  0.4074E-03      -1  -0.138E-02    0.00  0.2194E+00  0.0000E+00
  87  -103.2000     -16.686 0.3974   0.1145E+01  0.1087E-02 -0.1397E-01  0.3230E-03      -1  -0.134E-02    0.00  0.4064E+00  0.0000E+00
  88  -104.4000     -15.500 0.3987   0.1222E+01  0.1078E-02 -0.1362E-01  0.2467E-03      -1  -0.130E-02    0.00  0.7297E+00  0.0000E+00
  89  -105.6000     -14.313 0.3999   0.1312E+01  0.1065E-02 -0.1337E-01  0.1786E-03      -1  -0.128E-02    0.00  0.1268E+01  0.0000E+00
  90  -106.8000     -13.124 0.4012   0.1418E+01  0.1048E-02 -0.1319E-01  0.1186E-03      -1  -0.126E-02    0.00  0.2133E+01  0.0000E+00
  91  -108.0000     -11.935 0.4024   0.1523E+01  0.1031E-02 -0.1308E-01  0.6677E-04      -1  -0.125E-02    0.00  0.3470E+01  0.0000E+00
  92  -109.2000     -10.745 0.4037   0.1657E+01  0.1007E-02 -0.1302E-01  0.2313E-04      -1  -0.125E-02    0.00  0.5459E+01  0.0000E+00
  93  -110.4000      -9.554 0.4048   0.1795E+01  0.9805E-03 -0.1301E-01  0.0000E+00      -1  -0.125E-02    0.00  0.8306E+01  0.0000E+00
  94  -111.6000      -8.362 0.4060   0.1966E+01  0.9461E-03 -0.1301E-01  0.0000E+00      -1  -0.125E-02    0.00  0.1223E+02  0.0000E+00
  95  -112.8000      -7.170 0.4071   0.2154E+01  0.9078E-03 -0.1301E-01  0.0000E+00      -1  -0.125E-02    0.00  0.1744E+02  0.0000E+00
  96  -114.0000      -5.977 0.4082   0.2379E+01  0.8603E-03 -0.1301E-01  0.0000E+00      -1  -0.125E-02    0.00  0.2410E+02  0.0000E+00
  97  -115.2000      -4.783 0.4092   0.2655E+01  0.8016E-03 -0.1301E-01  0.0000E+00      -1  -0.125E-02    0.00  0.3231E+02  0.0000E+00
  98  -116.4000      -3.588 0.4101   0.3000E+01  0.7284E-03 -0.1301E-01  0.0000E+00      -1  -0.125E-02    0.00  0.4205E+02  0.0000E+00
  99  -117.6000      -2.393 0.4109   0.3462E+01  0.6319E-03 -0.1301E-01  0.0000E+00      -1  -0.125E-02    0.00  0.5321E+02  0.0000E+00
 100  -118.8000      -1.197 0.4116   0.4165E+01  0.4909E-03 -0.1301E-01  0.0000E+00      -1  -0.125E-02    0.00  0.6554E+02  0.0000E+00
 101  -120.0000       0.000 0.4120   0.7000E+01  0.0000E+00 -0.1301E-01  0.0000E+00      -1  -0.125E-02    0.00  0.7870E+02  0.0000E+00
end


 Time:      730.0000


 Node      Depth      Head Moisture       K          C         Flux        Sink         Kappa   v/KsTop   Temp   Conc(1..NS) Sorb(1...NS)
           [L]        [L]    [-]        [L/T]      [1/L]      [L/T]        [1/T]         [-]      [-]      [C]      [M/L*3]

   1     0.0000     -75.279 0.3342   0.3181E+00  0.8142E-03 -0.3165E+00  0.5176E-02      -1  -0.303E-01    0.00  0.3027E-18  0.0000E+00
   2    -1.2000     -75.260 0.3342   0.3183E+00  0.8143E-03 -0.3103E+00  0.5124E-02      -1  -0.297E-01    0.00  0.3634E-18  0.0000E+00
   3    -2.4000     -75.217 0.3342   0.3188E+00  0.8146E-03 -0.3042E+00  0.5072E-02      -1  -0.291E-01    0.00  0.5037E-18  0.0000E+00
   4    -3.6000     -75.149 0.3343   0.3196E+00  0.8150E-03 -0.2981E+00  0.5021E-02      -1  -0.286E-01    0.00  0.7625E-18  0.0000E+00
   5    -4.8000     -75.056 0.3344   0.3206E+00  0.8155E-03 -0.2921E+00  0.4969E-02      -1  -0.280E-01    0.00  0.1208E-17  0.0000E+00
   6    -6.0000     -74.936 0.3345   0.3220E+00  0.8162E-03 -0.2862E+00  0.4917E-02      -1  -0.274E-01    0.00  0.1954E-17  0.0000E+00
   7    -7.2000     -74.788 0.3346   0.3236E+00  0.8170E-03 -0.2803E+00  0.4865E-02      -1  -0.268E-01    0.00  0.3193E-17  0.0000E+00
   8    -8.4000     -74.614 0.3348   0.3256E+00  0.8180E-03 -0.2745E+00  0.4814E-02      -1  -0.263E-01    0.00  0.5248E-17  0.0000E+00
   9    -9.6000     -74.412 0.3349   0.3278E+00  0.8192E-03 -0.2688E+00  0.4762E-02      -1  -0.257E-01    0.00  0.8655E-17  0.0000E+00
  10   -10.8000     -74.181 0.3351   0.3304E+00  0.8205E-03 -0.2631E+00  0.4710E-02      -1  -0.252E-01    0.00  0.1431E-16  0.0000E+00
  11   -12.0000     -73.922 0.3354   0.3333E+00  0.8220E-03 -0.2575E+00  0.4658E-02      -1  -0.247E-01    0.00  0.2371E-16  0.0000E+00
  12   -13.2000     -73.635 0.3356   0.3365E+00  0.8236E-03 -0.2519E+00  0.4607E-02      -1  -0.241E-01    0.00  0.3937E-16  0.0000E+00
  13   -14.4000     -73.318 0.3359   0.3401E+00  0.8254E-03 -0.2464E+00  0.4555E-02      -1  -0.236E-01    0.00  0.6551E-16  0.0000E+00
  14   -15.6000     -72.973 0.3362   0.3439E+00  0.8274E-03 -0.2410E+00  0.4503E-02      -1  -0.231E-01    0.00  0.1092E-15  0.0000E+00
  15   -16.8000     -72.600 0.3365   0.3481E+00  0.8296E-03 -0.2356E+00  0.4451E-02      -1  -0.226E-01    0.00  0.1825E-15  0.0000E+00
  16   -18.0000     -72.198 0.3368   0.3526E+00  0.8319E-03 -0.2303E+00  0.4400E-02      -1  -0.221E-01    0.00  0.3055E-15  0.0000E+00
  17   -19.2000     -71.767 0.3372   0.3574E+00  0.8343E-03 -0.2250E+00  0.4348E-02      -1  -0.216E-01    0.00  0.5125E-15  0.0000E+00
  18   -20.4000     -71.308 0.3376   0.3625E+00  0.8369E-03 -0.2198E+00  0.4296E-02      -1  -0.211E-01    0.00  0.8615E-15  0.0000E+00
  19   -21.6000     -70.822 0.3380   0.3680E+00  0.8397E-03 -0.2147E+00  0.4244E-02      -1  -0.206E-01    0.00  0.1451E-14  0.0000E+00
  20   -22.8000     -70.309 0.3384   0.3737E+00  0.8426E-03 -0.2097E+00  0.4193E-02      -1  -0.201E-01    0.00  0.2449E-14  0.0000E+00
  21   -24.0000     -69.769 0.3389   0.3798E+00  0.8457E-03 -0.2047E+00  0.4141E-02      -1  -0.196E-01    0.00  0.4142E-14  0.0000E+00
  22   -25.2000     -69.202 0.3394   0.3861E+00  0.8490E-03 -0.1997E+00  0.4089E-02      -1  -0.191E-01    0.00  0.7020E-14  0.0000E+00
  23   -26.4000     -68.610 0.3399   0.3927E+00  0.8524E-03 -0.1948E+00  0.4037E-02      -1  -0.187E-01    0.00  0.1192E-13  0.0000E+00
  24   -27.6000     -67.993 0.3404   0.3996E+00  0.8559E-03 -0.1900E+00  0.3986E-02      -1  -0.182E-01    0.00  0.2028E-13  0.0000E+00
  25   -28.8000     -67.351 0.3410   0.4068E+00  0.8596E-03 -0.1853E+00  0.3934E-02      -1  -0.177E-01    0.00  0.3458E-13  0.0000E+00
  26   -30.0000     -66.686 0.3416   0.4142E+00  0.8634E-03 -0.1806E+00  0.3882E-02      -1  -0.173E-01    0.00  0.5908E-13  0.0000E+00
  27   -31.2000     -65.998 0.3421   0.4219E+00  0.8673E-03 -0.1760E+00  0.3830E-02      -1  -0.169E-01    0.00  0.1011E-12  0.0000E+00
  28   -32.4000     -65.287 0.3428   0.4299E+00  0.8714E-03 -0.1714E+00  0.3778E-02      -1  -0.164E-01    0.00  0.1735E-12  0.0000E+00
  29   -33.6000     -64.555 0.3434   0.4381E+00  0.8755E-03 -0.1669E+00  0.3727E-02      -1  -0.160E-01    0.00  0.2981E-12  0.0000E+00
  30   -34.8000     -63.801 0.3440   0.4465E+00  0.8798E-03 -0.1625E+00  0.3675E-02      -1  -0.156E-01    0.00  0.5134E-12  0.0000E+00
  31   -36.0000     -63.223 0.3501   0.1717E+00  0.8636E-03 -0.1581E+00  0.3623E-02      -1  -0.151E-01    0.00  0.8857E-12  0.0000E+00
  32   -37.2000     -63.111 0.3502   0.1722E+00  0.8643E-03 -0.1538E+00  0.3571E-02      -1  -0.147E-01    0.00  0.1501E-11  0.0000E+00
  33   -38.4000     -62.966 0.3503   0.1729E+00  0.8654E-03 -0.1495E+00  0.3520E-02      -1  -0.143E-01    0.00  0.2528E-11  0.0000E+00
  34   -39.6000     -62.787 0.3504   0.1736E+00  0.8667E-03 -0.1453E+00  0.3468E-02      -1  -0.139E-01    0.00  0.4253E-11  0.0000E+00
  35   -40.8000     -62.574 0.3506   0.1746E+00  0.8682E-03 -0.1412E+00  0.3416E-02      -1  -0.135E-01    0.00  0.7164E-11  0.0000E+00
  36   -42.0000     -62.327 0.3508   0.1757E+00  0.8699E-03 -0.1371E+00  0.3364E-02      -1  -0.131E-01    0.00  0.1208E-10  0.0000E+00
  37   -43.2000     -62.047 0.3510   0.1769E+00  0.8719E-03 -0.1331E+00  0.3313E-02      -1  -0.127E-01    0.00  0.2042E-10  0.0000E+00
  38   -44.4000     -61.733 0.3513   0.1783E+00  0.8741E-03 -0.1292E+00  0.3261E-02      -1  -0.124E-01    0.00  0.3459E-10  0.0000E+00
  39   -45.6000     -61.385 0.3516   0.1798E+00  0.8766E-03 -0.1253E+00  0.3209E-02      -1  -0.120E-01    0.00  0.5869E-10  0.0000E+00
  40   -46.8000     -61.005 0.3519   0.1815E+00  0.8793E-03 -0.1215E+00  0.3157E-02      -1  -0.116E-01    0.00  0.9978E-10  0.0000E+00
  41   -48.0000     -60.591 0.3522   0.1833E+00  0.8823E-03 -0.1177E+00  0.3106E-02      -1  -0.113E-01    0.00  0.1700E-09  0.0000E+00
  42   -49.2000     -60.145 0.3526   0.1853E+00  0.8854E-03 -0.1140E+00  0.3054E-02      -1  -0.109E-01    0.00  0.2901E-09  0.0000E+00
  43   -50.4000     -59.666 0.3530   0.1884E+00  0.8890E-03 -0.1104E+00  0.3002E-02      -1  -0.106E-01    0.00  0.4960E-09  0.0000E+00
  44   -51.6000     -59.150 0.3535   0.1924E+00  0.8929E-03 -0.1068E+00  0.2950E-02      -1  -0.102E-01    0.00  0.8496E-09  0.0000E+00
  45   -52.8000     -58.598 0.3540   0.1968E+00  0.8971E-03 -0.1033E+00  0.2899E-02      -1  -0.989E-02    0.00  0.1458E-08  0.0000E+00
  46   -54.0000     -58.010 0.3546   0.2014E+00  0.9016E-03 -0.9984E-01  0.2847E-02      -1  -0.956E-02    0.00  0.2506E-08  0.0000E+00
  47   -55.2000     -57.387 0.3552   0.2063E+00  0.9064E-03 -0.9646E-01  0.2795E-02      -1  -0.924E-02    0.00  0.4313E-08  0.0000E+00
  48   -56.4000     -56.732 0.3558   0.2115E+00  0.9114E-03 -0.9314E-01  0.2743E-02      -1  -0.892E-02    0.00  0.7436E-08  0.0000E+00
  49   -57.6000     -56.045 0.3564   0.2169E+00  0.9166E-03 -0.8988E-01  0.2692E-02      -1  -0.861E-02    0.00  0.1284E-07  0.0000E+00
  50   -58.8000     -55.327 0.3571   0.2225E+00  0.9221E-03 -0.8668E-01  0.2640E-02      -1  -0.830E-02    0.00  0.2219E-07  0.0000E+00
  51   -60.0000     -54.579 0.3578   0.2284E+00  0.9278E-03 -0.8354E-01  0.2588E-02      -1  -0.800E-02    0.00  0.3841E-07  0.0000E+00
  52   -61.2000     -53.805 0.3585   0.2345E+00  0.9338E-03 -0.8047E-01  0.2536E-02      -1  -0.771E-02    0.00  0.6655E-07  0.0000E+00
  53   -62.4000     -53.003 0.3593   0.2408E+00  0.9399E-03 -0.7745E-01  0.2484E-02      -1  -0.742E-02    0.00  0.1154E-06  0.0000E+00
  54   -63.6000     -52.177 0.3600   0.2473E+00  0.9462E-03 -0.7450E-01  0.2433E-02      -1  -0.714E-02    0.00  0.2004E-06  0.0000E+00
  55   -64.8000     -51.326 0.3608   0.2540E+00  0.9527E-03 -0.7161E-01  0.2381E-02      -1  -0.686E-02    0.00  0.3480E-06  0.0000E+00
  56   -66.0000     -50.453 0.3617   0.2609E+00  0.9594E-03 -0.6879E-01  0.2329E-02      -1  -0.659E-02    0.00  0.6047E-06  0.0000E+00
  57   -67.2000     -49.559 0.3625   0.2679E+00  0.9662E-03 -0.6602E-01  0.2277E-02      -1  -0.632E-02    0.00  0.1051E-05  0.0000E+00
  58   -68.4000     -48.645 0.3633   0.2751E+00  0.9732E-03 -0.6332E-01  0.2226E-02      -1  -0.607E-02    0.00  0.1828E-05  0.0000E+00
  59   -69.6000     -47.712 0.3642   0.2825E+00  0.9803E-03 -0.6068E-01  0.2174E-02      -1  -0.581E-02    0.00  0.3177E-05  0.0000E+00
  60   -70.8000     -46.759 0.3652   0.2940E+00  0.9873E-03 -0.5811E-01  0.2122E-02      -1  -0.557E-02    0.00  0.5521E-05  0.0000E+00
  61   -72.0000     -45.786 0.3662   0.3069E+00  0.9943E-03 -0.5559E-01  0.2070E-02      -1  -0.532E-02    0.00  0.9588E-05  0.0000E+00
  62   -73.2000     -44.794 0.3672   0.3201E+00  0.1001E-02 -0.5314E-01  0.2019E-02      -1  -0.509E-02    0.00  0.1664E-04  0.0000E+00
  63   -74.4000     -43.785 0.3682   0.3335E+00  0.1009E-02 -0.5074E-01  0.1967E-02      -1  -0.486E-02    0.00  0.2883E-04  0.0000E+00
  64   -75.6000     -42.759 0.3692   0.3471E+00  0.1016E-02 -0.4842E-01  0.1915E-02      -1  -0.464E-02    0.00  0.4990E-04  0.0000E+00
  65   -76.8000     -41.720 0.3703   0.3609E+00  0.1024E-02 -0.4615E-01  0.1863E-02      -1  -0.442E-02    0.00  0.8620E-04  0.0000E+00
  66   -78.0000     -40.667 0.3714   0.3749E+00  0.1031E-02 -0.4394E-01  0.1812E-02      -1  -0.421E-02    0.00  0.1486E-03  0.0000E+00
  67   -79.2000     -39.601 0.3725   0.3891E+00  0.1039E-02 -0.4180E-01  0.1760E-02      -1  -0.400E-02    0.00  0.2554E-03  0.0000E+00
  68   -80.4000     -38.525 0.3736   0.4034E+00  0.1047E-02 -0.3972E-01  0.1708E-02      -1  -0.380E-02    0.00  0.4378E-03  0.0000E+00
  69   -81.6000     -37.437 0.3747   0.4195E+00  0.1054E-02 -0.3770E-01  0.1656E-02      -1  -0.361E-02    0.00  0.7479E-03  0.0000E+00
  70   -82.8000     -36.340 0.3759   0.4428E+00  0.1060E-02 -0.3574E-01  0.1605E-02      -1  -0.342E-02    0.00  0.1273E-02  0.0000E+00
  71   -84.0000     -35.231 0.3770   0.4663E+00  0.1066E-02 -0.3385E-01  0.1553E-02      -1  -0.324E-02    0.00  0.2156E-02  0.0000E+00
  72   -85.2000     -34.114 0.3782   0.4900E+00  0.1073E-02 -0.3202E-01  0.1501E-02      -1  -0.307E-02    0.00  0.3634E-02  0.0000E+00
  73   -86.4000     -32.988 0.3795   0.5139E+00  0.1079E-02 -0.3025E-01  0.1449E-02      -1  -0.290E-02    0.00  0.6091E-02  0.0000E+00
  74   -87.6000     -31.856 0.3807   0.5379E+00  0.1085E-02 -0.2854E-01  0.1398E-02      -1  -0.273E-02    0.00  0.1015E-01  0.0000E+00
  75   -88.8000     -30.716 0.3819   0.5621E+00  0.1091E-02 -0.2689E-01  0.1346E-02      -1  -0.258E-02    0.00  0.1679E-01  0.0000E+00
  76   -90.0000     -29.570 0.3831   0.5894E+00  0.1097E-02 -0.2531E-01  0.1294E-02      -1  -0.242E-02    0.00  0.2759E-01  0.0000E+00
  77   -91.2000     -28.419 0.3844   0.6265E+00  0.1100E-02 -0.2379E-01  0.1242E-02      -1  -0.228E-02    0.00  0.4496E-01  0.0000E+00
  78   -92.4000     -27.262 0.3857   0.6638E+00  0.1103E-02 -0.2233E-01  0.1190E-02      -1  -0.214E-02    0.00  0.7262E-01  0.0000E+00
  79   -93.6000     -26.100 0.3870   0.7013E+00  0.1106E-02 -0.2093E-01  0.1139E-02      -1  -0.200E-02    0.00  0.1162E+00  0.0000E+00
  80   -94.8000     -24.933 0.3883   0.7389E+00  0.1109E-02 -0.1960E-01  0.1082E-02      -1  -0.188E-02    0.00  0.1840E+00  0.0000E+00
  81   -96.0000     -23.763 0.3896   0.7766E+00  0.1111E-02 -0.1838E-01  0.9499E-03      -1  -0.176E-02    0.00  0.2882E+00  0.0000E+00
  82   -97.2000     -22.590 0.3909   0.8299E+00  0.1110E-02 -0.1731E-01  0.8254E-03      -1  -0.166E-02    0.00  0.4458E+00  0.0000E+00
  83   -98.4000     -21.413 0.3922   0.8850E+00  0.1107E-02 -0.1639E-01  0.7089E-03      -1  -0.157E-02    0.00  0.6800E+00  0.0000E+00
  84   -99.6000     -20.234 0.3935   0.9402E+00  0.1105E-02 -0.1561E-01  0.6004E-03      -1  -0.149E-02    0.00  0.1022E+01  0.0000E+00
  85  -100.8000     -19.053 0.3948   0.9956E+00  0.1103E-02 -0.1495E-01  0.4998E-03      -1  -0.143E-02    0.00  0.1510E+01  0.0000E+00
  86  -102.0000     -17.870 0.3961   0.1067E+01  0.1096E-02 -0.1440E-01  0.4074E-03      -1  -0.138E-02    0.00  0.2195E+01  0.0000E+00
  87  -103.2000     -16.686 0.3974   0.1145E+01  0.1087E-02 -0.1397E-01  0.3230E-03      -1  -0.134E-02    0.00  0.3135E+01  0.0000E+00
  88  -104.4000     -15.500 0.3987   0.1222E+01  0.1078E-02 -0.1362E-01  0.2467E-03      -1  -0.130E-02    0.00  0.4400E+01  0.0000E+00
  89  -105.6000     -14.313 0.3999   0.1312E+01  0.1065E-02 -0.1337E-01  0.1786E-03      -1  -0.128E-02    0.00  0.6068E+01  0.0000E+00
  90  -106.8000     -13.124 0.4012   0.1418E+01  0.1048E-02 -0.1319E-01  0.1186E-03      -1  -0.126E-02    0.00  0.8220E+01  0.0000E+00
  91  -108.0000     -11.935 0.4024   0.1523E+01  0.1031E-02 -0.1308E-01  0.6677E-04      -1  -0.125E-02    0.00  0.1094E+02  0.0000E+00
  92  -109.2000     -10.745 0.4037   0.1657E+01  0.1007E-02 -0.1303E-01  0.2041E-04      -1  -0.125E-02    0.00  0.1431E+02  0.0000E+00
  93  -110.4000      -9.554 0.4048   0.1795E+01  0.9805E-03 -0.1301E-01  0.0000E+00      -1  -0.125E-02    0.00  0.1840E+02  0.0000E+00
  94  -111.6000      -8.362 0.4060   0.1966E+01  0.9461E-03 -0.1301E-01  0.0000E+00      -1  -0.125E-02    0.00  0.2326E+02  0.0000E+00
  95  -112.8000      -7.170 0.4071   0.2154E+01  0.9078E-03 -0.1301E-01  0.0000E+00      -1  -0.125E-02    0.00  0.2894E+02  0.0000E+00
  96  -114.0000      -5.977 0.4082   0.2379E+01  0.8603E-03 -0.1301E-01  0.0000E+00      -1  -0.125E-02    0.00  0.3545E+02  0.0000E+00
  97  -115.2000      -4.783 0.4092   0.2655E+01  0.8016E-03 -0.1301E-01  0.0000E+00      -1  -0.125E-02    0.00  0.4276E+02  0.0000E+00
  98  -116.4000      -3.588 0.4101   0.3000E+01  0.7284E-03 -0.1301E-01  0.0000E+00      -1  -0.125E-02    0.00  0.5083E+02  0.0000E+00
  99  -117.6000      -2.393 0.4109   0.3462E+01  0.6319E-03 -0.1301E-01  0.0000E+00      -1  -0.125E-02    0.00  0.5958E+02  0.0000E+00
 100  -118.8000      -1.197 0.4116   0.4165E+01  0.4909E-03 -0.1301E-01  0.0000E+00      -1  -0.125E-02    0.00  0.6891E+02  0.0000E+00
 101  -120.0000       0.000 0.4120   0.7000E+01  0.0000E+00 -0.1301E-01  0.0000E+00      -1  -0.125E-02    0.00  0.7870E+02  0.0000E+00
end


 Time:     1095.0000


 Node      Depth      Head Moisture       K          C         Flux        Sink         Kappa   v/KsTop   Temp   Conc(1..NS) Sorb(1...NS)
           [L]        [L]    [-]        [L/T]      [1/L]      [L/T]        [1/T]         [-]      [-]      [C]      [M/L*3]

   1     0.0000     -75.279 0.3342   0.3181E+00  0.8142E-03 -0.3165E+00  0.5176E-02      -1  -0.303E-01    0.00  0.8135E-13  0.0000E+00
   2    -1.2000     -75.260 0.3342   0.3183E+00  0.8143E-03 -0.3103E+00  0.5124E-02      -1  -0.297E-01    0.00  0.9358E-13  0.0000E+00
   3    -2.4000     -75.217 0.3342   0.3188E+00  0.8146E-03 -0.3042E+00  0.5072E-02      -1  -0.291E-01    0.00  0.1164E-12  0.0000E+00
   4    -3.6000     -75.149 0.3343   0.3196E+00  0.8150E-03 -0.2981E+00  0.5021E-02      -1  -0.286E-01    0.00  0.1536E-12  0.0000E+00
   5    -4.8000     -75.056 0.3344   0.3206E+00  0.8155E-03 -0.2921E+00  0.4969E-02      -1  -0.280E-01    0.00  0.2107E-12  0.0000E+00
   6    -6.0000     -74.935 0.3345   0.3220E+00  0.8162E-03 -0.2862E+00  0.4917E-02      -1  -0.274E-01    0.00  0.2959E-12  0.0000E+00
   7    -7.2000     -74.788 0.3346   0.3236E+00  0.8170E-03 -0.2803E+00  0.4865E-02      -1  -0.268E-01    0.00  0.4215E-12  0.0000E+00
   8    -8.4000     -74.614 0.3348   0.3256E+00  0.8180E-03 -0.2745E+00  0.4814E-02      -1  -0.263E-01    0.00  0.6056E-12  0.0000E+00
   9    -9.6000     -74.412 0.3349   0.3278E+00  0.8192E-03 -0.2688E+00  0.4762E-02      -1  -0.257E-01    0.00  0.8745E-12  0.0000E+00
  10   -10.8000     -74.181 0.3351   0.3304E+00  0.8205E-03 -0.2631E+00  0.4710E-02      -1  -0.252E-01    0.00  0.1267E-11  0.0000E+00
  11   -12.0000     -73.922 0.3354   0.3333E+00  0.8220E-03 -0.2575E+00  0.4658E-02      -1  -0.247E-01    0.00  0.1841E-11  0.0000E+00
  12   -13.2000     -73.635 0.3356   0.3365E+00  0.8236E-03 -0.2519E+00  0.4607E-02      -1  -0.241E-01    0.00  0.2679E-11  0.0000E+00
  13   -14.4000     -73.318 0.3359   0.3401E+00  0.8254E-03 -0.2464E+00  0.4555E-02      -1  -0.236E-01    0.00  0.3905E-11  0.0000E+00
  14   -15.6000     -72.973 0.3362   0.3439E+00  0.8274E-03 -0.2410E+00  0.4503E-02      -1  -0.231E-01    0.00  0.5702E-11  0.0000E+00
  15   -16.8000     -72.600 0.3365   0.3481E+00  0.8296E-03 -0.2356E+00  0.4451E-02      -1  -0.226E-01    0.00  0.8337E-11  0.0000E+00
  16   -18.0000     -72.197 0.3368   0.3526E+00  0.8319E-03 -0.2303E+00  0.4400E-02      -1  -0.221E-01    0.00  0.1221E-10  0.0000E+00
  17   -19.2000     -71.767 0.3372   0.3574E+00  0.8343E-03 -0.2250E+00  0.4348E-02      -1  -0.216E-01    0.00  0.1790E-10  0.0000E+00
  18   -20.4000     -71.308 0.3376   0.3625E+00  0.8369E-03 -0.2198E+00  0.4296E-02      -1  -0.211E-01    0.00  0.2629E-10  0.0000E+00
  19   -21.6000     -70.822 0.3380   0.3680E+00  0.8397E-03 -0.2147E+00  0.4244E-02      -1  -0.206E-01    0.00  0.3865E-10  0.0000E+00
  20   -22.8000     -70.309 0.3384   0.3737E+00  0.8427E-03 -0.2097E+00  0.4193E-02      -1  -0.201E-01    0.00  0.5691E-10  0.0000E+00
  21   -24.0000     -69.769 0.3389   0.3798E+00  0.8457E-03 -0.2047E+00  0.4141E-02      -1  -0.196E-01    0.00  0.8392E-10  0.0000E+00
  22   -25.2000     -69.202 0.3394   0.3861E+00  0.8490E-03 -0.1997E+00  0.4089E-02      -1  -0.191E-01    0.00  0.1239E-09  0.0000E+00
  23   -26.4000     -68.610 0.3399   0.3927E+00  0.8524E-03 -0.1948E+00  0.4037E-02      -1  -0.187E-01    0.00  0.1832E-09  0.0000E+00
  24   -27.6000     -67.993 0.3404   0.3996E+00  0.8559E-03 -0.1900E+00  0.3986E-02      -1  -0.182E-01    0.00  0.2713E-09  0.0000E+00
  25   -28.8000     -67.351 0.3410   0.4068E+00  0.8596E-03 -0.1853E+00  0.3934E-02      -1  -0.177E-01    0.00  0.4022E-09  0.0000E+00
  26   -30.0000     -66.686 0.3416   0.4142E+00  0.8634E-03 -0.1806E+00  0.3882E-02      -1  -0.173E-01    0.00  0.5970E-09  0.0000E+00
  27   -31.2000     -65.998 0.3421   0.4219E+00  0.8673E-03 -0.1760E+00  0.3830E-02      -1  -0.169E-01    0.00  0.8876E-09  0.0000E+00
  28   -32.4000     -65.287 0.3428   0.4299E+00  0.8714E-03 -0.1714E+00  0.3778E-02      -1  -0.164E-01    0.00  0.1321E-08  0.0000E+00
  29   -33.6000     -64.554 0.3434   0.4381E+00  0.8755E-03 -0.1669E+00  0.3727E-02      -1  -0.160E-01    0.00  0.1969E-08  0.0000E+00
  30   -34.8000     -63.801 0.3440   0.4465E+00  0.8798E-03 -0.1625E+00  0.3675E-02      -1  -0.156E-01    0.00  0.2939E-08  0.0000E+00
  31   -36.0000     -63.223 0.3501   0.1717E+00  0.8636E-03 -0.1581E+00  0.3623E-02      -1  -0.151E-01    0.00  0.4392E-08  0.0000E+00
  32   -37.2000     -63.111 0.3502   0.1722E+00  0.8643E-03 -0.1538E+00  0.3571E-02      -1  -0.147E-01    0.00  0.6498E-08  0.0000E+00
  33   -38.4000     -62.966 0.3503   0.1729E+00  0.8654E-03 -0.1495E+00  0.3520E-02      -1  -0.143E-01    0.00  0.9572E-08  0.0000E+00
  34   -39.6000     -62.787 0.3504   0.1736E+00  0.8667E-03 -0.1453E+00  0.3468E-02      -1  -0.139E-01    0.00  0.1408E-07  0.0000E+00
  35   -40.8000     -62.574 0.3506   0.1746E+00  0.8682E-03 -0.1412E+00  0.3416E-02      -1  -0.135E-01    0.00  0.2070E-07  0.0000E+00
  36   -42.0000     -62.327 0.3508   0.1757E+00  0.8699E-03 -0.1371E+00  0.3364E-02      -1  -0.131E-01    0.00  0.3046E-07  0.0000E+00
  37   -43.2000     -62.047 0.3510   0.1769E+00  0.8719E-03 -0.1331E+00  0.3313E-02      -1  -0.127E-01    0.00  0.4486E-07  0.0000E+00
  38   -44.4000     -61.733 0.3513   0.1783E+00  0.8741E-03 -0.1292E+00  0.3261E-02      -1  -0.124E-01    0.00  0.6615E-07  0.0000E+00
  39   -45.6000     -61.385 0.3516   0.1798E+00  0.8766E-03 -0.1253E+00  0.3209E-02      -1  -0.120E-01    0.00  0.9765E-07  0.0000E+00
  40   -46.8000     -61.005 0.3519   0.1815E+00  0.8793E-03 -0.1215E+00  0.3157E-02      -1  -0.116E-01    0.00  0.1443E-06  0.0000E+00
  41   -48.0000     -60.591 0.3522   0.1833E+00  0.8823E-03 -0.1177E+00  0.3106E-02      -1  -0.113E-01    0.00  0.2136E-06  0.0000E+00
  42   -49.2000     -60.145 0.3526   0.1853E+00  0.8854E-03 -0.1140E+00  0.3054E-02      -1  -0.109E-01    0.00  0.3166E-06  0.0000E+00
  43   -50.4000     -59.666 0.3530   0.1884E+00  0.8890E-03 -0.1104E+00  0.3002E-02      -1  -0.106E-01    0.00  0.4697E-06  0.0000E+00
  44   -51.6000     -59.150 0.3535   0.1924E+00  0.8929E-03 -0.1068E+00  0.2950E-02      -1  -0.102E-01    0.00  0.6977E-06  0.0000E+00
  45   -52.8000     -58.598 0.3540   0.1968E+00  0.8971E-03 -0.1033E+00  0.2899E-02      -1  -0.989E-02    0.00  0.1037E-05  0.0000E+00
  46   -54.0000     -58.010 0.3546   0.2014E+00  0.9016E-03 -0.9984E-01  0.2847E-02      -1  -0.956E-02    0.00  0.1544E-05  0.0000E+00
  47   -55.2000     -57.387 0.3552   0.2063E+00  0.9064E-03 -0.9646E-01  0.2795E-02      -1  -0.924E-02    0.00  0.2301E-05  0.0000E+00
  48   -56.4000     -56.732 0.3558   0.2115E+00  0.9114E-03 -0.9314E-01  0.2743E-02      -1  -0.892E-02    0.00  0.3432E-05  0.0000E+00
  49   -57.6000     -56.044 0.3564   0.2169E+00  0.9166E-03 -0.8988E-01  0.2692E-02      -1  -0.861E-02    0.00  0.5123E-05  0.0000E+00
  50   -58.8000     -55.326 0.3571   0.2225E+00  0.9221E-03 -0.8668E-01  0.2640E-02      -1  -0.830E-02    0.00  0.7654E-05  0.0000E+00
  51   -60.0000     -54.579 0.3578   0.2284E+00  0.9278E-03 -0.8354E-01  0.2588E-02      -1  -0.800E-02    0.00  0.1144E-04  0.0000E+00
  52   -61.2000     -53.804 0.3585   0.2345E+00  0.9338E-03 -0.8047E-01  0.2536E-02      -1  -0.771E-02    0.00  0.1712E-04  0.0000E+00
  53   -62.4000     -53.003 0.3593   0.2408E+00  0.9399E-03 -0.7745E-01  0.2484E-02      -1  -0.742E-02    0.00  0.2562E-04  0.0000E+00
  54   -63.6000     -52.176 0.3600   0.2473E+00  0.9462E-03 -0.7450E-01  0.2433E-02      -1  -0.714E-02    0.00  0.3836E-04  0.0000E+00
  55   -64.8000     -51.326 0.3608   0.2540E+00  0.9527E-03 -0.7161E-01  0.2381E-02      -1  -0.686E-02    0.00  0.5747E-04  0.0000E+00
  56   -66.0000     -50.453 0.3617   0.2609E+00  0.9594E-03 -0.6879E-01  0.2329E-02      -1  -0.659E-02    0.00  0.8609E-04  0.0000E+00
  57   -67.2000     -49.559 0.3625   0.2679E+00  0.9662E-03 -0.6602E-01  0.2277E-02      -1  -0.632E-02    0.00  0.1290E-03  0.0000E+00
  58   -68.4000     -48.645 0.3633   0.2751E+00  0.9732E-03 -0.6332E-01  0.2226E-02      -1  -0.607E-02    0.00  0.1932E-03  0.0000E+00
  59   -69.6000     -47.712 0.3642   0.2825E+00  0.9803E-03 -0.6068E-01  0.2174E-02      -1  -0.581E-02    0.00  0.2894E-03  0.0000E+00
  60   -70.8000     -46.759 0.3652   0.2940E+00  0.9873E-03 -0.5810E-01  0.2122E-02      -1  -0.557E-02    0.00  0.4334E-03  0.0000E+00
  61   -72.0000     -45.786 0.3662   0.3069E+00  0.9943E-03 -0.5559E-01  0.2070E-02      -1  -0.532E-02    0.00  0.6484E-03  0.0000E+00
  62   -73.2000     -44.794 0.3672   0.3201E+00  0.1001E-02 -0.5314E-01  0.2019E-02      -1  -0.509E-02    0.00  0.9694E-03  0.0000E+00
  63   -74.4000     -43.785 0.3682   0.3335E+00  0.1009E-02 -0.5074E-01  0.1967E-02      -1  -0.486E-02    0.00  0.1448E-02  0.0000E+00
  64   -75.6000     -42.759 0.3692   0.3471E+00  0.1016E-02 -0.4842E-01  0.1915E-02      -1  -0.464E-02    0.00  0.2160E-02  0.0000E+00
  65   -76.8000     -41.719 0.3703   0.3609E+00  0.1024E-02 -0.4615E-01  0.1863E-02      -1  -0.442E-02    0.00  0.3217E-02  0.0000E+00
  66   -78.0000     -40.666 0.3714   0.3749E+00  0.1031E-02 -0.4394E-01  0.1812E-02      -1  -0.421E-02    0.00  0.4783E-02  0.0000E+00
  67   -79.2000     -39.601 0.3725   0.3891E+00  0.1039E-02 -0.4180E-01  0.1760E-02      -1  -0.400E-02    0.00  0.7098E-02  0.0000E+00
  68   -80.4000     -38.524 0.3736   0.4034E+00  0.1047E-02 -0.3972E-01  0.1708E-02      -1  -0.380E-02    0.00  0.1051E-01  0.0000E+00
  69   -81.6000     -37.437 0.3747   0.4195E+00  0.1054E-02 -0.3770E-01  0.1656E-02      -1  -0.361E-02    0.00  0.1552E-01  0.0000E+00
  70   -82.8000     -36.339 0.3759   0.4428E+00  0.1060E-02 -0.3574E-01  0.1605E-02      -1  -0.342E-02    0.00  0.2285E-01  0.0000E+00
  71   -84.0000     -35.231 0.3770   0.4663E+00  0.1066E-02 -0.3385E-01  0.1553E-02      -1  -0.324E-02    0.00  0.3354E-01  0.0000E+00
  72   -85.2000     -34.114 0.3782   0.4900E+00  0.1073E-02 -0.3202E-01  0.1501E-02      -1  -0.307E-02    0.00  0.4904E-01  0.0000E+00
  73   -86.4000     -32.988 0.3795   0.5139E+00  0.1079E-02 -0.3025E-01  0.1449E-02      -1  -0.290E-02    0.00  0.7141E-01  0.0000E+00
  74   -87.6000     -31.855 0.3807   0.5379E+00  0.1085E-02 -0.2854E-01  0.1398E-02      -1  -0.273E-02    0.00  0.1035E+00  0.0000E+00
  75   -88.8000     -30.716 0.3819   0.5621E+00  0.1091E-02 -0.2689E-01  0.1346E-02      -1  -0.258E-02    0.00  0.1494E+00  0.0000E+00
  76   -90.0000     -29.570 0.3831   0.5894E+00  0.1097E-02 -0.2531E-01  0.1294E-02      -1  -0.242E-02    0.00  0.2145E+00  0.0000E+00
  77   -91.2000     -28.419 0.3844   0.6265E+00  0.1100E-02 -0.2379E-01  0.1242E-02      -1  -0.228E-02    0.00  0.3061E+00  0.0000E+00
  78   -92.4000     -27.261 0.3857   0.6638E+00  0.1103E-02 -0.2233E-01  0.1190E-02      -1  -0.214E-02    0.00  0.4341E+00  0.0000E+00
  79   -93.6000     -26.099 0.3870   0.7013E+00  0.1106E-02 -0.2093E-01  0.1139E-02      -1  -0.200E-02    0.00  0.6116E+00  0.0000E+00
  80   -94.8000     -24.933 0.3883   0.7389E+00  0.1109E-02 -0.1960E-01  0.1082E-02      -1  -0.188E-02    0.00  0.8552E+00  0.0000E+00
  81   -96.0000     -23.763 0.3896   0.7766E+00  0.1111E-02 -0.1838E-01  0.9498E-03      -1  -0.176E-02    0.00  0.1185E+01  0.0000E+00
  82   -97.2000     -22.590 0.3909   0.8299E+00  0.1110E-02 -0.1731E-01  0.8254E-03      -1  -0.166E-02    0.00  0.1627E+01  0.0000E+00
  83   -98.4000     -21.413 0.3922   0.8850E+00  0.1107E-02 -0.1639E-01  0.7089E-03      -1  -0.157E-02    0.00  0.2211E+01  0.0000E+00
  84   -99.6000     -20.234 0.3935   0.9403E+00  0.1105E-02 -0.1561E-01  0.6004E-03      -1  -0.150E-02    0.00  0.2971E+01  0.0000E+00
  85  -100.8000     -19.053 0.3948   0.9956E+00  0.1103E-02 -0.1495E-01  0.4998E-03      -1  -0.143E-02    0.00  0.3947E+01  0.0000E+00
  86  -102.0000     -17.870 0.3961   0.1067E+01  0.1096E-02 -0.1440E-01  0.4074E-03      -1  -0.138E-02    0.00  0.5183E+01  0.0000E+00
  87  -103.2000     -16.686 0.3974   0.1145E+01  0.1087E-02 -0.1397E-01  0.3230E-03      -1  -0.134E-02    0.00  0.6726E+01  0.0000E+00
  88  -104.4000     -15.500 0.3987   0.1222E+01  0.1078E-02 -0.1362E-01  0.2467E-03      -1  -0.130E-02    0.00  0.8624E+01  0.0000E+00
  89  -105.6000     -14.312 0.3999   0.1312E+01  0.1065E-02 -0.1337E-01  0.1786E-03      -1  -0.128E-02    0.00  0.1093E+02  0.0000E+00
  90  -106.8000     -13.124 0.4012   0.1418E+01  0.1048E-02 -0.1320E-01  0.1075E-03      -1  -0.126E-02    0.00  0.1368E+02  0.0000E+00
  91  -108.0000     -11.935 0.4024   0.1523E+01  0.1031E-02 -0.1310E-01  0.5229E-04      -1  -0.125E-02    0.00  0.1692E+02  0.0000E+00
  92  -109.2000     -10.745 0.4037   0.1657E+01  0.1007E-02 -0.1306E-01  0.1480E-04      -1  -0.125E-02    0.00  0.2068E+02  0.0000E+00
  93  -110.4000      -9.554 0.4048   0.1795E+01  0.9805E-03 -0.1305E-01  0.0000E+00      -1  -0.125E-02    0.00  0.2500E+02  0.0000E+00
  94  -111.6000      -8.362 0.4060   0.1966E+01  0.9461E-03 -0.1305E-01  0.0000E+00      -1  -0.125E-02    0.00  0.2988E+02  0.0000E+00
  95  -112.8000      -7.170 0.4071   0.2154E+01  0.9078E-03 -0.1305E-01  0.0000E+00      -1  -0.125E-02    0.00  0.3534E+02  0.0000E+00
  96  -114.0000      -5.976 0.4082   0.2379E+01  0.8603E-03 -0.1305E-01  0.0000E+00      -1  -0.125E-02    0.00  0.4135E+02  0.0000E+00
  97  -115.2000      -4.783 0.4092   0.2655E+01  0.8016E-03 -0.1305E-01  0.0000E+00      -1  -0.125E-02    0.00  0.4791E+02  0.0000E+00
  98  -116.4000      -3.588 0.4101   0.3000E+01  0.7284E-03 -0.1305E-01  0.0000E+00      -1  -0.125E-02    0.00  0.5498E+02  0.0000E+00
  99  -117.6000      -2.393 0.4109   0.3462E+01  0.6319E-03 -0.1305E-01  0.0000E+00      -1  -0.125E-02    0.00  0.6251E+02  0.0000E+00
 100  -118.8000      -1.197 0.4116   0.4165E+01  0.4909E-03 -0.1305E-01  0.0000E+00      -1  -0.125E-02    0.00  0.7043E+02  0.0000E+00
 101  -120.0000       0.000 0.4120   0.7000E+01  0.0000E+00 -0.1305E-01  0.0000E+00      -1  -0.125E-02    0.00  0.7870E+02  0.0000E+00
end


 Time:     1460.0000


 Node      Depth      Head Moisture       K          C         Flux        Sink         Kappa   v/KsTop   Temp   Conc(1..NS) Sorb(1...NS)
           [L]        [L]    [-]        [L/T]      [1/L]      [L/T]        [1/T]         [-]      [-]      [C]      [M/L*3]

   1     0.0000     -75.278 0.3342   0.3181E+00  0.8142E-03 -0.3165E+00  0.5176E-02      -1  -0.303E-01    0.00  0.6583E-10  0.0000E+00
   2    -1.2000     -75.260 0.3342   0.3183E+00  0.8144E-03 -0.3103E+00  0.5124E-02      -1  -0.297E-01    0.00  0.7440E-10  0.0000E+00
   3    -2.4000     -75.217 0.3342   0.3188E+00  0.8146E-03 -0.3042E+00  0.5072E-02      -1  -0.291E-01    0.00  0.8829E-10  0.0000E+00
   4    -3.6000     -75.149 0.3343   0.3196E+00  0.8150E-03 -0.2981E+00  0.5021E-02      -1  -0.286E-01    0.00  0.1090E-09  0.0000E+00
   5    -4.8000     -75.055 0.3344   0.3206E+00  0.8155E-03 -0.2921E+00  0.4969E-02      -1  -0.280E-01    0.00  0.1386E-09  0.0000E+00
   6    -6.0000     -74.935 0.3345   0.3220E+00  0.8162E-03 -0.2862E+00  0.4917E-02      -1  -0.274E-01    0.00  0.1801E-09  0.0000E+00
   7    -7.2000     -74.788 0.3346   0.3236E+00  0.8170E-03 -0.2803E+00  0.4865E-02      -1  -0.268E-01    0.00  0.2373E-09  0.0000E+00
   8    -8.4000     -74.614 0.3348   0.3256E+00  0.8180E-03 -0.2745E+00  0.4814E-02      -1  -0.263E-01    0.00  0.3158E-09  0.0000E+00
   9    -9.6000     -74.411 0.3349   0.3278E+00  0.8192E-03 -0.2688E+00  0.4762E-02      -1  -0.257E-01    0.00  0.4231E-09  0.0000E+00
  10   -10.8000     -74.181 0.3351   0.3304E+00  0.8205E-03 -0.2631E+00  0.4710E-02      -1  -0.252E-01    0.00  0.5692E-09  0.0000E+00
  11   -12.0000     -73.922 0.3354   0.3333E+00  0.8220E-03 -0.2575E+00  0.4658E-02      -1  -0.247E-01    0.00  0.7683E-09  0.0000E+00
  12   -13.2000     -73.634 0.3356   0.3365E+00  0.8236E-03 -0.2519E+00  0.4607E-02      -1  -0.241E-01    0.00  0.1039E-08  0.0000E+00
  13   -14.4000     -73.318 0.3359   0.3401E+00  0.8254E-03 -0.2464E+00  0.4555E-02      -1  -0.236E-01    0.00  0.1409E-08  0.0000E+00
  14   -15.6000     -72.973 0.3362   0.3439E+00  0.8274E-03 -0.2410E+00  0.4503E-02      -1  -0.231E-01    0.00  0.1912E-08  0.0000E+00
  15   -16.8000     -72.599 0.3365   0.3481E+00  0.8296E-03 -0.2356E+00  0.4451E-02      -1  -0.226E-01    0.00  0.2599E-08  0.0000E+00
  16   -18.0000     -72.197 0.3368   0.3526E+00  0.8319E-03 -0.2303E+00  0.4400E-02      -1  -0.221E-01    0.00  0.3537E-08  0.0000E+00
  17   -19.2000     -71.767 0.3372   0.3574E+00  0.8343E-03 -0.2250E+00  0.4348E-02      -1  -0.216E-01    0.00  0.4819E-08  0.0000E+00
  18   -20.4000     -71.308 0.3376   0.3625E+00  0.8369E-03 -0.2198E+00  0.4296E-02      -1  -0.211E-01    0.00  0.6572E-08  0.0000E+00
  19   -21.6000     -70.822 0.3380   0.3680E+00  0.8397E-03 -0.2147E+00  0.4244E-02      -1  -0.206E-01    0.00  0.8973E-08  0.0000E+00
  20   -22.8000     -70.308 0.3384   0.3737E+00  0.8427E-03 -0.2097E+00  0.4193E-02      -1  -0.201E-01    0.00  0.1227E-07  0.0000E+00
  21   -24.0000     -69.768 0.3389   0.3798E+00  0.8457E-03 -0.2047E+00  0.4141E-02      -1  -0.196E-01    0.00  0.1678E-07  0.0000E+00
  22   -25.2000     -69.202 0.3394   0.3861E+00  0.8490E-03 -0.1997E+00  0.4089E-02      -1  -0.191E-01    0.00  0.2299E-07  0.0000E+00
  23   -26.4000     -68.610 0.3399   0.3927E+00  0.8524E-03 -0.1948E+00  0.4037E-02      -1  -0.187E-01    0.00  0.3152E-07  0.0000E+00
  24   -27.6000     -67.993 0.3404   0.3996E+00  0.8559E-03 -0.1900E+00  0.3986E-02      -1  -0.182E-01    0.00  0.4326E-07  0.0000E+00
  25   -28.8000     -67.351 0.3410   0.4068E+00  0.8596E-03 -0.1853E+00  0.3934E-02      -1  -0.177E-01    0.00  0.5943E-07  0.0000E+00
  26   -30.0000     -66.686 0.3416   0.4143E+00  0.8634E-03 -0.1806E+00  0.3882E-02      -1  -0.173E-01    0.00  0.8174E-07  0.0000E+00
  27   -31.2000     -65.997 0.3421   0.4220E+00  0.8673E-03 -0.1760E+00  0.3830E-02      -1  -0.169E-01    0.00  0.1125E-06  0.0000E+00
  28   -32.4000     -65.287 0.3428   0.4299E+00  0.8714E-03 -0.1714E+00  0.3778E-02      -1  -0.164E-01    0.00  0.1551E-06  0.0000E+00
  29   -33.6000     -64.554 0.3434   0.4381E+00  0.8755E-03 -0.1669E+00  0.3727E-02      -1  -0.160E-01    0.00  0.2139E-06  0.0000E+00
  30   -34.8000     -63.801 0.3440   0.4465E+00  0.8798E-03 -0.1625E+00  0.3675E-02      -1  -0.156E-01    0.00  0.2954E-06  0.0000E+00
  31   -36.0000     -63.223 0.3501   0.1717E+00  0.8636E-03 -0.1581E+00  0.3623E-02      -1  -0.151E-01    0.00  0.4082E-06  0.0000E+00
  32   -37.2000     -63.111 0.3502   0.1722E+00  0.8644E-03 -0.1538E+00  0.3571E-02      -1  -0.147E-01    0.00  0.5608E-06  0.0000E+00
  33   -38.4000     -62.965 0.3503   0.1729E+00  0.8654E-03 -0.1495E+00  0.3520E-02      -1  -0.143E-01    0.00  0.7679E-06  0.0000E+00
  34   -39.6000     -62.786 0.3504   0.1736E+00  0.8667E-03 -0.1453E+00  0.3468E-02      -1  -0.139E-01    0.00  0.1050E-05  0.0000E+00
  35   -40.8000     -62.574 0.3506   0.1746E+00  0.8682E-03 -0.1412E+00  0.3416E-02      -1  -0.135E-01    0.00  0.1435E-05  0.0000E+00
  36   -42.0000     -62.327 0.3508   0.1757E+00  0.8699E-03 -0.1371E+00  0.3364E-02      -1  -0.131E-01    0.00  0.1961E-05  0.0000E+00
  37   -43.2000     -62.046 0.3510   0.1769E+00  0.8719E-03 -0.1331E+00  0.3313E-02      -1  -0.127E-01    0.00  0.2682E-05  0.0000E+00
  38   -44.4000     -61.732 0.3513   0.1783E+00  0.8741E-03 -0.1292E+00  0.3261E-02      -1  -0.124E-01    0.00  0.3670E-05  0.0000E+00
  39   -45.6000     -61.385 0.3516   0.1798E+00  0.8766E-03 -0.1253E+00  0.3209E-02      -1  -0.120E-01    0.00  0.5026E-05  0.0000E+00
  40   -46.8000     -61.004 0.3519   0.1815E+00  0.8793E-03 -0.1215E+00  0.3157E-02      -1  -0.116E-01    0.00  0.6889E-05  0.0000E+00
  41   -48.0000     -60.591 0.3522   0.1833E+00  0.8823E-03 -0.1177E+00  0.3106E-02      -1  -0.113E-01    0.00  0.9451E-05  0.0000E+00
  42   -49.2000     -60.145 0.3526   0.1853E+00  0.8854E-03 -0.1140E+00  0.3054E-02      -1  -0.109E-01    0.00  0.1298E-04  0.0000E+00
  43   -50.4000     -59.665 0.3530   0.1884E+00  0.8890E-03 -0.1104E+00  0.3002E-02      -1  -0.106E-01    0.00  0.1784E-04  0.0000E+00
  44   -51.6000     -59.150 0.3535   0.1924E+00  0.8929E-03 -0.1068E+00  0.2950E-02      -1  -0.102E-01    0.00  0.2453E-04  0.0000E+00
  45   -52.8000     -58.597 0.3540   0.1968E+00  0.8971E-03 -0.1033E+00  0.2899E-02      -1  -0.989E-02    0.00  0.3377E-04  0.0000E+00
  46   -54.0000     -58.009 0.3546   0.2014E+00  0.9016E-03 -0.9984E-01  0.2847E-02      -1  -0.956E-02    0.00  0.4653E-04  0.0000E+00
  47   -55.2000     -57.387 0.3552   0.2063E+00  0.9064E-03 -0.9646E-01  0.2795E-02      -1  -0.924E-02    0.00  0.6415E-04  0.0000E+00
  48   -56.4000     -56.731 0.3558   0.2115E+00  0.9114E-03 -0.9314E-01  0.2743E-02      -1  -0.892E-02    0.00  0.8851E-04  0.0000E+00
  49   -57.6000     -56.044 0.3564   0.2169E+00  0.9167E-03 -0.8988E-01  0.2692E-02      -1  -0.861E-02    0.00  0.1222E-03  0.0000E+00
  50   -58.8000     -55.326 0.3571   0.2225E+00  0.9221E-03 -0.8668E-01  0.2640E-02      -1  -0.830E-02    0.00  0.1688E-03  0.0000E+00
  51   -60.0000     -54.579 0.3578   0.2284E+00  0.9278E-03 -0.8354E-01  0.2588E-02      -1  -0.800E-02    0.00  0.2333E-03  0.0000E+00
  52   -61.2000     -53.804 0.3585   0.2345E+00  0.9338E-03 -0.8047E-01  0.2536E-02      -1  -0.771E-02    0.00  0.3225E-03  0.0000E+00
  53   -62.4000     -53.003 0.3593   0.2408E+00  0.9399E-03 -0.7745E-01  0.2484E-02      -1  -0.742E-02    0.00  0.4461E-03  0.0000E+00
  54   -63.6000     -52.176 0.3600   0.2473E+00  0.9462E-03 -0.7450E-01  0.2433E-02      -1  -0.714E-02    0.00  0.6173E-03  0.0000E+00
  55   -64.8000     -51.326 0.3608   0.2540E+00  0.9527E-03 -0.7161E-01  0.2381E-02      -1  -0.686E-02    0.00  0.8542E-03  0.0000E+00
  56   -66.0000     -50.453 0.3617   0.2609E+00  0.9594E-03 -0.6879E-01  0.2329E-02      -1  -0.659E-02    0.00  0.1182E-02  0.0000E+00
  57   -67.2000     -49.559 0.3625   0.2679E+00  0.9662E-03 -0.6602E-01  0.2277E-02      -1  -0.632E-02    0.00  0.1636E-02  0.0000E+00
  58   -68.4000     -48.644 0.3633   0.2751E+00  0.9732E-03 -0.6332E-01  0.2226E-02      -1  -0.607E-02    0.00  0.2264E-02  0.0000E+00
  59   -69.6000     -47.711 0.3642   0.2825E+00  0.9803E-03 -0.6068E-01  0.2174E-02      -1  -0.581E-02    0.00  0.3133E-02  0.0000E+00
  60   -70.8000     -46.758 0.3652   0.2940E+00  0.9873E-03 -0.5811E-01  0.2122E-02      -1  -0.557E-02    0.00  0.4333E-02  0.0000E+00
  61   -72.0000     -45.785 0.3662   0.3069E+00  0.9943E-03 -0.5559E-01  0.2070E-02      -1  -0.532E-02    0.00  0.5990E-02  0.0000E+00
  62   -73.2000     -44.793 0.3672   0.3201E+00  0.1001E-02 -0.5314E-01  0.2019E-02      -1  -0.509E-02    0.00  0.8275E-02  0.0000E+00
  63   -74.4000     -43.784 0.3682   0.3335E+00  0.1009E-02 -0.5075E-01  0.1967E-02      -1  -0.486E-02    0.00  0.1142E-01  0.0000E+00
  64   -75.6000     -42.759 0.3692   0.3471E+00  0.1016E-02 -0.4842E-01  0.1915E-02      -1  -0.464E-02    0.00  0.1575E-01  0.0000E+00
  65   -76.8000     -41.719 0.3703   0.3609E+00  0.1024E-02 -0.4615E-01  0.1863E-02      -1  -0.442E-02    0.00  0.2169E-01  0.0000E+00
  66   -78.0000     -40.666 0.3714   0.3749E+00  0.1031E-02 -0.4394E-01  0.1812E-02      -1  -0.421E-02    0.00  0.2984E-01  0.0000E+00
  67   -79.2000     -39.600 0.3725   0.3891E+00  0.1039E-02 -0.4180E-01  0.1760E-02      -1  -0.400E-02    0.00  0.4097E-01  0.0000E+00
  68   -80.4000     -38.524 0.3736   0.4034E+00  0.1047E-02 -0.3972E-01  0.1708E-02      -1  -0.380E-02    0.00  0.5617E-01  0.0000E+00
  69   -81.6000     -37.437 0.3747   0.4195E+00  0.1054E-02 -0.3770E-01  0.1656E-02      -1  -0.361E-02    0.00  0.7684E-01  0.0000E+00
  70   -82.8000     -36.339 0.3759   0.4428E+00  0.1060E-02 -0.3574E-01  0.1605E-02      -1  -0.342E-02    0.00  0.1049E+00  0.0000E+00
  71   -84.0000     -35.231 0.3770   0.4663E+00  0.1066E-02 -0.3385E-01  0.1553E-02      -1  -0.324E-02    0.00  0.1428E+00  0.0000E+00
  72   -85.2000     -34.113 0.3782   0.4900E+00  0.1073E-02 -0.3202E-01  0.1501E-02      -1  -0.307E-02    0.00  0.1939E+00  0.0000E+00
  73   -86.4000     -32.988 0.3795   0.5139E+00  0.1079E-02 -0.3025E-01  0.1449E-02      -1  -0.290E-02    0.00  0.2624E+00  0.0000E+00
  74   -87.6000     -31.855 0.3807   0.5379E+00  0.1085E-02 -0.2854E-01  0.1398E-02      -1  -0.273E-02    0.00  0.3540E+00  0.0000E+00
  75   -88.8000     -30.715 0.3819   0.5621E+00  0.1091E-02 -0.2689E-01  0.1346E-02      -1  -0.258E-02    0.00  0.4757E+00  0.0000E+00
  76   -90.0000     -29.570 0.3831   0.5894E+00  0.1097E-02 -0.2531E-01  0.1294E-02      -1  -0.242E-02    0.00  0.6366E+00  0.0000E+00
  77   -91.2000     -28.418 0.3844   0.6265E+00  0.1100E-02 -0.2379E-01  0.1242E-02      -1  -0.228E-02    0.00  0.8479E+00  0.0000E+00
  78   -92.4000     -27.261 0.3857   0.6638E+00  0.1103E-02 -0.2233E-01  0.1190E-02      -1  -0.214E-02    0.00  0.1123E+01  0.0000E+00
  79   -93.6000     -26.099 0.3870   0.7013E+00  0.1106E-02 -0.2093E-01  0.1139E-02      -1  -0.200E-02    0.00  0.1478E+01  0.0000E+00
  80   -94.8000     -24.933 0.3883   0.7389E+00  0.1109E-02 -0.1960E-01  0.1082E-02      -1  -0.188E-02    0.00  0.1932E+01  0.0000E+00
  81   -96.0000     -23.763 0.3896   0.7767E+00  0.1111E-02 -0.1838E-01  0.9498E-03      -1  -0.176E-02    0.00  0.2508E+01  0.0000E+00
  82   -97.2000     -22.589 0.3909   0.8299E+00  0.1110E-02 -0.1731E-01  0.8254E-03      -1  -0.166E-02    0.00  0.3232E+01  0.0000E+00
  83   -98.4000     -21.413 0.3922   0.8850E+00  0.1107E-02 -0.1639E-01  0.7089E-03      -1  -0.157E-02    0.00  0.4131E+01  0.0000E+00
  84   -99.6000     -20.234 0.3935   0.9403E+00  0.1105E-02 -0.1561E-01  0.6003E-03      -1  -0.150E-02    0.00  0.5237E+01  0.0000E+00
  85  -100.8000     -19.053 0.3948   0.9956E+00  0.1103E-02 -0.1495E-01  0.4998E-03      -1  -0.143E-02    0.00  0.6581E+01  0.0000E+00
  86  -102.0000     -17.870 0.3961   0.1067E+01  0.1096E-02 -0.1440E-01  0.4073E-03      -1  -0.138E-02    0.00  0.8196E+01  0.0000E+00
  87  -103.2000     -16.685 0.3974   0.1145E+01  0.1087E-02 -0.1397E-01  0.3230E-03      -1  -0.134E-02    0.00  0.1012E+02  0.0000E+00
  88  -104.4000     -15.499 0.3987   0.1222E+01  0.1078E-02 -0.1363E-01  0.2358E-03      -1  -0.131E-02    0.00  0.1237E+02  0.0000E+00
  89  -105.6000     -14.312 0.3999   0.1312E+01  0.1065E-02 -0.1340E-01  0.1529E-03      -1  -0.128E-02    0.00  0.1500E+02  0.0000E+00
  90  -106.8000     -13.123 0.4012   0.1418E+01  0.1048E-02 -0.1325E-01  0.8793E-04      -1  -0.127E-02    0.00  0.1801E+02  0.0000E+00
  91  -108.0000     -11.934 0.4024   0.1523E+01  0.1031E-02 -0.1318E-01  0.4081E-04      -1  -0.126E-02    0.00  0.2144E+02  0.0000E+00
  92  -109.2000     -10.744 0.4037   0.1657E+01  0.1007E-02 -0.1314E-01  0.1075E-04      -1  -0.126E-02    0.00  0.2529E+02  0.0000E+00
  93  -110.4000      -9.553 0.4048   0.1795E+01  0.9805E-03 -0.1314E-01  0.0000E+00      -1  -0.126E-02    0.00  0.2958E+02  0.0000E+00
  94  -111.6000      -8.362 0.4060   0.1966E+01  0.9461E-03 -0.1314E-01  0.0000E+00      -1  -0.126E-02    0.00  0.3432E+02  0.0000E+00
  95  -112.8000      -7.169 0.4071   0.2154E+01  0.9078E-03 -0.1314E-01  0.0000E+00      -1  -0.126E-02    0.00  0.3949E+02  0.0000E+00
  96  -114.0000      -5.976 0.4082   0.2380E+01  0.8603E-03 -0.1314E-01  0.0000E+00      -1  -0.126E-02    0.00  0.4509E+02  0.0000E+00
  97  -115.2000      -4.783 0.4092   0.2655E+01  0.8016E-03 -0.1314E-01  0.0000E+00      -1  -0.126E-02    0.00  0.5111E+02  0.0000E+00
  98  -116.4000      -3.588 0.4101   0.3000E+01  0.7284E-03 -0.1314E-01  0.0000E+00      -1  -0.126E-02    0.00  0.5751E+02  0.0000E+00
  99  -117.6000      -2.393 0.4109   0.3462E+01  0.6319E-03 -0.1314E-01  0.0000E+00      -1  -0.126E-02    0.00  0.6427E+02  0.0000E+00
 100  -118.8000      -1.197 0.4116   0.4165E+01  0.4909E-03 -0.1314E-01  0.0000E+00      -1  -0.126E-02    0.00  0.7134E+02  0.0000E+00
 101  -120.0000       0.000 0.4120   0.7000E+01  0.0000E+00 -0.1314E-01  0.0000E+00      -1  -0.126E-02    0.00  0.7870E+02  0.0000E+00
end


 Time:     1825.0000


 Node      Depth      Head Moisture       K          C         Flux        Sink         Kappa   v/KsTop   Temp   Conc(1..NS) Sorb(1...NS)
           [L]        [L]    [-]        [L/T]      [1/L]      [L/T]        [1/T]         [-]      [-]      [C]      [M/L*3]

   1     0.0000     -75.278 0.3342   0.3181E+00  0.8142E-03 -0.3165E+00  0.5176E-02      -1  -0.303E-01    0.00  0.4104E-08  0.0000E+00
   2    -1.2000     -75.260 0.3342   0.3183E+00  0.8144E-03 -0.3103E+00  0.5124E-02      -1  -0.297E-01    0.00  0.4598E-08  0.0000E+00
   3    -2.4000     -75.217 0.3342   0.3188E+00  0.8146E-03 -0.3042E+00  0.5072E-02      -1  -0.291E-01    0.00  0.5324E-08  0.0000E+00
   4    -3.6000     -75.149 0.3343   0.3196E+00  0.8150E-03 -0.2981E+00  0.5021E-02      -1  -0.286E-01    0.00  0.6341E-08  0.0000E+00
   5    -4.8000     -75.055 0.3344   0.3206E+00  0.8155E-03 -0.2921E+00  0.4969E-02      -1  -0.280E-01    0.00  0.7724E-08  0.0000E+00
   6    -6.0000     -74.935 0.3345   0.3220E+00  0.8162E-03 -0.2862E+00  0.4917E-02      -1  -0.274E-01    0.00  0.9575E-08  0.0000E+00
   7    -7.2000     -74.788 0.3346   0.3236E+00  0.8170E-03 -0.2803E+00  0.4865E-02      -1  -0.268E-01    0.00  0.1203E-07  0.0000E+00
   8    -8.4000     -74.613 0.3348   0.3256E+00  0.8180E-03 -0.2745E+00  0.4814E-02      -1  -0.263E-01    0.00  0.1525E-07  0.0000E+00
   9    -9.6000     -74.411 0.3349   0.3278E+00  0.8192E-03 -0.2688E+00  0.4762E-02      -1  -0.257E-01    0.00  0.1947E-07  0.0000E+00
  10   -10.8000     -74.181 0.3351   0.3304E+00  0.8205E-03 -0.2631E+00  0.4710E-02      -1  -0.252E-01    0.00  0.2498E-07  0.0000E+00
  11   -12.0000     -73.922 0.3354   0.3333E+00  0.8220E-03 -0.2575E+00  0.4658E-02      -1  -0.247E-01    0.00  0.3217E-07  0.0000E+00
  12   -13.2000     -73.634 0.3356   0.3365E+00  0.8236E-03 -0.2519E+00  0.4607E-02      -1  -0.241E-01    0.00  0.4155E-07  0.0000E+00
  13   -14.4000     -73.318 0.3359   0.3401E+00  0.8255E-03 -0.2464E+00  0.4555E-02      -1  -0.236E-01    0.00  0.5378E-07  0.0000E+00
  14   -15.6000     -72.973 0.3362   0.3439E+00  0.8274E-03 -0.2410E+00  0.4503E-02      -1  -0.231E-01    0.00  0.6972E-07  0.0000E+00
  15   -16.8000     -72.599 0.3365   0.3481E+00  0.8296E-03 -0.2356E+00  0.4451E-02      -1  -0.226E-01    0.00  0.9051E-07  0.0000E+00
  16   -18.0000     -72.197 0.3368   0.3526E+00  0.8319E-03 -0.2303E+00  0.4400E-02      -1  -0.221E-01    0.00  0.1176E-06  0.0000E+00
  17   -19.2000     -71.766 0.3372   0.3574E+00  0.8343E-03 -0.2250E+00  0.4348E-02      -1  -0.216E-01    0.00  0.1531E-06  0.0000E+00
  18   -20.4000     -71.308 0.3376   0.3625E+00  0.8369E-03 -0.2198E+00  0.4296E-02      -1  -0.211E-01    0.00  0.1994E-06  0.0000E+00
  19   -21.6000     -70.822 0.3380   0.3680E+00  0.8397E-03 -0.2147E+00  0.4244E-02      -1  -0.206E-01    0.00  0.2600E-06  0.0000E+00
  20   -22.8000     -70.308 0.3384   0.3737E+00  0.8427E-03 -0.2097E+00  0.4193E-02      -1  -0.201E-01    0.00  0.3392E-06  0.0000E+00
  21   -24.0000     -69.768 0.3389   0.3798E+00  0.8457E-03 -0.2047E+00  0.4141E-02      -1  -0.196E-01    0.00  0.4431E-06  0.0000E+00
  22   -25.2000     -69.201 0.3394   0.3861E+00  0.8490E-03 -0.1997E+00  0.4089E-02      -1  -0.191E-01    0.00  0.5792E-06  0.0000E+00
  23   -26.4000     -68.609 0.3399   0.3927E+00  0.8524E-03 -0.1948E+00  0.4037E-02      -1  -0.187E-01    0.00  0.7577E-06  0.0000E+00
  24   -27.6000     -67.992 0.3404   0.3996E+00  0.8559E-03 -0.1900E+00  0.3986E-02      -1  -0.182E-01    0.00  0.9922E-06  0.0000E+00
  25   -28.8000     -67.351 0.3410   0.4068E+00  0.8596E-03 -0.1853E+00  0.3934E-02      -1  -0.177E-01    0.00  0.1300E-05  0.0000E+00
  26   -30.0000     -66.685 0.3416   0.4143E+00  0.8634E-03 -0.1806E+00  0.3882E-02      -1  -0.173E-01    0.00  0.1705E-05  0.0000E+00
  27   -31.2000     -65.997 0.3421   0.4220E+00  0.8673E-03 -0.1760E+00  0.3830E-02      -1  -0.169E-01    0.00  0.2238E-05  0.0000E+00
  28   -32.4000     -65.286 0.3428   0.4299E+00  0.8714E-03 -0.1714E+00  0.3778E-02      -1  -0.164E-01    0.00  0.2941E-05  0.0000E+00
  29   -33.6000     -64.554 0.3434   0.4381E+00  0.8755E-03 -0.1669E+00  0.3727E-02      -1  -0.160E-01    0.00  0.3866E-05  0.0000E+00
  30   -34.8000     -63.801 0.3440   0.4465E+00  0.8798E-03 -0.1625E+00  0.3675E-02      -1  -0.156E-01    0.00  0.5087E-05  0.0000E+00
  31   -36.0000     -63.223 0.3501   0.1717E+00  0.8636E-03 -0.1581E+00  0.3623E-02      -1  -0.151E-01    0.00  0.6698E-05  0.0000E+00
  32   -37.2000     -63.110 0.3502   0.1722E+00  0.8644E-03 -0.1538E+00  0.3571E-02      -1  -0.147E-01    0.00  0.8784E-05  0.0000E+00
  33   -38.4000     -62.965 0.3503   0.1729E+00  0.8654E-03 -0.1495E+00  0.3520E-02      -1  -0.143E-01    0.00  0.1149E-04  0.0000E+00
  34   -39.6000     -62.786 0.3504   0.1736E+00  0.8667E-03 -0.1453E+00  0.3468E-02      -1  -0.139E-01    0.00  0.1502E-04  0.0000E+00
  35   -40.8000     -62.573 0.3506   0.1746E+00  0.8682E-03 -0.1412E+00  0.3416E-02      -1  -0.135E-01    0.00  0.1961E-04  0.0000E+00
  36   -42.0000     -62.326 0.3508   0.1757E+00  0.8699E-03 -0.1371E+00  0.3364E-02      -1  -0.131E-01    0.00  0.2561E-04  0.0000E+00
  37   -43.2000     -62.046 0.3510   0.1769E+00  0.8719E-03 -0.1331E+00  0.3313E-02      -1  -0.127E-01    0.00  0.3346E-04  0.0000E+00
  38   -44.4000     -61.732 0.3513   0.1783E+00  0.8741E-03 -0.1292E+00  0.3261E-02      -1  -0.124E-01    0.00  0.4373E-04  0.0000E+00
  39   -45.6000     -61.384 0.3516   0.1798E+00  0.8766E-03 -0.1253E+00  0.3209E-02      -1  -0.120E-01    0.00  0.5717E-04  0.0000E+00
  40   -46.8000     -61.004 0.3519   0.1815E+00  0.8793E-03 -0.1215E+00  0.3157E-02      -1  -0.116E-01    0.00  0.7480E-04  0.0000E+00
  41   -48.0000     -60.590 0.3522   0.1833E+00  0.8823E-03 -0.1177E+00  0.3106E-02      -1  -0.113E-01    0.00  0.9793E-04  0.0000E+00
  42   -49.2000     -60.144 0.3526   0.1853E+00  0.8854E-03 -0.1140E+00  0.3054E-02      -1  -0.109E-01    0.00  0.1283E-03  0.0000E+00
  43   -50.4000     -59.665 0.3530   0.1884E+00  0.8890E-03 -0.1104E+00  0.3002E-02      -1  -0.106E-01    0.00  0.1682E-03  0.0000E+00
  44   -51.6000     -59.149 0.3535   0.1925E+00  0.8929E-03 -0.1068E+00  0.2950E-02      -1  -0.102E-01    0.00  0.2207E-03  0.0000E+00
  45   -52.8000     -58.597 0.3540   0.1968E+00  0.8971E-03 -0.1033E+00  0.2899E-02      -1  -0.989E-02    0.00  0.2897E-03  0.0000E+00
  46   -54.0000     -58.009 0.3546   0.2014E+00  0.9016E-03 -0.9984E-01  0.2847E-02      -1  -0.956E-02    0.00  0.3805E-03  0.0000E+00
  47   -55.2000     -57.386 0.3552   0.2063E+00  0.9064E-03 -0.9646E-01  0.2795E-02      -1  -0.924E-02    0.00  0.5001E-03  0.0000E+00
  48   -56.4000     -56.731 0.3558   0.2115E+00  0.9114E-03 -0.9314E-01  0.2743E-02      -1  -0.892E-02    0.00  0.6577E-03  0.0000E+00
  49   -57.6000     -56.043 0.3564   0.2169E+00  0.9167E-03 -0.8988E-01  0.2692E-02      -1  -0.861E-02    0.00  0.8653E-03  0.0000E+00
  50   -58.8000     -55.325 0.3571   0.2225E+00  0.9221E-03 -0.8668E-01  0.2640E-02      -1  -0.830E-02    0.00  0.1139E-02  0.0000E+00
  51   -60.0000     -54.578 0.3578   0.2284E+00  0.9279E-03 -0.8354E-01  0.2588E-02      -1  -0.800E-02    0.00  0.1500E-02  0.0000E+00
  52   -61.2000     -53.803 0.3585   0.2345E+00  0.9338E-03 -0.8047E-01  0.2536E-02      -1  -0.771E-02    0.00  0.1976E-02  0.0000E+00
  53   -62.4000     -53.002 0.3593   0.2408E+00  0.9399E-03 -0.7745E-01  0.2484E-02      -1  -0.742E-02    0.00  0.2604E-02  0.0000E+00
  54   -63.6000     -52.175 0.3600   0.2473E+00  0.9462E-03 -0.7450E-01  0.2433E-02      -1  -0.714E-02    0.00  0.3432E-02  0.0000E+00
  55   -64.8000     -51.325 0.3608   0.2540E+00  0.9527E-03 -0.7161E-01  0.2381E-02      -1  -0.686E-02    0.00  0.4523E-02  0.0000E+00
  56   -66.0000     -50.452 0.3617   0.2609E+00  0.9594E-03 -0.6879E-01  0.2329E-02      -1  -0.659E-02    0.00  0.5963E-02  0.0000E+00
  57   -67.2000     -49.558 0.3625   0.2679E+00  0.9662E-03 -0.6602E-01  0.2277E-02      -1  -0.632E-02    0.00  0.7862E-02  0.0000E+00
  58   -68.4000     -48.644 0.3633   0.2751E+00  0.9732E-03 -0.6332E-01  0.2226E-02      -1  -0.607E-02    0.00  0.1036E-01  0.0000E+00
  59   -69.6000     -47.710 0.3642   0.2825E+00  0.9803E-03 -0.6068E-01  0.2174E-02      -1  -0.581E-02    0.00  0.1366E-01  0.0000E+00
  60   -70.8000     -46.758 0.3652   0.2940E+00  0.9873E-03 -0.5811E-01  0.2122E-02      -1  -0.557E-02    0.00  0.1800E-01  0.0000E+00
  61   -72.0000     -45.785 0.3662   0.3070E+00  0.9943E-03 -0.5559E-01  0.2070E-02      -1  -0.532E-02    0.00  0.2370E-01  0.0000E+00
  62   -73.2000     -44.793 0.3672   0.3201E+00  0.1001E-02 -0.5314E-01  0.2019E-02      -1  -0.509E-02    0.00  0.3120E-01  0.0000E+00
  63   -74.4000     -43.783 0.3682   0.3335E+00  0.1009E-02 -0.5075E-01  0.1967E-02      -1  -0.486E-02    0.00  0.4104E-01  0.0000E+00
  64   -75.6000     -42.758 0.3692   0.3471E+00  0.1016E-02 -0.4842E-01  0.1915E-02      -1  -0.464E-02    0.00  0.5394E-01  0.0000E+00
  65   -76.8000     -41.718 0.3703   0.3609E+00  0.1024E-02 -0.4615E-01  0.1863E-02      -1  -0.442E-02    0.00  0.7083E-01  0.0000E+00
  66   -78.0000     -40.665 0.3714   0.3749E+00  0.1031E-02 -0.4394E-01  0.1812E-02      -1  -0.421E-02    0.00  0.9291E-01  0.0000E+00
  67   -79.2000     -39.600 0.3725   0.3891E+00  0.1039E-02 -0.4180E-01  0.1760E-02      -1  -0.400E-02    0.00  0.1217E+00  0.0000E+00
  68   -80.4000     -38.523 0.3736   0.4034E+00  0.1047E-02 -0.3972E-01  0.1708E-02      -1  -0.380E-02    0.00  0.1592E+00  0.0000E+00
  69   -81.6000     -37.436 0.3747   0.4195E+00  0.1054E-02 -0.3770E-01  0.1656E-02      -1  -0.361E-02    0.00  0.2079E+00  0.0000E+00
  70   -82.8000     -36.338 0.3759   0.4428E+00  0.1060E-02 -0.3574E-01  0.1605E-02      -1  -0.342E-02    0.00  0.2711E+00  0.0000E+00
  71   -84.0000     -35.230 0.3770   0.4663E+00  0.1066E-02 -0.3385E-01  0.1553E-02      -1  -0.324E-02    0.00  0.3526E+00  0.0000E+00
  72   -85.2000     -34.113 0.3783   0.4900E+00  0.1073E-02 -0.3202E-01  0.1501E-02      -1  -0.307E-02    0.00  0.4577E+00  0.0000E+00
  73   -86.4000     -32.987 0.3795   0.5139E+00  0.1079E-02 -0.3025E-01  0.1449E-02      -1  -0.290E-02    0.00  0.5926E+00  0.0000E+00
  74   -87.6000     -31.854 0.3807   0.5380E+00  0.1085E-02 -0.2854E-01  0.1398E-02      -1  -0.273E-02    0.00  0.7647E+00  0.0000E+00
  75   -88.8000     -30.714 0.3819   0.5621E+00  0.1091E-02 -0.2689E-01  0.1346E-02      -1  -0.258E-02    0.00  0.9831E+00  0.0000E+00
  76   -90.0000     -29.569 0.3831   0.5894E+00  0.1097E-02 -0.2531E-01  0.1294E-02      -1  -0.242E-02    0.00  0.1258E+01  0.0000E+00
  77   -91.2000     -28.417 0.3844   0.6266E+00  0.1100E-02 -0.2379E-01  0.1242E-02      -1  -0.228E-02    0.00  0.1603E+01  0.0000E+00
  78   -92.4000     -27.260 0.3857   0.6639E+00  0.1103E-02 -0.2233E-01  0.1190E-02      -1  -0.214E-02    0.00  0.2032E+01  0.0000E+00
  79   -93.6000     -26.098 0.3870   0.7013E+00  0.1106E-02 -0.2093E-01  0.1139E-02      -1  -0.200E-02    0.00  0.2562E+01  0.0000E+00
  80   -94.8000     -24.932 0.3883   0.7390E+00  0.1109E-02 -0.1960E-01  0.1082E-02      -1  -0.188E-02    0.00  0.3213E+01  0.0000E+00
  81   -96.0000     -23.762 0.3896   0.7767E+00  0.1111E-02 -0.1838E-01  0.9497E-03      -1  -0.176E-02    0.00  0.4006E+01  0.0000E+00
  82   -97.2000     -22.588 0.3909   0.8300E+00  0.1110E-02 -0.1731E-01  0.8253E-03      -1  -0.166E-02    0.00  0.4964E+01  0.0000E+00
  83   -98.4000     -21.412 0.3922   0.8851E+00  0.1107E-02 -0.1639E-01  0.7088E-03      -1  -0.157E-02    0.00  0.6112E+01  0.0000E+00
  84   -99.6000     -20.233 0.3935   0.9403E+00  0.1105E-02 -0.1561E-01  0.6003E-03      -1  -0.150E-02    0.00  0.7474E+01  0.0000E+00
  85  -100.8000     -19.052 0.3948   0.9957E+00  0.1103E-02 -0.1495E-01  0.4998E-03      -1  -0.143E-02    0.00  0.9075E+01  0.0000E+00
  86  -102.0000     -17.869 0.3961   0.1067E+01  0.1096E-02 -0.1440E-01  0.4073E-03      -1  -0.138E-02    0.00  0.1094E+02  0.0000E+00
  87  -103.2000     -16.684 0.3974   0.1145E+01  0.1087E-02 -0.1398E-01  0.2998E-03      -1  -0.134E-02    0.00  0.1309E+02  0.0000E+00
  88  -104.4000     -15.498 0.3987   0.1222E+01  0.1078E-02 -0.1368E-01  0.2060E-03      -1  -0.131E-02    0.00  0.1555E+02  0.0000E+00
  89  -105.6000     -14.311 0.3999   0.1313E+01  0.1065E-02 -0.1347E-01  0.1302E-03      -1  -0.129E-02    0.00  0.1833E+02  0.0000E+00
  90  -106.8000     -13.123 0.4012   0.1418E+01  0.1048E-02 -0.1335E-01  0.7237E-04      -1  -0.128E-02    0.00  0.2146E+02  0.0000E+00
  91  -108.0000     -11.934 0.4024   0.1523E+01  0.1031E-02 -0.1329E-01  0.3193E-04      -1  -0.127E-02    0.00  0.2493E+02  0.0000E+00
  92  -109.2000     -10.744 0.4037   0.1657E+01  0.1007E-02 -0.1327E-01  0.7686E-05      -1  -0.127E-02    0.00  0.2877E+02  0.0000E+00
  93  -110.4000      -9.553 0.4048   0.1795E+01  0.9804E-03 -0.1326E-01  0.0000E+00      -1  -0.127E-02    0.00  0.3296E+02  0.0000E+00
  94  -111.6000      -8.361 0.4060   0.1966E+01  0.9461E-03 -0.1326E-01  0.0000E+00      -1  -0.127E-02    0.00  0.3753E+02  0.0000E+00
  95  -112.8000      -7.169 0.4071   0.2154E+01  0.9078E-03 -0.1326E-01  0.0000E+00      -1  -0.127E-02    0.00  0.4245E+02  0.0000E+00
  96  -114.0000      -5.976 0.4082   0.2380E+01  0.8603E-03 -0.1326E-01  0.0000E+00      -1  -0.127E-02    0.00  0.4772E+02  0.0000E+00
  97  -115.2000      -4.782 0.4092   0.2655E+01  0.8016E-03 -0.1326E-01  0.0000E+00      -1  -0.127E-02    0.00  0.5332E+02  0.0000E+00
  98  -116.4000      -3.588 0.4101   0.3000E+01  0.7284E-03 -0.1326E-01  0.0000E+00      -1  -0.127E-02    0.00  0.5925E+02  0.0000E+00
  99  -117.6000      -2.393 0.4109   0.3462E+01  0.6319E-03 -0.1326E-01  0.0000E+00      -1  -0.127E-02    0.00  0.6547E+02  0.0000E+00
 100  -118.8000      -1.197 0.4116   0.4165E+01  0.4909E-03 -0.1326E-01  0.0000E+00      -1  -0.127E-02    0.00  0.7196E+02  0.0000E+00
 101  -120.0000       0.000 0.4120   0.7000E+01  0.0000E+00 -0.1326E-01  0.0000E+00      -1  -0.127E-02    0.00  0.7870E+02  0.0000E+00
end


 Time:     2190.0000


 Node      Depth      Head Moisture       K          C         Flux        Sink         Kappa   v/KsTop   Temp   Conc(1..NS) Sorb(1...NS)
           [L]        [L]    [-]        [L/T]      [1/L]      [L/T]        [1/T]         [-]      [-]      [C]      [M/L*3]

   1     0.0000     -75.278 0.3342   0.3181E+00  0.8142E-03 -0.3165E+00  0.5176E-02      -1  -0.303E-01    0.00  0.6655E-07  0.0000E+00
   2    -1.2000     -75.259 0.3342   0.3183E+00  0.8144E-03 -0.3103E+00  0.5124E-02      -1  -0.297E-01    0.00  0.7419E-07  0.0000E+00
   3    -2.4000     -75.217 0.3342   0.3188E+00  0.8146E-03 -0.3042E+00  0.5072E-02      -1  -0.291E-01    0.00  0.8471E-07  0.0000E+00
   4    -3.6000     -75.149 0.3343   0.3196E+00  0.8150E-03 -0.2981E+00  0.5021E-02      -1  -0.286E-01    0.00  0.9875E-07  0.0000E+00
   5    -4.8000     -75.055 0.3344   0.3206E+00  0.8155E-03 -0.2921E+00  0.4969E-02      -1  -0.280E-01    0.00  0.1171E-06  0.0000E+00
   6    -6.0000     -74.935 0.3345   0.3220E+00  0.8162E-03 -0.2862E+00  0.4917E-02      -1  -0.274E-01    0.00  0.1410E-06  0.0000E+00
   7    -7.2000     -74.788 0.3346   0.3236E+00  0.8171E-03 -0.2803E+00  0.4865E-02      -1  -0.268E-01    0.00  0.1716E-06  0.0000E+00
   8    -8.4000     -74.613 0.3348   0.3256E+00  0.8180E-03 -0.2745E+00  0.4814E-02      -1  -0.263E-01    0.00  0.2106E-06  0.0000E+00
   9    -9.6000     -74.411 0.3349   0.3278E+00  0.8192E-03 -0.2688E+00  0.4762E-02      -1  -0.257E-01    0.00  0.2603E-06  0.0000E+00
  10   -10.8000     -74.180 0.3351   0.3304E+00  0.8205E-03 -0.2631E+00  0.4710E-02      -1  -0.252E-01    0.00  0.3234E-06  0.0000E+00
  11   -12.0000     -73.921 0.3354   0.3333E+00  0.8220E-03 -0.2575E+00  0.4658E-02      -1  -0.247E-01    0.00  0.4033E-06  0.0000E+00
  12   -13.2000     -73.634 0.3356   0.3365E+00  0.8236E-03 -0.2519E+00  0.4607E-02      -1  -0.241E-01    0.00  0.5044E-06  0.0000E+00
  13   -14.4000     -73.317 0.3359   0.3401E+00  0.8255E-03 -0.2464E+00  0.4555E-02      -1  -0.236E-01    0.00  0.6325E-06  0.0000E+00
  14   -15.6000     -72.972 0.3362   0.3439E+00  0.8274E-03 -0.2410E+00  0.4503E-02      -1  -0.231E-01    0.00  0.7945E-06  0.0000E+00
  15   -16.8000     -72.599 0.3365   0.3481E+00  0.8296E-03 -0.2356E+00  0.4451E-02      -1  -0.226E-01    0.00  0.9996E-06  0.0000E+00
  16   -18.0000     -72.196 0.3368   0.3526E+00  0.8319E-03 -0.2303E+00  0.4400E-02      -1  -0.221E-01    0.00  0.1259E-05  0.0000E+00
  17   -19.2000     -71.766 0.3372   0.3574E+00  0.8343E-03 -0.2250E+00  0.4348E-02      -1  -0.216E-01    0.00  0.1588E-05  0.0000E+00
  18   -20.4000     -71.307 0.3376   0.3626E+00  0.8369E-03 -0.2198E+00  0.4296E-02      -1  -0.211E-01    0.00  0.2005E-05  0.0000E+00
  19   -21.6000     -70.821 0.3380   0.3680E+00  0.8397E-03 -0.2147E+00  0.4244E-02      -1  -0.206E-01    0.00  0.2533E-05  0.0000E+00
  20   -22.8000     -70.308 0.3384   0.3737E+00  0.8427E-03 -0.2097E+00  0.4193E-02      -1  -0.201E-01    0.00  0.3203E-05  0.0000E+00
  21   -24.0000     -69.767 0.3389   0.3798E+00  0.8457E-03 -0.2047E+00  0.4141E-02      -1  -0.196E-01    0.00  0.4054E-05  0.0000E+00
  22   -25.2000     -69.201 0.3394   0.3861E+00  0.8490E-03 -0.1997E+00  0.4089E-02      -1  -0.191E-01    0.00  0.5135E-05  0.0000E+00
  23   -26.4000     -68.609 0.3399   0.3927E+00  0.8524E-03 -0.1948E+00  0.4037E-02      -1  -0.187E-01    0.00  0.6508E-05  0.0000E+00
  24   -27.6000     -67.992 0.3404   0.3996E+00  0.8559E-03 -0.1900E+00  0.3986E-02      -1  -0.182E-01    0.00  0.8255E-05  0.0000E+00
  25   -28.8000     -67.350 0.3410   0.4068E+00  0.8596E-03 -0.1853E+00  0.3934E-02      -1  -0.177E-01    0.00  0.1048E-04  0.0000E+00
  26   -30.0000     -66.685 0.3416   0.4143E+00  0.8634E-03 -0.1806E+00  0.3882E-02      -1  -0.173E-01    0.00  0.1331E-04  0.0000E+00
  27   -31.2000     -65.996 0.3421   0.4220E+00  0.8673E-03 -0.1760E+00  0.3830E-02      -1  -0.169E-01    0.00  0.1692E-04  0.0000E+00
  28   -32.4000     -65.285 0.3428   0.4299E+00  0.8714E-03 -0.1714E+00  0.3778E-02      -1  -0.164E-01    0.00  0.2152E-04  0.0000E+00
  29   -33.6000     -64.553 0.3434   0.4381E+00  0.8755E-03 -0.1669E+00  0.3727E-02      -1  -0.160E-01    0.00  0.2739E-04  0.0000E+00
  30   -34.8000     -63.800 0.3440   0.4465E+00  0.8799E-03 -0.1625E+00  0.3675E-02      -1  -0.156E-01    0.00  0.3488E-04  0.0000E+00
  31   -36.0000     -63.222 0.3501   0.1717E+00  0.8636E-03 -0.1581E+00  0.3623E-02      -1  -0.151E-01    0.00  0.4446E-04  0.0000E+00
  32   -37.2000     -63.110 0.3502   0.1722E+00  0.8644E-03 -0.1538E+00  0.3571E-02      -1  -0.147E-01    0.00  0.5650E-04  0.0000E+00
  33   -38.4000     -62.964 0.3503   0.1729E+00  0.8654E-03 -0.1495E+00  0.3520E-02      -1  -0.143E-01    0.00  0.7168E-04  0.0000E+00
  34   -39.6000     -62.785 0.3504   0.1736E+00  0.8667E-03 -0.1453E+00  0.3468E-02      -1  -0.139E-01    0.00  0.9084E-04  0.0000E+00
  35   -40.8000     -62.572 0.3506   0.1746E+00  0.8682E-03 -0.1412E+00  0.3416E-02      -1  -0.135E-01    0.00  0.1151E-03  0.0000E+00
  36   -42.0000     -62.326 0.3508   0.1757E+00  0.8699E-03 -0.1371E+00  0.3364E-02      -1  -0.131E-01    0.00  0.1457E-03  0.0000E+00
  37   -43.2000     -62.045 0.3510   0.1769E+00  0.8719E-03 -0.1331E+00  0.3313E-02      -1  -0.127E-01    0.00  0.1846E-03  0.0000E+00
  38   -44.4000     -61.731 0.3513   0.1783E+00  0.8742E-03 -0.1292E+00  0.3261E-02      -1  -0.124E-01    0.00  0.2339E-03  0.0000E+00
  39   -45.6000     -61.384 0.3516   0.1798E+00  0.8766E-03 -0.1253E+00  0.3209E-02      -1  -0.120E-01    0.00  0.2965E-03  0.0000E+00
  40   -46.8000     -61.003 0.3519   0.1815E+00  0.8793E-03 -0.1215E+00  0.3157E-02      -1  -0.116E-01    0.00  0.3760E-03  0.0000E+00
  41   -48.0000     -60.589 0.3523   0.1833E+00  0.8823E-03 -0.1177E+00  0.3106E-02      -1  -0.113E-01    0.00  0.4770E-03  0.0000E+00
  42   -49.2000     -60.144 0.3526   0.1853E+00  0.8854E-03 -0.1140E+00  0.3054E-02      -1  -0.109E-01    0.00  0.6056E-03  0.0000E+00
  43   -50.4000     -59.664 0.3530   0.1884E+00  0.8890E-03 -0.1104E+00  0.3002E-02      -1  -0.106E-01    0.00  0.7692E-03  0.0000E+00
  44   -51.6000     -59.148 0.3535   0.1925E+00  0.8929E-03 -0.1068E+00  0.2950E-02      -1  -0.102E-01    0.00  0.9776E-03  0.0000E+00
  45   -52.8000     -58.596 0.3540   0.1968E+00  0.8972E-03 -0.1033E+00  0.2899E-02      -1  -0.989E-02    0.00  0.1243E-02  0.0000E+00
  46   -54.0000     -58.008 0.3546   0.2014E+00  0.9016E-03 -0.9984E-01  0.2847E-02      -1  -0.956E-02    0.00  0.1581E-02  0.0000E+00
  47   -55.2000     -57.385 0.3552   0.2063E+00  0.9064E-03 -0.9646E-01  0.2795E-02      -1  -0.924E-02    0.00  0.2013E-02  0.0000E+00
  48   -56.4000     -56.730 0.3558   0.2115E+00  0.9114E-03 -0.9314E-01  0.2743E-02      -1  -0.892E-02    0.00  0.2563E-02  0.0000E+00
  49   -57.6000     -56.042 0.3564   0.2169E+00  0.9167E-03 -0.8988E-01  0.2692E-02      -1  -0.861E-02    0.00  0.3265E-02  0.0000E+00
  50   -58.8000     -55.324 0.3571   0.2226E+00  0.9222E-03 -0.8668E-01  0.2640E-02      -1  -0.830E-02    0.00  0.4161E-02  0.0000E+00
  51   -60.0000     -54.577 0.3578   0.2284E+00  0.9279E-03 -0.8354E-01  0.2588E-02      -1  -0.800E-02    0.00  0.5305E-02  0.0000E+00
  52   -61.2000     -53.802 0.3585   0.2345E+00  0.9338E-03 -0.8047E-01  0.2536E-02      -1  -0.771E-02    0.00  0.6766E-02  0.0000E+00
  53   -62.4000     -53.001 0.3593   0.2408E+00  0.9399E-03 -0.7745E-01  0.2484E-02      -1  -0.742E-02    0.00  0.8630E-02  0.0000E+00
  54   -63.6000     -52.174 0.3600   0.2473E+00  0.9462E-03 -0.7450E-01  0.2433E-02      -1  -0.714E-02    0.00  0.1101E-01  0.0000E+00
  55   -64.8000     -51.324 0.3608   0.2540E+00  0.9527E-03 -0.7161E-01  0.2381E-02      -1  -0.686E-02    0.00  0.1405E-01  0.0000E+00
  56   -66.0000     -50.451 0.3617   0.2609E+00  0.9594E-03 -0.6879E-01  0.2329E-02      -1  -0.659E-02    0.00  0.1793E-01  0.0000E+00
  57   -67.2000     -49.557 0.3625   0.2679E+00  0.9662E-03 -0.6602E-01  0.2277E-02      -1  -0.632E-02    0.00  0.2288E-01  0.0000E+00
  58   -68.4000     -48.642 0.3633   0.2751E+00  0.9732E-03 -0.6332E-01  0.2226E-02      -1  -0.607E-02    0.00  0.2920E-01  0.0000E+00
  59   -69.6000     -47.709 0.3642   0.2825E+00  0.9803E-03 -0.6068E-01  0.2174E-02      -1  -0.581E-02    0.00  0.3725E-01  0.0000E+00
  60   -70.8000     -46.756 0.3652   0.2940E+00  0.9873E-03 -0.5811E-01  0.2122E-02      -1  -0.557E-02    0.00  0.4752E-01  0.0000E+00
  61   -72.0000     -45.783 0.3662   0.3070E+00  0.9943E-03 -0.5559E-01  0.2070E-02      -1  -0.532E-02    0.00  0.6059E-01  0.0000E+00
  62   -73.2000     -44.791 0.3672   0.3201E+00  0.1001E-02 -0.5314E-01  0.2019E-02      -1  -0.509E-02    0.00  0.7722E-01  0.0000E+00
  63   -74.4000     -43.782 0.3682   0.3335E+00  0.1009E-02 -0.5074E-01  0.1967E-02      -1  -0.486E-02    0.00  0.9837E-01  0.0000E+00
  64   -75.6000     -42.757 0.3692   0.3472E+00  0.1016E-02 -0.4842E-01  0.1915E-02      -1  -0.464E-02    0.00  0.1252E+00  0.0000E+00
  65   -76.8000     -41.717 0.3703   0.3610E+00  0.1024E-02 -0.4615E-01  0.1863E-02      -1  -0.442E-02    0.00  0.1593E+00  0.0000E+00
  66   -78.0000     -40.664 0.3714   0.3749E+00  0.1031E-02 -0.4394E-01  0.1812E-02      -1  -0.421E-02    0.00  0.2024E+00  0.0000E+00
  67   -79.2000     -39.598 0.3725   0.3891E+00  0.1039E-02 -0.4180E-01  0.1760E-02      -1  -0.400E-02    0.00  0.2570E+00  0.0000E+00
  68   -80.4000     -38.522 0.3736   0.4034E+00  0.1047E-02 -0.3972E-01  0.1708E-02      -1  -0.380E-02    0.00  0.3258E+00  0.0000E+00
  69   -81.6000     -37.435 0.3747   0.4195E+00  0.1054E-02 -0.3770E-01  0.1656E-02      -1  -0.361E-02    0.00  0.4126E+00  0.0000E+00
  70   -82.8000     -36.337 0.3759   0.4428E+00  0.1060E-02 -0.3574E-01  0.1605E-02      -1  -0.342E-02    0.00  0.5216E+00  0.0000E+00
  71   -84.0000     -35.229 0.3770   0.4663E+00  0.1066E-02 -0.3385E-01  0.1553E-02      -1  -0.324E-02    0.00  0.6583E+00  0.0000E+00
  72   -85.2000     -34.111 0.3783   0.4901E+00  0.1073E-02 -0.3202E-01  0.1501E-02      -1  -0.307E-02    0.00  0.8285E+00  0.0000E+00
  73   -86.4000     -32.986 0.3795   0.5139E+00  0.1079E-02 -0.3025E-01  0.1449E-02      -1  -0.290E-02    0.00  0.1040E+01  0.0000E+00
  74   -87.6000     -31.853 0.3807   0.5380E+00  0.1085E-02 -0.2854E-01  0.1398E-02      -1  -0.273E-02    0.00  0.1300E+01  0.0000E+00
  75   -88.8000     -30.713 0.3819   0.5622E+00  0.1091E-02 -0.2689E-01  0.1346E-02      -1  -0.258E-02    0.00  0.1619E+01  0.0000E+00
  76   -90.0000     -29.567 0.3831   0.5895E+00  0.1097E-02 -0.2531E-01  0.1294E-02      -1  -0.242E-02    0.00  0.2009E+01  0.0000E+00
  77   -91.2000     -28.416 0.3844   0.6266E+00  0.1100E-02 -0.2379E-01  0.1242E-02      -1  -0.228E-02    0.00  0.2482E+01  0.0000E+00
  78   -92.4000     -27.259 0.3857   0.6639E+00  0.1103E-02 -0.2233E-01  0.1190E-02      -1  -0.214E-02    0.00  0.3054E+01  0.0000E+00
  79   -93.6000     -26.097 0.3870   0.7014E+00  0.1106E-02 -0.2093E-01  0.1139E-02      -1  -0.200E-02    0.00  0.3740E+01  0.0000E+00
  80   -94.8000     -24.930 0.3883   0.7390E+00  0.1109E-02 -0.1960E-01  0.1082E-02      -1  -0.188E-02    0.00  0.4560E+01  0.0000E+00
  81   -96.0000     -23.760 0.3896   0.7767E+00  0.1111E-02 -0.1838E-01  0.9497E-03      -1  -0.176E-02    0.00  0.5532E+01  0.0000E+00
  82   -97.2000     -22.587 0.3909   0.8300E+00  0.1110E-02 -0.1731E-01  0.8252E-03      -1  -0.166E-02    0.00  0.6676E+01  0.0000E+00
  83   -98.4000     -21.411 0.3922   0.8851E+00  0.1107E-02 -0.1639E-01  0.7087E-03      -1  -0.157E-02    0.00  0.8012E+01  0.0000E+00
  84   -99.6000     -20.232 0.3935   0.9404E+00  0.1105E-02 -0.1561E-01  0.6002E-03      -1  -0.150E-02    0.00  0.9560E+01  0.0000E+00
  85  -100.8000     -19.051 0.3948   0.9957E+00  0.1103E-02 -0.1495E-01  0.4972E-03      -1  -0.143E-02    0.00  0.1134E+02  0.0000E+00
  86  -102.0000     -17.868 0.3961   0.1067E+01  0.1096E-02 -0.1443E-01  0.3738E-03      -1  -0.138E-02    0.00  0.1337E+02  0.0000E+00
  87  -103.2000     -16.683 0.3974   0.1145E+01  0.1087E-02 -0.1404E-01  0.2682E-03      -1  -0.135E-02    0.00  0.1566E+02  0.0000E+00
  88  -104.4000     -15.497 0.3987   0.1223E+01  0.1078E-02 -0.1377E-01  0.1808E-03      -1  -0.132E-02    0.00  0.1823E+02  0.0000E+00
  89  -105.6000     -14.310 0.3999   0.1313E+01  0.1065E-02 -0.1360E-01  0.1114E-03      -1  -0.130E-02    0.00  0.2109E+02  0.0000E+00
  90  -106.8000     -13.122 0.4012   0.1418E+01  0.1048E-02 -0.1349E-01  0.5976E-04      -1  -0.129E-02    0.00  0.2425E+02  0.0000E+00
  91  -108.0000     -11.933 0.4024   0.1523E+01  0.1031E-02 -0.1344E-01  0.2485E-04      -1  -0.129E-02    0.00  0.2772E+02  0.0000E+00
  92  -109.2000     -10.743 0.4037   0.1657E+01  0.1007E-02 -0.1343E-01  0.5287E-05      -1  -0.129E-02    0.00  0.3149E+02  0.0000E+00
  93  -110.4000      -9.552 0.4048   0.1796E+01  0.9804E-03 -0.1342E-01  0.0000E+00      -1  -0.129E-02    0.00  0.3558E+02  0.0000E+00
  94  -111.6000      -8.361 0.4060   0.1966E+01  0.9461E-03 -0.1342E-01  0.0000E+00      -1  -0.129E-02    0.00  0.3998E+02  0.0000E+00
  95  -112.8000      -7.169 0.4071   0.2154E+01  0.9077E-03 -0.1342E-01  0.0000E+00      -1  -0.129E-02    0.00  0.4468E+02  0.0000E+00
  96  -114.0000      -5.976 0.4082   0.2380E+01  0.8602E-03 -0.1342E-01  0.0000E+00      -1  -0.129E-02    0.00  0.4968E+02  0.0000E+00
  97  -115.2000      -4.782 0.4092   0.2656E+01  0.8016E-03 -0.1342E-01  0.0000E+00      -1  -0.129E-02    0.00  0.5497E+02  0.0000E+00
  98  -116.4000      -3.588 0.4101   0.3000E+01  0.7284E-03 -0.1342E-01  0.0000E+00      -1  -0.129E-02    0.00  0.6053E+02  0.0000E+00
  99  -117.6000      -2.393 0.4109   0.3462E+01  0.6319E-03 -0.1342E-01  0.0000E+00      -1  -0.129E-02    0.00  0.6635E+02  0.0000E+00
 100  -118.8000      -1.197 0.4116   0.4165E+01  0.4909E-03 -0.1342E-01  0.0000E+00      -1  -0.129E-02    0.00  0.7241E+02  0.0000E+00
 101  -120.0000       0.000 0.4120   0.7000E+01  0.0000E+00 -0.1342E-01  0.0000E+00      -1  -0.129E-02    0.00  0.7870E+02  0.0000E+00
end


 Time:     2555.0000


 Node      Depth      Head Moisture       K          C         Flux        Sink         Kappa   v/KsTop   Temp   Conc(1..NS) Sorb(1...NS)
           [L]        [L]    [-]        [L/T]      [1/L]      [L/T]        [1/T]         [-]      [-]      [C]      [M/L*3]

   1     0.0000     -75.278 0.3342   0.3181E+00  0.8143E-03 -0.3165E+00  0.5176E-02      -1  -0.303E-01    0.00  0.4892E-06  0.0000E+00
   2    -1.2000     -75.259 0.3342   0.3184E+00  0.8144E-03 -0.3103E+00  0.5124E-02      -1  -0.297E-01    0.00  0.5438E-06  0.0000E+00
   3    -2.4000     -75.216 0.3342   0.3188E+00  0.8146E-03 -0.3042E+00  0.5072E-02      -1  -0.291E-01    0.00  0.6154E-06  0.0000E+00
   4    -3.6000     -75.148 0.3343   0.3196E+00  0.8150E-03 -0.2981E+00  0.5021E-02      -1  -0.286E-01    0.00  0.7077E-06  0.0000E+00
   5    -4.8000     -75.054 0.3344   0.3206E+00  0.8155E-03 -0.2921E+00  0.4969E-02      -1  -0.280E-01    0.00  0.8253E-06  0.0000E+00
   6    -6.0000     -74.934 0.3345   0.3220E+00  0.8162E-03 -0.2862E+00  0.4917E-02      -1  -0.274E-01    0.00  0.9737E-06  0.0000E+00
   7    -7.2000     -74.787 0.3346   0.3236E+00  0.8171E-03 -0.2803E+00  0.4865E-02      -1  -0.268E-01    0.00  0.1160E-05  0.0000E+00
   8    -8.4000     -74.613 0.3348   0.3256E+00  0.8181E-03 -0.2745E+00  0.4814E-02      -1  -0.263E-01    0.00  0.1392E-05  0.0000E+00
   9    -9.6000     -74.410 0.3349   0.3278E+00  0.8192E-03 -0.2688E+00  0.4762E-02      -1  -0.257E-01    0.00  0.1682E-05  0.0000E+00
  10   -10.8000     -74.180 0.3351   0.3304E+00  0.8205E-03 -0.2631E+00  0.4710E-02      -1  -0.252E-01    0.00  0.2041E-05  0.0000E+00
  11   -12.0000     -73.921 0.3354   0.3333E+00  0.8220E-03 -0.2575E+00  0.4658E-02      -1  -0.247E-01    0.00  0.2488E-05  0.0000E+00
  12   -13.2000     -73.633 0.3356   0.3365E+00  0.8236E-03 -0.2519E+00  0.4607E-02      -1  -0.241E-01    0.00  0.3041E-05  0.0000E+00
  13   -14.4000     -73.317 0.3359   0.3401E+00  0.8255E-03 -0.2464E+00  0.4555E-02      -1  -0.236E-01    0.00  0.3726E-05  0.0000E+00
  14   -15.6000     -72.972 0.3362   0.3439E+00  0.8274E-03 -0.2410E+00  0.4503E-02      -1  -0.231E-01    0.00  0.4575E-05  0.0000E+00
  15   -16.8000     -72.598 0.3365   0.3481E+00  0.8296E-03 -0.2356E+00  0.4451E-02      -1  -0.226E-01    0.00  0.5627E-05  0.0000E+00
  16   -18.0000     -72.196 0.3368   0.3526E+00  0.8319E-03 -0.2303E+00  0.4400E-02      -1  -0.221E-01    0.00  0.6930E-05  0.0000E+00
  17   -19.2000     -71.765 0.3372   0.3574E+00  0.8343E-03 -0.2250E+00  0.4348E-02      -1  -0.216E-01    0.00  0.8545E-05  0.0000E+00
  18   -20.4000     -71.307 0.3376   0.3626E+00  0.8369E-03 -0.2198E+00  0.4296E-02      -1  -0.211E-01    0.00  0.1055E-04  0.0000E+00
  19   -21.6000     -70.820 0.3380   0.3680E+00  0.8397E-03 -0.2147E+00  0.4244E-02      -1  -0.206E-01    0.00  0.1303E-04  0.0000E+00
  20   -22.8000     -70.307 0.3384   0.3737E+00  0.8427E-03 -0.2097E+00  0.4193E-02      -1  -0.201E-01    0.00  0.1611E-04  0.0000E+00
  21   -24.0000     -69.767 0.3389   0.3798E+00  0.8457E-03 -0.2047E+00  0.4141E-02      -1  -0.196E-01    0.00  0.1993E-04  0.0000E+00
  22   -25.2000     -69.200 0.3394   0.3861E+00  0.8490E-03 -0.1997E+00  0.4089E-02      -1  -0.191E-01    0.00  0.2468E-04  0.0000E+00
  23   -26.4000     -68.608 0.3399   0.3927E+00  0.8524E-03 -0.1948E+00  0.4037E-02      -1  -0.187E-01    0.00  0.3058E-04  0.0000E+00
  24   -27.6000     -67.991 0.3404   0.3997E+00  0.8559E-03 -0.1900E+00  0.3986E-02      -1  -0.182E-01    0.00  0.3792E-04  0.0000E+00
  25   -28.8000     -67.349 0.3410   0.4068E+00  0.8596E-03 -0.1853E+00  0.3934E-02      -1  -0.177E-01    0.00  0.4704E-04  0.0000E+00
  26   -30.0000     -66.684 0.3416   0.4143E+00  0.8634E-03 -0.1806E+00  0.3882E-02      -1  -0.173E-01    0.00  0.5840E-04  0.0000E+00
  27   -31.2000     -65.995 0.3421   0.4220E+00  0.8673E-03 -0.1760E+00  0.3830E-02      -1  -0.169E-01    0.00  0.7254E-04  0.0000E+00
  28   -32.4000     -65.285 0.3428   0.4299E+00  0.8714E-03 -0.1714E+00  0.3778E-02      -1  -0.164E-01    0.00  0.9017E-04  0.0000E+00
  29   -33.6000     -64.552 0.3434   0.4381E+00  0.8756E-03 -0.1669E+00  0.3727E-02      -1  -0.160E-01    0.00  0.1121E-03  0.0000E+00
  30   -34.8000     -63.799 0.3440   0.4465E+00  0.8799E-03 -0.1625E+00  0.3675E-02      -1  -0.156E-01    0.00  0.1395E-03  0.0000E+00
  31   -36.0000     -63.221 0.3501   0.1717E+00  0.8636E-03 -0.1581E+00  0.3623E-02      -1  -0.151E-01    0.00  0.1737E-03  0.0000E+00
  32   -37.2000     -63.109 0.3502   0.1722E+00  0.8644E-03 -0.1538E+00  0.3571E-02      -1  -0.147E-01    0.00  0.2159E-03  0.0000E+00
  33   -38.4000     -62.963 0.3503   0.1729E+00  0.8654E-03 -0.1495E+00  0.3520E-02      -1  -0.143E-01    0.00  0.2679E-03  0.0000E+00
  34   -39.6000     -62.784 0.3504   0.1737E+00  0.8667E-03 -0.1453E+00  0.3468E-02      -1  -0.139E-01    0.00  0.3322E-03  0.0000E+00
  35   -40.8000     -62.571 0.3506   0.1746E+00  0.8682E-03 -0.1412E+00  0.3416E-02      -1  -0.135E-01    0.00  0.4117E-03  0.0000E+00
  36   -42.0000     -62.325 0.3508   0.1757E+00  0.8699E-03 -0.1371E+00  0.3364E-02      -1  -0.131E-01    0.00  0.5102E-03  0.0000E+00
  37   -43.2000     -62.044 0.3510   0.1769E+00  0.8719E-03 -0.1331E+00  0.3313E-02      -1  -0.127E-01    0.00  0.6322E-03  0.0000E+00
  38   -44.4000     -61.730 0.3513   0.1783E+00  0.8742E-03 -0.1292E+00  0.3261E-02      -1  -0.124E-01    0.00  0.7836E-03  0.0000E+00
  39   -45.6000     -61.382 0.3516   0.1798E+00  0.8766E-03 -0.1253E+00  0.3209E-02      -1  -0.120E-01    0.00  0.9716E-03  0.0000E+00
  40   -46.8000     -61.002 0.3519   0.1815E+00  0.8793E-03 -0.1215E+00  0.3157E-02      -1  -0.116E-01    0.00  0.1205E-02  0.0000E+00
  41   -48.0000     -60.588 0.3523   0.1833E+00  0.8823E-03 -0.1177E+00  0.3106E-02      -1  -0.113E-01    0.00  0.1495E-02  0.0000E+00
  42   -49.2000     -60.142 0.3526   0.1853E+00  0.8854E-03 -0.1140E+00  0.3054E-02      -1  -0.109E-01    0.00  0.1856E-02  0.0000E+00
  43   -50.4000     -59.663 0.3530   0.1884E+00  0.8890E-03 -0.1104E+00  0.3002E-02      -1  -0.106E-01    0.00  0.2305E-02  0.0000E+00
  44   -51.6000     -59.147 0.3535   0.1925E+00  0.8929E-03 -0.1068E+00  0.2950E-02      -1  -0.102E-01    0.00  0.2864E-02  0.0000E+00
  45   -52.8000     -58.594 0.3540   0.1968E+00  0.8972E-03 -0.1033E+00  0.2899E-02      -1  -0.989E-02    0.00  0.3560E-02  0.0000E+00
  46   -54.0000     -58.006 0.3546   0.2014E+00  0.9017E-03 -0.9984E-01  0.2847E-02      -1  -0.956E-02    0.00  0.4428E-02  0.0000E+00
  47   -55.2000     -57.384 0.3552   0.2063E+00  0.9064E-03 -0.9646E-01  0.2795E-02      -1  -0.924E-02    0.00  0.5508E-02  0.0000E+00
  48   -56.4000     -56.728 0.3558   0.2115E+00  0.9114E-03 -0.9314E-01  0.2743E-02      -1  -0.892E-02    0.00  0.6856E-02  0.0000E+00
  49   -57.6000     -56.041 0.3564   0.2169E+00  0.9167E-03 -0.8988E-01  0.2692E-02      -1  -0.861E-02    0.00  0.8536E-02  0.0000E+00
  50   -58.8000     -55.323 0.3571   0.2226E+00  0.9222E-03 -0.8668E-01  0.2640E-02      -1  -0.830E-02    0.00  0.1063E-01  0.0000E+00
  51   -60.0000     -54.576 0.3578   0.2284E+00  0.9279E-03 -0.8354E-01  0.2588E-02      -1  -0.800E-02    0.00  0.1325E-01  0.0000E+00
  52   -61.2000     -53.801 0.3585   0.2345E+00  0.9338E-03 -0.8047E-01  0.2536E-02      -1  -0.771E-02    0.00  0.1651E-01  0.0000E+00
  53   -62.4000     -52.999 0.3593   0.2409E+00  0.9399E-03 -0.7745E-01  0.2484E-02      -1  -0.742E-02    0.00  0.2058E-01  0.0000E+00
  54   -63.6000     -52.173 0.3600   0.2474E+00  0.9462E-03 -0.7450E-01  0.2433E-02      -1  -0.714E-02    0.00  0.2565E-01  0.0000E+00
  55   -64.8000     -51.322 0.3608   0.2540E+00  0.9527E-03 -0.7161E-01  0.2381E-02      -1  -0.686E-02    0.00  0.3199E-01  0.0000E+00
  56   -66.0000     -50.449 0.3617   0.2609E+00  0.9594E-03 -0.6879E-01  0.2329E-02      -1  -0.659E-02    0.00  0.3989E-01  0.0000E+00
  57   -67.2000     -49.555 0.3625   0.2680E+00  0.9662E-03 -0.6602E-01  0.2277E-02      -1  -0.632E-02    0.00  0.4974E-01  0.0000E+00
  58   -68.4000     -48.641 0.3633   0.2752E+00  0.9732E-03 -0.6332E-01  0.2226E-02      -1  -0.607E-02    0.00  0.6202E-01  0.0000E+00
  59   -69.6000     -47.708 0.3642   0.2825E+00  0.9803E-03 -0.6068E-01  0.2174E-02      -1  -0.581E-02    0.00  0.7733E-01  0.0000E+00
  60   -70.8000     -46.755 0.3652   0.2941E+00  0.9873E-03 -0.5810E-01  0.2122E-02      -1  -0.557E-02    0.00  0.9640E-01  0.0000E+00
  61   -72.0000     -45.782 0.3662   0.3070E+00  0.9943E-03 -0.5559E-01  0.2070E-02      -1  -0.532E-02    0.00  0.1201E+00  0.0000E+00
  62   -73.2000     -44.790 0.3672   0.3202E+00  0.1001E-02 -0.5314E-01  0.2019E-02      -1  -0.509E-02    0.00  0.1497E+00  0.0000E+00
  63   -74.4000     -43.780 0.3682   0.3336E+00  0.1009E-02 -0.5074E-01  0.1967E-02      -1  -0.486E-02    0.00  0.1863E+00  0.0000E+00
  64   -75.6000     -42.755 0.3692   0.3472E+00  0.1016E-02 -0.4842E-01  0.1915E-02      -1  -0.464E-02    0.00  0.2319E+00  0.0000E+00
  65   -76.8000     -41.715 0.3703   0.3610E+00  0.1024E-02 -0.4615E-01  0.1863E-02      -1  -0.442E-02    0.00  0.2884E+00  0.0000E+00
  66   -78.0000     -40.662 0.3714   0.3750E+00  0.1031E-02 -0.4394E-01  0.1812E-02      -1  -0.421E-02    0.00  0.3584E+00  0.0000E+00
  67   -79.2000     -39.597 0.3725   0.3891E+00  0.1039E-02 -0.4180E-01  0.1760E-02      -1  -0.400E-02    0.00  0.4450E+00  0.0000E+00
  68   -80.4000     -38.520 0.3736   0.4034E+00  0.1047E-02 -0.3972E-01  0.1708E-02      -1  -0.380E-02    0.00  0.5519E+00  0.0000E+00
  69   -81.6000     -37.433 0.3747   0.4196E+00  0.1054E-02 -0.3770E-01  0.1656E-02      -1  -0.361E-02    0.00  0.6834E+00  0.0000E+00
  70   -82.8000     -36.335 0.3759   0.4429E+00  0.1060E-02 -0.3574E-01  0.1605E-02      -1  -0.342E-02    0.00  0.8446E+00  0.0000E+00
  71   -84.0000     -35.227 0.3771   0.4664E+00  0.1066E-02 -0.3385E-01  0.1553E-02      -1  -0.324E-02    0.00  0.1041E+01  0.0000E+00
  72   -85.2000     -34.110 0.3783   0.4901E+00  0.1073E-02 -0.3202E-01  0.1501E-02      -1  -0.307E-02    0.00  0.1280E+01  0.0000E+00
  73   -86.4000     -32.984 0.3795   0.5140E+00  0.1079E-02 -0.3025E-01  0.1449E-02      -1  -0.290E-02    0.00  0.1569E+01  0.0000E+00
  74   -87.6000     -31.851 0.3807   0.5380E+00  0.1085E-02 -0.2854E-01  0.1398E-02      -1  -0.273E-02    0.00  0.1916E+01  0.0000E+00
  75   -88.8000     -30.711 0.3819   0.5622E+00  0.1091E-02 -0.2689E-01  0.1346E-02      -1  -0.258E-02    0.00  0.2332E+01  0.0000E+00
  76   -90.0000     -29.566 0.3832   0.5895E+00  0.1097E-02 -0.2531E-01  0.1294E-02      -1  -0.242E-02    0.00  0.2829E+01  0.0000E+00
  77   -91.2000     -28.414 0.3844   0.6266E+00  0.1100E-02 -0.2379E-01  0.1242E-02      -1  -0.228E-02    0.00  0.3420E+01  0.0000E+00
  78   -92.4000     -27.257 0.3857   0.6640E+00  0.1103E-02 -0.2233E-01  0.1190E-02      -1  -0.214E-02    0.00  0.4117E+01  0.0000E+00
  79   -93.6000     -26.095 0.3870   0.7014E+00  0.1106E-02 -0.2093E-01  0.1139E-02      -1  -0.200E-02    0.00  0.4937E+01  0.0000E+00
  80   -94.8000     -24.929 0.3883   0.7391E+00  0.1109E-02 -0.1960E-01  0.1082E-02      -1  -0.188E-02    0.00  0.5897E+01  0.0000E+00
  81   -96.0000     -23.759 0.3896   0.7768E+00  0.1111E-02 -0.1838E-01  0.9495E-03      -1  -0.176E-02    0.00  0.7013E+01  0.0000E+00
  82   -97.2000     -22.585 0.3909   0.8301E+00  0.1110E-02 -0.1731E-01  0.8251E-03      -1  -0.166E-02    0.00  0.8302E+01  0.0000E+00
  83   -98.4000     -21.409 0.3922   0.8852E+00  0.1107E-02 -0.1639E-01  0.7086E-03      -1  -0.157E-02    0.00  0.9780E+01  0.0000E+00
  84   -99.6000     -20.230 0.3935   0.9405E+00  0.1105E-02 -0.1561E-01  0.5942E-03      -1  -0.150E-02    0.00  0.1146E+02  0.0000E+00
  85  -100.8000     -19.049 0.3948   0.9958E+00  0.1103E-02 -0.1498E-01  0.4586E-03      -1  -0.143E-02    0.00  0.1337E+02  0.0000E+00
  86  -102.0000     -17.866 0.3961   0.1067E+01  0.1096E-02 -0.1450E-01  0.3407E-03      -1  -0.139E-02    0.00  0.1550E+02  0.0000E+00
  87  -103.2000     -16.681 0.3974   0.1145E+01  0.1087E-02 -0.1415E-01  0.2409E-03      -1  -0.136E-02    0.00  0.1788E+02  0.0000E+00
  88  -104.4000     -15.496 0.3987   0.1223E+01  0.1078E-02 -0.1391E-01  0.1594E-03      -1  -0.133E-02    0.00  0.2051E+02  0.0000E+00
  89  -105.6000     -14.309 0.3999   0.1313E+01  0.1065E-02 -0.1376E-01  0.9572E-04      -1  -0.132E-02    0.00  0.2340E+02  0.0000E+00
  90  -106.8000     -13.121 0.4012   0.1418E+01  0.1048E-02 -0.1367E-01  0.4933E-04      -1  -0.131E-02    0.00  0.2656E+02  0.0000E+00
  91  -108.0000     -11.932 0.4025   0.1523E+01  0.1031E-02 -0.1363E-01  0.1908E-04      -1  -0.131E-02    0.00  0.2999E+02  0.0000E+00
  92  -109.2000     -10.742 0.4037   0.1657E+01  0.1006E-02 -0.1362E-01  0.3352E-05      -1  -0.130E-02    0.00  0.3369E+02  0.0000E+00
  93  -110.4000      -9.552 0.4048   0.1796E+01  0.9804E-03 -0.1362E-01  0.0000E+00      -1  -0.130E-02    0.00  0.3767E+02  0.0000E+00
  94  -111.6000      -8.360 0.4060   0.1967E+01  0.9461E-03 -0.1362E-01  0.0000E+00      -1  -0.130E-02    0.00  0.4192E+02  0.0000E+00
  95  -112.8000      -7.168 0.4071   0.2154E+01  0.9077E-03 -0.1362E-01  0.0000E+00      -1  -0.130E-02    0.00  0.4644E+02  0.0000E+00
  96  -114.0000      -5.975 0.4082   0.2380E+01  0.8602E-03 -0.1362E-01  0.0000E+00      -1  -0.130E-02    0.00  0.5121E+02  0.0000E+00
  97  -115.2000      -4.782 0.4092   0.2656E+01  0.8015E-03 -0.1362E-01  0.0000E+00      -1  -0.130E-02    0.00  0.5625E+02  0.0000E+00
  98  -116.4000      -3.588 0.4101   0.3000E+01  0.7283E-03 -0.1362E-01  0.0000E+00      -1  -0.130E-02    0.00  0.6152E+02  0.0000E+00
  99  -117.6000      -2.393 0.4109   0.3462E+01  0.6319E-03 -0.1362E-01  0.0000E+00      -1  -0.130E-02    0.00  0.6703E+02  0.0000E+00
 100  -118.8000      -1.197 0.4116   0.4165E+01  0.4909E-03 -0.1362E-01  0.0000E+00      -1  -0.130E-02    0.00  0.7276E+02  0.0000E+00
 101  -120.0000       0.000 0.4120   0.7000E+01  0.0000E+00 -0.1362E-01  0.0000E+00      -1  -0.130E-02    0.00  0.7870E+02  0.0000E+00
end


 Time:     2920.0000


 Node      Depth      Head Moisture       K          C         Flux        Sink         Kappa   v/KsTop   Temp   Conc(1..NS) Sorb(1...NS)
           [L]        [L]    [-]        [L/T]      [1/L]      [L/T]        [1/T]         [-]      [-]      [C]      [M/L*3]

   1     0.0000     -75.277 0.3342   0.3182E+00  0.8143E-03 -0.3165E+00  0.5176E-02      -1  -0.303E-01    0.00  0.2176E-05  0.0000E+00
   2    -1.2000     -75.259 0.3342   0.3184E+00  0.8144E-03 -0.3103E+00  0.5124E-02      -1  -0.297E-01    0.00  0.2414E-05  0.0000E+00
   3    -2.4000     -75.216 0.3342   0.3188E+00  0.8146E-03 -0.3042E+00  0.5072E-02      -1  -0.291E-01    0.00  0.2716E-05  0.0000E+00
   4    -3.6000     -75.148 0.3343   0.3196E+00  0.8150E-03 -0.2981E+00  0.5021E-02      -1  -0.286E-01    0.00  0.3095E-05  0.0000E+00
   5    -4.8000     -75.054 0.3344   0.3206E+00  0.8155E-03 -0.2921E+00  0.4969E-02      -1  -0.280E-01    0.00  0.3567E-05  0.0000E+00
   6    -6.0000     -74.934 0.3345   0.3220E+00  0.8162E-03 -0.2862E+00  0.4917E-02      -1  -0.274E-01    0.00  0.4151E-05  0.0000E+00
   7    -7.2000     -74.786 0.3346   0.3236E+00  0.8171E-03 -0.2803E+00  0.4865E-02      -1  -0.268E-01    0.00  0.4871E-05  0.0000E+00
   8    -8.4000     -74.612 0.3348   0.3256E+00  0.8181E-03 -0.2745E+00  0.4814E-02      -1  -0.263E-01    0.00  0.5754E-05  0.0000E+00
   9    -9.6000     -74.409 0.3349   0.3279E+00  0.8192E-03 -0.2688E+00  0.4762E-02      -1  -0.257E-01    0.00  0.6836E-05  0.0000E+00
  10   -10.8000     -74.179 0.3351   0.3304E+00  0.8205E-03 -0.2631E+00  0.4710E-02      -1  -0.252E-01    0.00  0.8158E-05  0.0000E+00
  11   -12.0000     -73.920 0.3354   0.3333E+00  0.8220E-03 -0.2575E+00  0.4658E-02      -1  -0.247E-01    0.00  0.9773E-05  0.0000E+00
  12   -13.2000     -73.632 0.3356   0.3365E+00  0.8237E-03 -0.2519E+00  0.4607E-02      -1  -0.241E-01    0.00  0.1174E-04  0.0000E+00
  13   -14.4000     -73.316 0.3359   0.3401E+00  0.8255E-03 -0.2464E+00  0.4555E-02      -1  -0.236E-01    0.00  0.1415E-04  0.0000E+00
  14   -15.6000     -72.971 0.3362   0.3439E+00  0.8274E-03 -0.2410E+00  0.4503E-02      -1  -0.231E-01    0.00  0.1707E-04  0.0000E+00
  15   -16.8000     -72.597 0.3365   0.3481E+00  0.8296E-03 -0.2356E+00  0.4451E-02      -1  -0.226E-01    0.00  0.2064E-04  0.0000E+00
  16   -18.0000     -72.195 0.3368   0.3526E+00  0.8319E-03 -0.2303E+00  0.4400E-02      -1  -0.221E-01    0.00  0.2500E-04  0.0000E+00
  17   -19.2000     -71.764 0.3372   0.3574E+00  0.8343E-03 -0.2250E+00  0.4348E-02      -1  -0.216E-01    0.00  0.3030E-04  0.0000E+00
  18   -20.4000     -71.306 0.3376   0.3626E+00  0.8370E-03 -0.2198E+00  0.4296E-02      -1  -0.211E-01    0.00  0.3677E-04  0.0000E+00
  19   -21.6000     -70.819 0.3380   0.3680E+00  0.8397E-03 -0.2147E+00  0.4244E-02      -1  -0.206E-01    0.00  0.4467E-04  0.0000E+00
  20   -22.8000     -70.306 0.3384   0.3738E+00  0.8427E-03 -0.2097E+00  0.4193E-02      -1  -0.201E-01    0.00  0.5430E-04  0.0000E+00
  21   -24.0000     -69.766 0.3389   0.3798E+00  0.8458E-03 -0.2047E+00  0.4141E-02      -1  -0.196E-01    0.00  0.6607E-04  0.0000E+00
  22   -25.2000     -69.199 0.3394   0.3861E+00  0.8490E-03 -0.1997E+00  0.4089E-02      -1  -0.191E-01    0.00  0.8043E-04  0.0000E+00
  23   -26.4000     -68.607 0.3399   0.3928E+00  0.8524E-03 -0.1948E+00  0.4037E-02      -1  -0.187E-01    0.00  0.9799E-04  0.0000E+00
  24   -27.6000     -67.990 0.3404   0.3997E+00  0.8559E-03 -0.1900E+00  0.3986E-02      -1  -0.182E-01    0.00  0.1195E-03  0.0000E+00
  25   -28.8000     -67.348 0.3410   0.4068E+00  0.8596E-03 -0.1853E+00  0.3934E-02      -1  -0.177E-01    0.00  0.1457E-03  0.0000E+00
  26   -30.0000     -66.683 0.3416   0.4143E+00  0.8634E-03 -0.1806E+00  0.3882E-02      -1  -0.173E-01    0.00  0.1778E-03  0.0000E+00
  27   -31.2000     -65.994 0.3421   0.4220E+00  0.8673E-03 -0.1760E+00  0.3830E-02      -1  -0.169E-01    0.00  0.2171E-03  0.0000E+00
  28   -32.4000     -65.284 0.3428   0.4299E+00  0.8714E-03 -0.1714E+00  0.3778E-02      -1  -0.164E-01    0.00  0.2653E-03  0.0000E+00
  29   -33.6000     -64.551 0.3434   0.4381E+00  0.8756E-03 -0.1669E+00  0.3727E-02      -1  -0.160E-01    0.00  0.3243E-03  0.0000E+00
  30   -34.8000     -63.798 0.3440   0.4466E+00  0.8799E-03 -0.1625E+00  0.3675E-02      -1  -0.156E-01    0.00  0.3966E-03  0.0000E+00
  31   -36.0000     -63.220 0.3501   0.1717E+00  0.8636E-03 -0.1581E+00  0.3623E-02      -1  -0.151E-01    0.00  0.4853E-03  0.0000E+00
  32   -37.2000     -63.108 0.3502   0.1722E+00  0.8644E-03 -0.1538E+00  0.3571E-02      -1  -0.147E-01    0.00  0.5930E-03  0.0000E+00
  33   -38.4000     -62.962 0.3503   0.1729E+00  0.8654E-03 -0.1495E+00  0.3520E-02      -1  -0.143E-01    0.00  0.7238E-03  0.0000E+00
  34   -39.6000     -62.783 0.3504   0.1737E+00  0.8667E-03 -0.1453E+00  0.3468E-02      -1  -0.139E-01    0.00  0.8829E-03  0.0000E+00
  35   -40.8000     -62.570 0.3506   0.1746E+00  0.8682E-03 -0.1412E+00  0.3416E-02      -1  -0.135E-01    0.00  0.1077E-02  0.0000E+00
  36   -42.0000     -62.323 0.3508   0.1757E+00  0.8699E-03 -0.1371E+00  0.3364E-02      -1  -0.131E-01    0.00  0.1313E-02  0.0000E+00
  37   -43.2000     -62.043 0.3510   0.1769E+00  0.8719E-03 -0.1331E+00  0.3313E-02      -1  -0.127E-01    0.00  0.1600E-02  0.0000E+00
  38   -44.4000     -61.729 0.3513   0.1783E+00  0.8742E-03 -0.1292E+00  0.3261E-02      -1  -0.124E-01    0.00  0.1952E-02  0.0000E+00
  39   -45.6000     -61.381 0.3516   0.1798E+00  0.8766E-03 -0.1253E+00  0.3209E-02      -1  -0.120E-01    0.00  0.2380E-02  0.0000E+00
  40   -46.8000     -61.000 0.3519   0.1815E+00  0.8793E-03 -0.1215E+00  0.3157E-02      -1  -0.116E-01    0.00  0.2904E-02  0.0000E+00
  41   -48.0000     -60.587 0.3523   0.1833E+00  0.8823E-03 -0.1177E+00  0.3106E-02      -1  -0.113E-01    0.00  0.3544E-02  0.0000E+00
  42   -49.2000     -60.141 0.3526   0.1853E+00  0.8855E-03 -0.1140E+00  0.3054E-02      -1  -0.109E-01    0.00  0.4328E-02  0.0000E+00
  43   -50.4000     -59.661 0.3531   0.1884E+00  0.8890E-03 -0.1104E+00  0.3002E-02      -1  -0.106E-01    0.00  0.5286E-02  0.0000E+00
  44   -51.6000     -59.145 0.3535   0.1925E+00  0.8930E-03 -0.1068E+00  0.2950E-02      -1  -0.102E-01    0.00  0.6458E-02  0.0000E+00
  45   -52.8000     -58.593 0.3540   0.1968E+00  0.8972E-03 -0.1033E+00  0.2899E-02      -1  -0.989E-02    0.00  0.7895E-02  0.0000E+00
  46   -54.0000     -58.005 0.3546   0.2015E+00  0.9017E-03 -0.9984E-01  0.2847E-02      -1  -0.956E-02    0.00  0.9654E-02  0.0000E+00
  47   -55.2000     -57.382 0.3552   0.2064E+00  0.9064E-03 -0.9646E-01  0.2795E-02      -1  -0.924E-02    0.00  0.1181E-01  0.0000E+00
  48   -56.4000     -56.727 0.3558   0.2115E+00  0.9114E-03 -0.9314E-01  0.2743E-02      -1  -0.892E-02    0.00  0.1445E-01  0.0000E+00
  49   -57.6000     -56.039 0.3564   0.2169E+00  0.9167E-03 -0.8988E-01  0.2692E-02      -1  -0.861E-02    0.00  0.1769E-01  0.0000E+00
  50   -58.8000     -55.321 0.3571   0.2226E+00  0.9222E-03 -0.8668E-01  0.2640E-02      -1  -0.830E-02    0.00  0.2166E-01  0.0000E+00
  51   -60.0000     -54.574 0.3578   0.2285E+00  0.9279E-03 -0.8354E-01  0.2588E-02      -1  -0.800E-02    0.00  0.2653E-01  0.0000E+00
  52   -61.2000     -53.799 0.3585   0.2346E+00  0.9338E-03 -0.8047E-01  0.2536E-02      -1  -0.771E-02    0.00  0.3250E-01  0.0000E+00
  53   -62.4000     -52.998 0.3593   0.2409E+00  0.9399E-03 -0.7745E-01  0.2484E-02      -1  -0.742E-02    0.00  0.3983E-01  0.0000E+00
  54   -63.6000     -52.171 0.3600   0.2474E+00  0.9462E-03 -0.7450E-01  0.2433E-02      -1  -0.714E-02    0.00  0.4881E-01  0.0000E+00
  55   -64.8000     -51.321 0.3608   0.2541E+00  0.9527E-03 -0.7161E-01  0.2381E-02      -1  -0.686E-02    0.00  0.5983E-01  0.0000E+00
  56   -66.0000     -50.448 0.3617   0.2609E+00  0.9594E-03 -0.6879E-01  0.2329E-02      -1  -0.659E-02    0.00  0.7334E-01  0.0000E+00
  57   -67.2000     -49.553 0.3625   0.2680E+00  0.9662E-03 -0.6602E-01  0.2277E-02      -1  -0.632E-02    0.00  0.8991E-01  0.0000E+00
  58   -68.4000     -48.639 0.3633   0.2752E+00  0.9732E-03 -0.6332E-01  0.2226E-02      -1  -0.607E-02    0.00  0.1102E+00  0.0000E+00
  59   -69.6000     -47.706 0.3642   0.2825E+00  0.9804E-03 -0.6068E-01  0.2174E-02      -1  -0.581E-02    0.00  0.1351E+00  0.0000E+00
  60   -70.8000     -46.753 0.3652   0.2941E+00  0.9873E-03 -0.5810E-01  0.2122E-02      -1  -0.557E-02    0.00  0.1656E+00  0.0000E+00
  61   -72.0000     -45.780 0.3662   0.3070E+00  0.9943E-03 -0.5559E-01  0.2070E-02      -1  -0.532E-02    0.00  0.2028E+00  0.0000E+00
  62   -73.2000     -44.788 0.3672   0.3202E+00  0.1002E-02 -0.5314E-01  0.2019E-02      -1  -0.509E-02    0.00  0.2484E+00  0.0000E+00
  63   -74.4000     -43.779 0.3682   0.3336E+00  0.1009E-02 -0.5074E-01  0.1967E-02      -1  -0.486E-02    0.00  0.3042E+00  0.0000E+00
  64   -75.6000     -42.753 0.3692   0.3472E+00  0.1016E-02 -0.4841E-01  0.1915E-02      -1  -0.464E-02    0.00  0.3722E+00  0.0000E+00
  65   -76.8000     -41.713 0.3703   0.3610E+00  0.1024E-02 -0.4615E-01  0.1863E-02      -1  -0.442E-02    0.00  0.4553E+00  0.0000E+00
  66   -78.0000     -40.660 0.3714   0.3750E+00  0.1031E-02 -0.4394E-01  0.1812E-02      -1  -0.421E-02    0.00  0.5564E+00  0.0000E+00
  67   -79.2000     -39.595 0.3725   0.3891E+00  0.1039E-02 -0.4180E-01  0.1760E-02      -1  -0.400E-02    0.00  0.6793E+00  0.0000E+00
  68   -80.4000     -38.518 0.3736   0.4034E+00  0.1047E-02 -0.3972E-01  0.1708E-02      -1  -0.380E-02    0.00  0.8280E+00  0.0000E+00
  69   -81.6000     -37.431 0.3747   0.4196E+00  0.1054E-02 -0.3770E-01  0.1656E-02      -1  -0.361E-02    0.00  0.1007E+01  0.0000E+00
  70   -82.8000     -36.333 0.3759   0.4429E+00  0.1060E-02 -0.3574E-01  0.1605E-02      -1  -0.342E-02    0.00  0.1222E+01  0.0000E+00
  71   -84.0000     -35.225 0.3771   0.4664E+00  0.1066E-02 -0.3385E-01  0.1553E-02      -1  -0.324E-02    0.00  0.1479E+01  0.0000E+00
  72   -85.2000     -34.108 0.3783   0.4901E+00  0.1073E-02 -0.3202E-01  0.1501E-02      -1  -0.307E-02    0.00  0.1785E+01  0.0000E+00
  73   -86.4000     -32.982 0.3795   0.5140E+00  0.1079E-02 -0.3025E-01  0.1449E-02      -1  -0.290E-02    0.00  0.2149E+01  0.0000E+00
  74   -87.6000     -31.849 0.3807   0.5381E+00  0.1085E-02 -0.2854E-01  0.1398E-02      -1  -0.273E-02    0.00  0.2578E+01  0.0000E+00
  75   -88.8000     -30.709 0.3819   0.5623E+00  0.1091E-02 -0.2689E-01  0.1346E-02      -1  -0.258E-02    0.00  0.3085E+01  0.0000E+00
  76   -90.0000     -29.564 0.3832   0.5896E+00  0.1097E-02 -0.2531E-01  0.1294E-02      -1  -0.242E-02    0.00  0.3678E+01  0.0000E+00
  77   -91.2000     -28.412 0.3844   0.6267E+00  0.1100E-02 -0.2379E-01  0.1242E-02      -1  -0.228E-02    0.00  0.4372E+01  0.0000E+00
  78   -92.4000     -27.255 0.3857   0.6640E+00  0.1103E-02 -0.2233E-01  0.1190E-02      -1  -0.214E-02    0.00  0.5178E+01  0.0000E+00
  79   -93.6000     -26.093 0.3870   0.7015E+00  0.1106E-02 -0.2093E-01  0.1139E-02      -1  -0.200E-02    0.00  0.6111E+01  0.0000E+00
  80   -94.8000     -24.927 0.3883   0.7391E+00  0.1109E-02 -0.1960E-01  0.1082E-02      -1  -0.188E-02    0.00  0.7186E+01  0.0000E+00
  81   -96.0000     -23.757 0.3896   0.7769E+00  0.1111E-02 -0.1838E-01  0.9494E-03      -1  -0.176E-02    0.00  0.8417E+01  0.0000E+00
  82   -97.2000     -22.583 0.3909   0.8302E+00  0.1110E-02 -0.1731E-01  0.8250E-03      -1  -0.166E-02    0.00  0.9819E+01  0.0000E+00
  83   -98.4000     -21.407 0.3922   0.8853E+00  0.1107E-02 -0.1640E-01  0.7031E-03      -1  -0.157E-02    0.00  0.1140E+02  0.0000E+00
  84   -99.6000     -20.228 0.3935   0.9406E+00  0.1105E-02 -0.1564E-01  0.5548E-03      -1  -0.150E-02    0.00  0.1319E+02  0.0000E+00
  85  -100.8000     -19.047 0.3948   0.9959E+00  0.1103E-02 -0.1506E-01  0.4241E-03      -1  -0.144E-02    0.00  0.1517E+02  0.0000E+00
  86  -102.0000     -17.864 0.3961   0.1068E+01  0.1096E-02 -0.1461E-01  0.3115E-03      -1  -0.140E-02    0.00  0.1738E+02  0.0000E+00
  87  -103.2000     -16.680 0.3974   0.1145E+01  0.1087E-02 -0.1430E-01  0.2172E-03      -1  -0.137E-02    0.00  0.1981E+02  0.0000E+00
  88  -104.4000     -15.494 0.3987   0.1223E+01  0.1078E-02 -0.1408E-01  0.1410E-03      -1  -0.135E-02    0.00  0.2247E+02  0.0000E+00
  89  -105.6000     -14.307 0.3999   0.1313E+01  0.1065E-02 -0.1395E-01  0.8238E-04      -1  -0.134E-02    0.00  0.2537E+02  0.0000E+00
  90  -106.8000     -13.120 0.4012   0.1418E+01  0.1048E-02 -0.1387E-01  0.4057E-04      -1  -0.133E-02    0.00  0.2850E+02  0.0000E+00
  91  -108.0000     -11.931 0.4025   0.1523E+01  0.1031E-02 -0.1384E-01  0.1427E-04      -1  -0.133E-02    0.00  0.3188E+02  0.0000E+00
  92  -109.2000     -10.741 0.4037   0.1657E+01  0.1006E-02 -0.1383E-01  0.1757E-05      -1  -0.132E-02    0.00  0.3551E+02  0.0000E+00
  93  -110.4000      -9.551 0.4048   0.1796E+01  0.9804E-03 -0.1383E-01  0.0000E+00      -1  -0.132E-02    0.00  0.3938E+02  0.0000E+00
  94  -111.6000      -8.360 0.4060   0.1967E+01  0.9461E-03 -0.1383E-01  0.0000E+00      -1  -0.132E-02    0.00  0.4350E+02  0.0000E+00
  95  -112.8000      -7.168 0.4071   0.2154E+01  0.9077E-03 -0.1383E-01  0.0000E+00      -1  -0.132E-02    0.00  0.4786E+02  0.0000E+00
  96  -114.0000      -5.975 0.4082   0.2380E+01  0.8602E-03 -0.1383E-01  0.0000E+00      -1  -0.132E-02    0.00  0.5245E+02  0.0000E+00
  97  -115.2000      -4.782 0.4092   0.2656E+01  0.8015E-03 -0.1383E-01  0.0000E+00      -1  -0.132E-02    0.00  0.5727E+02  0.0000E+00
  98  -116.4000      -3.588 0.4101   0.3000E+01  0.7283E-03 -0.1383E-01  0.0000E+00      -1  -0.132E-02    0.00  0.6231E+02  0.0000E+00
  99  -117.6000      -2.393 0.4109   0.3462E+01  0.6319E-03 -0.1383E-01  0.0000E+00      -1  -0.132E-02    0.00  0.6757E+02  0.0000E+00
 100  -118.8000      -1.197 0.4116   0.4165E+01  0.4909E-03 -0.1383E-01  0.0000E+00      -1  -0.132E-02    0.00  0.7304E+02  0.0000E+00
 101  -120.0000       0.000 0.4120   0.7000E+01  0.0000E+00 -0.1383E-01  0.0000E+00      -1  -0.132E-02    0.00  0.7870E+02  0.0000E+00
end


 Time:     3285.0000


 Node      Depth      Head Moisture       K          C         Flux        Sink         Kappa   v/KsTop   Temp   Conc(1..NS) Sorb(1...NS)
           [L]        [L]    [-]        [L/T]      [1/L]      [L/T]        [1/T]         [-]      [-]      [C]      [M/L*3]

   1     0.0000     -75.276 0.3342   0.3182E+00  0.8143E-03 -0.3165E+00  0.5176E-02      -1  -0.303E-01    0.00  0.6903E-05  0.0000E+00
   2    -1.2000     -75.258 0.3342   0.3184E+00  0.8144E-03 -0.3103E+00  0.5124E-02      -1  -0.297E-01    0.00  0.7647E-05  0.0000E+00
   3    -2.4000     -75.215 0.3342   0.3188E+00  0.8146E-03 -0.3042E+00  0.5072E-02      -1  -0.291E-01    0.00  0.8569E-05  0.0000E+00
   4    -3.6000     -75.147 0.3343   0.3196E+00  0.8150E-03 -0.2981E+00  0.5021E-02      -1  -0.286E-01    0.00  0.9704E-05  0.0000E+00
   5    -4.8000     -75.053 0.3344   0.3207E+00  0.8155E-03 -0.2921E+00  0.4969E-02      -1  -0.280E-01    0.00  0.1109E-04  0.0000E+00
   6    -6.0000     -74.933 0.3345   0.3220E+00  0.8162E-03 -0.2862E+00  0.4917E-02      -1  -0.274E-01    0.00  0.1278E-04  0.0000E+00
   7    -7.2000     -74.786 0.3346   0.3236E+00  0.8171E-03 -0.2803E+00  0.4865E-02      -1  -0.268E-01    0.00  0.1483E-04  0.0000E+00
   8    -8.4000     -74.611 0.3348   0.3256E+00  0.8181E-03 -0.2745E+00  0.4814E-02      -1  -0.263E-01    0.00  0.1732E-04  0.0000E+00
   9    -9.6000     -74.409 0.3349   0.3279E+00  0.8192E-03 -0.2688E+00  0.4762E-02      -1  -0.257E-01    0.00  0.2032E-04  0.0000E+00
  10   -10.8000     -74.178 0.3351   0.3304E+00  0.8205E-03 -0.2631E+00  0.4710E-02      -1  -0.252E-01    0.00  0.2395E-04  0.0000E+00
  11   -12.0000     -73.919 0.3354   0.3333E+00  0.8220E-03 -0.2575E+00  0.4658E-02      -1  -0.247E-01    0.00  0.2832E-04  0.0000E+00
  12   -13.2000     -73.631 0.3356   0.3366E+00  0.8237E-03 -0.2519E+00  0.4607E-02      -1  -0.241E-01    0.00  0.3358E-04  0.0000E+00
  13   -14.4000     -73.315 0.3359   0.3401E+00  0.8255E-03 -0.2464E+00  0.4555E-02      -1  -0.236E-01    0.00  0.3993E-04  0.0000E+00
  14   -15.6000     -72.970 0.3362   0.3440E+00  0.8274E-03 -0.2410E+00  0.4503E-02      -1  -0.231E-01    0.00  0.4756E-04  0.0000E+00
  15   -16.8000     -72.596 0.3365   0.3481E+00  0.8296E-03 -0.2356E+00  0.4451E-02      -1  -0.226E-01    0.00  0.5676E-04  0.0000E+00
  16   -18.0000     -72.194 0.3368   0.3526E+00  0.8319E-03 -0.2303E+00  0.4400E-02      -1  -0.221E-01    0.00  0.6783E-04  0.0000E+00
  17   -19.2000     -71.763 0.3372   0.3575E+00  0.8343E-03 -0.2250E+00  0.4348E-02      -1  -0.216E-01    0.00  0.8116E-04  0.0000E+00
  18   -20.4000     -71.305 0.3376   0.3626E+00  0.8370E-03 -0.2198E+00  0.4296E-02      -1  -0.211E-01    0.00  0.9721E-04  0.0000E+00
  19   -21.6000     -70.818 0.3380   0.3680E+00  0.8397E-03 -0.2147E+00  0.4244E-02      -1  -0.206E-01    0.00  0.1166E-03  0.0000E+00
  20   -22.8000     -70.305 0.3385   0.3738E+00  0.8427E-03 -0.2097E+00  0.4193E-02      -1  -0.201E-01    0.00  0.1399E-03  0.0000E+00
  21   -24.0000     -69.764 0.3389   0.3798E+00  0.8458E-03 -0.2047E+00  0.4141E-02      -1  -0.196E-01    0.00  0.1679E-03  0.0000E+00
  22   -25.2000     -69.198 0.3394   0.3861E+00  0.8490E-03 -0.1997E+00  0.4089E-02      -1  -0.191E-01    0.00  0.2018E-03  0.0000E+00
  23   -26.4000     -68.606 0.3399   0.3928E+00  0.8524E-03 -0.1948E+00  0.4037E-02      -1  -0.187E-01    0.00  0.2427E-03  0.0000E+00
  24   -27.6000     -67.989 0.3404   0.3997E+00  0.8559E-03 -0.1900E+00  0.3986E-02      -1  -0.182E-01    0.00  0.2920E-03  0.0000E+00
  25   -28.8000     -67.347 0.3410   0.4069E+00  0.8596E-03 -0.1853E+00  0.3934E-02      -1  -0.177E-01    0.00  0.3515E-03  0.0000E+00
  26   -30.0000     -66.682 0.3416   0.4143E+00  0.8634E-03 -0.1806E+00  0.3882E-02      -1  -0.173E-01    0.00  0.4234E-03  0.0000E+00
  27   -31.2000     -65.993 0.3421   0.4220E+00  0.8673E-03 -0.1760E+00  0.3830E-02      -1  -0.169E-01    0.00  0.5103E-03  0.0000E+00
  28   -32.4000     -65.282 0.3428   0.4299E+00  0.8714E-03 -0.1714E+00  0.3778E-02      -1  -0.164E-01    0.00  0.6152E-03  0.0000E+00
  29   -33.6000     -64.550 0.3434   0.4381E+00  0.8756E-03 -0.1669E+00  0.3727E-02      -1  -0.160E-01    0.00  0.7422E-03  0.0000E+00
  30   -34.8000     -63.797 0.3440   0.4466E+00  0.8799E-03 -0.1625E+00  0.3675E-02      -1  -0.156E-01    0.00  0.8958E-03  0.0000E+00
  31   -36.0000     -63.219 0.3501   0.1717E+00  0.8636E-03 -0.1581E+00  0.3623E-02      -1  -0.151E-01    0.00  0.1082E-02  0.0000E+00
  32   -37.2000     -63.106 0.3502   0.1722E+00  0.8644E-03 -0.1538E+00  0.3571E-02      -1  -0.147E-01    0.00  0.1305E-02  0.0000E+00
  33   -38.4000     -62.961 0.3503   0.1729E+00  0.8654E-03 -0.1495E+00  0.3520E-02      -1  -0.143E-01    0.00  0.1572E-02  0.0000E+00
  34   -39.6000     -62.782 0.3504   0.1737E+00  0.8667E-03 -0.1453E+00  0.3468E-02      -1  -0.139E-01    0.00  0.1894E-02  0.0000E+00
  35   -40.8000     -62.569 0.3506   0.1746E+00  0.8682E-03 -0.1412E+00  0.3416E-02      -1  -0.135E-01    0.00  0.2281E-02  0.0000E+00
  36   -42.0000     -62.322 0.3508   0.1757E+00  0.8700E-03 -0.1371E+00  0.3364E-02      -1  -0.131E-01    0.00  0.2746E-02  0.0000E+00
  37   -43.2000     -62.041 0.3510   0.1769E+00  0.8719E-03 -0.1331E+00  0.3313E-02      -1  -0.127E-01    0.00  0.3306E-02  0.0000E+00
  38   -44.4000     -61.727 0.3513   0.1783E+00  0.8742E-03 -0.1292E+00  0.3261E-02      -1  -0.124E-01    0.00  0.3982E-02  0.0000E+00
  39   -45.6000     -61.380 0.3516   0.1798E+00  0.8767E-03 -0.1253E+00  0.3209E-02      -1  -0.120E-01    0.00  0.4796E-02  0.0000E+00
  40   -46.8000     -60.999 0.3519   0.1815E+00  0.8794E-03 -0.1215E+00  0.3157E-02      -1  -0.116E-01    0.00  0.5778E-02  0.0000E+00
  41   -48.0000     -60.585 0.3523   0.1834E+00  0.8823E-03 -0.1177E+00  0.3106E-02      -1  -0.113E-01    0.00  0.6964E-02  0.0000E+00
  42   -49.2000     -60.139 0.3526   0.1853E+00  0.8855E-03 -0.1140E+00  0.3054E-02      -1  -0.109E-01    0.00  0.8395E-02  0.0000E+00
  43   -50.4000     -59.660 0.3531   0.1884E+00  0.8890E-03 -0.1104E+00  0.3002E-02      -1  -0.106E-01    0.00  0.1012E-01  0.0000E+00
  44   -51.6000     -59.144 0.3535   0.1925E+00  0.8930E-03 -0.1068E+00  0.2950E-02      -1  -0.102E-01    0.00  0.1221E-01  0.0000E+00
  45   -52.8000     -58.591 0.3541   0.1968E+00  0.8972E-03 -0.1033E+00  0.2899E-02      -1  -0.989E-02    0.00  0.1474E-01  0.0000E+00
  46   -54.0000     -58.003 0.3546   0.2015E+00  0.9017E-03 -0.9984E-01  0.2847E-02      -1  -0.956E-02    0.00  0.1779E-01  0.0000E+00
  47   -55.2000     -57.381 0.3552   0.2064E+00  0.9064E-03 -0.9646E-01  0.2795E-02      -1  -0.924E-02    0.00  0.2148E-01  0.0000E+00
  48   -56.4000     -56.725 0.3558   0.2115E+00  0.9114E-03 -0.9314E-01  0.2743E-02      -1  -0.892E-02    0.00  0.2595E-01  0.0000E+00
  49   -57.6000     -56.037 0.3564   0.2169E+00  0.9167E-03 -0.8988E-01  0.2692E-02      -1  -0.861E-02    0.00  0.3136E-01  0.0000E+00
  50   -58.8000     -55.319 0.3571   0.2226E+00  0.9222E-03 -0.8668E-01  0.2640E-02      -1  -0.830E-02    0.00  0.3790E-01  0.0000E+00
  51   -60.0000     -54.572 0.3578   0.2285E+00  0.9279E-03 -0.8354E-01  0.2588E-02      -1  -0.800E-02    0.00  0.4582E-01  0.0000E+00
  52   -61.2000     -53.797 0.3585   0.2346E+00  0.9338E-03 -0.8047E-01  0.2536E-02      -1  -0.771E-02    0.00  0.5540E-01  0.0000E+00
  53   -62.4000     -52.995 0.3593   0.2409E+00  0.9399E-03 -0.7745E-01  0.2484E-02      -1  -0.742E-02    0.00  0.6701E-01  0.0000E+00
  54   -63.6000     -52.169 0.3601   0.2474E+00  0.9463E-03 -0.7450E-01  0.2433E-02      -1  -0.714E-02    0.00  0.8106E-01  0.0000E+00
  55   -64.8000     -51.318 0.3608   0.2541E+00  0.9528E-03 -0.7161E-01  0.2381E-02      -1  -0.686E-02    0.00  0.9806E-01  0.0000E+00
  56   -66.0000     -50.445 0.3617   0.2609E+00  0.9594E-03 -0.6879E-01  0.2329E-02      -1  -0.659E-02    0.00  0.1186E+00  0.0000E+00
  57   -67.2000     -49.551 0.3625   0.2680E+00  0.9663E-03 -0.6602E-01  0.2277E-02      -1  -0.632E-02    0.00  0.1435E+00  0.0000E+00
  58   -68.4000     -48.637 0.3634   0.2752E+00  0.9732E-03 -0.6332E-01  0.2226E-02      -1  -0.607E-02    0.00  0.1737E+00  0.0000E+00
  59   -69.6000     -47.704 0.3642   0.2825E+00  0.9804E-03 -0.6068E-01  0.2174E-02      -1  -0.581E-02    0.00  0.2101E+00  0.0000E+00
  60   -70.8000     -46.751 0.3652   0.2941E+00  0.9873E-03 -0.5810E-01  0.2122E-02      -1  -0.557E-02    0.00  0.2542E+00  0.0000E+00
  61   -72.0000     -45.778 0.3662   0.3070E+00  0.9944E-03 -0.5559E-01  0.2070E-02      -1  -0.532E-02    0.00  0.3074E+00  0.0000E+00
  62   -73.2000     -44.786 0.3672   0.3202E+00  0.1002E-02 -0.5314E-01  0.2019E-02      -1  -0.509E-02    0.00  0.3717E+00  0.0000E+00
  63   -74.4000     -43.776 0.3682   0.3336E+00  0.1009E-02 -0.5074E-01  0.1967E-02      -1  -0.486E-02    0.00  0.4492E+00  0.0000E+00
  64   -75.6000     -42.751 0.3692   0.3472E+00  0.1016E-02 -0.4842E-01  0.1915E-02      -1  -0.464E-02    0.00  0.5427E+00  0.0000E+00
  65   -76.8000     -41.711 0.3703   0.3610E+00  0.1024E-02 -0.4615E-01  0.1863E-02      -1  -0.442E-02    0.00  0.6552E+00  0.0000E+00
  66   -78.0000     -40.658 0.3714   0.3750E+00  0.1031E-02 -0.4394E-01  0.1812E-02      -1  -0.421E-02    0.00  0.7899E+00  0.0000E+00
  67   -79.2000     -39.593 0.3725   0.3892E+00  0.1039E-02 -0.4180E-01  0.1760E-02      -1  -0.400E-02    0.00  0.9506E+00  0.0000E+00
  68   -80.4000     -38.516 0.3736   0.4035E+00  0.1047E-02 -0.3972E-01  0.1708E-02      -1  -0.380E-02    0.00  0.1142E+01  0.0000E+00
  69   -81.6000     -37.429 0.3747   0.4197E+00  0.1054E-02 -0.3770E-01  0.1656E-02      -1  -0.361E-02    0.00  0.1369E+01  0.0000E+00
  70   -82.8000     -36.331 0.3759   0.4430E+00  0.1060E-02 -0.3574E-01  0.1605E-02      -1  -0.342E-02    0.00  0.1637E+01  0.0000E+00
  71   -84.0000     -35.223 0.3771   0.4665E+00  0.1066E-02 -0.3385E-01  0.1553E-02      -1  -0.324E-02    0.00  0.1952E+01  0.0000E+00
  72   -85.2000     -34.105 0.3783   0.4902E+00  0.1073E-02 -0.3202E-01  0.1501E-02      -1  -0.307E-02    0.00  0.2323E+01  0.0000E+00
  73   -86.4000     -32.980 0.3795   0.5141E+00  0.1079E-02 -0.3025E-01  0.1449E-02      -1  -0.290E-02    0.00  0.2757E+01  0.0000E+00
  74   -87.6000     -31.847 0.3807   0.5381E+00  0.1085E-02 -0.2854E-01  0.1398E-02      -1  -0.273E-02    0.00  0.3262E+01  0.0000E+00
  75   -88.8000     -30.707 0.3819   0.5623E+00  0.1092E-02 -0.2689E-01  0.1346E-02      -1  -0.258E-02    0.00  0.3849E+01  0.0000E+00
  76   -90.0000     -29.561 0.3832   0.5896E+00  0.1097E-02 -0.2531E-01  0.1294E-02      -1  -0.242E-02    0.00  0.4529E+01  0.0000E+00
  77   -91.2000     -28.410 0.3844   0.6268E+00  0.1100E-02 -0.2379E-01  0.1242E-02      -1  -0.228E-02    0.00  0.5312E+01  0.0000E+00
  78   -92.4000     -27.253 0.3857   0.6641E+00  0.1103E-02 -0.2233E-01  0.1190E-02      -1  -0.214E-02    0.00  0.6212E+01  0.0000E+00
  79   -93.6000     -26.091 0.3870   0.7016E+00  0.1106E-02 -0.2093E-01  0.1139E-02      -1  -0.200E-02    0.00  0.7240E+01  0.0000E+00
  80   -94.8000     -24.924 0.3883   0.7392E+00  0.1109E-02 -0.1960E-01  0.1081E-02      -1  -0.188E-02    0.00  0.8409E+01  0.0000E+00
  81   -96.0000     -23.754 0.3896   0.7769E+00  0.1111E-02 -0.1838E-01  0.9492E-03      -1  -0.176E-02    0.00  0.9733E+01  0.0000E+00
  82   -97.2000     -22.581 0.3909   0.8303E+00  0.1110E-02 -0.1732E-01  0.8242E-03      -1  -0.166E-02    0.00  0.1122E+02  0.0000E+00
  83   -98.4000     -21.404 0.3922   0.8854E+00  0.1107E-02 -0.1642E-01  0.6630E-03      -1  -0.157E-02    0.00  0.1289E+02  0.0000E+00
  84   -99.6000     -20.226 0.3935   0.9407E+00  0.1105E-02 -0.1571E-01  0.5192E-03      -1  -0.151E-02    0.00  0.1474E+02  0.0000E+00
  85  -100.8000     -19.045 0.3948   0.9960E+00  0.1103E-02 -0.1517E-01  0.3934E-03      -1  -0.145E-02    0.00  0.1679E+02  0.0000E+00
  86  -102.0000     -17.862 0.3961   0.1068E+01  0.1096E-02 -0.1476E-01  0.2858E-03      -1  -0.141E-02    0.00  0.1904E+02  0.0000E+00
  87  -103.2000     -16.678 0.3974   0.1145E+01  0.1087E-02 -0.1447E-01  0.1964E-03      -1  -0.139E-02    0.00  0.2150E+02  0.0000E+00
  88  -104.4000     -15.492 0.3987   0.1223E+01  0.1078E-02 -0.1428E-01  0.1250E-03      -1  -0.137E-02    0.00  0.2417E+02  0.0000E+00
  89  -105.6000     -14.306 0.4000   0.1313E+01  0.1065E-02 -0.1416E-01  0.7093E-04      -1  -0.136E-02    0.00  0.2705E+02  0.0000E+00
  90  -106.8000     -13.118 0.4012   0.1418E+01  0.1048E-02 -0.1410E-01  0.3311E-04      -1  -0.135E-02    0.00  0.3016E+02  0.0000E+00
  91  -108.0000     -11.930 0.4025   0.1523E+01  0.1031E-02 -0.1407E-01  0.1021E-04      -1  -0.135E-02    0.00  0.3349E+02  0.0000E+00
  92  -109.2000     -10.740 0.4037   0.1657E+01  0.1006E-02 -0.1406E-01  0.4201E-06      -1  -0.135E-02    0.00  0.3704E+02  0.0000E+00
  93  -110.4000      -9.550 0.4048   0.1796E+01  0.9804E-03 -0.1406E-01  0.0000E+00      -1  -0.135E-02    0.00  0.4081E+02  0.0000E+00
  94  -111.6000      -8.359 0.4060   0.1967E+01  0.9461E-03 -0.1406E-01  0.0000E+00      -1  -0.135E-02    0.00  0.4481E+02  0.0000E+00
  95  -112.8000      -7.167 0.4071   0.2154E+01  0.9077E-03 -0.1406E-01  0.0000E+00      -1  -0.135E-02    0.00  0.4903E+02  0.0000E+00
  96  -114.0000      -5.975 0.4082   0.2380E+01  0.8602E-03 -0.1406E-01  0.0000E+00      -1  -0.135E-02    0.00  0.5347E+02  0.0000E+00
  97  -115.2000      -4.781 0.4092   0.2656E+01  0.8015E-03 -0.1406E-01  0.0000E+00      -1  -0.135E-02    0.00  0.5811E+02  0.0000E+00
  98  -116.4000      -3.587 0.4101   0.3001E+01  0.7283E-03 -0.1406E-01  0.0000E+00      -1  -0.135E-02    0.00  0.6296E+02  0.0000E+00
  99  -117.6000      -2.393 0.4109   0.3462E+01  0.6319E-03 -0.1406E-01  0.0000E+00      -1  -0.135E-02    0.00  0.6802E+02  0.0000E+00
 100  -118.8000      -1.197 0.4116   0.4165E+01  0.4909E-03 -0.1406E-01  0.0000E+00      -1  -0.135E-02    0.00  0.7326E+02  0.0000E+00
 101  -120.0000       0.000 0.4120   0.7000E+01  0.0000E+00 -0.1406E-01  0.0000E+00      -1  -0.135E-02    0.00  0.7870E+02  0.0000E+00
end


 Time:     3650.0000


 Node      Depth      Head Moisture       K          C         Flux        Sink         Kappa   v/KsTop   Temp   Conc(1..NS) Sorb(1...NS)
           [L]        [L]    [-]        [L/T]      [1/L]      [L/T]        [1/T]         [-]      [-]      [C]      [M/L*3]

   1     0.0000     -75.276 0.3342   0.3182E+00  0.8143E-03 -0.3165E+00  0.5176E-02      -1  -0.303E-01    0.00  0.1727E-04  0.0000E+00
   2    -1.2000     -75.257 0.3342   0.3184E+00  0.8144E-03 -0.3103E+00  0.5124E-02      -1  -0.297E-01    0.00  0.1911E-04  0.0000E+00
   3    -2.4000     -75.214 0.3342   0.3189E+00  0.8146E-03 -0.3042E+00  0.5072E-02      -1  -0.291E-01    0.00  0.2135E-04  0.0000E+00
   4    -3.6000     -75.146 0.3343   0.3196E+00  0.8150E-03 -0.2981E+00  0.5021E-02      -1  -0.286E-01    0.00  0.2406E-04  0.0000E+00
   5    -4.8000     -75.052 0.3344   0.3207E+00  0.8155E-03 -0.2921E+00  0.4969E-02      -1  -0.280E-01    0.00  0.2734E-04  0.0000E+00
   6    -6.0000     -74.932 0.3345   0.3220E+00  0.8162E-03 -0.2862E+00  0.4917E-02      -1  -0.274E-01    0.00  0.3128E-04  0.0000E+00
   7    -7.2000     -74.785 0.3346   0.3237E+00  0.8171E-03 -0.2803E+00  0.4865E-02      -1  -0.268E-01    0.00  0.3601E-04  0.0000E+00
   8    -8.4000     -74.610 0.3348   0.3256E+00  0.8181E-03 -0.2745E+00  0.4814E-02      -1  -0.263E-01    0.00  0.4167E-04  0.0000E+00
   9    -9.6000     -74.408 0.3349   0.3279E+00  0.8192E-03 -0.2688E+00  0.4762E-02      -1  -0.257E-01    0.00  0.4844E-04  0.0000E+00
  10   -10.8000     -74.177 0.3351   0.3305E+00  0.8205E-03 -0.2631E+00  0.4710E-02      -1  -0.252E-01    0.00  0.5653E-04  0.0000E+00
  11   -12.0000     -73.918 0.3354   0.3334E+00  0.8220E-03 -0.2575E+00  0.4658E-02      -1  -0.247E-01    0.00  0.6618E-04  0.0000E+00
  12   -13.2000     -73.630 0.3356   0.3366E+00  0.8237E-03 -0.2519E+00  0.4607E-02      -1  -0.241E-01    0.00  0.7769E-04  0.0000E+00
  13   -14.4000     -73.314 0.3359   0.3401E+00  0.8255E-03 -0.2464E+00  0.4555E-02      -1  -0.236E-01    0.00  0.9142E-04  0.0000E+00
  14   -15.6000     -72.969 0.3362   0.3440E+00  0.8274E-03 -0.2410E+00  0.4503E-02      -1  -0.231E-01    0.00  0.1078E-03  0.0000E+00
  15   -16.8000     -72.595 0.3365   0.3482E+00  0.8296E-03 -0.2356E+00  0.4451E-02      -1  -0.226E-01    0.00  0.1273E-03  0.0000E+00
  16   -18.0000     -72.193 0.3368   0.3527E+00  0.8319E-03 -0.2303E+00  0.4400E-02      -1  -0.221E-01    0.00  0.1506E-03  0.0000E+00
  17   -19.2000     -71.762 0.3372   0.3575E+00  0.8343E-03 -0.2250E+00  0.4348E-02      -1  -0.216E-01    0.00  0.1783E-03  0.0000E+00
  18   -20.4000     -71.303 0.3376   0.3626E+00  0.8370E-03 -0.2198E+00  0.4296E-02      -1  -0.211E-01    0.00  0.2114E-03  0.0000E+00
  19   -21.6000     -70.817 0.3380   0.3680E+00  0.8397E-03 -0.2147E+00  0.4244E-02      -1  -0.206E-01    0.00  0.2509E-03  0.0000E+00
  20   -22.8000     -70.303 0.3385   0.3738E+00  0.8427E-03 -0.2097E+00  0.4193E-02      -1  -0.201E-01    0.00  0.2980E-03  0.0000E+00
  21   -24.0000     -69.763 0.3389   0.3798E+00  0.8458E-03 -0.2047E+00  0.4141E-02      -1  -0.196E-01    0.00  0.3541E-03  0.0000E+00
  22   -25.2000     -69.197 0.3394   0.3862E+00  0.8490E-03 -0.1997E+00  0.4089E-02      -1  -0.191E-01    0.00  0.4212E-03  0.0000E+00
  23   -26.4000     -68.604 0.3399   0.3928E+00  0.8524E-03 -0.1948E+00  0.4037E-02      -1  -0.187E-01    0.00  0.5013E-03  0.0000E+00
  24   -27.6000     -67.987 0.3404   0.3997E+00  0.8559E-03 -0.1900E+00  0.3986E-02      -1  -0.182E-01    0.00  0.5970E-03  0.0000E+00
  25   -28.8000     -67.346 0.3410   0.4069E+00  0.8596E-03 -0.1853E+00  0.3934E-02      -1  -0.177E-01    0.00  0.7113E-03  0.0000E+00
  26   -30.0000     -66.680 0.3416   0.4143E+00  0.8634E-03 -0.1806E+00  0.3882E-02      -1  -0.173E-01    0.00  0.8479E-03  0.0000E+00
  27   -31.2000     -65.992 0.3421   0.4220E+00  0.8673E-03 -0.1760E+00  0.3830E-02      -1  -0.169E-01    0.00  0.1011E-02  0.0000E+00
  28   -32.4000     -65.281 0.3428   0.4300E+00  0.8714E-03 -0.1714E+00  0.3778E-02      -1  -0.164E-01    0.00  0.1207E-02  0.0000E+00
  29   -33.6000     -64.548 0.3434   0.4382E+00  0.8756E-03 -0.1669E+00  0.3727E-02      -1  -0.160E-01    0.00  0.1441E-02  0.0000E+00
  30   -34.8000     -63.795 0.3440   0.4466E+00  0.8799E-03 -0.1625E+00  0.3675E-02      -1  -0.156E-01    0.00  0.1721E-02  0.0000E+00
  31   -36.0000     -63.217 0.3501   0.1717E+00  0.8636E-03 -0.1581E+00  0.3623E-02      -1  -0.151E-01    0.00  0.2056E-02  0.0000E+00
  32   -37.2000     -63.105 0.3502   0.1722E+00  0.8644E-03 -0.1538E+00  0.3571E-02      -1  -0.147E-01    0.00  0.2455E-02  0.0000E+00
  33   -38.4000     -62.959 0.3503   0.1729E+00  0.8654E-03 -0.1495E+00  0.3520E-02      -1  -0.143E-01    0.00  0.2929E-02  0.0000E+00
  34   -39.6000     -62.780 0.3504   0.1737E+00  0.8667E-03 -0.1453E+00  0.3468E-02      -1  -0.139E-01    0.00  0.3493E-02  0.0000E+00
  35   -40.8000     -62.567 0.3506   0.1746E+00  0.8682E-03 -0.1412E+00  0.3416E-02      -1  -0.135E-01    0.00  0.4165E-02  0.0000E+00
  36   -42.0000     -62.320 0.3508   0.1757E+00  0.8700E-03 -0.1371E+00  0.3364E-02      -1  -0.131E-01    0.00  0.4966E-02  0.0000E+00
  37   -43.2000     -62.040 0.3510   0.1769E+00  0.8720E-03 -0.1331E+00  0.3313E-02      -1  -0.127E-01    0.00  0.5921E-02  0.0000E+00
  38   -44.4000     -61.725 0.3513   0.1783E+00  0.8742E-03 -0.1292E+00  0.3261E-02      -1  -0.124E-01    0.00  0.7061E-02  0.0000E+00
  39   -45.6000     -61.378 0.3516   0.1799E+00  0.8767E-03 -0.1253E+00  0.3209E-02      -1  -0.120E-01    0.00  0.8421E-02  0.0000E+00
  40   -46.8000     -60.997 0.3519   0.1815E+00  0.8794E-03 -0.1215E+00  0.3157E-02      -1  -0.116E-01    0.00  0.1005E-01  0.0000E+00
  41   -48.0000     -60.583 0.3523   0.1834E+00  0.8823E-03 -0.1177E+00  0.3106E-02      -1  -0.113E-01    0.00  0.1199E-01  0.0000E+00
  42   -49.2000     -60.137 0.3526   0.1853E+00  0.8855E-03 -0.1140E+00  0.3054E-02      -1  -0.109E-01    0.00  0.1431E-01  0.0000E+00
  43   -50.4000     -59.658 0.3531   0.1884E+00  0.8890E-03 -0.1104E+00  0.3002E-02      -1  -0.106E-01    0.00  0.1708E-01  0.0000E+00
  44   -51.6000     -59.142 0.3535   0.1925E+00  0.8930E-03 -0.1068E+00  0.2950E-02      -1  -0.102E-01    0.00  0.2040E-01  0.0000E+00
  45   -52.8000     -58.589 0.3541   0.1969E+00  0.8972E-03 -0.1033E+00  0.2899E-02      -1  -0.989E-02    0.00  0.2437E-01  0.0000E+00
  46   -54.0000     -58.001 0.3546   0.2015E+00  0.9017E-03 -0.9984E-01  0.2847E-02      -1  -0.956E-02    0.00  0.2913E-01  0.0000E+00
  47   -55.2000     -57.378 0.3552   0.2064E+00  0.9065E-03 -0.9646E-01  0.2795E-02      -1  -0.924E-02    0.00  0.3482E-01  0.0000E+00
  48   -56.4000     -56.723 0.3558   0.2115E+00  0.9115E-03 -0.9314E-01  0.2743E-02      -1  -0.892E-02    0.00  0.4163E-01  0.0000E+00
  49   -57.6000     -56.035 0.3564   0.2170E+00  0.9167E-03 -0.8988E-01  0.2692E-02      -1  -0.861E-02    0.00  0.4980E-01  0.0000E+00
  50   -58.8000     -55.317 0.3571   0.2226E+00  0.9222E-03 -0.8668E-01  0.2640E-02      -1  -0.830E-02    0.00  0.5958E-01  0.0000E+00
  51   -60.0000     -54.570 0.3578   0.2285E+00  0.9279E-03 -0.8354E-01  0.2588E-02      -1  -0.800E-02    0.00  0.7129E-01  0.0000E+00
  52   -61.2000     -53.795 0.3585   0.2346E+00  0.9338E-03 -0.8047E-01  0.2536E-02      -1  -0.771E-02    0.00  0.8533E-01  0.0000E+00
  53   -62.4000     -52.993 0.3593   0.2409E+00  0.9400E-03 -0.7745E-01  0.2484E-02      -1  -0.742E-02    0.00  0.1021E+00  0.0000E+00
  54   -63.6000     -52.166 0.3601   0.2474E+00  0.9463E-03 -0.7450E-01  0.2433E-02      -1  -0.714E-02    0.00  0.1223E+00  0.0000E+00
  55   -64.8000     -51.316 0.3608   0.2541E+00  0.9528E-03 -0.7161E-01  0.2381E-02      -1  -0.686E-02    0.00  0.1464E+00  0.0000E+00
  56   -66.0000     -50.443 0.3617   0.2610E+00  0.9594E-03 -0.6879E-01  0.2329E-02      -1  -0.659E-02    0.00  0.1754E+00  0.0000E+00
  57   -67.2000     -49.549 0.3625   0.2680E+00  0.9663E-03 -0.6602E-01  0.2277E-02      -1  -0.632E-02    0.00  0.2100E+00  0.0000E+00
  58   -68.4000     -48.634 0.3634   0.2752E+00  0.9733E-03 -0.6332E-01  0.2226E-02      -1  -0.607E-02    0.00  0.2515E+00  0.0000E+00
  59   -69.6000     -47.701 0.3642   0.2825E+00  0.9804E-03 -0.6068E-01  0.2174E-02      -1  -0.581E-02    0.00  0.3012E+00  0.0000E+00
  60   -70.8000     -46.748 0.3652   0.2942E+00  0.9874E-03 -0.5811E-01  0.2122E-02      -1  -0.557E-02    0.00  0.3606E+00  0.0000E+00
  61   -72.0000     -45.775 0.3662   0.3071E+00  0.9944E-03 -0.5559E-01  0.2070E-02      -1  -0.532E-02    0.00  0.4317E+00  0.0000E+00
  62   -73.2000     -44.783 0.3672   0.3203E+00  0.1002E-02 -0.5314E-01  0.2019E-02      -1  -0.509E-02    0.00  0.5166E+00  0.0000E+00
  63   -74.4000     -43.774 0.3682   0.3337E+00  0.1009E-02 -0.5075E-01  0.1967E-02      -1  -0.486E-02    0.00  0.6180E+00  0.0000E+00
  64   -75.6000     -42.748 0.3693   0.3473E+00  0.1016E-02 -0.4842E-01  0.1915E-02      -1  -0.464E-02    0.00  0.7386E+00  0.0000E+00
  65   -76.8000     -41.708 0.3703   0.3611E+00  0.1024E-02 -0.4615E-01  0.1863E-02      -1  -0.442E-02    0.00  0.8815E+00  0.0000E+00
  66   -78.0000     -40.655 0.3714   0.3751E+00  0.1031E-02 -0.4394E-01  0.1812E-02      -1  -0.421E-02    0.00  0.1050E+01  0.0000E+00
  67   -79.2000     -39.590 0.3725   0.3892E+00  0.1039E-02 -0.4180E-01  0.1760E-02      -1  -0.400E-02    0.00  0.1249E+01  0.0000E+00
  68   -80.4000     -38.513 0.3736   0.4035E+00  0.1047E-02 -0.3972E-01  0.1708E-02      -1  -0.380E-02    0.00  0.1483E+01  0.0000E+00
  69   -81.6000     -37.426 0.3747   0.4197E+00  0.1054E-02 -0.3770E-01  0.1656E-02      -1  -0.361E-02    0.00  0.1756E+01  0.0000E+00
  70   -82.8000     -36.328 0.3759   0.4430E+00  0.1060E-02 -0.3574E-01  0.1605E-02      -1  -0.342E-02    0.00  0.2075E+01  0.0000E+00
  71   -84.0000     -35.220 0.3771   0.4665E+00  0.1066E-02 -0.3385E-01  0.1553E-02      -1  -0.324E-02    0.00  0.2446E+01  0.0000E+00
  72   -85.2000     -34.102 0.3783   0.4902E+00  0.1073E-02 -0.3202E-01  0.1501E-02      -1  -0.307E-02    0.00  0.2877E+01  0.0000E+00
  73   -86.4000     -32.977 0.3795   0.5141E+00  0.1079E-02 -0.3025E-01  0.1449E-02      -1  -0.290E-02    0.00  0.3375E+01  0.0000E+00
  74   -87.6000     -31.844 0.3807   0.5382E+00  0.1085E-02 -0.2854E-01  0.1398E-02      -1  -0.273E-02    0.00  0.3949E+01  0.0000E+00
  75   -88.8000     -30.704 0.3819   0.5624E+00  0.1092E-02 -0.2689E-01  0.1346E-02      -1  -0.258E-02    0.00  0.4609E+01  0.0000E+00
  76   -90.0000     -29.559 0.3832   0.5897E+00  0.1097E-02 -0.2531E-01  0.1294E-02      -1  -0.242E-02    0.00  0.5365E+01  0.0000E+00
  77   -91.2000     -28.407 0.3844   0.6269E+00  0.1100E-02 -0.2379E-01  0.1242E-02      -1  -0.228E-02    0.00  0.6226E+01  0.0000E+00
  78   -92.4000     -27.250 0.3857   0.6642E+00  0.1103E-02 -0.2233E-01  0.1190E-02      -1  -0.214E-02    0.00  0.7205E+01  0.0000E+00
  79   -93.6000     -26.088 0.3870   0.7017E+00  0.1106E-02 -0.2093E-01  0.1139E-02      -1  -0.200E-02    0.00  0.8312E+01  0.0000E+00
  80   -94.8000     -24.921 0.3883   0.7393E+00  0.1109E-02 -0.1960E-01  0.1081E-02      -1  -0.188E-02    0.00  0.9560E+01  0.0000E+00
  81   -96.0000     -23.751 0.3896   0.7770E+00  0.1111E-02 -0.1838E-01  0.9490E-03      -1  -0.176E-02    0.00  0.1096E+02  0.0000E+00
  82   -97.2000     -22.578 0.3909   0.8304E+00  0.1110E-02 -0.1734E-01  0.7835E-03      -1  -0.166E-02    0.00  0.1252E+02  0.0000E+00
  83   -98.4000     -21.402 0.3922   0.8856E+00  0.1107E-02 -0.1649E-01  0.6264E-03      -1  -0.158E-02    0.00  0.1424E+02  0.0000E+00
  84   -99.6000     -20.223 0.3935   0.9408E+00  0.1105E-02 -0.1583E-01  0.4870E-03      -1  -0.152E-02    0.00  0.1615E+02  0.0000E+00
  85  -100.8000     -19.042 0.3948   0.9961E+00  0.1103E-02 -0.1532E-01  0.3658E-03      -1  -0.147E-02    0.00  0.1824E+02  0.0000E+00
  86  -102.0000     -17.860 0.3961   0.1068E+01  0.1096E-02 -0.1494E-01  0.2629E-03      -1  -0.143E-02    0.00  0.2051E+02  0.0000E+00
  87  -103.2000     -16.676 0.3974   0.1145E+01  0.1087E-02 -0.1467E-01  0.1782E-03      -1  -0.141E-02    0.00  0.2298E+02  0.0000E+00
  88  -104.4000     -15.490 0.3987   0.1223E+01  0.1078E-02 -0.1450E-01  0.1111E-03      -1  -0.139E-02    0.00  0.2565E+02  0.0000E+00
  89  -105.6000     -14.304 0.4000   0.1313E+01  0.1065E-02 -0.1440E-01  0.6099E-04      -1  -0.138E-02    0.00  0.2851E+02  0.0000E+00
  90  -106.8000     -13.117 0.4012   0.1418E+01  0.1048E-02 -0.1434E-01  0.2668E-04      -1  -0.137E-02    0.00  0.3158E+02  0.0000E+00
  91  -108.0000     -11.928 0.4025   0.1523E+01  0.1031E-02 -0.1432E-01  0.6727E-05      -1  -0.137E-02    0.00  0.3486E+02  0.0000E+00
  92  -109.2000     -10.739 0.4037   0.1657E+01  0.1006E-02 -0.1432E-01  0.0000E+00      -1  -0.137E-02    0.00  0.3834E+02  0.0000E+00
  93  -110.4000      -9.549 0.4049   0.1796E+01  0.9804E-03 -0.1432E-01  0.0000E+00      -1  -0.137E-02    0.00  0.4203E+02  0.0000E+00
  94  -111.6000      -8.358 0.4060   0.1967E+01  0.9460E-03 -0.1432E-01  0.0000E+00      -1  -0.137E-02    0.00  0.4592E+02  0.0000E+00
  95  -112.8000      -7.167 0.4071   0.2154E+01  0.9077E-03 -0.1432E-01  0.0000E+00      -1  -0.137E-02    0.00  0.5002E+02  0.0000E+00
  96  -114.0000      -5.974 0.4082   0.2380E+01  0.8602E-03 -0.1432E-01  0.0000E+00      -1  -0.137E-02    0.00  0.5432E+02  0.0000E+00
  97  -115.2000      -4.781 0.4092   0.2656E+01  0.8015E-03 -0.1432E-01  0.0000E+00      -1  -0.137E-02    0.00  0.5881E+02  0.0000E+00
  98  -116.4000      -3.587 0.4101   0.3001E+01  0.7283E-03 -0.1432E-01  0.0000E+00      -1  -0.137E-02    0.00  0.6350E+02  0.0000E+00
  99  -117.6000      -2.392 0.4109   0.3462E+01  0.6319E-03 -0.1432E-01  0.0000E+00      -1  -0.137E-02    0.00  0.6838E+02  0.0000E+00
 100  -118.8000      -1.197 0.4116   0.4165E+01  0.4909E-03 -0.1432E-01  0.0000E+00      -1  -0.137E-02    0.00  0.7345E+02  0.0000E+00
 101  -120.0000       0.000 0.4120   0.7000E+01  0.0000E+00 -0.1432E-01  0.0000E+00      -1  -0.137E-02    0.00  0.7870E+02  0.0000E+00
end


 Time:     4015.0000


 Node      Depth      Head Moisture       K          C         Flux        Sink         Kappa   v/KsTop   Temp   Conc(1..NS) Sorb(1...NS)
           [L]        [L]    [-]        [L/T]      [1/L]      [L/T]        [1/T]         [-]      [-]      [C]      [M/L*3]

   1     0.0000     -75.275 0.3342   0.3182E+00  0.8143E-03 -0.3165E+00  0.5176E-02      -1  -0.303E-01    0.00  0.3632E-04  0.0000E+00
   2    -1.2000     -75.256 0.3342   0.3184E+00  0.8144E-03 -0.3103E+00  0.5124E-02      -1  -0.297E-01    0.00  0.4016E-04  0.0000E+00
   3    -2.4000     -75.213 0.3342   0.3189E+00  0.8146E-03 -0.3042E+00  0.5072E-02      -1  -0.291E-01    0.00  0.4478E-04  0.0000E+00
   4    -3.6000     -75.145 0.3343   0.3196E+00  0.8150E-03 -0.2981E+00  0.5021E-02      -1  -0.286E-01    0.00  0.5030E-04  0.0000E+00
   5    -4.8000     -75.051 0.3344   0.3207E+00  0.8155E-03 -0.2921E+00  0.4969E-02      -1  -0.280E-01    0.00  0.5689E-04  0.0000E+00
   6    -6.0000     -74.931 0.3345   0.3220E+00  0.8162E-03 -0.2862E+00  0.4917E-02      -1  -0.274E-01    0.00  0.6474E-04  0.0000E+00
   7    -7.2000     -74.784 0.3346   0.3237E+00  0.8171E-03 -0.2803E+00  0.4865E-02      -1  -0.268E-01    0.00  0.7406E-04  0.0000E+00
   8    -8.4000     -74.609 0.3348   0.3256E+00  0.8181E-03 -0.2745E+00  0.4814E-02      -1  -0.263E-01    0.00  0.8512E-04  0.0000E+00
   9    -9.6000     -74.407 0.3349   0.3279E+00  0.8192E-03 -0.2688E+00  0.4762E-02      -1  -0.257E-01    0.00  0.9824E-04  0.0000E+00
  10   -10.8000     -74.176 0.3351   0.3305E+00  0.8205E-03 -0.2631E+00  0.4710E-02      -1  -0.252E-01    0.00  0.1138E-03  0.0000E+00
  11   -12.0000     -73.917 0.3354   0.3334E+00  0.8220E-03 -0.2575E+00  0.4658E-02      -1  -0.247E-01    0.00  0.1322E-03  0.0000E+00
  12   -13.2000     -73.629 0.3356   0.3366E+00  0.8237E-03 -0.2519E+00  0.4607E-02      -1  -0.241E-01    0.00  0.1539E-03  0.0000E+00
  13   -14.4000     -73.313 0.3359   0.3401E+00  0.8255E-03 -0.2464E+00  0.4555E-02      -1  -0.236E-01    0.00  0.1797E-03  0.0000E+00
  14   -15.6000     -72.968 0.3362   0.3440E+00  0.8275E-03 -0.2410E+00  0.4503E-02      -1  -0.231E-01    0.00  0.2101E-03  0.0000E+00
  15   -16.8000     -72.594 0.3365   0.3482E+00  0.8296E-03 -0.2356E+00  0.4451E-02      -1  -0.226E-01    0.00  0.2461E-03  0.0000E+00
  16   -18.0000     -72.191 0.3368   0.3527E+00  0.8319E-03 -0.2303E+00  0.4400E-02      -1  -0.221E-01    0.00  0.2887E-03  0.0000E+00
  17   -19.2000     -71.761 0.3372   0.3575E+00  0.8344E-03 -0.2250E+00  0.4348E-02      -1  -0.216E-01    0.00  0.3391E-03  0.0000E+00
  18   -20.4000     -71.302 0.3376   0.3626E+00  0.8370E-03 -0.2198E+00  0.4296E-02      -1  -0.211E-01    0.00  0.3987E-03  0.0000E+00
  19   -21.6000     -70.816 0.3380   0.3681E+00  0.8398E-03 -0.2147E+00  0.4244E-02      -1  -0.206E-01    0.00  0.4692E-03  0.0000E+00
  20   -22.8000     -70.302 0.3385   0.3738E+00  0.8427E-03 -0.2097E+00  0.4193E-02      -1  -0.201E-01    0.00  0.5527E-03  0.0000E+00
  21   -24.0000     -69.762 0.3389   0.3798E+00  0.8458E-03 -0.2047E+00  0.4141E-02      -1  -0.196E-01    0.00  0.6515E-03  0.0000E+00
  22   -25.2000     -69.195 0.3394   0.3862E+00  0.8490E-03 -0.1997E+00  0.4089E-02      -1  -0.191E-01    0.00  0.7685E-03  0.0000E+00
  23   -26.4000     -68.603 0.3399   0.3928E+00  0.8524E-03 -0.1948E+00  0.4037E-02      -1  -0.187E-01    0.00  0.9071E-03  0.0000E+00
  24   -27.6000     -67.986 0.3404   0.3997E+00  0.8559E-03 -0.1900E+00  0.3986E-02      -1  -0.182E-01    0.00  0.1071E-02  0.0000E+00
  25   -28.8000     -67.344 0.3410   0.4069E+00  0.8596E-03 -0.1853E+00  0.3934E-02      -1  -0.177E-01    0.00  0.1266E-02  0.0000E+00
  26   -30.0000     -66.679 0.3416   0.4143E+00  0.8634E-03 -0.1806E+00  0.3882E-02      -1  -0.173E-01    0.00  0.1497E-02  0.0000E+00
  27   -31.2000     -65.990 0.3421   0.4220E+00  0.8673E-03 -0.1760E+00  0.3830E-02      -1  -0.169E-01    0.00  0.1770E-02  0.0000E+00
  28   -32.4000     -65.279 0.3428   0.4300E+00  0.8714E-03 -0.1714E+00  0.3778E-02      -1  -0.164E-01    0.00  0.2095E-02  0.0000E+00
  29   -33.6000     -64.547 0.3434   0.4382E+00  0.8756E-03 -0.1669E+00  0.3727E-02      -1  -0.160E-01    0.00  0.2480E-02  0.0000E+00
  30   -34.8000     -63.794 0.3440   0.4466E+00  0.8799E-03 -0.1625E+00  0.3675E-02      -1  -0.156E-01    0.00  0.2937E-02  0.0000E+00
  31   -36.0000     -63.215 0.3501   0.1717E+00  0.8636E-03 -0.1581E+00  0.3623E-02      -1  -0.151E-01    0.00  0.3480E-02  0.0000E+00
  32   -37.2000     -63.103 0.3502   0.1722E+00  0.8644E-03 -0.1538E+00  0.3571E-02      -1  -0.147E-01    0.00  0.4121E-02  0.0000E+00
  33   -38.4000     -62.957 0.3503   0.1729E+00  0.8654E-03 -0.1495E+00  0.3520E-02      -1  -0.143E-01    0.00  0.4877E-02  0.0000E+00
  34   -39.6000     -62.778 0.3504   0.1737E+00  0.8667E-03 -0.1453E+00  0.3468E-02      -1  -0.139E-01    0.00  0.5771E-02  0.0000E+00
  35   -40.8000     -62.565 0.3506   0.1746E+00  0.8682E-03 -0.1412E+00  0.3416E-02      -1  -0.135E-01    0.00  0.6827E-02  0.0000E+00
  36   -42.0000     -62.318 0.3508   0.1757E+00  0.8700E-03 -0.1371E+00  0.3364E-02      -1  -0.131E-01    0.00  0.8076E-02  0.0000E+00
  37   -43.2000     -62.038 0.3510   0.1769E+00  0.8720E-03 -0.1331E+00  0.3313E-02      -1  -0.127E-01    0.00  0.9553E-02  0.0000E+00
  38   -44.4000     -61.723 0.3513   0.1783E+00  0.8742E-03 -0.1292E+00  0.3261E-02      -1  -0.124E-01    0.00  0.1130E-01  0.0000E+00
  39   -45.6000     -61.376 0.3516   0.1799E+00  0.8767E-03 -0.1253E+00  0.3209E-02      -1  -0.120E-01    0.00  0.1337E-01  0.0000E+00
  40   -46.8000     -60.995 0.3519   0.1815E+00  0.8794E-03 -0.1215E+00  0.3157E-02      -1  -0.116E-01    0.00  0.1583E-01  0.0000E+00
  41   -48.0000     -60.581 0.3523   0.1834E+00  0.8823E-03 -0.1177E+00  0.3106E-02      -1  -0.113E-01    0.00  0.1874E-01  0.0000E+00
  42   -49.2000     -60.135 0.3526   0.1853E+00  0.8855E-03 -0.1140E+00  0.3054E-02      -1  -0.109E-01    0.00  0.2219E-01  0.0000E+00
  43   -50.4000     -59.655 0.3531   0.1885E+00  0.8891E-03 -0.1104E+00  0.3002E-02      -1  -0.106E-01    0.00  0.2628E-01  0.0000E+00
  44   -51.6000     -59.139 0.3535   0.1925E+00  0.8930E-03 -0.1068E+00  0.2950E-02      -1  -0.102E-01    0.00  0.3114E-01  0.0000E+00
  45   -52.8000     -58.587 0.3541   0.1969E+00  0.8972E-03 -0.1033E+00  0.2899E-02      -1  -0.989E-02    0.00  0.3690E-01  0.0000E+00
  46   -54.0000     -57.998 0.3546   0.2015E+00  0.9017E-03 -0.9984E-01  0.2847E-02      -1  -0.956E-02    0.00  0.4374E-01  0.0000E+00
  47   -55.2000     -57.376 0.3552   0.2064E+00  0.9065E-03 -0.9646E-01  0.2795E-02      -1  -0.924E-02    0.00  0.5186E-01  0.0000E+00
  48   -56.4000     -56.720 0.3558   0.2116E+00  0.9115E-03 -0.9314E-01  0.2743E-02      -1  -0.892E-02    0.00  0.6151E-01  0.0000E+00
  49   -57.6000     -56.032 0.3564   0.2170E+00  0.9167E-03 -0.8988E-01  0.2692E-02      -1  -0.861E-02    0.00  0.7298E-01  0.0000E+00
  50   -58.8000     -55.314 0.3571   0.2226E+00  0.9222E-03 -0.8668E-01  0.2640E-02      -1  -0.830E-02    0.00  0.8659E-01  0.0000E+00
  51   -60.0000     -54.567 0.3578   0.2285E+00  0.9279E-03 -0.8354E-01  0.2588E-02      -1  -0.800E-02    0.00  0.1028E+00  0.0000E+00
  52   -61.2000     -53.792 0.3585   0.2346E+00  0.9339E-03 -0.8047E-01  0.2536E-02      -1  -0.771E-02    0.00  0.1220E+00  0.0000E+00
  53   -62.4000     -52.990 0.3593   0.2409E+00  0.9400E-03 -0.7745E-01  0.2484E-02      -1  -0.742E-02    0.00  0.1449E+00  0.0000E+00
  54   -63.6000     -52.164 0.3601   0.2474E+00  0.9463E-03 -0.7450E-01  0.2433E-02      -1  -0.714E-02    0.00  0.1720E+00  0.0000E+00
  55   -64.8000     -51.313 0.3608   0.2541E+00  0.9528E-03 -0.7161E-01  0.2381E-02      -1  -0.686E-02    0.00  0.2043E+00  0.0000E+00
  56   -66.0000     -50.440 0.3617   0.2610E+00  0.9595E-03 -0.6879E-01  0.2329E-02      -1  -0.659E-02    0.00  0.2426E+00  0.0000E+00
  57   -67.2000     -49.546 0.3625   0.2680E+00  0.9663E-03 -0.6602E-01  0.2277E-02      -1  -0.632E-02    0.00  0.2882E+00  0.0000E+00
  58   -68.4000     -48.632 0.3634   0.2752E+00  0.9733E-03 -0.6332E-01  0.2226E-02      -1  -0.607E-02    0.00  0.3423E+00  0.0000E+00
  59   -69.6000     -47.698 0.3642   0.2826E+00  0.9804E-03 -0.6068E-01  0.2174E-02      -1  -0.581E-02    0.00  0.4065E+00  0.0000E+00
  60   -70.8000     -46.745 0.3652   0.2942E+00  0.9874E-03 -0.5810E-01  0.2122E-02      -1  -0.557E-02    0.00  0.4827E+00  0.0000E+00
  61   -72.0000     -45.772 0.3662   0.3071E+00  0.9944E-03 -0.5559E-01  0.2070E-02      -1  -0.532E-02    0.00  0.5732E+00  0.0000E+00
  62   -73.2000     -44.780 0.3672   0.3203E+00  0.1002E-02 -0.5314E-01  0.2019E-02      -1  -0.509E-02    0.00  0.6801E+00  0.0000E+00
  63   -74.4000     -43.771 0.3682   0.3337E+00  0.1009E-02 -0.5074E-01  0.1967E-02      -1  -0.486E-02    0.00  0.8061E+00  0.0000E+00
  64   -75.6000     -42.745 0.3693   0.3473E+00  0.1016E-02 -0.4842E-01  0.1915E-02      -1  -0.464E-02    0.00  0.9541E+00  0.0000E+00
  65   -76.8000     -41.705 0.3703   0.3611E+00  0.1024E-02 -0.4615E-01  0.1863E-02      -1  -0.442E-02    0.00  0.1128E+01  0.0000E+00
  66   -78.0000     -40.652 0.3714   0.3751E+00  0.1031E-02 -0.4394E-01  0.1812E-02      -1  -0.421E-02    0.00  0.1330E+01  0.0000E+00
  67   -79.2000     -39.587 0.3725   0.3892E+00  0.1039E-02 -0.4180E-01  0.1760E-02      -1  -0.400E-02    0.00  0.1566E+01  0.0000E+00
  68   -80.4000     -38.510 0.3736   0.4035E+00  0.1047E-02 -0.3972E-01  0.1708E-02      -1  -0.380E-02    0.00  0.1840E+01  0.0000E+00
  69   -81.6000     -37.423 0.3747   0.4198E+00  0.1054E-02 -0.3770E-01  0.1656E-02      -1  -0.361E-02    0.00  0.2158E+01  0.0000E+00
  70   -82.8000     -36.325 0.3759   0.4431E+00  0.1060E-02 -0.3574E-01  0.1605E-02      -1  -0.342E-02    0.00  0.2526E+01  0.0000E+00
  71   -84.0000     -35.217 0.3771   0.4666E+00  0.1067E-02 -0.3385E-01  0.1553E-02      -1  -0.324E-02    0.00  0.2949E+01  0.0000E+00
  72   -85.2000     -34.099 0.3783   0.4903E+00  0.1073E-02 -0.3202E-01  0.1501E-02      -1  -0.307E-02    0.00  0.3435E+01  0.0000E+00
  73   -86.4000     -32.974 0.3795   0.5142E+00  0.1079E-02 -0.3025E-01  0.1449E-02      -1  -0.290E-02    0.00  0.3993E+01  0.0000E+00
  74   -87.6000     -31.841 0.3807   0.5382E+00  0.1085E-02 -0.2854E-01  0.1398E-02      -1  -0.273E-02    0.00  0.4629E+01  0.0000E+00
  75   -88.8000     -30.701 0.3819   0.5624E+00  0.1092E-02 -0.2689E-01  0.1346E-02      -1  -0.258E-02    0.00  0.5354E+01  0.0000E+00
  76   -90.0000     -29.555 0.3832   0.5898E+00  0.1097E-02 -0.2531E-01  0.1294E-02      -1  -0.242E-02    0.00  0.6176E+01  0.0000E+00
  77   -91.2000     -28.404 0.3844   0.6270E+00  0.1100E-02 -0.2379E-01  0.1242E-02      -1  -0.228E-02    0.00  0.7105E+01  0.0000E+00
  78   -92.4000     -27.247 0.3857   0.6643E+00  0.1103E-02 -0.2233E-01  0.1190E-02      -1  -0.214E-02    0.00  0.8151E+01  0.0000E+00
  79   -93.6000     -26.085 0.3870   0.7018E+00  0.1106E-02 -0.2093E-01  0.1139E-02      -1  -0.200E-02    0.00  0.9325E+01  0.0000E+00
  80   -94.8000     -24.918 0.3883   0.7394E+00  0.1109E-02 -0.1960E-01  0.1081E-02      -1  -0.188E-02    0.00  0.1064E+02  0.0000E+00
  81   -96.0000     -23.748 0.3896   0.7771E+00  0.1111E-02 -0.1840E-01  0.9167E-03      -1  -0.176E-02    0.00  0.1209E+02  0.0000E+00
  82   -97.2000     -22.575 0.3909   0.8306E+00  0.1110E-02 -0.1740E-01  0.7460E-03      -1  -0.167E-02    0.00  0.1371E+02  0.0000E+00
  83   -98.4000     -21.399 0.3922   0.8857E+00  0.1107E-02 -0.1660E-01  0.5929E-03      -1  -0.159E-02    0.00  0.1548E+02  0.0000E+00
  84   -99.6000     -20.220 0.3935   0.9409E+00  0.1105E-02 -0.1597E-01  0.4579E-03      -1  -0.153E-02    0.00  0.1742E+02  0.0000E+00
  85  -100.8000     -19.039 0.3948   0.9962E+00  0.1103E-02 -0.1549E-01  0.3411E-03      -1  -0.148E-02    0.00  0.1953E+02  0.0000E+00
  86  -102.0000     -17.857 0.3961   0.1068E+01  0.1096E-02 -0.1514E-01  0.2426E-03      -1  -0.145E-02    0.00  0.2182E+02  0.0000E+00
  87  -103.2000     -16.673 0.3974   0.1146E+01  0.1087E-02 -0.1490E-01  0.1620E-03      -1  -0.143E-02    0.00  0.2430E+02  0.0000E+00
  88  -104.4000     -15.488 0.3987   0.1223E+01  0.1078E-02 -0.1474E-01  0.9888E-04      -1  -0.141E-02    0.00  0.2695E+02  0.0000E+00
  89  -105.6000     -14.302 0.4000   0.1313E+01  0.1065E-02 -0.1465E-01  0.5231E-04      -1  -0.140E-02    0.00  0.2979E+02  0.0000E+00
  90  -106.8000     -13.115 0.4012   0.1418E+01  0.1048E-02 -0.1460E-01  0.2109E-04      -1  -0.140E-02    0.00  0.3282E+02  0.0000E+00
  91  -108.0000     -11.927 0.4025   0.1524E+01  0.1031E-02 -0.1459E-01  0.3718E-05      -1  -0.140E-02    0.00  0.3605E+02  0.0000E+00
  92  -109.2000     -10.738 0.4037   0.1657E+01  0.1006E-02 -0.1459E-01  0.0000E+00      -1  -0.140E-02    0.00  0.3946E+02  0.0000E+00
  93  -110.4000      -9.548 0.4049   0.1796E+01  0.9803E-03 -0.1459E-01  0.0000E+00      -1  -0.140E-02    0.00  0.4307E+02  0.0000E+00
  94  -111.6000      -8.358 0.4060   0.1967E+01  0.9460E-03 -0.1459E-01  0.0000E+00      -1  -0.140E-02    0.00  0.4687E+02  0.0000E+00
  95  -112.8000      -7.166 0.4071   0.2154E+01  0.9076E-03 -0.1459E-01  0.0000E+00      -1  -0.140E-02    0.00  0.5086E+02  0.0000E+00
  96  -114.0000      -5.974 0.4082   0.2380E+01  0.8602E-03 -0.1459E-01  0.0000E+00      -1  -0.140E-02    0.00  0.5504E+02  0.0000E+00
  97  -115.2000      -4.781 0.4092   0.2656E+01  0.8015E-03 -0.1459E-01  0.0000E+00      -1  -0.140E-02    0.00  0.5941E+02  0.0000E+00
  98  -116.4000      -3.587 0.4101   0.3001E+01  0.7283E-03 -0.1459E-01  0.0000E+00      -1  -0.140E-02    0.00  0.6396E+02  0.0000E+00
  99  -117.6000      -2.392 0.4109   0.3462E+01  0.6319E-03 -0.1459E-01  0.0000E+00      -1  -0.140E-02    0.00  0.6870E+02  0.0000E+00
 100  -118.8000      -1.197 0.4116   0.4165E+01  0.4909E-03 -0.1459E-01  0.0000E+00      -1  -0.140E-02    0.00  0.7361E+02  0.0000E+00
 101  -120.0000       0.000 0.4120   0.7000E+01  0.0000E+00 -0.1459E-01  0.0000E+00      -1  -0.140E-02    0.00  0.7870E+02  0.0000E+00
end


 Time:     4380.0000


 Node      Depth      Head Moisture       K          C         Flux        Sink         Kappa   v/KsTop   Temp   Conc(1..NS) Sorb(1...NS)
           [L]        [L]    [-]        [L/T]      [1/L]      [L/T]        [1/T]         [-]      [-]      [C]      [M/L*3]

   1     0.0000     -75.274 0.3342   0.3182E+00  0.8143E-03 -0.3165E+00  0.5176E-02      -1  -0.303E-01    0.00  0.6711E-04  0.0000E+00
   2    -1.2000     -75.255 0.3342   0.3184E+00  0.8144E-03 -0.3103E+00  0.5124E-02      -1  -0.297E-01    0.00  0.7417E-04  0.0000E+00
   3    -2.4000     -75.212 0.3342   0.3189E+00  0.8146E-03 -0.3042E+00  0.5072E-02      -1  -0.291E-01    0.00  0.8256E-04  0.0000E+00
   4    -3.6000     -75.144 0.3343   0.3196E+00  0.8150E-03 -0.2981E+00  0.5021E-02      -1  -0.286E-01    0.00  0.9250E-04  0.0000E+00
   5    -4.8000     -75.050 0.3344   0.3207E+00  0.8155E-03 -0.2921E+00  0.4969E-02      -1  -0.280E-01    0.00  0.1042E-03  0.0000E+00
   6    -6.0000     -74.930 0.3345   0.3220E+00  0.8162E-03 -0.2862E+00  0.4917E-02      -1  -0.274E-01    0.00  0.1181E-03  0.0000E+00
   7    -7.2000     -74.783 0.3346   0.3237E+00  0.8171E-03 -0.2803E+00  0.4865E-02      -1  -0.268E-01    0.00  0.1345E-03  0.0000E+00
   8    -8.4000     -74.608 0.3348   0.3256E+00  0.8181E-03 -0.2745E+00  0.4814E-02      -1  -0.263E-01    0.00  0.1538E-03  0.0000E+00
   9    -9.6000     -74.406 0.3349   0.3279E+00  0.8192E-03 -0.2688E+00  0.4762E-02      -1  -0.257E-01    0.00  0.1765E-03  0.0000E+00
  10   -10.8000     -74.175 0.3351   0.3305E+00  0.8206E-03 -0.2631E+00  0.4710E-02      -1  -0.252E-01    0.00  0.2031E-03  0.0000E+00
  11   -12.0000     -73.916 0.3354   0.3334E+00  0.8220E-03 -0.2575E+00  0.4658E-02      -1  -0.247E-01    0.00  0.2345E-03  0.0000E+00
  12   -13.2000     -73.628 0.3356   0.3366E+00  0.8237E-03 -0.2519E+00  0.4607E-02      -1  -0.241E-01    0.00  0.2714E-03  0.0000E+00
  13   -14.4000     -73.311 0.3359   0.3401E+00  0.8255E-03 -0.2464E+00  0.4555E-02      -1  -0.236E-01    0.00  0.3147E-03  0.0000E+00
  14   -15.6000     -72.966 0.3362   0.3440E+00  0.8275E-03 -0.2410E+00  0.4503E-02      -1  -0.231E-01    0.00  0.3657E-03  0.0000E+00
  15   -16.8000     -72.592 0.3365   0.3482E+00  0.8296E-03 -0.2356E+00  0.4451E-02      -1  -0.226E-01    0.00  0.4255E-03  0.0000E+00
  16   -18.0000     -72.190 0.3368   0.3527E+00  0.8319E-03 -0.2303E+00  0.4400E-02      -1  -0.221E-01    0.00  0.4958E-03  0.0000E+00
  17   -19.2000     -71.759 0.3372   0.3575E+00  0.8344E-03 -0.2250E+00  0.4348E-02      -1  -0.216E-01    0.00  0.5784E-03  0.0000E+00
  18   -20.4000     -71.301 0.3376   0.3626E+00  0.8370E-03 -0.2198E+00  0.4296E-02      -1  -0.211E-01    0.00  0.6756E-03  0.0000E+00
  19   -21.6000     -70.814 0.3380   0.3681E+00  0.8398E-03 -0.2147E+00  0.4244E-02      -1  -0.206E-01    0.00  0.7897E-03  0.0000E+00
  20   -22.8000     -70.301 0.3385   0.3738E+00  0.8427E-03 -0.2097E+00  0.4193E-02      -1  -0.201E-01    0.00  0.9239E-03  0.0000E+00
  21   -24.0000     -69.760 0.3389   0.3799E+00  0.8458E-03 -0.2047E+00  0.4141E-02      -1  -0.196E-01    0.00  0.1082E-02  0.0000E+00
  22   -25.2000     -69.194 0.3394   0.3862E+00  0.8490E-03 -0.1997E+00  0.4089E-02      -1  -0.191E-01    0.00  0.1267E-02  0.0000E+00
  23   -26.4000     -68.601 0.3399   0.3928E+00  0.8524E-03 -0.1948E+00  0.4037E-02      -1  -0.187E-01    0.00  0.1486E-02  0.0000E+00
  24   -27.6000     -67.984 0.3404   0.3997E+00  0.8559E-03 -0.1900E+00  0.3986E-02      -1  -0.182E-01    0.00  0.1743E-02  0.0000E+00
  25   -28.8000     -67.342 0.3410   0.4069E+00  0.8596E-03 -0.1853E+00  0.3934E-02      -1  -0.177E-01    0.00  0.2046E-02  0.0000E+00
  26   -30.0000     -66.677 0.3416   0.4143E+00  0.8634E-03 -0.1806E+00  0.3882E-02      -1  -0.173E-01    0.00  0.2402E-02  0.0000E+00
  27   -31.2000     -65.988 0.3422   0.4220E+00  0.8673E-03 -0.1760E+00  0.3830E-02      -1  -0.169E-01    0.00  0.2822E-02  0.0000E+00
  28   -32.4000     -65.278 0.3428   0.4300E+00  0.8714E-03 -0.1714E+00  0.3778E-02      -1  -0.164E-01    0.00  0.3317E-02  0.0000E+00
  29   -33.6000     -64.545 0.3434   0.4382E+00  0.8756E-03 -0.1669E+00  0.3727E-02      -1  -0.160E-01    0.00  0.3900E-02  0.0000E+00
  30   -34.8000     -63.792 0.3440   0.4466E+00  0.8799E-03 -0.1625E+00  0.3675E-02      -1  -0.156E-01    0.00  0.4588E-02  0.0000E+00
  31   -36.0000     -63.214 0.3501   0.1718E+00  0.8636E-03 -0.1581E+00  0.3623E-02      -1  -0.151E-01    0.00  0.5399E-02  0.0000E+00
  32   -37.2000     -63.101 0.3502   0.1723E+00  0.8644E-03 -0.1538E+00  0.3571E-02      -1  -0.147E-01    0.00  0.6350E-02  0.0000E+00
  33   -38.4000     -62.956 0.3503   0.1729E+00  0.8655E-03 -0.1495E+00  0.3520E-02      -1  -0.143E-01    0.00  0.7466E-02  0.0000E+00
  34   -39.6000     -62.776 0.3504   0.1737E+00  0.8667E-03 -0.1453E+00  0.3468E-02      -1  -0.139E-01    0.00  0.8777E-02  0.0000E+00
  35   -40.8000     -62.563 0.3506   0.1746E+00  0.8682E-03 -0.1412E+00  0.3416E-02      -1  -0.135E-01    0.00  0.1032E-01  0.0000E+00
  36   -42.0000     -62.316 0.3508   0.1757E+00  0.8700E-03 -0.1371E+00  0.3364E-02      -1  -0.131E-01    0.00  0.1212E-01  0.0000E+00
  37   -43.2000     -62.036 0.3511   0.1770E+00  0.8720E-03 -0.1331E+00  0.3313E-02      -1  -0.127E-01    0.00  0.1425E-01  0.0000E+00
  38   -44.4000     -61.721 0.3513   0.1783E+00  0.8742E-03 -0.1292E+00  0.3261E-02      -1  -0.124E-01    0.00  0.1675E-01  0.0000E+00
  39   -45.6000     -61.373 0.3516   0.1799E+00  0.8767E-03 -0.1253E+00  0.3209E-02      -1  -0.120E-01    0.00  0.1970E-01  0.0000E+00
  40   -46.8000     -60.993 0.3519   0.1816E+00  0.8794E-03 -0.1215E+00  0.3157E-02      -1  -0.116E-01    0.00  0.2316E-01  0.0000E+00
  41   -48.0000     -60.579 0.3523   0.1834E+00  0.8823E-03 -0.1177E+00  0.3106E-02      -1  -0.113E-01    0.00  0.2724E-01  0.0000E+00
  42   -49.2000     -60.133 0.3526   0.1853E+00  0.8855E-03 -0.1140E+00  0.3054E-02      -1  -0.109E-01    0.00  0.3205E-01  0.0000E+00
  43   -50.4000     -59.653 0.3531   0.1885E+00  0.8891E-03 -0.1104E+00  0.3002E-02      -1  -0.106E-01    0.00  0.3771E-01  0.0000E+00
  44   -51.6000     -59.137 0.3535   0.1925E+00  0.8930E-03 -0.1068E+00  0.2950E-02      -1  -0.102E-01    0.00  0.4439E-01  0.0000E+00
  45   -52.8000     -58.584 0.3541   0.1969E+00  0.8972E-03 -0.1033E+00  0.2899E-02      -1  -0.989E-02    0.00  0.5226E-01  0.0000E+00
  46   -54.0000     -57.996 0.3546   0.2015E+00  0.9017E-03 -0.9984E-01  0.2847E-02      -1  -0.956E-02    0.00  0.6154E-01  0.0000E+00
  47   -55.2000     -57.373 0.3552   0.2064E+00  0.9065E-03 -0.9646E-01  0.2795E-02      -1  -0.924E-02    0.00  0.7250E-01  0.0000E+00
  48   -56.4000     -56.717 0.3558   0.2116E+00  0.9115E-03 -0.9314E-01  0.2743E-02      -1  -0.892E-02    0.00  0.8542E-01  0.0000E+00
  49   -57.6000     -56.030 0.3564   0.2170E+00  0.9168E-03 -0.8988E-01  0.2692E-02      -1  -0.861E-02    0.00  0.1007E+00  0.0000E+00
  50   -58.8000     -55.311 0.3571   0.2227E+00  0.9222E-03 -0.8668E-01  0.2640E-02      -1  -0.830E-02    0.00  0.1187E+00  0.0000E+00
  51   -60.0000     -54.564 0.3578   0.2285E+00  0.9280E-03 -0.8354E-01  0.2588E-02      -1  -0.800E-02    0.00  0.1399E+00  0.0000E+00
  52   -61.2000     -53.789 0.3585   0.2346E+00  0.9339E-03 -0.8046E-01  0.2536E-02      -1  -0.771E-02    0.00  0.1650E+00  0.0000E+00
  53   -62.4000     -52.987 0.3593   0.2409E+00  0.9400E-03 -0.7745E-01  0.2484E-02      -1  -0.742E-02    0.00  0.1945E+00  0.0000E+00
  54   -63.6000     -52.161 0.3601   0.2475E+00  0.9463E-03 -0.7450E-01  0.2433E-02      -1  -0.714E-02    0.00  0.2295E+00  0.0000E+00
  55   -64.8000     -51.310 0.3609   0.2541E+00  0.9528E-03 -0.7161E-01  0.2381E-02      -1  -0.686E-02    0.00  0.2707E+00  0.0000E+00
  56   -66.0000     -50.437 0.3617   0.2610E+00  0.9595E-03 -0.6879E-01  0.2329E-02      -1  -0.659E-02    0.00  0.3193E+00  0.0000E+00
  57   -67.2000     -49.543 0.3625   0.2681E+00  0.9663E-03 -0.6602E-01  0.2277E-02      -1  -0.632E-02    0.00  0.3767E+00  0.0000E+00
  58   -68.4000     -48.628 0.3634   0.2752E+00  0.9733E-03 -0.6332E-01  0.2226E-02      -1  -0.607E-02    0.00  0.4445E+00  0.0000E+00
  59   -69.6000     -47.695 0.3642   0.2826E+00  0.9804E-03 -0.6068E-01  0.2174E-02      -1  -0.581E-02    0.00  0.5243E+00  0.0000E+00
  60   -70.8000     -46.742 0.3652   0.2942E+00  0.9874E-03 -0.5810E-01  0.2122E-02      -1  -0.557E-02    0.00  0.6184E+00  0.0000E+00
  61   -72.0000     -45.769 0.3662   0.3072E+00  0.9944E-03 -0.5559E-01  0.2070E-02      -1  -0.532E-02    0.00  0.7288E+00  0.0000E+00
  62   -73.2000     -44.777 0.3672   0.3203E+00  0.1002E-02 -0.5314E-01  0.2019E-02      -1  -0.509E-02    0.00  0.8579E+00  0.0000E+00
  63   -74.4000     -43.767 0.3682   0.3337E+00  0.1009E-02 -0.5074E-01  0.1967E-02      -1  -0.486E-02    0.00  0.1009E+01  0.0000E+00
  64   -75.6000     -42.742 0.3693   0.3474E+00  0.1016E-02 -0.4842E-01  0.1915E-02      -1  -0.464E-02    0.00  0.1184E+01  0.0000E+00
  65   -76.8000     -41.702 0.3703   0.3612E+00  0.1024E-02 -0.4615E-01  0.1863E-02      -1  -0.442E-02    0.00  0.1387E+01  0.0000E+00
  66   -78.0000     -40.649 0.3714   0.3751E+00  0.1031E-02 -0.4394E-01  0.1812E-02      -1  -0.421E-02    0.00  0.1623E+01  0.0000E+00
  67   -79.2000     -39.583 0.3725   0.3893E+00  0.1039E-02 -0.4180E-01  0.1760E-02      -1  -0.400E-02    0.00  0.1895E+01  0.0000E+00
  68   -80.4000     -38.507 0.3736   0.4036E+00  0.1047E-02 -0.3972E-01  0.1708E-02      -1  -0.380E-02    0.00  0.2208E+01  0.0000E+00
  69   -81.6000     -37.420 0.3747   0.4199E+00  0.1054E-02 -0.3770E-01  0.1656E-02      -1  -0.361E-02    0.00  0.2568E+01  0.0000E+00
  70   -82.8000     -36.322 0.3759   0.4432E+00  0.1060E-02 -0.3574E-01  0.1605E-02      -1  -0.342E-02    0.00  0.2981E+01  0.0000E+00
  71   -84.0000     -35.213 0.3771   0.4667E+00  0.1067E-02 -0.3385E-01  0.1553E-02      -1  -0.324E-02    0.00  0.3453E+01  0.0000E+00
  72   -85.2000     -34.096 0.3783   0.4904E+00  0.1073E-02 -0.3202E-01  0.1501E-02      -1  -0.307E-02    0.00  0.3990E+01  0.0000E+00
  73   -86.4000     -32.970 0.3795   0.5143E+00  0.1079E-02 -0.3025E-01  0.1449E-02      -1  -0.290E-02    0.00  0.4601E+01  0.0000E+00
  74   -87.6000     -31.837 0.3807   0.5383E+00  0.1085E-02 -0.2854E-01  0.1398E-02      -1  -0.273E-02    0.00  0.5293E+01  0.0000E+00
  75   -88.8000     -30.698 0.3819   0.5625E+00  0.1092E-02 -0.2689E-01  0.1346E-02      -1  -0.258E-02    0.00  0.6075E+01  0.0000E+00
  76   -90.0000     -29.552 0.3832   0.5900E+00  0.1097E-02 -0.2531E-01  0.1294E-02      -1  -0.242E-02    0.00  0.6956E+01  0.0000E+00
  77   -91.2000     -28.400 0.3844   0.6271E+00  0.1100E-02 -0.2379E-01  0.1242E-02      -1  -0.228E-02    0.00  0.7943E+01  0.0000E+00
  78   -92.4000     -27.243 0.3857   0.6644E+00  0.1103E-02 -0.2233E-01  0.1190E-02      -1  -0.214E-02    0.00  0.9048E+01  0.0000E+00
  79   -93.6000     -26.081 0.3870   0.7019E+00  0.1106E-02 -0.2093E-01  0.1139E-02      -1  -0.200E-02    0.00  0.1028E+02  0.0000E+00
  80   -94.8000     -24.915 0.3883   0.7395E+00  0.1109E-02 -0.1961E-01  0.1063E-02      -1  -0.188E-02    0.00  0.1164E+02  0.0000E+00
  81   -96.0000     -23.745 0.3896   0.7772E+00  0.1111E-02 -0.1844E-01  0.8785E-03      -1  -0.177E-02    0.00  0.1315E+02  0.0000E+00
  82   -97.2000     -22.572 0.3909   0.8307E+00  0.1110E-02 -0.1749E-01  0.7116E-03      -1  -0.168E-02    0.00  0.1480E+02  0.0000E+00
  83   -98.4000     -21.395 0.3922   0.8859E+00  0.1107E-02 -0.1673E-01  0.5624E-03      -1  -0.160E-02    0.00  0.1661E+02  0.0000E+00
  84   -99.6000     -20.217 0.3935   0.9411E+00  0.1105E-02 -0.1613E-01  0.4315E-03      -1  -0.154E-02    0.00  0.1857E+02  0.0000E+00
  85  -100.8000     -19.037 0.3948   0.9964E+00  0.1103E-02 -0.1568E-01  0.3188E-03      -1  -0.150E-02    0.00  0.2070E+02  0.0000E+00
  86  -102.0000     -17.855 0.3961   0.1068E+01  0.1096E-02 -0.1535E-01  0.2243E-03      -1  -0.147E-02    0.00  0.2300E+02  0.0000E+00
  87  -103.2000     -16.671 0.3974   0.1146E+01  0.1087E-02 -0.1513E-01  0.1476E-03      -1  -0.145E-02    0.00  0.2547E+02  0.0000E+00
  88  -104.4000     -15.486 0.3987   0.1223E+01  0.1078E-02 -0.1499E-01  0.8804E-04      -1  -0.144E-02    0.00  0.2810E+02  0.0000E+00
  89  -105.6000     -14.300 0.4000   0.1313E+01  0.1065E-02 -0.1491E-01  0.4465E-04      -1  -0.143E-02    0.00  0.3092E+02  0.0000E+00
  90  -106.8000     -13.114 0.4012   0.1419E+01  0.1048E-02 -0.1487E-01  0.1619E-04      -1  -0.142E-02    0.00  0.3391E+02  0.0000E+00
  91  -108.0000     -11.926 0.4025   0.1524E+01  0.1031E-02 -0.1486E-01  0.1092E-05      -1  -0.142E-02    0.00  0.3709E+02  0.0000E+00
  92  -109.2000     -10.737 0.4037   0.1658E+01  0.1006E-02 -0.1486E-01  0.0000E+00      -1  -0.142E-02    0.00  0.4044E+02  0.0000E+00
  93  -110.4000      -9.547 0.4049   0.1796E+01  0.9803E-03 -0.1486E-01  0.0000E+00      -1  -0.142E-02    0.00  0.4398E+02  0.0000E+00
  94  -111.6000      -8.357 0.4060   0.1967E+01  0.9460E-03 -0.1486E-01  0.0000E+00      -1  -0.142E-02    0.00  0.4769E+02  0.0000E+00
  95  -112.8000      -7.165 0.4071   0.2154E+01  0.9076E-03 -0.1486E-01  0.0000E+00      -1  -0.142E-02    0.00  0.5159E+02  0.0000E+00
  96  -114.0000      -5.973 0.4082   0.2380E+01  0.8601E-03 -0.1486E-01  0.0000E+00      -1  -0.142E-02    0.00  0.5567E+02  0.0000E+00
  97  -115.2000      -4.780 0.4092   0.2656E+01  0.8015E-03 -0.1486E-01  0.0000E+00      -1  -0.142E-02    0.00  0.5992E+02  0.0000E+00
  98  -116.4000      -3.587 0.4101   0.3001E+01  0.7283E-03 -0.1486E-01  0.0000E+00      -1  -0.142E-02    0.00  0.6435E+02  0.0000E+00
  99  -117.6000      -2.392 0.4109   0.3463E+01  0.6319E-03 -0.1486E-01  0.0000E+00      -1  -0.142E-02    0.00  0.6896E+02  0.0000E+00
 100  -118.8000      -1.197 0.4116   0.4165E+01  0.4909E-03 -0.1486E-01  0.0000E+00      -1  -0.142E-02    0.00  0.7374E+02  0.0000E+00
 101  -120.0000       0.000 0.4120   0.7000E+01  0.0000E+00 -0.1486E-01  0.0000E+00      -1  -0.142E-02    0.00  0.7870E+02  0.0000E+00
end


 Time:     4745.0000


 Node      Depth      Head Moisture       K          C         Flux        Sink         Kappa   v/KsTop   Temp   Conc(1..NS) Sorb(1...NS)
           [L]        [L]    [-]        [L/T]      [1/L]      [L/T]        [1/T]         [-]      [-]      [C]      [M/L*3]

   1     0.0000     -75.273 0.3342   0.3182E+00  0.8143E-03 -0.3165E+00  0.5176E-02      -1  -0.303E-01    0.00  0.1123E-03  0.0000E+00
   2    -1.2000     -75.255 0.3342   0.3184E+00  0.8144E-03 -0.3103E+00  0.5124E-02      -1  -0.297E-01    0.00  0.1240E-03  0.0000E+00
   3    -2.4000     -75.212 0.3342   0.3189E+00  0.8146E-03 -0.3042E+00  0.5072E-02      -1  -0.291E-01    0.00  0.1379E-03  0.0000E+00
   4    -3.6000     -75.143 0.3343   0.3196E+00  0.8150E-03 -0.2981E+00  0.5021E-02      -1  -0.286E-01    0.00  0.1541E-03  0.0000E+00
   5    -4.8000     -75.049 0.3344   0.3207E+00  0.8156E-03 -0.2921E+00  0.4969E-02      -1  -0.280E-01    0.00  0.1733E-03  0.0000E+00
   6    -6.0000     -74.929 0.3345   0.3220E+00  0.8162E-03 -0.2862E+00  0.4917E-02      -1  -0.274E-01    0.00  0.1957E-03  0.0000E+00
   7    -7.2000     -74.782 0.3346   0.3237E+00  0.8171E-03 -0.2803E+00  0.4865E-02      -1  -0.268E-01    0.00  0.2219E-03  0.0000E+00
   8    -8.4000     -74.607 0.3348   0.3256E+00  0.8181E-03 -0.2745E+00  0.4814E-02      -1  -0.263E-01    0.00  0.2527E-03  0.0000E+00
   9    -9.6000     -74.404 0.3349   0.3279E+00  0.8192E-03 -0.2688E+00  0.4762E-02      -1  -0.257E-01    0.00  0.2887E-03  0.0000E+00
  10   -10.8000     -74.174 0.3351   0.3305E+00  0.8206E-03 -0.2631E+00  0.4710E-02      -1  -0.252E-01    0.00  0.3307E-03  0.0000E+00
  11   -12.0000     -73.914 0.3354   0.3334E+00  0.8220E-03 -0.2575E+00  0.4658E-02      -1  -0.247E-01    0.00  0.3799E-03  0.0000E+00
  12   -13.2000     -73.627 0.3356   0.3366E+00  0.8237E-03 -0.2519E+00  0.4607E-02      -1  -0.241E-01    0.00  0.4374E-03  0.0000E+00
  13   -14.4000     -73.310 0.3359   0.3402E+00  0.8255E-03 -0.2464E+00  0.4555E-02      -1  -0.236E-01    0.00  0.5046E-03  0.0000E+00
  14   -15.6000     -72.965 0.3362   0.3440E+00  0.8275E-03 -0.2410E+00  0.4503E-02      -1  -0.231E-01    0.00  0.5831E-03  0.0000E+00
  15   -16.8000     -72.591 0.3365   0.3482E+00  0.8296E-03 -0.2356E+00  0.4451E-02      -1  -0.226E-01    0.00  0.6749E-03  0.0000E+00
  16   -18.0000     -72.189 0.3368   0.3527E+00  0.8319E-03 -0.2303E+00  0.4400E-02      -1  -0.221E-01    0.00  0.7821E-03  0.0000E+00
  17   -19.2000     -71.758 0.3372   0.3575E+00  0.8344E-03 -0.2250E+00  0.4348E-02      -1  -0.216E-01    0.00  0.9074E-03  0.0000E+00
  18   -20.4000     -71.299 0.3376   0.3626E+00  0.8370E-03 -0.2198E+00  0.4296E-02      -1  -0.211E-01    0.00  0.1054E-02  0.0000E+00
  19   -21.6000     -70.813 0.3380   0.3681E+00  0.8398E-03 -0.2147E+00  0.4244E-02      -1  -0.206E-01    0.00  0.1225E-02  0.0000E+00
  20   -22.8000     -70.299 0.3385   0.3738E+00  0.8427E-03 -0.2097E+00  0.4193E-02      -1  -0.201E-01    0.00  0.1426E-02  0.0000E+00
  21   -24.0000     -69.759 0.3389   0.3799E+00  0.8458E-03 -0.2047E+00  0.4141E-02      -1  -0.196E-01    0.00  0.1660E-02  0.0000E+00
  22   -25.2000     -69.192 0.3394   0.3862E+00  0.8490E-03 -0.1997E+00  0.4089E-02      -1  -0.191E-01    0.00  0.1934E-02  0.0000E+00
  23   -26.4000     -68.600 0.3399   0.3928E+00  0.8524E-03 -0.1948E+00  0.4037E-02      -1  -0.187E-01    0.00  0.2255E-02  0.0000E+00
  24   -27.6000     -67.982 0.3404   0.3997E+00  0.8559E-03 -0.1900E+00  0.3986E-02      -1  -0.182E-01    0.00  0.2630E-02  0.0000E+00
  25   -28.8000     -67.341 0.3410   0.4069E+00  0.8596E-03 -0.1853E+00  0.3934E-02      -1  -0.177E-01    0.00  0.3070E-02  0.0000E+00
  26   -30.0000     -66.675 0.3416   0.4144E+00  0.8634E-03 -0.1806E+00  0.3882E-02      -1  -0.173E-01    0.00  0.3584E-02  0.0000E+00
  27   -31.2000     -65.987 0.3422   0.4221E+00  0.8674E-03 -0.1760E+00  0.3830E-02      -1  -0.169E-01    0.00  0.4187E-02  0.0000E+00
  28   -32.4000     -65.276 0.3428   0.4300E+00  0.8714E-03 -0.1714E+00  0.3778E-02      -1  -0.164E-01    0.00  0.4894E-02  0.0000E+00
  29   -33.6000     -64.543 0.3434   0.4382E+00  0.8756E-03 -0.1669E+00  0.3727E-02      -1  -0.160E-01    0.00  0.5722E-02  0.0000E+00
  30   -34.8000     -63.790 0.3440   0.4466E+00  0.8799E-03 -0.1625E+00  0.3675E-02      -1  -0.156E-01    0.00  0.6693E-02  0.0000E+00
  31   -36.0000     -63.212 0.3501   0.1718E+00  0.8636E-03 -0.1581E+00  0.3623E-02      -1  -0.151E-01    0.00  0.7832E-02  0.0000E+00
  32   -37.2000     -63.099 0.3502   0.1723E+00  0.8644E-03 -0.1538E+00  0.3571E-02      -1  -0.147E-01    0.00  0.9160E-02  0.0000E+00
  33   -38.4000     -62.954 0.3503   0.1729E+00  0.8655E-03 -0.1495E+00  0.3520E-02      -1  -0.143E-01    0.00  0.1071E-01  0.0000E+00
  34   -39.6000     -62.774 0.3504   0.1737E+00  0.8667E-03 -0.1453E+00  0.3468E-02      -1  -0.139E-01    0.00  0.1252E-01  0.0000E+00
  35   -40.8000     -62.561 0.3506   0.1746E+00  0.8683E-03 -0.1412E+00  0.3416E-02      -1  -0.135E-01    0.00  0.1464E-01  0.0000E+00
  36   -42.0000     -62.314 0.3508   0.1757E+00  0.8700E-03 -0.1371E+00  0.3364E-02      -1  -0.131E-01    0.00  0.1712E-01  0.0000E+00
  37   -43.2000     -62.033 0.3511   0.1770E+00  0.8720E-03 -0.1331E+00  0.3313E-02      -1  -0.127E-01    0.00  0.2001E-01  0.0000E+00
  38   -44.4000     -61.719 0.3513   0.1784E+00  0.8742E-03 -0.1292E+00  0.3261E-02      -1  -0.124E-01    0.00  0.2340E-01  0.0000E+00
  39   -45.6000     -61.371 0.3516   0.1799E+00  0.8767E-03 -0.1253E+00  0.3209E-02      -1  -0.120E-01    0.00  0.2737E-01  0.0000E+00
  40   -46.8000     -60.990 0.3519   0.1816E+00  0.8794E-03 -0.1215E+00  0.3157E-02      -1  -0.116E-01    0.00  0.3201E-01  0.0000E+00
  41   -48.0000     -60.577 0.3523   0.1834E+00  0.8824E-03 -0.1177E+00  0.3106E-02      -1  -0.113E-01    0.00  0.3745E-01  0.0000E+00
  42   -49.2000     -60.130 0.3526   0.1854E+00  0.8855E-03 -0.1140E+00  0.3054E-02      -1  -0.109E-01    0.00  0.4382E-01  0.0000E+00
  43   -50.4000     -59.651 0.3531   0.1885E+00  0.8891E-03 -0.1104E+00  0.3002E-02      -1  -0.106E-01    0.00  0.5129E-01  0.0000E+00
  44   -51.6000     -59.134 0.3535   0.1926E+00  0.8930E-03 -0.1068E+00  0.2950E-02      -1  -0.102E-01    0.00  0.6004E-01  0.0000E+00
  45   -52.8000     -58.581 0.3541   0.1969E+00  0.8973E-03 -0.1033E+00  0.2899E-02      -1  -0.989E-02    0.00  0.7031E-01  0.0000E+00
  46   -54.0000     -57.993 0.3546   0.2015E+00  0.9018E-03 -0.9984E-01  0.2847E-02      -1  -0.956E-02    0.00  0.8235E-01  0.0000E+00
  47   -55.2000     -57.370 0.3552   0.2065E+00  0.9065E-03 -0.9646E-01  0.2795E-02      -1  -0.924E-02    0.00  0.9648E-01  0.0000E+00
  48   -56.4000     -56.715 0.3558   0.2116E+00  0.9115E-03 -0.9314E-01  0.2743E-02      -1  -0.892E-02    0.00  0.1131E+00  0.0000E+00
  49   -57.6000     -56.027 0.3564   0.2170E+00  0.9168E-03 -0.8988E-01  0.2692E-02      -1  -0.861E-02    0.00  0.1325E+00  0.0000E+00
  50   -58.8000     -55.309 0.3571   0.2227E+00  0.9223E-03 -0.8668E-01  0.2640E-02      -1  -0.830E-02    0.00  0.1553E+00  0.0000E+00
  51   -60.0000     -54.561 0.3578   0.2286E+00  0.9280E-03 -0.8354E-01  0.2588E-02      -1  -0.800E-02    0.00  0.1821E+00  0.0000E+00
  52   -61.2000     -53.786 0.3585   0.2347E+00  0.9339E-03 -0.8046E-01  0.2536E-02      -1  -0.771E-02    0.00  0.2136E+00  0.0000E+00
  53   -62.4000     -52.984 0.3593   0.2410E+00  0.9400E-03 -0.7745E-01  0.2484E-02      -1  -0.742E-02    0.00  0.2505E+00  0.0000E+00
  54   -63.6000     -52.158 0.3601   0.2475E+00  0.9463E-03 -0.7450E-01  0.2433E-02      -1  -0.714E-02    0.00  0.2938E+00  0.0000E+00
  55   -64.8000     -51.307 0.3609   0.2542E+00  0.9528E-03 -0.7161E-01  0.2381E-02      -1  -0.686E-02    0.00  0.3447E+00  0.0000E+00
  56   -66.0000     -50.434 0.3617   0.2610E+00  0.9595E-03 -0.6879E-01  0.2329E-02      -1  -0.659E-02    0.00  0.4044E+00  0.0000E+00
  57   -67.2000     -49.540 0.3625   0.2681E+00  0.9664E-03 -0.6602E-01  0.2277E-02      -1  -0.632E-02    0.00  0.4744E+00  0.0000E+00
  58   -68.4000     -48.625 0.3634   0.2753E+00  0.9733E-03 -0.6332E-01  0.2226E-02      -1  -0.607E-02    0.00  0.5565E+00  0.0000E+00
  59   -69.6000     -47.692 0.3642   0.2826E+00  0.9805E-03 -0.6068E-01  0.2174E-02      -1  -0.581E-02    0.00  0.6527E+00  0.0000E+00
  60   -70.8000     -46.739 0.3652   0.2943E+00  0.9874E-03 -0.5810E-01  0.2122E-02      -1  -0.557E-02    0.00  0.7648E+00  0.0000E+00
  61   -72.0000     -45.766 0.3662   0.3072E+00  0.9944E-03 -0.5559E-01  0.2070E-02      -1  -0.532E-02    0.00  0.8952E+00  0.0000E+00
  62   -73.2000     -44.773 0.3672   0.3204E+00  0.1002E-02 -0.5314E-01  0.2019E-02      -1  -0.509E-02    0.00  0.1046E+01  0.0000E+00
  63   -74.4000     -43.764 0.3682   0.3338E+00  0.1009E-02 -0.5074E-01  0.1967E-02      -1  -0.486E-02    0.00  0.1222E+01  0.0000E+00
  64   -75.6000     -42.739 0.3693   0.3474E+00  0.1016E-02 -0.4842E-01  0.1915E-02      -1  -0.464E-02    0.00  0.1424E+01  0.0000E+00
  65   -76.8000     -41.699 0.3703   0.3612E+00  0.1024E-02 -0.4615E-01  0.1863E-02      -1  -0.442E-02    0.00  0.1656E+01  0.0000E+00
  66   -78.0000     -40.645 0.3714   0.3752E+00  0.1031E-02 -0.4394E-01  0.1812E-02      -1  -0.421E-02    0.00  0.1924E+01  0.0000E+00
  67   -79.2000     -39.580 0.3725   0.3893E+00  0.1039E-02 -0.4180E-01  0.1760E-02      -1  -0.400E-02    0.00  0.2230E+01  0.0000E+00
  68   -80.4000     -38.503 0.3736   0.4036E+00  0.1047E-02 -0.3972E-01  0.1708E-02      -1  -0.380E-02    0.00  0.2580E+01  0.0000E+00
  69   -81.6000     -37.416 0.3747   0.4199E+00  0.1054E-02 -0.3770E-01  0.1656E-02      -1  -0.361E-02    0.00  0.2980E+01  0.0000E+00
  70   -82.8000     -36.318 0.3759   0.4432E+00  0.1060E-02 -0.3574E-01  0.1605E-02      -1  -0.342E-02    0.00  0.3435E+01  0.0000E+00
  71   -84.0000     -35.210 0.3771   0.4667E+00  0.1067E-02 -0.3385E-01  0.1553E-02      -1  -0.324E-02    0.00  0.3951E+01  0.0000E+00
  72   -85.2000     -34.092 0.3783   0.4905E+00  0.1073E-02 -0.3202E-01  0.1501E-02      -1  -0.307E-02    0.00  0.4535E+01  0.0000E+00
  73   -86.4000     -32.967 0.3795   0.5143E+00  0.1079E-02 -0.3025E-01  0.1449E-02      -1  -0.290E-02    0.00  0.5195E+01  0.0000E+00
  74   -87.6000     -31.834 0.3807   0.5384E+00  0.1085E-02 -0.2854E-01  0.1398E-02      -1  -0.273E-02    0.00  0.5937E+01  0.0000E+00
  75   -88.8000     -30.694 0.3819   0.5626E+00  0.1092E-02 -0.2689E-01  0.1346E-02      -1  -0.258E-02    0.00  0.6770E+01  0.0000E+00
  76   -90.0000     -29.548 0.3832   0.5901E+00  0.1097E-02 -0.2531E-01  0.1294E-02      -1  -0.242E-02    0.00  0.7701E+01  0.0000E+00
  77   -91.2000     -28.397 0.3844   0.6272E+00  0.1100E-02 -0.2379E-01  0.1242E-02      -1  -0.228E-02    0.00  0.8740E+01  0.0000E+00
  78   -92.4000     -27.240 0.3857   0.6645E+00  0.1103E-02 -0.2233E-01  0.1190E-02      -1  -0.214E-02    0.00  0.9893E+01  0.0000E+00
  79   -93.6000     -26.077 0.3870   0.7020E+00  0.1106E-02 -0.2093E-01  0.1139E-02      -1  -0.200E-02    0.00  0.1117E+02  0.0000E+00
  80   -94.8000     -24.911 0.3883   0.7396E+00  0.1109E-02 -0.1963E-01  0.1024E-02      -1  -0.188E-02    0.00  0.1258E+02  0.0000E+00
  81   -96.0000     -23.741 0.3896   0.7774E+00  0.1112E-02 -0.1851E-01  0.8432E-03      -1  -0.177E-02    0.00  0.1412E+02  0.0000E+00
  82   -97.2000     -22.568 0.3909   0.8309E+00  0.1110E-02 -0.1760E-01  0.6799E-03      -1  -0.169E-02    0.00  0.1581E+02  0.0000E+00
  83   -98.4000     -21.392 0.3922   0.8860E+00  0.1107E-02 -0.1687E-01  0.5346E-03      -1  -0.162E-02    0.00  0.1764E+02  0.0000E+00
  84   -99.6000     -20.214 0.3935   0.9412E+00  0.1105E-02 -0.1630E-01  0.4075E-03      -1  -0.156E-02    0.00  0.1962E+02  0.0000E+00
  85  -100.8000     -19.034 0.3948   0.9965E+00  0.1103E-02 -0.1588E-01  0.2987E-03      -1  -0.152E-02    0.00  0.2176E+02  0.0000E+00
  86  -102.0000     -17.852 0.3961   0.1068E+01  0.1096E-02 -0.1558E-01  0.2079E-03      -1  -0.149E-02    0.00  0.2406E+02  0.0000E+00
  87  -103.2000     -16.669 0.3974   0.1146E+01  0.1087E-02 -0.1537E-01  0.1347E-03      -1  -0.147E-02    0.00  0.2651E+02  0.0000E+00
  88  -104.4000     -15.484 0.3987   0.1223E+01  0.1078E-02 -0.1524E-01  0.7840E-04      -1  -0.146E-02    0.00  0.2913E+02  0.0000E+00
  89  -105.6000     -14.299 0.4000   0.1314E+01  0.1065E-02 -0.1517E-01  0.3787E-04      -1  -0.145E-02    0.00  0.3192E+02  0.0000E+00
  90  -106.8000     -13.112 0.4012   0.1419E+01  0.1048E-02 -0.1514E-01  0.1187E-04      -1  -0.145E-02    0.00  0.3487E+02  0.0000E+00
  91  -108.0000     -11.924 0.4025   0.1524E+01  0.1031E-02 -0.1514E-01  0.0000E+00      -1  -0.145E-02    0.00  0.3800E+02  0.0000E+00
  92  -109.2000     -10.736 0.4037   0.1658E+01  0.1006E-02 -0.1514E-01  0.0000E+00      -1  -0.145E-02    0.00  0.4130E+02  0.0000E+00
  93  -110.4000      -9.546 0.4049   0.1796E+01  0.9803E-03 -0.1514E-01  0.0000E+00      -1  -0.145E-02    0.00  0.4477E+02  0.0000E+00
  94  -111.6000      -8.356 0.4060   0.1967E+01  0.9460E-03 -0.1514E-01  0.0000E+00      -1  -0.145E-02    0.00  0.4841E+02  0.0000E+00
  95  -112.8000      -7.165 0.4071   0.2155E+01  0.9076E-03 -0.1514E-01  0.0000E+00      -1  -0.145E-02    0.00  0.5222E+02  0.0000E+00
  96  -114.0000      -5.973 0.4082   0.2380E+01  0.8601E-03 -0.1514E-01  0.0000E+00      -1  -0.145E-02    0.00  0.5621E+02  0.0000E+00
  97  -115.2000      -4.780 0.4092   0.2656E+01  0.8014E-03 -0.1514E-01  0.0000E+00      -1  -0.145E-02    0.00  0.6037E+02  0.0000E+00
  98  -116.4000      -3.586 0.4101   0.3001E+01  0.7282E-03 -0.1514E-01  0.0000E+00      -1  -0.145E-02    0.00  0.6469E+02  0.0000E+00
  99  -117.6000      -2.392 0.4109   0.3463E+01  0.6318E-03 -0.1514E-01  0.0000E+00      -1  -0.145E-02    0.00  0.6919E+02  0.0000E+00
 100  -118.8000      -1.197 0.4116   0.4165E+01  0.4909E-03 -0.1513E-01  0.0000E+00      -1  -0.145E-02    0.00  0.7386E+02  0.0000E+00
 101  -120.0000       0.000 0.4120   0.7000E+01  0.0000E+00 -0.1513E-01  0.0000E+00      -1  -0.145E-02    0.00  0.7870E+02  0.0000E+00
end


 Time:     5110.0000


 Node      Depth      Head Moisture       K          C         Flux        Sink         Kappa   v/KsTop   Temp   Conc(1..NS) Sorb(1...NS)
           [L]        [L]    [-]        [L/T]      [1/L]      [L/T]        [1/T]         [-]      [-]      [C]      [M/L*3]

   1     0.0000     -75.272 0.3342   0.3182E+00  0.8143E-03 -0.3165E+00  0.5176E-02      -1  -0.303E-01    0.00  0.1737E-03  0.0000E+00
   2    -1.2000     -75.254 0.3342   0.3184E+00  0.8144E-03 -0.3103E+00  0.5124E-02      -1  -0.297E-01    0.00  0.1919E-03  0.0000E+00
   3    -2.4000     -75.210 0.3342   0.3189E+00  0.8146E-03 -0.3042E+00  0.5072E-02      -1  -0.291E-01    0.00  0.2131E-03  0.0000E+00
   4    -3.6000     -75.142 0.3343   0.3197E+00  0.8150E-03 -0.2981E+00  0.5021E-02      -1  -0.286E-01    0.00  0.2378E-03  0.0000E+00
   5    -4.8000     -75.048 0.3344   0.3207E+00  0.8156E-03 -0.2921E+00  0.4969E-02      -1  -0.280E-01    0.00  0.2668E-03  0.0000E+00
   6    -6.0000     -74.928 0.3345   0.3221E+00  0.8162E-03 -0.2862E+00  0.4917E-02      -1  -0.274E-01    0.00  0.3005E-03  0.0000E+00
   7    -7.2000     -74.780 0.3346   0.3237E+00  0.8171E-03 -0.2803E+00  0.4865E-02      -1  -0.268E-01    0.00  0.3398E-03  0.0000E+00
   8    -8.4000     -74.606 0.3348   0.3257E+00  0.8181E-03 -0.2745E+00  0.4814E-02      -1  -0.263E-01    0.00  0.3855E-03  0.0000E+00
   9    -9.6000     -74.403 0.3349   0.3279E+00  0.8192E-03 -0.2688E+00  0.4762E-02      -1  -0.257E-01    0.00  0.4388E-03  0.0000E+00
  10   -10.8000     -74.172 0.3351   0.3305E+00  0.8206E-03 -0.2631E+00  0.4710E-02      -1  -0.252E-01    0.00  0.5008E-03  0.0000E+00
  11   -12.0000     -73.913 0.3354   0.3334E+00  0.8220E-03 -0.2575E+00  0.4658E-02      -1  -0.247E-01    0.00  0.5730E-03  0.0000E+00
  12   -13.2000     -73.625 0.3356   0.3366E+00  0.8237E-03 -0.2519E+00  0.4607E-02      -1  -0.241E-01    0.00  0.6569E-03  0.0000E+00
  13   -14.4000     -73.309 0.3359   0.3402E+00  0.8255E-03 -0.2464E+00  0.4555E-02      -1  -0.236E-01    0.00  0.7546E-03  0.0000E+00
  14   -15.6000     -72.963 0.3362   0.3440E+00  0.8275E-03 -0.2410E+00  0.4503E-02      -1  -0.231E-01    0.00  0.8682E-03  0.0000E+00
  15   -16.8000     -72.589 0.3365   0.3482E+00  0.8296E-03 -0.2356E+00  0.4451E-02      -1  -0.226E-01    0.00  0.1000E-02  0.0000E+00
  16   -18.0000     -72.187 0.3368   0.3527E+00  0.8319E-03 -0.2303E+00  0.4400E-02      -1  -0.221E-01    0.00  0.1154E-02  0.0000E+00
  17   -19.2000     -71.756 0.3372   0.3575E+00  0.8344E-03 -0.2250E+00  0.4348E-02      -1  -0.216E-01    0.00  0.1333E-02  0.0000E+00
  18   -20.4000     -71.297 0.3376   0.3627E+00  0.8370E-03 -0.2198E+00  0.4296E-02      -1  -0.211E-01    0.00  0.1541E-02  0.0000E+00
  19   -21.6000     -70.811 0.3380   0.3681E+00  0.8398E-03 -0.2147E+00  0.4244E-02      -1  -0.206E-01    0.00  0.1783E-02  0.0000E+00
  20   -22.8000     -70.297 0.3385   0.3739E+00  0.8427E-03 -0.2097E+00  0.4193E-02      -1  -0.201E-01    0.00  0.2065E-02  0.0000E+00
  21   -24.0000     -69.757 0.3389   0.3799E+00  0.8458E-03 -0.2047E+00  0.4141E-02      -1  -0.196E-01    0.00  0.2394E-02  0.0000E+00
  22   -25.2000     -69.190 0.3394   0.3862E+00  0.8490E-03 -0.1997E+00  0.4089E-02      -1  -0.191E-01    0.00  0.2776E-02  0.0000E+00
  23   -26.4000     -68.598 0.3399   0.3929E+00  0.8524E-03 -0.1948E+00  0.4037E-02      -1  -0.187E-01    0.00  0.3221E-02  0.0000E+00
  24   -27.6000     -67.980 0.3404   0.3998E+00  0.8560E-03 -0.1900E+00  0.3986E-02      -1  -0.182E-01    0.00  0.3740E-02  0.0000E+00
  25   -28.8000     -67.339 0.3410   0.4069E+00  0.8596E-03 -0.1853E+00  0.3934E-02      -1  -0.177E-01    0.00  0.4345E-02  0.0000E+00
  26   -30.0000     -66.673 0.3416   0.4144E+00  0.8634E-03 -0.1806E+00  0.3882E-02      -1  -0.173E-01    0.00  0.5049E-02  0.0000E+00
  27   -31.2000     -65.984 0.3422   0.4221E+00  0.8674E-03 -0.1760E+00  0.3830E-02      -1  -0.169E-01    0.00  0.5871E-02  0.0000E+00
  28   -32.4000     -65.274 0.3428   0.4300E+00  0.8714E-03 -0.1714E+00  0.3778E-02      -1  -0.164E-01    0.00  0.6830E-02  0.0000E+00
  29   -33.6000     -64.541 0.3434   0.4382E+00  0.8756E-03 -0.1669E+00  0.3727E-02      -1  -0.160E-01    0.00  0.7948E-02  0.0000E+00
  30   -34.8000     -63.788 0.3440   0.4467E+00  0.8799E-03 -0.1625E+00  0.3675E-02      -1  -0.156E-01    0.00  0.9253E-02  0.0000E+00
  31   -36.0000     -63.210 0.3501   0.1718E+00  0.8636E-03 -0.1581E+00  0.3623E-02      -1  -0.151E-01    0.00  0.1078E-01  0.0000E+00
  32   -37.2000     -63.097 0.3502   0.1723E+00  0.8644E-03 -0.1538E+00  0.3571E-02      -1  -0.147E-01    0.00  0.1255E-01  0.0000E+00
  33   -38.4000     -62.951 0.3503   0.1729E+00  0.8655E-03 -0.1495E+00  0.3520E-02      -1  -0.143E-01    0.00  0.1460E-01  0.0000E+00
  34   -39.6000     -62.772 0.3504   0.1737E+00  0.8668E-03 -0.1453E+00  0.3468E-02      -1  -0.139E-01    0.00  0.1700E-01  0.0000E+00
  35   -40.8000     -62.559 0.3506   0.1746E+00  0.8683E-03 -0.1412E+00  0.3416E-02      -1  -0.135E-01    0.00  0.1978E-01  0.0000E+00
  36   -42.0000     -62.312 0.3508   0.1757E+00  0.8700E-03 -0.1371E+00  0.3364E-02      -1  -0.131E-01    0.00  0.2302E-01  0.0000E+00
  37   -43.2000     -62.031 0.3511   0.1770E+00  0.8720E-03 -0.1331E+00  0.3313E-02      -1  -0.127E-01    0.00  0.2680E-01  0.0000E+00
  38   -44.4000     -61.716 0.3513   0.1784E+00  0.8743E-03 -0.1292E+00  0.3261E-02      -1  -0.124E-01    0.00  0.3120E-01  0.0000E+00
  39   -45.6000     -61.368 0.3516   0.1799E+00  0.8767E-03 -0.1253E+00  0.3209E-02      -1  -0.120E-01    0.00  0.3632E-01  0.0000E+00
  40   -46.8000     -60.987 0.3519   0.1816E+00  0.8794E-03 -0.1215E+00  0.3157E-02      -1  -0.116E-01    0.00  0.4229E-01  0.0000E+00
  41   -48.0000     -60.574 0.3523   0.1834E+00  0.8824E-03 -0.1177E+00  0.3106E-02      -1  -0.113E-01    0.00  0.4926E-01  0.0000E+00
  42   -49.2000     -60.128 0.3526   0.1854E+00  0.8855E-03 -0.1140E+00  0.3054E-02      -1  -0.109E-01    0.00  0.5738E-01  0.0000E+00
  43   -50.4000     -59.648 0.3531   0.1885E+00  0.8891E-03 -0.1104E+00  0.3002E-02      -1  -0.106E-01    0.00  0.6686E-01  0.0000E+00
  44   -51.6000     -59.131 0.3535   0.1926E+00  0.8931E-03 -0.1068E+00  0.2950E-02      -1  -0.102E-01    0.00  0.7792E-01  0.0000E+00
  45   -52.8000     -58.578 0.3541   0.1969E+00  0.8973E-03 -0.1033E+00  0.2899E-02      -1  -0.989E-02    0.00  0.9084E-01  0.0000E+00
  46   -54.0000     -57.990 0.3546   0.2016E+00  0.9018E-03 -0.9984E-01  0.2847E-02      -1  -0.956E-02    0.00  0.1059E+00  0.0000E+00
  47   -55.2000     -57.367 0.3552   0.2065E+00  0.9065E-03 -0.9646E-01  0.2795E-02      -1  -0.924E-02    0.00  0.1235E+00  0.0000E+00
  48   -56.4000     -56.711 0.3558   0.2116E+00  0.9116E-03 -0.9314E-01  0.2743E-02      -1  -0.892E-02    0.00  0.1441E+00  0.0000E+00
  49   -57.6000     -56.023 0.3564   0.2171E+00  0.9168E-03 -0.8988E-01  0.2692E-02      -1  -0.861E-02    0.00  0.1681E+00  0.0000E+00
  50   -58.8000     -55.305 0.3571   0.2227E+00  0.9223E-03 -0.8668E-01  0.2640E-02      -1  -0.830E-02    0.00  0.1961E+00  0.0000E+00
  51   -60.0000     -54.558 0.3578   0.2286E+00  0.9280E-03 -0.8354E-01  0.2588E-02      -1  -0.800E-02    0.00  0.2289E+00  0.0000E+00
  52   -61.2000     -53.782 0.3585   0.2347E+00  0.9339E-03 -0.8047E-01  0.2536E-02      -1  -0.771E-02    0.00  0.2672E+00  0.0000E+00
  53   -62.4000     -52.981 0.3593   0.2410E+00  0.9401E-03 -0.7745E-01  0.2484E-02      -1  -0.742E-02    0.00  0.3119E+00  0.0000E+00
  54   -63.6000     -52.154 0.3601   0.2475E+00  0.9464E-03 -0.7450E-01  0.2433E-02      -1  -0.714E-02    0.00  0.3642E+00  0.0000E+00
  55   -64.8000     -51.303 0.3609   0.2542E+00  0.9529E-03 -0.7161E-01  0.2381E-02      -1  -0.686E-02    0.00  0.4252E+00  0.0000E+00
  56   -66.0000     -50.430 0.3617   0.2611E+00  0.9595E-03 -0.6879E-01  0.2329E-02      -1  -0.659E-02    0.00  0.4965E+00  0.0000E+00
  57   -67.2000     -49.536 0.3625   0.2681E+00  0.9664E-03 -0.6602E-01  0.2277E-02      -1  -0.632E-02    0.00  0.5797E+00  0.0000E+00
  58   -68.4000     -48.621 0.3634   0.2753E+00  0.9734E-03 -0.6332E-01  0.2226E-02      -1  -0.607E-02    0.00  0.6766E+00  0.0000E+00
  59   -69.6000     -47.688 0.3642   0.2826E+00  0.9805E-03 -0.6068E-01  0.2174E-02      -1  -0.581E-02    0.00  0.7891E+00  0.0000E+00
  60   -70.8000     -46.735 0.3652   0.2943E+00  0.9875E-03 -0.5810E-01  0.2122E-02      -1  -0.557E-02    0.00  0.9192E+00  0.0000E+00
  61   -72.0000     -45.762 0.3662   0.3073E+00  0.9945E-03 -0.5559E-01  0.2070E-02      -1  -0.532E-02    0.00  0.1069E+01  0.0000E+00
  62   -73.2000     -44.770 0.3672   0.3204E+00  0.1002E-02 -0.5314E-01  0.2019E-02      -1  -0.509E-02    0.00  0.1243E+01  0.0000E+00
  63   -74.4000     -43.760 0.3682   0.3338E+00  0.1009E-02 -0.5074E-01  0.1967E-02      -1  -0.486E-02    0.00  0.1441E+01  0.0000E+00
  64   -75.6000     -42.735 0.3693   0.3474E+00  0.1016E-02 -0.4842E-01  0.1915E-02      -1  -0.464E-02    0.00  0.1669E+01  0.0000E+00
  65   -76.8000     -41.695 0.3703   0.3613E+00  0.1024E-02 -0.4615E-01  0.1863E-02      -1  -0.442E-02    0.00  0.1930E+01  0.0000E+00
  66   -78.0000     -40.641 0.3714   0.3752E+00  0.1031E-02 -0.4394E-01  0.1812E-02      -1  -0.421E-02    0.00  0.2228E+01  0.0000E+00
  67   -79.2000     -39.576 0.3725   0.3894E+00  0.1039E-02 -0.4180E-01  0.1760E-02      -1  -0.400E-02    0.00  0.2567E+01  0.0000E+00
  68   -80.4000     -38.499 0.3736   0.4037E+00  0.1047E-02 -0.3972E-01  0.1708E-02      -1  -0.380E-02    0.00  0.2952E+01  0.0000E+00
  69   -81.6000     -37.412 0.3747   0.4200E+00  0.1054E-02 -0.3770E-01  0.1656E-02      -1  -0.361E-02    0.00  0.3389E+01  0.0000E+00
  70   -82.8000     -36.314 0.3759   0.4433E+00  0.1060E-02 -0.3574E-01  0.1605E-02      -1  -0.342E-02    0.00  0.3882E+01  0.0000E+00
  71   -84.0000     -35.206 0.3771   0.4668E+00  0.1067E-02 -0.3385E-01  0.1553E-02      -1  -0.324E-02    0.00  0.4440E+01  0.0000E+00
  72   -85.2000     -34.088 0.3783   0.4905E+00  0.1073E-02 -0.3202E-01  0.1501E-02      -1  -0.307E-02    0.00  0.5066E+01  0.0000E+00
  73   -86.4000     -32.963 0.3795   0.5144E+00  0.1079E-02 -0.3025E-01  0.1449E-02      -1  -0.290E-02    0.00  0.5770E+01  0.0000E+00
  74   -87.6000     -31.830 0.3807   0.5385E+00  0.1085E-02 -0.2854E-01  0.1398E-02      -1  -0.273E-02    0.00  0.6557E+01  0.0000E+00
  75   -88.8000     -30.690 0.3819   0.5627E+00  0.1092E-02 -0.2689E-01  0.1346E-02      -1  -0.258E-02    0.00  0.7435E+01  0.0000E+00
  76   -90.0000     -29.544 0.3832   0.5902E+00  0.1097E-02 -0.2531E-01  0.1294E-02      -1  -0.242E-02    0.00  0.8411E+01  0.0000E+00
  77   -91.2000     -28.393 0.3844   0.6273E+00  0.1100E-02 -0.2379E-01  0.1242E-02      -1  -0.228E-02    0.00  0.9494E+01  0.0000E+00
  78   -92.4000     -27.235 0.3857   0.6647E+00  0.1103E-02 -0.2233E-01  0.1190E-02      -1  -0.214E-02    0.00  0.1069E+02  0.0000E+00
  79   -93.6000     -26.073 0.3870   0.7021E+00  0.1106E-02 -0.2095E-01  0.1104E-02      -1  -0.201E-02    0.00  0.1200E+02  0.0000E+00
  80   -94.8000     -24.907 0.3883   0.7398E+00  0.1109E-02 -0.1970E-01  0.9881E-03      -1  -0.189E-02    0.00  0.1345E+02  0.0000E+00
  81   -96.0000     -23.737 0.3896   0.7775E+00  0.1112E-02 -0.1862E-01  0.8105E-03      -1  -0.178E-02    0.00  0.1502E+02  0.0000E+00
  82   -97.2000     -22.564 0.3909   0.8311E+00  0.1110E-02 -0.1774E-01  0.6507E-03      -1  -0.170E-02    0.00  0.1673E+02  0.0000E+00
  83   -98.4000     -21.389 0.3922   0.8862E+00  0.1107E-02 -0.1704E-01  0.5090E-03      -1  -0.163E-02    0.00  0.1858E+02  0.0000E+00
  84   -99.6000     -20.211 0.3935   0.9414E+00  0.1105E-02 -0.1651E-01  0.3856E-03      -1  -0.158E-02    0.00  0.2058E+02  0.0000E+00
  85  -100.8000     -19.031 0.3948   0.9966E+00  0.1103E-02 -0.1611E-01  0.2804E-03      -1  -0.154E-02    0.00  0.2272E+02  0.0000E+00
  86  -102.0000     -17.849 0.3961   0.1069E+01  0.1096E-02 -0.1582E-01  0.1931E-03      -1  -0.152E-02    0.00  0.2501E+02  0.0000E+00
  87  -103.2000     -16.666 0.3974   0.1146E+01  0.1087E-02 -0.1563E-01  0.1232E-03      -1  -0.150E-02    0.00  0.2745E+02  0.0000E+00
  88  -104.4000     -15.482 0.3987   0.1223E+01  0.1078E-02 -0.1552E-01  0.6977E-04      -1  -0.149E-02    0.00  0.3005E+02  0.0000E+00
  89  -105.6000     -14.297 0.4000   0.1314E+01  0.1065E-02 -0.1546E-01  0.3183E-04      -1  -0.148E-02    0.00  0.3281E+02  0.0000E+00
  90  -106.8000     -13.110 0.4012   0.1419E+01  0.1048E-02 -0.1543E-01  0.8031E-05      -1  -0.148E-02    0.00  0.3573E+02  0.0000E+00
  91  -108.0000     -11.923 0.4025   0.1524E+01  0.1031E-02 -0.1543E-01  0.0000E+00      -1  -0.148E-02    0.00  0.3881E+02  0.0000E+00
  92  -109.2000     -10.735 0.4037   0.1658E+01  0.1006E-02 -0.1543E-01  0.0000E+00      -1  -0.148E-02    0.00  0.4205E+02  0.0000E+00
  93  -110.4000      -9.545 0.4049   0.1796E+01  0.9803E-03 -0.1543E-01  0.0000E+00      -1  -0.148E-02    0.00  0.4546E+02  0.0000E+00
  94  -111.6000      -8.355 0.4060   0.1967E+01  0.9459E-03 -0.1543E-01  0.0000E+00      -1  -0.148E-02    0.00  0.4904E+02  0.0000E+00
  95  -112.8000      -7.164 0.4071   0.2155E+01  0.9076E-03 -0.1543E-01  0.0000E+00      -1  -0.148E-02    0.00  0.5278E+02  0.0000E+00
  96  -114.0000      -5.972 0.4082   0.2380E+01  0.8601E-03 -0.1543E-01  0.0000E+00      -1  -0.148E-02    0.00  0.5668E+02  0.0000E+00
  97  -115.2000      -4.780 0.4092   0.2656E+01  0.8014E-03 -0.1543E-01  0.0000E+00      -1  -0.148E-02    0.00  0.6075E+02  0.0000E+00
  98  -116.4000      -3.586 0.4101   0.3001E+01  0.7282E-03 -0.1543E-01  0.0000E+00      -1  -0.148E-02    0.00  0.6499E+02  0.0000E+00
  99  -117.6000      -2.392 0.4109   0.3463E+01  0.6318E-03 -0.1543E-01  0.0000E+00      -1  -0.148E-02    0.00  0.6939E+02  0.0000E+00
 100  -118.8000      -1.197 0.4116   0.4165E+01  0.4909E-03 -0.1543E-01  0.0000E+00      -1  -0.148E-02    0.00  0.7396E+02  0.0000E+00
 101  -120.0000       0.000 0.4120   0.7000E+01  0.0000E+00 -0.1543E-01  0.0000E+00      -1  -0.148E-02    0.00  0.7870E+02  0.0000E+00
end


 Time:     5475.0000


 Node      Depth      Head Moisture       K          C         Flux        Sink         Kappa   v/KsTop   Temp   Conc(1..NS) Sorb(1...NS)
           [L]        [L]    [-]        [L/T]      [1/L]      [L/T]        [1/T]         [-]      [-]      [C]      [M/L*3]

   1     0.0000     -75.271 0.3342   0.3182E+00  0.8143E-03 -0.3165E+00  0.5176E-02      -1  -0.303E-01    0.00  0.2527E-03  0.0000E+00
   2    -1.2000     -75.252 0.3342   0.3184E+00  0.8144E-03 -0.3103E+00  0.5124E-02      -1  -0.297E-01    0.00  0.2790E-03  0.0000E+00
   3    -2.4000     -75.209 0.3342   0.3189E+00  0.8146E-03 -0.3042E+00  0.5072E-02      -1  -0.291E-01    0.00  0.3096E-03  0.0000E+00
   4    -3.6000     -75.141 0.3343   0.3197E+00  0.8150E-03 -0.2981E+00  0.5021E-02      -1  -0.286E-01    0.00  0.3451E-03  0.0000E+00
   5    -4.8000     -75.047 0.3344   0.3207E+00  0.8156E-03 -0.2921E+00  0.4969E-02      -1  -0.280E-01    0.00  0.3864E-03  0.0000E+00
   6    -6.0000     -74.926 0.3345   0.3221E+00  0.8163E-03 -0.2862E+00  0.4917E-02      -1  -0.274E-01    0.00  0.4344E-03  0.0000E+00
   7    -7.2000     -74.779 0.3346   0.3237E+00  0.8171E-03 -0.2803E+00  0.4865E-02      -1  -0.268E-01    0.00  0.4900E-03  0.0000E+00
   8    -8.4000     -74.604 0.3348   0.3257E+00  0.8181E-03 -0.2745E+00  0.4814E-02      -1  -0.263E-01    0.00  0.5544E-03  0.0000E+00
   9    -9.6000     -74.402 0.3349   0.3279E+00  0.8193E-03 -0.2688E+00  0.4762E-02      -1  -0.257E-01    0.00  0.6292E-03  0.0000E+00
  10   -10.8000     -74.171 0.3351   0.3305E+00  0.8206E-03 -0.2631E+00  0.4710E-02      -1  -0.252E-01    0.00  0.7158E-03  0.0000E+00
  11   -12.0000     -73.911 0.3354   0.3334E+00  0.8221E-03 -0.2575E+00  0.4658E-02      -1  -0.247E-01    0.00  0.8162E-03  0.0000E+00
  12   -13.2000     -73.624 0.3356   0.3366E+00  0.8237E-03 -0.2519E+00  0.4607E-02      -1  -0.241E-01    0.00  0.9326E-03  0.0000E+00
  13   -14.4000     -73.307 0.3359   0.3402E+00  0.8255E-03 -0.2464E+00  0.4555E-02      -1  -0.236E-01    0.00  0.1067E-02  0.0000E+00
  14   -15.6000     -72.962 0.3362   0.3440E+00  0.8275E-03 -0.2410E+00  0.4503E-02      -1  -0.231E-01    0.00  0.1224E-02  0.0000E+00
  15   -16.8000     -72.588 0.3365   0.3482E+00  0.8296E-03 -0.2356E+00  0.4451E-02      -1  -0.226E-01    0.00  0.1405E-02  0.0000E+00
  16   -18.0000     -72.185 0.3368   0.3527E+00  0.8319E-03 -0.2303E+00  0.4400E-02      -1  -0.221E-01    0.00  0.1614E-02  0.0000E+00
  17   -19.2000     -71.754 0.3372   0.3576E+00  0.8344E-03 -0.2250E+00  0.4348E-02      -1  -0.216E-01    0.00  0.1857E-02  0.0000E+00
  18   -20.4000     -71.295 0.3376   0.3627E+00  0.8370E-03 -0.2198E+00  0.4296E-02      -1  -0.211E-01    0.00  0.2139E-02  0.0000E+00
  19   -21.6000     -70.809 0.3380   0.3681E+00  0.8398E-03 -0.2147E+00  0.4244E-02      -1  -0.206E-01    0.00  0.2466E-02  0.0000E+00
  20   -22.8000     -70.295 0.3385   0.3739E+00  0.8427E-03 -0.2097E+00  0.4193E-02      -1  -0.201E-01    0.00  0.2845E-02  0.0000E+00
  21   -24.0000     -69.755 0.3389   0.3799E+00  0.8458E-03 -0.2047E+00  0.4141E-02      -1  -0.196E-01    0.00  0.3284E-02  0.0000E+00
  22   -25.2000     -69.188 0.3394   0.3863E+00  0.8491E-03 -0.1997E+00  0.4089E-02      -1  -0.191E-01    0.00  0.3794E-02  0.0000E+00
  23   -26.4000     -68.596 0.3399   0.3929E+00  0.8524E-03 -0.1948E+00  0.4037E-02      -1  -0.187E-01    0.00  0.4385E-02  0.0000E+00
  24   -27.6000     -67.978 0.3404   0.3998E+00  0.8560E-03 -0.1900E+00  0.3986E-02      -1  -0.182E-01    0.00  0.5072E-02  0.0000E+00
  25   -28.8000     -67.337 0.3410   0.4070E+00  0.8596E-03 -0.1853E+00  0.3934E-02      -1  -0.177E-01    0.00  0.5869E-02  0.0000E+00
  26   -30.0000     -66.671 0.3416   0.4144E+00  0.8634E-03 -0.1806E+00  0.3882E-02      -1  -0.173E-01    0.00  0.6794E-02  0.0000E+00
  27   -31.2000     -65.982 0.3422   0.4221E+00  0.8674E-03 -0.1760E+00  0.3830E-02      -1  -0.169E-01    0.00  0.7868E-02  0.0000E+00
  28   -32.4000     -65.272 0.3428   0.4301E+00  0.8714E-03 -0.1714E+00  0.3778E-02      -1  -0.164E-01    0.00  0.9117E-02  0.0000E+00
  29   -33.6000     -64.539 0.3434   0.4383E+00  0.8756E-03 -0.1669E+00  0.3727E-02      -1  -0.160E-01    0.00  0.1057E-01  0.0000E+00
  30   -34.8000     -63.786 0.3440   0.4467E+00  0.8799E-03 -0.1625E+00  0.3675E-02      -1  -0.156E-01    0.00  0.1225E-01  0.0000E+00
  31   -36.0000     -63.207 0.3501   0.1718E+00  0.8637E-03 -0.1581E+00  0.3623E-02      -1  -0.151E-01    0.00  0.1421E-01  0.0000E+00
  32   -37.2000     -63.095 0.3502   0.1723E+00  0.8645E-03 -0.1538E+00  0.3571E-02      -1  -0.147E-01    0.00  0.1648E-01  0.0000E+00
  33   -38.4000     -62.949 0.3503   0.1729E+00  0.8655E-03 -0.1495E+00  0.3520E-02      -1  -0.143E-01    0.00  0.1911E-01  0.0000E+00
  34   -39.6000     -62.769 0.3504   0.1737E+00  0.8668E-03 -0.1453E+00  0.3468E-02      -1  -0.139E-01    0.00  0.2216E-01  0.0000E+00
  35   -40.8000     -62.556 0.3506   0.1747E+00  0.8683E-03 -0.1412E+00  0.3416E-02      -1  -0.135E-01    0.00  0.2569E-01  0.0000E+00
  36   -42.0000     -62.309 0.3508   0.1757E+00  0.8700E-03 -0.1371E+00  0.3364E-02      -1  -0.131E-01    0.00  0.2979E-01  0.0000E+00
  37   -43.2000     -62.028 0.3511   0.1770E+00  0.8720E-03 -0.1331E+00  0.3313E-02      -1  -0.127E-01    0.00  0.3454E-01  0.0000E+00
  38   -44.4000     -61.714 0.3513   0.1784E+00  0.8743E-03 -0.1292E+00  0.3261E-02      -1  -0.124E-01    0.00  0.4006E-01  0.0000E+00
  39   -45.6000     -61.366 0.3516   0.1799E+00  0.8767E-03 -0.1253E+00  0.3209E-02      -1  -0.120E-01    0.00  0.4646E-01  0.0000E+00
  40   -46.8000     -60.985 0.3519   0.1816E+00  0.8795E-03 -0.1215E+00  0.3157E-02      -1  -0.116E-01    0.00  0.5390E-01  0.0000E+00
  41   -48.0000     -60.571 0.3523   0.1834E+00  0.8824E-03 -0.1177E+00  0.3106E-02      -1  -0.113E-01    0.00  0.6254E-01  0.0000E+00
  42   -49.2000     -60.125 0.3526   0.1854E+00  0.8856E-03 -0.1140E+00  0.3054E-02      -1  -0.109E-01    0.00  0.7258E-01  0.0000E+00
  43   -50.4000     -59.645 0.3531   0.1886E+00  0.8891E-03 -0.1104E+00  0.3002E-02      -1  -0.106E-01    0.00  0.8425E-01  0.0000E+00
  44   -51.6000     -59.128 0.3535   0.1926E+00  0.8931E-03 -0.1068E+00  0.2950E-02      -1  -0.102E-01    0.00  0.9782E-01  0.0000E+00
  45   -52.8000     -58.575 0.3541   0.1970E+00  0.8973E-03 -0.1033E+00  0.2899E-02      -1  -0.989E-02    0.00  0.1136E+00  0.0000E+00
  46   -54.0000     -57.987 0.3546   0.2016E+00  0.9018E-03 -0.9984E-01  0.2847E-02      -1  -0.956E-02    0.00  0.1319E+00  0.0000E+00
  47   -55.2000     -57.364 0.3552   0.2065E+00  0.9066E-03 -0.9646E-01  0.2795E-02      -1  -0.924E-02    0.00  0.1533E+00  0.0000E+00
  48   -56.4000     -56.708 0.3558   0.2117E+00  0.9116E-03 -0.9314E-01  0.2743E-02      -1  -0.892E-02    0.00  0.1781E+00  0.0000E+00
  49   -57.6000     -56.020 0.3565   0.2171E+00  0.9168E-03 -0.8988E-01  0.2692E-02      -1  -0.861E-02    0.00  0.2070E+00  0.0000E+00
  50   -58.8000     -55.302 0.3571   0.2227E+00  0.9223E-03 -0.8668E-01  0.2640E-02      -1  -0.830E-02    0.00  0.2406E+00  0.0000E+00
  51   -60.0000     -54.554 0.3578   0.2286E+00  0.9280E-03 -0.8354E-01  0.2588E-02      -1  -0.800E-02    0.00  0.2796E+00  0.0000E+00
  52   -61.2000     -53.779 0.3585   0.2347E+00  0.9340E-03 -0.8047E-01  0.2536E-02      -1  -0.771E-02    0.00  0.3251E+00  0.0000E+00
  53   -62.4000     -52.977 0.3593   0.2410E+00  0.9401E-03 -0.7745E-01  0.2484E-02      -1  -0.742E-02    0.00  0.3781E+00  0.0000E+00
  54   -63.6000     -52.150 0.3601   0.2475E+00  0.9464E-03 -0.7450E-01  0.2433E-02      -1  -0.714E-02    0.00  0.4397E+00  0.0000E+00
  55   -64.8000     -51.300 0.3609   0.2542E+00  0.9529E-03 -0.7161E-01  0.2381E-02      -1  -0.686E-02    0.00  0.5113E+00  0.0000E+00
  56   -66.0000     -50.427 0.3617   0.2611E+00  0.9596E-03 -0.6879E-01  0.2329E-02      -1  -0.659E-02    0.00  0.5946E+00  0.0000E+00
  57   -67.2000     -49.532 0.3625   0.2681E+00  0.9664E-03 -0.6602E-01  0.2277E-02      -1  -0.632E-02    0.00  0.6912E+00  0.0000E+00
  58   -68.4000     -48.618 0.3634   0.2753E+00  0.9734E-03 -0.6332E-01  0.2226E-02      -1  -0.607E-02    0.00  0.8028E+00  0.0000E+00
  59   -69.6000     -47.684 0.3642   0.2827E+00  0.9805E-03 -0.6068E-01  0.2174E-02      -1  -0.581E-02    0.00  0.9314E+00  0.0000E+00
  60   -70.8000     -46.731 0.3652   0.2944E+00  0.9875E-03 -0.5810E-01  0.2122E-02      -1  -0.557E-02    0.00  0.1079E+01  0.0000E+00
  61   -72.0000     -45.758 0.3662   0.3073E+00  0.9945E-03 -0.5559E-01  0.2070E-02      -1  -0.532E-02    0.00  0.1249E+01  0.0000E+00
  62   -73.2000     -44.766 0.3672   0.3205E+00  0.1002E-02 -0.5314E-01  0.2019E-02      -1  -0.509E-02    0.00  0.1443E+01  0.0000E+00
  63   -74.4000     -43.756 0.3682   0.3339E+00  0.1009E-02 -0.5074E-01  0.1967E-02      -1  -0.486E-02    0.00  0.1665E+01  0.0000E+00
  64   -75.6000     -42.731 0.3693   0.3475E+00  0.1016E-02 -0.4842E-01  0.1915E-02      -1  -0.464E-02    0.00  0.1918E+01  0.0000E+00
  65   -76.8000     -41.691 0.3703   0.3613E+00  0.1024E-02 -0.4615E-01  0.1863E-02      -1  -0.442E-02    0.00  0.2206E+01  0.0000E+00
  66   -78.0000     -40.638 0.3714   0.3753E+00  0.1031E-02 -0.4394E-01  0.1812E-02      -1  -0.421E-02    0.00  0.2532E+01  0.0000E+00
  67   -79.2000     -39.572 0.3725   0.3894E+00  0.1039E-02 -0.4180E-01  0.1760E-02      -1  -0.400E-02    0.00  0.2902E+01  0.0000E+00
  68   -80.4000     -38.495 0.3736   0.4037E+00  0.1047E-02 -0.3972E-01  0.1708E-02      -1  -0.380E-02    0.00  0.3320E+01  0.0000E+00
  69   -81.6000     -37.408 0.3747   0.4201E+00  0.1054E-02 -0.3770E-01  0.1656E-02      -1  -0.361E-02    0.00  0.3791E+01  0.0000E+00
  70   -82.8000     -36.310 0.3759   0.4434E+00  0.1060E-02 -0.3574E-01  0.1605E-02      -1  -0.342E-02    0.00  0.4321E+01  0.0000E+00
  71   -84.0000     -35.202 0.3771   0.4669E+00  0.1067E-02 -0.3385E-01  0.1553E-02      -1  -0.324E-02    0.00  0.4916E+01  0.0000E+00
  72   -85.2000     -34.084 0.3783   0.4906E+00  0.1073E-02 -0.3202E-01  0.1501E-02      -1  -0.307E-02    0.00  0.5581E+01  0.0000E+00
  73   -86.4000     -32.959 0.3795   0.5145E+00  0.1079E-02 -0.3025E-01  0.1449E-02      -1  -0.290E-02    0.00  0.6325E+01  0.0000E+00
  74   -87.6000     -31.826 0.3807   0.5386E+00  0.1085E-02 -0.2854E-01  0.1398E-02      -1  -0.273E-02    0.00  0.7152E+01  0.0000E+00
  75   -88.8000     -30.686 0.3819   0.5628E+00  0.1092E-02 -0.2689E-01  0.1346E-02      -1  -0.258E-02    0.00  0.8070E+01  0.0000E+00
  76   -90.0000     -29.540 0.3832   0.5903E+00  0.1097E-02 -0.2531E-01  0.1294E-02      -1  -0.242E-02    0.00  0.9086E+01  0.0000E+00
  77   -91.2000     -28.389 0.3845   0.6275E+00  0.1100E-02 -0.2379E-01  0.1242E-02      -1  -0.228E-02    0.00  0.1021E+02  0.0000E+00
  78   -92.4000     -27.231 0.3857   0.6648E+00  0.1103E-02 -0.2233E-01  0.1180E-02      -1  -0.214E-02    0.00  0.1144E+02  0.0000E+00
  79   -93.6000     -26.069 0.3870   0.7023E+00  0.1106E-02 -0.2098E-01  0.1070E-02      -1  -0.201E-02    0.00  0.1279E+02  0.0000E+00
  80   -94.8000     -24.903 0.3883   0.7399E+00  0.1109E-02 -0.1977E-01  0.9546E-03      -1  -0.189E-02    0.00  0.1426E+02  0.0000E+00
  81   -96.0000     -23.733 0.3896   0.7776E+00  0.1112E-02 -0.1873E-01  0.7803E-03      -1  -0.179E-02    0.00  0.1585E+02  0.0000E+00
  82   -97.2000     -22.561 0.3909   0.8313E+00  0.1110E-02 -0.1789E-01  0.6239E-03      -1  -0.171E-02    0.00  0.1758E+02  0.0000E+00
  83   -98.4000     -21.385 0.3922   0.8863E+00  0.1107E-02 -0.1722E-01  0.4857E-03      -1  -0.165E-02    0.00  0.1945E+02  0.0000E+00
  84   -99.6000     -20.207 0.3935   0.9415E+00  0.1105E-02 -0.1671E-01  0.3657E-03      -1  -0.160E-02    0.00  0.2145E+02  0.0000E+00
  85  -100.8000     -19.028 0.3948   0.9968E+00  0.1103E-02 -0.1633E-01  0.2639E-03      -1  -0.156E-02    0.00  0.2359E+02  0.0000E+00
  86  -102.0000     -17.847 0.3961   0.1069E+01  0.1096E-02 -0.1606E-01  0.1798E-03      -1  -0.154E-02    0.00  0.2587E+02  0.0000E+00
  87  -103.2000     -16.664 0.3974   0.1146E+01  0.1087E-02 -0.1589E-01  0.1128E-03      -1  -0.152E-02    0.00  0.2830E+02  0.0000E+00
  88  -104.4000     -15.480 0.3987   0.1224E+01  0.1078E-02 -0.1578E-01  0.6203E-04      -1  -0.151E-02    0.00  0.3088E+02  0.0000E+00
  89  -105.6000     -14.295 0.4000   0.1314E+01  0.1065E-02 -0.1573E-01  0.2643E-04      -1  -0.151E-02    0.00  0.3361E+02  0.0000E+00
  90  -106.8000     -13.109 0.4012   0.1419E+01  0.1048E-02 -0.1571E-01  0.4608E-05      -1  -0.151E-02    0.00  0.3649E+02  0.0000E+00
  91  -108.0000     -11.921 0.4025   0.1524E+01  0.1031E-02 -0.1571E-01  0.0000E+00      -1  -0.150E-02    0.00  0.3953E+02  0.0000E+00
  92  -109.2000     -10.733 0.4037   0.1658E+01  0.1006E-02 -0.1571E-01  0.0000E+00      -1  -0.150E-02    0.00  0.4272E+02  0.0000E+00
  93  -110.4000      -9.544 0.4049   0.1796E+01  0.9803E-03 -0.1571E-01  0.0000E+00      -1  -0.150E-02    0.00  0.4608E+02  0.0000E+00
  94  -111.6000      -8.354 0.4060   0.1967E+01  0.9459E-03 -0.1571E-01  0.0000E+00      -1  -0.150E-02    0.00  0.4959E+02  0.0000E+00
  95  -112.8000      -7.163 0.4071   0.2155E+01  0.9075E-03 -0.1571E-01  0.0000E+00      -1  -0.150E-02    0.00  0.5326E+02  0.0000E+00
  96  -114.0000      -5.972 0.4082   0.2380E+01  0.8601E-03 -0.1571E-01  0.0000E+00      -1  -0.150E-02    0.00  0.5710E+02  0.0000E+00
  97  -115.2000      -4.779 0.4092   0.2656E+01  0.8014E-03 -0.1571E-01  0.0000E+00      -1  -0.150E-02    0.00  0.6109E+02  0.0000E+00
  98  -116.4000      -3.586 0.4101   0.3001E+01  0.7282E-03 -0.1571E-01  0.0000E+00      -1  -0.150E-02    0.00  0.6525E+02  0.0000E+00
  99  -117.6000      -2.392 0.4109   0.3463E+01  0.6318E-03 -0.1571E-01  0.0000E+00      -1  -0.150E-02    0.00  0.6957E+02  0.0000E+00
 100  -118.8000      -1.197 0.4116   0.4165E+01  0.4908E-03 -0.1571E-01  0.0000E+00      -1  -0.150E-02    0.00  0.7405E+02  0.0000E+00
 101  -120.0000       0.000 0.4120   0.7000E+01  0.0000E+00 -0.1571E-01  0.0000E+00      -1  -0.150E-02    0.00  0.7870E+02  0.0000E+00
end


 Time:     5840.0000


 Node      Depth      Head Moisture       K          C         Flux        Sink         Kappa   v/KsTop   Temp   Conc(1..NS) Sorb(1...NS)
           [L]        [L]    [-]        [L/T]      [1/L]      [L/T]        [1/T]         [-]      [-]      [C]      [M/L*3]

   1     0.0000     -75.270 0.3342   0.3182E+00  0.8143E-03 -0.3165E+00  0.5176E-02      -1  -0.303E-01    0.00  0.3497E-03  0.0000E+00
   2    -1.2000     -75.251 0.3342   0.3184E+00  0.8144E-03 -0.3103E+00  0.5124E-02      -1  -0.297E-01    0.00  0.3860E-03  0.0000E+00
   3    -2.4000     -75.208 0.3342   0.3189E+00  0.8146E-03 -0.3042E+00  0.5072E-02      -1  -0.291E-01    0.00  0.4280E-03  0.0000E+00
   4    -3.6000     -75.140 0.3343   0.3197E+00  0.8150E-03 -0.2981E+00  0.5021E-02      -1  -0.286E-01    0.00  0.4766E-03  0.0000E+00
   5    -4.8000     -75.046 0.3344   0.3207E+00  0.8156E-03 -0.2921E+00  0.4969E-02      -1  -0.280E-01    0.00  0.5329E-03  0.0000E+00
   6    -6.0000     -74.925 0.3345   0.3221E+00  0.8163E-03 -0.2862E+00  0.4917E-02      -1  -0.274E-01    0.00  0.5980E-03  0.0000E+00
   7    -7.2000     -74.778 0.3346   0.3237E+00  0.8171E-03 -0.2803E+00  0.4865E-02      -1  -0.268E-01    0.00  0.6731E-03  0.0000E+00
   8    -8.4000     -74.603 0.3348   0.3257E+00  0.8181E-03 -0.2745E+00  0.4814E-02      -1  -0.263E-01    0.00  0.7600E-03  0.0000E+00
   9    -9.6000     -74.400 0.3349   0.3280E+00  0.8193E-03 -0.2688E+00  0.4762E-02      -1  -0.257E-01    0.00  0.8604E-03  0.0000E+00
  10   -10.8000     -74.169 0.3351   0.3305E+00  0.8206E-03 -0.2631E+00  0.4710E-02      -1  -0.252E-01    0.00  0.9763E-03  0.0000E+00
  11   -12.0000     -73.910 0.3354   0.3334E+00  0.8221E-03 -0.2575E+00  0.4658E-02      -1  -0.247E-01    0.00  0.1110E-02  0.0000E+00
  12   -13.2000     -73.622 0.3356   0.3367E+00  0.8237E-03 -0.2519E+00  0.4607E-02      -1  -0.241E-01    0.00  0.1265E-02  0.0000E+00
  13   -14.4000     -73.305 0.3359   0.3402E+00  0.8255E-03 -0.2464E+00  0.4555E-02      -1  -0.236E-01    0.00  0.1443E-02  0.0000E+00
  14   -15.6000     -72.960 0.3362   0.3441E+00  0.8275E-03 -0.2410E+00  0.4503E-02      -1  -0.231E-01    0.00  0.1649E-02  0.0000E+00
  15   -16.8000     -72.586 0.3365   0.3483E+00  0.8296E-03 -0.2356E+00  0.4451E-02      -1  -0.226E-01    0.00  0.1887E-02  0.0000E+00
  16   -18.0000     -72.183 0.3368   0.3528E+00  0.8319E-03 -0.2303E+00  0.4400E-02      -1  -0.221E-01    0.00  0.2162E-02  0.0000E+00
  17   -19.2000     -71.752 0.3372   0.3576E+00  0.8344E-03 -0.2250E+00  0.4348E-02      -1  -0.216E-01    0.00  0.2480E-02  0.0000E+00
  18   -20.4000     -71.294 0.3376   0.3627E+00  0.8370E-03 -0.2198E+00  0.4296E-02      -1  -0.211E-01    0.00  0.2847E-02  0.0000E+00
  19   -21.6000     -70.807 0.3380   0.3681E+00  0.8398E-03 -0.2147E+00  0.4244E-02      -1  -0.206E-01    0.00  0.3271E-02  0.0000E+00
  20   -22.8000     -70.293 0.3385   0.3739E+00  0.8427E-03 -0.2097E+00  0.4193E-02      -1  -0.201E-01    0.00  0.3762E-02  0.0000E+00
  21   -24.0000     -69.753 0.3389   0.3799E+00  0.8458E-03 -0.2047E+00  0.4141E-02      -1  -0.196E-01    0.00  0.4328E-02  0.0000E+00
  22   -25.2000     -69.186 0.3394   0.3863E+00  0.8491E-03 -0.1997E+00  0.4089E-02      -1  -0.191E-01    0.00  0.4984E-02  0.0000E+00
  23   -26.4000     -68.594 0.3399   0.3929E+00  0.8525E-03 -0.1948E+00  0.4037E-02      -1  -0.187E-01    0.00  0.5741E-02  0.0000E+00
  24   -27.6000     -67.976 0.3404   0.3998E+00  0.8560E-03 -0.1900E+00  0.3986E-02      -1  -0.182E-01    0.00  0.6618E-02  0.0000E+00
  25   -28.8000     -67.334 0.3410   0.4070E+00  0.8597E-03 -0.1853E+00  0.3934E-02      -1  -0.177E-01    0.00  0.7632E-02  0.0000E+00
  26   -30.0000     -66.669 0.3416   0.4144E+00  0.8635E-03 -0.1806E+00  0.3882E-02      -1  -0.173E-01    0.00  0.8806E-02  0.0000E+00
  27   -31.2000     -65.980 0.3422   0.4221E+00  0.8674E-03 -0.1760E+00  0.3830E-02      -1  -0.169E-01    0.00  0.1016E-01  0.0000E+00
  28   -32.4000     -65.269 0.3428   0.4301E+00  0.8715E-03 -0.1714E+00  0.3778E-02      -1  -0.164E-01    0.00  0.1174E-01  0.0000E+00
  29   -33.6000     -64.537 0.3434   0.4383E+00  0.8756E-03 -0.1669E+00  0.3727E-02      -1  -0.160E-01    0.00  0.1356E-01  0.0000E+00
  30   -34.8000     -63.783 0.3440   0.4467E+00  0.8799E-03 -0.1625E+00  0.3675E-02      -1  -0.156E-01    0.00  0.1567E-01  0.0000E+00
  31   -36.0000     -63.205 0.3501   0.1718E+00  0.8637E-03 -0.1581E+00  0.3623E-02      -1  -0.151E-01    0.00  0.1811E-01  0.0000E+00
  32   -37.2000     -63.092 0.3502   0.1723E+00  0.8645E-03 -0.1538E+00  0.3571E-02      -1  -0.147E-01    0.00  0.2093E-01  0.0000E+00
  33   -38.4000     -62.946 0.3503   0.1729E+00  0.8655E-03 -0.1495E+00  0.3520E-02      -1  -0.143E-01    0.00  0.2419E-01  0.0000E+00
  34   -39.6000     -62.767 0.3504   0.1737E+00  0.8668E-03 -0.1453E+00  0.3468E-02      -1  -0.139E-01    0.00  0.2796E-01  0.0000E+00
  35   -40.8000     -62.554 0.3506   0.1747E+00  0.8683E-03 -0.1412E+00  0.3416E-02      -1  -0.135E-01    0.00  0.3231E-01  0.0000E+00
  36   -42.0000     -62.306 0.3508   0.1758E+00  0.8701E-03 -0.1371E+00  0.3364E-02      -1  -0.131E-01    0.00  0.3734E-01  0.0000E+00
  37   -43.2000     -62.026 0.3511   0.1770E+00  0.8721E-03 -0.1331E+00  0.3313E-02      -1  -0.127E-01    0.00  0.4316E-01  0.0000E+00
  38   -44.4000     -61.711 0.3513   0.1784E+00  0.8743E-03 -0.1292E+00  0.3261E-02      -1  -0.124E-01    0.00  0.4990E-01  0.0000E+00
  39   -45.6000     -61.363 0.3516   0.1799E+00  0.8768E-03 -0.1253E+00  0.3209E-02      -1  -0.120E-01    0.00  0.5769E-01  0.0000E+00
  40   -46.8000     -60.982 0.3519   0.1816E+00  0.8795E-03 -0.1215E+00  0.3157E-02      -1  -0.116E-01    0.00  0.6671E-01  0.0000E+00
  41   -48.0000     -60.568 0.3523   0.1834E+00  0.8824E-03 -0.1177E+00  0.3106E-02      -1  -0.113E-01    0.00  0.7715E-01  0.0000E+00
  42   -49.2000     -60.122 0.3526   0.1854E+00  0.8856E-03 -0.1140E+00  0.3054E-02      -1  -0.109E-01    0.00  0.8925E-01  0.0000E+00
  43   -50.4000     -59.642 0.3531   0.1886E+00  0.8892E-03 -0.1104E+00  0.3002E-02      -1  -0.106E-01    0.00  0.1033E+00  0.0000E+00
  44   -51.6000     -59.125 0.3536   0.1926E+00  0.8931E-03 -0.1068E+00  0.2950E-02      -1  -0.102E-01    0.00  0.1195E+00  0.0000E+00
  45   -52.8000     -58.572 0.3541   0.1970E+00  0.8973E-03 -0.1033E+00  0.2899E-02      -1  -0.989E-02    0.00  0.1383E+00  0.0000E+00
  46   -54.0000     -57.984 0.3546   0.2016E+00  0.9018E-03 -0.9984E-01  0.2847E-02      -1  -0.956E-02    0.00  0.1601E+00  0.0000E+00
  47   -55.2000     -57.361 0.3552   0.2065E+00  0.9066E-03 -0.9646E-01  0.2795E-02      -1  -0.924E-02    0.00  0.1854E+00  0.0000E+00
  48   -56.4000     -56.705 0.3558   0.2117E+00  0.9116E-03 -0.9314E-01  0.2743E-02      -1  -0.892E-02    0.00  0.2147E+00  0.0000E+00
  49   -57.6000     -56.017 0.3565   0.2171E+00  0.9169E-03 -0.8988E-01  0.2692E-02      -1  -0.861E-02    0.00  0.2487E+00  0.0000E+00
  50   -58.8000     -55.298 0.3571   0.2228E+00  0.9223E-03 -0.8668E-01  0.2640E-02      -1  -0.830E-02    0.00  0.2881E+00  0.0000E+00
  51   -60.0000     -54.551 0.3578   0.2286E+00  0.9281E-03 -0.8354E-01  0.2588E-02      -1  -0.800E-02    0.00  0.3338E+00  0.0000E+00
  52   -61.2000     -53.775 0.3585   0.2347E+00  0.9340E-03 -0.8047E-01  0.2536E-02      -1  -0.771E-02    0.00  0.3868E+00  0.0000E+00
  53   -62.4000     -52.973 0.3593   0.2411E+00  0.9401E-03 -0.7745E-01  0.2484E-02      -1  -0.742E-02    0.00  0.4482E+00  0.0000E+00
  54   -63.6000     -52.147 0.3601   0.2476E+00  0.9464E-03 -0.7450E-01  0.2433E-02      -1  -0.714E-02    0.00  0.5195E+00  0.0000E+00
  55   -64.8000     -51.296 0.3609   0.2543E+00  0.9529E-03 -0.7161E-01  0.2381E-02      -1  -0.686E-02    0.00  0.6020E+00  0.0000E+00
  56   -66.0000     -50.423 0.3617   0.2611E+00  0.9596E-03 -0.6879E-01  0.2329E-02      -1  -0.659E-02    0.00  0.6973E+00  0.0000E+00
  57   -67.2000     -49.528 0.3625   0.2682E+00  0.9664E-03 -0.6602E-01  0.2277E-02      -1  -0.632E-02    0.00  0.8071E+00  0.0000E+00
  58   -68.4000     -48.614 0.3634   0.2754E+00  0.9734E-03 -0.6332E-01  0.2226E-02      -1  -0.607E-02    0.00  0.9333E+00  0.0000E+00
  59   -69.6000     -47.680 0.3642   0.2827E+00  0.9806E-03 -0.6068E-01  0.2174E-02      -1  -0.581E-02    0.00  0.1078E+01  0.0000E+00
  60   -70.8000     -46.727 0.3652   0.2944E+00  0.9875E-03 -0.5810E-01  0.2122E-02      -1  -0.557E-02    0.00  0.1243E+01  0.0000E+00
  61   -72.0000     -45.754 0.3662   0.3074E+00  0.9945E-03 -0.5559E-01  0.2070E-02      -1  -0.532E-02    0.00  0.1432E+01  0.0000E+00
  62   -73.2000     -44.762 0.3672   0.3205E+00  0.1002E-02 -0.5314E-01  0.2019E-02      -1  -0.509E-02    0.00  0.1647E+01  0.0000E+00
  63   -74.4000     -43.752 0.3682   0.3339E+00  0.1009E-02 -0.5074E-01  0.1967E-02      -1  -0.486E-02    0.00  0.1891E+01  0.0000E+00
  64   -75.6000     -42.727 0.3693   0.3476E+00  0.1016E-02 -0.4842E-01  0.1915E-02      -1  -0.464E-02    0.00  0.2167E+01  0.0000E+00
  65   -76.8000     -41.687 0.3703   0.3614E+00  0.1024E-02 -0.4615E-01  0.1863E-02      -1  -0.442E-02    0.00  0.2481E+01  0.0000E+00
  66   -78.0000     -40.633 0.3714   0.3754E+00  0.1031E-02 -0.4394E-01  0.1812E-02      -1  -0.421E-02    0.00  0.2834E+01  0.0000E+00
  67   -79.2000     -39.568 0.3725   0.3895E+00  0.1039E-02 -0.4180E-01  0.1760E-02      -1  -0.400E-02    0.00  0.3233E+01  0.0000E+00
  68   -80.4000     -38.491 0.3736   0.4038E+00  0.1047E-02 -0.3972E-01  0.1708E-02      -1  -0.380E-02    0.00  0.3681E+01  0.0000E+00
  69   -81.6000     -37.404 0.3747   0.4202E+00  0.1054E-02 -0.3770E-01  0.1656E-02      -1  -0.361E-02    0.00  0.4185E+01  0.0000E+00
  70   -82.8000     -36.306 0.3759   0.4435E+00  0.1060E-02 -0.3574E-01  0.1605E-02      -1  -0.342E-02    0.00  0.4748E+01  0.0000E+00
  71   -84.0000     -35.198 0.3771   0.4670E+00  0.1067E-02 -0.3385E-01  0.1553E-02      -1  -0.324E-02    0.00  0.5377E+01  0.0000E+00
  72   -85.2000     -34.080 0.3783   0.4907E+00  0.1073E-02 -0.3202E-01  0.1501E-02      -1  -0.307E-02    0.00  0.6078E+01  0.0000E+00
  73   -86.4000     -32.954 0.3795   0.5146E+00  0.1079E-02 -0.3025E-01  0.1449E-02      -1  -0.290E-02    0.00  0.6857E+01  0.0000E+00
  74   -87.6000     -31.821 0.3807   0.5387E+00  0.1085E-02 -0.2854E-01  0.1398E-02      -1  -0.273E-02    0.00  0.7720E+01  0.0000E+00
  75   -88.8000     -30.682 0.3819   0.5628E+00  0.1092E-02 -0.2689E-01  0.1346E-02      -1  -0.258E-02    0.00  0.8674E+01  0.0000E+00
  76   -90.0000     -29.536 0.3832   0.5905E+00  0.1097E-02 -0.2531E-01  0.1294E-02      -1  -0.242E-02    0.00  0.9724E+01  0.0000E+00
  77   -91.2000     -28.384 0.3845   0.6276E+00  0.1100E-02 -0.2379E-01  0.1242E-02      -1  -0.228E-02    0.00  0.1088E+02  0.0000E+00
  78   -92.4000     -27.227 0.3857   0.6649E+00  0.1103E-02 -0.2235E-01  0.1148E-02      -1  -0.214E-02    0.00  0.1214E+02  0.0000E+00
  79   -93.6000     -26.065 0.3870   0.7024E+00  0.1106E-02 -0.2104E-01  0.1039E-02      -1  -0.202E-02    0.00  0.1351E+02  0.0000E+00
  80   -94.8000     -24.899 0.3883   0.7400E+00  0.1109E-02 -0.1986E-01  0.9235E-03      -1  -0.190E-02    0.00  0.1501E+02  0.0000E+00
  81   -96.0000     -23.730 0.3896   0.7777E+00  0.1112E-02 -0.1886E-01  0.7523E-03      -1  -0.181E-02    0.00  0.1663E+02  0.0000E+00
  82   -97.2000     -22.557 0.3909   0.8314E+00  0.1110E-02 -0.1805E-01  0.5991E-03      -1  -0.173E-02    0.00  0.1837E+02  0.0000E+00
  83   -98.4000     -21.382 0.3922   0.8865E+00  0.1107E-02 -0.1741E-01  0.4642E-03      -1  -0.167E-02    0.00  0.2024E+02  0.0000E+00
  84   -99.6000     -20.204 0.3935   0.9417E+00  0.1105E-02 -0.1692E-01  0.3475E-03      -1  -0.162E-02    0.00  0.2224E+02  0.0000E+00
  85  -100.8000     -19.025 0.3948   0.9969E+00  0.1103E-02 -0.1656E-01  0.2488E-03      -1  -0.159E-02    0.00  0.2438E+02  0.0000E+00
  86  -102.0000     -17.844 0.3961   0.1069E+01  0.1096E-02 -0.1631E-01  0.1677E-03      -1  -0.156E-02    0.00  0.2665E+02  0.0000E+00
  87  -103.2000     -16.661 0.3974   0.1146E+01  0.1087E-02 -0.1615E-01  0.1034E-03      -1  -0.155E-02    0.00  0.2907E+02  0.0000E+00
  88  -104.4000     -15.478 0.3987   0.1224E+01  0.1078E-02 -0.1606E-01  0.5505E-04      -1  -0.154E-02    0.00  0.3162E+02  0.0000E+00
  89  -105.6000     -14.293 0.4000   0.1314E+01  0.1065E-02 -0.1601E-01  0.2157E-04      -1  -0.153E-02    0.00  0.3432E+02  0.0000E+00
  90  -106.8000     -13.107 0.4012   0.1419E+01  0.1048E-02 -0.1600E-01  0.1542E-05      -1  -0.153E-02    0.00  0.3717E+02  0.0000E+00
  91  -108.0000     -11.920 0.4025   0.1524E+01  0.1031E-02 -0.1600E-01  0.0000E+00      -1  -0.153E-02    0.00  0.4017E+02  0.0000E+00
  92  -109.2000     -10.732 0.4037   0.1658E+01  0.1006E-02 -0.1600E-01  0.0000E+00      -1  -0.153E-02    0.00  0.4332E+02  0.0000E+00
  93  -110.4000      -9.543 0.4049   0.1797E+01  0.9802E-03 -0.1600E-01  0.0000E+00      -1  -0.153E-02    0.00  0.4663E+02  0.0000E+00
  94  -111.6000      -8.353 0.4060   0.1968E+01  0.9459E-03 -0.1600E-01  0.0000E+00      -1  -0.153E-02    0.00  0.5009E+02  0.0000E+00
  95  -112.8000      -7.163 0.4071   0.2155E+01  0.9075E-03 -0.1600E-01  0.0000E+00      -1  -0.153E-02    0.00  0.5370E+02  0.0000E+00
  96  -114.0000      -5.971 0.4082   0.2381E+01  0.8601E-03 -0.1600E-01  0.0000E+00      -1  -0.153E-02    0.00  0.5747E+02  0.0000E+00
  97  -115.2000      -4.779 0.4092   0.2656E+01  0.8014E-03 -0.1600E-01  0.0000E+00      -1  -0.153E-02    0.00  0.6139E+02  0.0000E+00
  98  -116.4000      -3.586 0.4101   0.3001E+01  0.7282E-03 -0.1600E-01  0.0000E+00      -1  -0.153E-02    0.00  0.6548E+02  0.0000E+00
  99  -117.6000      -2.392 0.4109   0.3463E+01  0.6318E-03 -0.1600E-01  0.0000E+00      -1  -0.153E-02    0.00  0.6972E+02  0.0000E+00
 100  -118.8000      -1.197 0.4116   0.4166E+01  0.4908E-03 -0.1600E-01  0.0000E+00      -1  -0.153E-02    0.00  0.7413E+02  0.0000E+00
 101  -120.0000       0.000 0.4120   0.7000E+01  0.0000E+00 -0.1600E-01  0.0000E+00      -1  -0.153E-02    0.00  0.7870E+02  0.0000E+00
end


 Time:     6205.0000


 Node      Depth      Head Moisture       K          C         Flux        Sink         Kappa   v/KsTop   Temp   Conc(1..NS) Sorb(1...NS)
           [L]        [L]    [-]        [L/T]      [1/L]      [L/T]        [1/T]         [-]      [-]      [C]      [M/L*3]

   1     0.0000     -75.269 0.3342   0.3182E+00  0.8143E-03 -0.3165E+00  0.5176E-02      -1  -0.303E-01    0.00  0.4645E-03  0.0000E+00
   2    -1.2000     -75.250 0.3342   0.3185E+00  0.8144E-03 -0.3103E+00  0.5124E-02      -1  -0.297E-01    0.00  0.5126E-03  0.0000E+00
   3    -2.4000     -75.207 0.3342   0.3189E+00  0.8147E-03 -0.3042E+00  0.5072E-02      -1  -0.291E-01    0.00  0.5681E-03  0.0000E+00
   4    -3.6000     -75.139 0.3343   0.3197E+00  0.8150E-03 -0.2981E+00  0.5021E-02      -1  -0.286E-01    0.00  0.6321E-03  0.0000E+00
   5    -4.8000     -75.044 0.3344   0.3208E+00  0.8156E-03 -0.2921E+00  0.4969E-02      -1  -0.280E-01    0.00  0.7059E-03  0.0000E+00
   6    -6.0000     -74.924 0.3345   0.3221E+00  0.8163E-03 -0.2862E+00  0.4917E-02      -1  -0.274E-01    0.00  0.7909E-03  0.0000E+00
   7    -7.2000     -74.776 0.3346   0.3238E+00  0.8171E-03 -0.2803E+00  0.4865E-02      -1  -0.268E-01    0.00  0.8888E-03  0.0000E+00
   8    -8.4000     -74.601 0.3348   0.3257E+00  0.8181E-03 -0.2745E+00  0.4814E-02      -1  -0.263E-01    0.00  0.1002E-02  0.0000E+00
   9    -9.6000     -74.399 0.3349   0.3280E+00  0.8193E-03 -0.2688E+00  0.4762E-02      -1  -0.257E-01    0.00  0.1132E-02  0.0000E+00
  10   -10.8000     -74.168 0.3351   0.3306E+00  0.8206E-03 -0.2631E+00  0.4710E-02      -1  -0.252E-01    0.00  0.1281E-02  0.0000E+00
  11   -12.0000     -73.908 0.3354   0.3335E+00  0.8221E-03 -0.2575E+00  0.4658E-02      -1  -0.247E-01    0.00  0.1454E-02  0.0000E+00
  12   -13.2000     -73.620 0.3356   0.3367E+00  0.8237E-03 -0.2519E+00  0.4607E-02      -1  -0.241E-01    0.00  0.1652E-02  0.0000E+00
  13   -14.4000     -73.304 0.3359   0.3402E+00  0.8255E-03 -0.2464E+00  0.4555E-02      -1  -0.236E-01    0.00  0.1880E-02  0.0000E+00
  14   -15.6000     -72.958 0.3362   0.3441E+00  0.8275E-03 -0.2410E+00  0.4503E-02      -1  -0.231E-01    0.00  0.2143E-02  0.0000E+00
  15   -16.8000     -72.584 0.3365   0.3483E+00  0.8296E-03 -0.2356E+00  0.4451E-02      -1  -0.226E-01    0.00  0.2446E-02  0.0000E+00
  16   -18.0000     -72.182 0.3368   0.3528E+00  0.8319E-03 -0.2303E+00  0.4400E-02      -1  -0.221E-01    0.00  0.2795E-02  0.0000E+00
  17   -19.2000     -71.751 0.3372   0.3576E+00  0.8344E-03 -0.2250E+00  0.4348E-02      -1  -0.216E-01    0.00  0.3197E-02  0.0000E+00
  18   -20.4000     -71.292 0.3376   0.3627E+00  0.8370E-03 -0.2198E+00  0.4296E-02      -1  -0.211E-01    0.00  0.3660E-02  0.0000E+00
  19   -21.6000     -70.805 0.3380   0.3682E+00  0.8398E-03 -0.2147E+00  0.4244E-02      -1  -0.206E-01    0.00  0.4194E-02  0.0000E+00
  20   -22.8000     -70.291 0.3385   0.3739E+00  0.8427E-03 -0.2097E+00  0.4193E-02      -1  -0.201E-01    0.00  0.4809E-02  0.0000E+00
  21   -24.0000     -69.751 0.3389   0.3800E+00  0.8458E-03 -0.2047E+00  0.4141E-02      -1  -0.196E-01    0.00  0.5518E-02  0.0000E+00
  22   -25.2000     -69.184 0.3394   0.3863E+00  0.8491E-03 -0.1997E+00  0.4089E-02      -1  -0.191E-01    0.00  0.6336E-02  0.0000E+00
  23   -26.4000     -68.592 0.3399   0.3929E+00  0.8525E-03 -0.1948E+00  0.4037E-02      -1  -0.187E-01    0.00  0.7278E-02  0.0000E+00
  24   -27.6000     -67.974 0.3404   0.3998E+00  0.8560E-03 -0.1900E+00  0.3986E-02      -1  -0.182E-01    0.00  0.8365E-02  0.0000E+00
  25   -28.8000     -67.332 0.3410   0.4070E+00  0.8597E-03 -0.1853E+00  0.3934E-02      -1  -0.177E-01    0.00  0.9620E-02  0.0000E+00
  26   -30.0000     -66.667 0.3416   0.4145E+00  0.8635E-03 -0.1806E+00  0.3882E-02      -1  -0.173E-01    0.00  0.1107E-01  0.0000E+00
  27   -31.2000     -65.978 0.3422   0.4222E+00  0.8674E-03 -0.1760E+00  0.3830E-02      -1  -0.169E-01    0.00  0.1274E-01  0.0000E+00
  28   -32.4000     -65.267 0.3428   0.4301E+00  0.8715E-03 -0.1714E+00  0.3778E-02      -1  -0.164E-01    0.00  0.1467E-01  0.0000E+00
  29   -33.6000     -64.534 0.3434   0.4383E+00  0.8757E-03 -0.1669E+00  0.3727E-02      -1  -0.160E-01    0.00  0.1689E-01  0.0000E+00
  30   -34.8000     -63.781 0.3440   0.4467E+00  0.8800E-03 -0.1625E+00  0.3675E-02      -1  -0.156E-01    0.00  0.1946E-01  0.0000E+00
  31   -36.0000     -63.203 0.3501   0.1718E+00  0.8637E-03 -0.1581E+00  0.3623E-02      -1  -0.151E-01    0.00  0.2243E-01  0.0000E+00
  32   -37.2000     -63.090 0.3502   0.1723E+00  0.8645E-03 -0.1538E+00  0.3571E-02      -1  -0.147E-01    0.00  0.2585E-01  0.0000E+00
  33   -38.4000     -62.944 0.3503   0.1729E+00  0.8655E-03 -0.1495E+00  0.3520E-02      -1  -0.143E-01    0.00  0.2980E-01  0.0000E+00
  34   -39.6000     -62.764 0.3504   0.1737E+00  0.8668E-03 -0.1453E+00  0.3468E-02      -1  -0.139E-01    0.00  0.3434E-01  0.0000E+00
  35   -40.8000     -62.551 0.3506   0.1747E+00  0.8683E-03 -0.1412E+00  0.3416E-02      -1  -0.135E-01    0.00  0.3957E-01  0.0000E+00
  36   -42.0000     -62.304 0.3508   0.1758E+00  0.8701E-03 -0.1371E+00  0.3364E-02      -1  -0.131E-01    0.00  0.4561E-01  0.0000E+00
  37   -43.2000     -62.023 0.3511   0.1770E+00  0.8721E-03 -0.1331E+00  0.3313E-02      -1  -0.127E-01    0.00  0.5257E-01  0.0000E+00
  38   -44.4000     -61.708 0.3513   0.1784E+00  0.8743E-03 -0.1292E+00  0.3261E-02      -1  -0.124E-01    0.00  0.6060E-01  0.0000E+00
  39   -45.6000     -61.360 0.3516   0.1799E+00  0.8768E-03 -0.1253E+00  0.3209E-02      -1  -0.120E-01    0.00  0.6987E-01  0.0000E+00
  40   -46.8000     -60.979 0.3519   0.1816E+00  0.8795E-03 -0.1215E+00  0.3157E-02      -1  -0.116E-01    0.00  0.8057E-01  0.0000E+00
  41   -48.0000     -60.565 0.3523   0.1834E+00  0.8824E-03 -0.1177E+00  0.3106E-02      -1  -0.113E-01    0.00  0.9293E-01  0.0000E+00
  42   -49.2000     -60.119 0.3526   0.1854E+00  0.8856E-03 -0.1140E+00  0.3054E-02      -1  -0.109E-01    0.00  0.1072E+00  0.0000E+00
  43   -50.4000     -59.639 0.3531   0.1886E+00  0.8892E-03 -0.1104E+00  0.3002E-02      -1  -0.106E-01    0.00  0.1237E+00  0.0000E+00
  44   -51.6000     -59.122 0.3536   0.1927E+00  0.8931E-03 -0.1068E+00  0.2950E-02      -1  -0.102E-01    0.00  0.1427E+00  0.0000E+00
  45   -52.8000     -58.569 0.3541   0.1970E+00  0.8974E-03 -0.1033E+00  0.2899E-02      -1  -0.989E-02    0.00  0.1647E+00  0.0000E+00
  46   -54.0000     -57.980 0.3546   0.2017E+00  0.9019E-03 -0.9984E-01  0.2847E-02      -1  -0.956E-02    0.00  0.1902E+00  0.0000E+00
  47   -55.2000     -57.357 0.3552   0.2066E+00  0.9066E-03 -0.9646E-01  0.2795E-02      -1  -0.924E-02    0.00  0.2196E+00  0.0000E+00
  48   -56.4000     -56.701 0.3558   0.2117E+00  0.9116E-03 -0.9314E-01  0.2743E-02      -1  -0.892E-02    0.00  0.2536E+00  0.0000E+00
  49   -57.6000     -56.013 0.3565   0.2171E+00  0.9169E-03 -0.8988E-01  0.2692E-02      -1  -0.861E-02    0.00  0.2928E+00  0.0000E+00
  50   -58.8000     -55.295 0.3571   0.2228E+00  0.9224E-03 -0.8668E-01  0.2640E-02      -1  -0.830E-02    0.00  0.3383E+00  0.0000E+00
  51   -60.0000     -54.547 0.3578   0.2287E+00  0.9281E-03 -0.8354E-01  0.2588E-02      -1  -0.800E-02    0.00  0.3908E+00  0.0000E+00
  52   -61.2000     -53.772 0.3586   0.2348E+00  0.9340E-03 -0.8047E-01  0.2536E-02      -1  -0.771E-02    0.00  0.4515E+00  0.0000E+00
  53   -62.4000     -52.970 0.3593   0.2411E+00  0.9401E-03 -0.7745E-01  0.2484E-02      -1  -0.742E-02    0.00  0.5217E+00  0.0000E+00
  54   -63.6000     -52.143 0.3601   0.2476E+00  0.9465E-03 -0.7450E-01  0.2433E-02      -1  -0.714E-02    0.00  0.6028E+00  0.0000E+00
  55   -64.8000     -51.292 0.3609   0.2543E+00  0.9530E-03 -0.7161E-01  0.2381E-02      -1  -0.686E-02    0.00  0.6961E+00  0.0000E+00
  56   -66.0000     -50.419 0.3617   0.2612E+00  0.9596E-03 -0.6879E-01  0.2329E-02      -1  -0.659E-02    0.00  0.8034E+00  0.0000E+00
  57   -67.2000     -49.524 0.3625   0.2682E+00  0.9665E-03 -0.6602E-01  0.2277E-02      -1  -0.632E-02    0.00  0.9262E+00  0.0000E+00
  58   -68.4000     -48.610 0.3634   0.2754E+00  0.9735E-03 -0.6332E-01  0.2226E-02      -1  -0.607E-02    0.00  0.1067E+01  0.0000E+00
  59   -69.6000     -47.676 0.3642   0.2827E+00  0.9806E-03 -0.6068E-01  0.2174E-02      -1  -0.581E-02    0.00  0.1227E+01  0.0000E+00
  60   -70.8000     -46.723 0.3652   0.2945E+00  0.9875E-03 -0.5810E-01  0.2122E-02      -1  -0.557E-02    0.00  0.1409E+01  0.0000E+00
  61   -72.0000     -45.750 0.3662   0.3074E+00  0.9946E-03 -0.5559E-01  0.2070E-02      -1  -0.532E-02    0.00  0.1616E+01  0.0000E+00
  62   -73.2000     -44.758 0.3672   0.3206E+00  0.1002E-02 -0.5314E-01  0.2019E-02      -1  -0.509E-02    0.00  0.1850E+01  0.0000E+00
  63   -74.4000     -43.748 0.3682   0.3340E+00  0.1009E-02 -0.5074E-01  0.1967E-02      -1  -0.486E-02    0.00  0.2116E+01  0.0000E+00
  64   -75.6000     -42.722 0.3693   0.3476E+00  0.1016E-02 -0.4842E-01  0.1915E-02      -1  -0.464E-02    0.00  0.2415E+01  0.0000E+00
  65   -76.8000     -41.682 0.3703   0.3614E+00  0.1024E-02 -0.4615E-01  0.1863E-02      -1  -0.442E-02    0.00  0.2752E+01  0.0000E+00
  66   -78.0000     -40.629 0.3714   0.3754E+00  0.1032E-02 -0.4394E-01  0.1812E-02      -1  -0.421E-02    0.00  0.3132E+01  0.0000E+00
  67   -79.2000     -39.564 0.3725   0.3896E+00  0.1039E-02 -0.4180E-01  0.1760E-02      -1  -0.400E-02    0.00  0.3558E+01  0.0000E+00
  68   -80.4000     -38.487 0.3736   0.4039E+00  0.1047E-02 -0.3972E-01  0.1708E-02      -1  -0.380E-02    0.00  0.4035E+01  0.0000E+00
  69   -81.6000     -37.400 0.3747   0.4203E+00  0.1054E-02 -0.3770E-01  0.1656E-02      -1  -0.361E-02    0.00  0.4568E+01  0.0000E+00
  70   -82.8000     -36.302 0.3759   0.4436E+00  0.1060E-02 -0.3574E-01  0.1605E-02      -1  -0.342E-02    0.00  0.5162E+01  0.0000E+00
  71   -84.0000     -35.193 0.3771   0.4671E+00  0.1067E-02 -0.3385E-01  0.1553E-02      -1  -0.324E-02    0.00  0.5823E+01  0.0000E+00
  72   -85.2000     -34.076 0.3783   0.4908E+00  0.1073E-02 -0.3202E-01  0.1501E-02      -1  -0.307E-02    0.00  0.6556E+01  0.0000E+00
  73   -86.4000     -32.950 0.3795   0.5147E+00  0.1079E-02 -0.3025E-01  0.1449E-02      -1  -0.290E-02    0.00  0.7367E+01  0.0000E+00
  74   -87.6000     -31.817 0.3807   0.5387E+00  0.1085E-02 -0.2854E-01  0.1398E-02      -1  -0.273E-02    0.00  0.8262E+01  0.0000E+00
  75   -88.8000     -30.677 0.3819   0.5629E+00  0.1092E-02 -0.2689E-01  0.1346E-02      -1  -0.258E-02    0.00  0.9247E+01  0.0000E+00
  76   -90.0000     -29.531 0.3832   0.5906E+00  0.1097E-02 -0.2531E-01  0.1294E-02      -1  -0.242E-02    0.00  0.1033E+02  0.0000E+00
  77   -91.2000     -28.380 0.3845   0.6278E+00  0.1100E-02 -0.2380E-01  0.1228E-02      -1  -0.228E-02    0.00  0.1151E+02  0.0000E+00
  78   -92.4000     -27.223 0.3857   0.6651E+00  0.1103E-02 -0.2239E-01  0.1118E-02      -1  -0.214E-02    0.00  0.1280E+02  0.0000E+00
  79   -93.6000     -26.061 0.3870   0.7025E+00  0.1106E-02 -0.2111E-01  0.1009E-02      -1  -0.202E-02    0.00  0.1420E+02  0.0000E+00
  80   -94.8000     -24.895 0.3883   0.7401E+00  0.1109E-02 -0.1997E-01  0.8945E-03      -1  -0.191E-02    0.00  0.1571E+02  0.0000E+00
  81   -96.0000     -23.726 0.3896   0.7779E+00  0.1112E-02 -0.1900E-01  0.7263E-03      -1  -0.182E-02    0.00  0.1734E+02  0.0000E+00
  82   -97.2000     -22.553 0.3909   0.8316E+00  0.1110E-02 -0.1822E-01  0.5763E-03      -1  -0.174E-02    0.00  0.1909E+02  0.0000E+00
  83   -98.4000     -21.378 0.3922   0.8867E+00  0.1107E-02 -0.1760E-01  0.4445E-03      -1  -0.169E-02    0.00  0.2097E+02  0.0000E+00
  84   -99.6000     -20.201 0.3935   0.9418E+00  0.1105E-02 -0.1714E-01  0.3308E-03      -1  -0.164E-02    0.00  0.2297E+02  0.0000E+00
  85  -100.8000     -19.022 0.3948   0.9971E+00  0.1103E-02 -0.1680E-01  0.2351E-03      -1  -0.161E-02    0.00  0.2510E+02  0.0000E+00
  86  -102.0000     -17.841 0.3961   0.1069E+01  0.1096E-02 -0.1656E-01  0.1566E-03      -1  -0.159E-02    0.00  0.2736E+02  0.0000E+00
  87  -103.2000     -16.659 0.3974   0.1146E+01  0.1087E-02 -0.1641E-01  0.9483E-04      -1  -0.157E-02    0.00  0.2976E+02  0.0000E+00
  88  -104.4000     -15.476 0.3987   0.1224E+01  0.1078E-02 -0.1632E-01  0.4874E-04      -1  -0.156E-02    0.00  0.3230E+02  0.0000E+00
  89  -105.6000     -14.291 0.4000   0.1314E+01  0.1065E-02 -0.1629E-01  0.1720E-04      -1  -0.156E-02    0.00  0.3497E+02  0.0000E+00
  90  -106.8000     -13.105 0.4012   0.1419E+01  0.1048E-02 -0.1628E-01  0.0000E+00      -1  -0.156E-02    0.00  0.3779E+02  0.0000E+00
  91  -108.0000     -11.919 0.4025   0.1524E+01  0.1031E-02 -0.1628E-01  0.0000E+00      -1  -0.156E-02    0.00  0.4075E+02  0.0000E+00
  92  -109.2000     -10.731 0.4037   0.1658E+01  0.1006E-02 -0.1628E-01  0.0000E+00      -1  -0.156E-02    0.00  0.4386E+02  0.0000E+00
  93  -110.4000      -9.542 0.4049   0.1797E+01  0.9802E-03 -0.1628E-01  0.0000E+00      -1  -0.156E-02    0.00  0.4712E+02  0.0000E+00
  94  -111.6000      -8.353 0.4060   0.1968E+01  0.9459E-03 -0.1627E-01  0.0000E+00      -1  -0.156E-02    0.00  0.5053E+02  0.0000E+00
  95  -112.8000      -7.162 0.4071   0.2155E+01  0.9075E-03 -0.1627E-01  0.0000E+00      -1  -0.156E-02    0.00  0.5408E+02  0.0000E+00
  96  -114.0000      -5.971 0.4082   0.2381E+01  0.8600E-03 -0.1628E-01  0.0000E+00      -1  -0.156E-02    0.00  0.5780E+02  0.0000E+00
  97  -115.2000      -4.778 0.4092   0.2656E+01  0.8014E-03 -0.1628E-01  0.0000E+00      -1  -0.156E-02    0.00  0.6166E+02  0.0000E+00
  98  -116.4000      -3.585 0.4101   0.3001E+01  0.7282E-03 -0.1628E-01  0.0000E+00      -1  -0.156E-02    0.00  0.6568E+02  0.0000E+00
  99  -117.6000      -2.391 0.4109   0.3463E+01  0.6318E-03 -0.1628E-01  0.0000E+00      -1  -0.156E-02    0.00  0.6986E+02  0.0000E+00
 100  -118.8000      -1.196 0.4116   0.4166E+01  0.4908E-03 -0.1627E-01  0.0000E+00      -1  -0.156E-02    0.00  0.7420E+02  0.0000E+00
 101  -120.0000       0.000 0.4120   0.7000E+01  0.0000E+00 -0.1627E-01  0.0000E+00      -1  -0.156E-02    0.00  0.7870E+02  0.0000E+00
end


 Time:     6570.0000


 Node      Depth      Head Moisture       K          C         Flux        Sink         Kappa   v/KsTop   Temp   Conc(1..NS) Sorb(1...NS)
           [L]        [L]    [-]        [L/T]      [1/L]      [L/T]        [1/T]         [-]      [-]      [C]      [M/L*3]

   1     0.0000     -75.268 0.3342   0.3183E+00  0.8143E-03 -0.3165E+00  0.5176E-02      -1  -0.303E-01    0.00  0.5964E-03  0.0000E+00
   2    -1.2000     -75.249 0.3342   0.3185E+00  0.8144E-03 -0.3103E+00  0.5124E-02      -1  -0.297E-01    0.00  0.6580E-03  0.0000E+00
   3    -2.4000     -75.206 0.3343   0.3189E+00  0.8147E-03 -0.3042E+00  0.5072E-02      -1  -0.291E-01    0.00  0.7289E-03  0.0000E+00
   4    -3.6000     -75.137 0.3343   0.3197E+00  0.8151E-03 -0.2981E+00  0.5021E-02      -1  -0.286E-01    0.00  0.8105E-03  0.0000E+00
   5    -4.8000     -75.043 0.3344   0.3208E+00  0.8156E-03 -0.2921E+00  0.4969E-02      -1  -0.280E-01    0.00  0.9042E-03  0.0000E+00
   6    -6.0000     -74.922 0.3345   0.3221E+00  0.8163E-03 -0.2862E+00  0.4917E-02      -1  -0.274E-01    0.00  0.1012E-02  0.0000E+00
   7    -7.2000     -74.775 0.3346   0.3238E+00  0.8171E-03 -0.2803E+00  0.4865E-02      -1  -0.268E-01    0.00  0.1136E-02  0.0000E+00
   8    -8.4000     -74.600 0.3348   0.3257E+00  0.8181E-03 -0.2745E+00  0.4814E-02      -1  -0.263E-01    0.00  0.1278E-02  0.0000E+00
   9    -9.6000     -74.397 0.3349   0.3280E+00  0.8193E-03 -0.2688E+00  0.4762E-02      -1  -0.257E-01    0.00  0.1441E-02  0.0000E+00
  10   -10.8000     -74.166 0.3351   0.3306E+00  0.8206E-03 -0.2631E+00  0.4710E-02      -1  -0.252E-01    0.00  0.1629E-02  0.0000E+00
  11   -12.0000     -73.907 0.3354   0.3335E+00  0.8221E-03 -0.2575E+00  0.4658E-02      -1  -0.247E-01    0.00  0.1844E-02  0.0000E+00
  12   -13.2000     -73.619 0.3356   0.3367E+00  0.8237E-03 -0.2519E+00  0.4607E-02      -1  -0.241E-01    0.00  0.2091E-02  0.0000E+00
  13   -14.4000     -73.302 0.3359   0.3402E+00  0.8255E-03 -0.2464E+00  0.4555E-02      -1  -0.236E-01    0.00  0.2376E-02  0.0000E+00
  14   -15.6000     -72.956 0.3362   0.3441E+00  0.8275E-03 -0.2410E+00  0.4503E-02      -1  -0.231E-01    0.00  0.2702E-02  0.0000E+00
  15   -16.8000     -72.582 0.3365   0.3483E+00  0.8297E-03 -0.2356E+00  0.4451E-02      -1  -0.226E-01    0.00  0.3077E-02  0.0000E+00
  16   -18.0000     -72.180 0.3368   0.3528E+00  0.8320E-03 -0.2303E+00  0.4400E-02      -1  -0.221E-01    0.00  0.3508E-02  0.0000E+00
  17   -19.2000     -71.749 0.3372   0.3576E+00  0.8344E-03 -0.2250E+00  0.4348E-02      -1  -0.216E-01    0.00  0.4003E-02  0.0000E+00
  18   -20.4000     -71.290 0.3376   0.3628E+00  0.8370E-03 -0.2198E+00  0.4296E-02      -1  -0.211E-01    0.00  0.4572E-02  0.0000E+00
  19   -21.6000     -70.803 0.3380   0.3682E+00  0.8398E-03 -0.2147E+00  0.4244E-02      -1  -0.206E-01    0.00  0.5226E-02  0.0000E+00
  20   -22.8000     -70.289 0.3385   0.3739E+00  0.8428E-03 -0.2097E+00  0.4193E-02      -1  -0.201E-01    0.00  0.5978E-02  0.0000E+00
  21   -24.0000     -69.749 0.3389   0.3800E+00  0.8459E-03 -0.2047E+00  0.4141E-02      -1  -0.196E-01    0.00  0.6843E-02  0.0000E+00
  22   -25.2000     -69.182 0.3394   0.3863E+00  0.8491E-03 -0.1997E+00  0.4089E-02      -1  -0.191E-01    0.00  0.7838E-02  0.0000E+00
  23   -26.4000     -68.589 0.3399   0.3930E+00  0.8525E-03 -0.1948E+00  0.4037E-02      -1  -0.187E-01    0.00  0.8982E-02  0.0000E+00
  24   -27.6000     -67.972 0.3405   0.3999E+00  0.8560E-03 -0.1900E+00  0.3986E-02      -1  -0.182E-01    0.00  0.1030E-01  0.0000E+00
  25   -28.8000     -67.330 0.3410   0.4070E+00  0.8597E-03 -0.1853E+00  0.3934E-02      -1  -0.177E-01    0.00  0.1181E-01  0.0000E+00
  26   -30.0000     -66.664 0.3416   0.4145E+00  0.8635E-03 -0.1806E+00  0.3882E-02      -1  -0.173E-01    0.00  0.1356E-01  0.0000E+00
  27   -31.2000     -65.976 0.3422   0.4222E+00  0.8674E-03 -0.1760E+00  0.3830E-02      -1  -0.169E-01    0.00  0.1556E-01  0.0000E+00
  28   -32.4000     -65.265 0.3428   0.4301E+00  0.8715E-03 -0.1714E+00  0.3778E-02      -1  -0.164E-01    0.00  0.1787E-01  0.0000E+00
  29   -33.6000     -64.532 0.3434   0.4383E+00  0.8757E-03 -0.1669E+00  0.3727E-02      -1  -0.160E-01    0.00  0.2054E-01  0.0000E+00
  30   -34.8000     -63.779 0.3440   0.4468E+00  0.8800E-03 -0.1625E+00  0.3675E-02      -1  -0.156E-01    0.00  0.2360E-01  0.0000E+00
  31   -36.0000     -63.200 0.3501   0.1718E+00  0.8637E-03 -0.1581E+00  0.3623E-02      -1  -0.151E-01    0.00  0.2714E-01  0.0000E+00
  32   -37.2000     -63.088 0.3502   0.1723E+00  0.8645E-03 -0.1538E+00  0.3571E-02      -1  -0.147E-01    0.00  0.3120E-01  0.0000E+00
  33   -38.4000     -62.941 0.3503   0.1730E+00  0.8656E-03 -0.1495E+00  0.3520E-02      -1  -0.143E-01    0.00  0.3586E-01  0.0000E+00
  34   -39.6000     -62.762 0.3504   0.1738E+00  0.8668E-03 -0.1453E+00  0.3468E-02      -1  -0.139E-01    0.00  0.4123E-01  0.0000E+00
  35   -40.8000     -62.548 0.3506   0.1747E+00  0.8683E-03 -0.1412E+00  0.3416E-02      -1  -0.135E-01    0.00  0.4740E-01  0.0000E+00
  36   -42.0000     -62.301 0.3508   0.1758E+00  0.8701E-03 -0.1371E+00  0.3364E-02      -1  -0.131E-01    0.00  0.5450E-01  0.0000E+00
  37   -43.2000     -62.020 0.3511   0.1770E+00  0.8721E-03 -0.1331E+00  0.3313E-02      -1  -0.127E-01    0.00  0.6266E-01  0.0000E+00
  38   -44.4000     -61.705 0.3513   0.1784E+00  0.8743E-03 -0.1292E+00  0.3261E-02      -1  -0.124E-01    0.00  0.7207E-01  0.0000E+00
  39   -45.6000     -61.357 0.3516   0.1799E+00  0.8768E-03 -0.1253E+00  0.3209E-02      -1  -0.120E-01    0.00  0.8289E-01  0.0000E+00
  40   -46.8000     -60.976 0.3519   0.1816E+00  0.8795E-03 -0.1215E+00  0.3157E-02      -1  -0.116E-01    0.00  0.9536E-01  0.0000E+00
  41   -48.0000     -60.562 0.3523   0.1835E+00  0.8825E-03 -0.1177E+00  0.3106E-02      -1  -0.113E-01    0.00  0.1097E+00  0.0000E+00
  42   -49.2000     -60.116 0.3526   0.1854E+00  0.8856E-03 -0.1140E+00  0.3054E-02      -1  -0.109E-01    0.00  0.1263E+00  0.0000E+00
  43   -50.4000     -59.635 0.3531   0.1886E+00  0.8892E-03 -0.1104E+00  0.3002E-02      -1  -0.106E-01    0.00  0.1453E+00  0.0000E+00
  44   -51.6000     -59.119 0.3536   0.1927E+00  0.8932E-03 -0.1068E+00  0.2950E-02      -1  -0.102E-01    0.00  0.1673E+00  0.0000E+00
  45   -52.8000     -58.566 0.3541   0.1970E+00  0.8974E-03 -0.1033E+00  0.2899E-02      -1  -0.989E-02    0.00  0.1926E+00  0.0000E+00
  46   -54.0000     -57.977 0.3546   0.2017E+00  0.9019E-03 -0.9984E-01  0.2847E-02      -1  -0.956E-02    0.00  0.2218E+00  0.0000E+00
  47   -55.2000     -57.354 0.3552   0.2066E+00  0.9066E-03 -0.9646E-01  0.2795E-02      -1  -0.924E-02    0.00  0.2554E+00  0.0000E+00
  48   -56.4000     -56.698 0.3558   0.2117E+00  0.9117E-03 -0.9314E-01  0.2743E-02      -1  -0.892E-02    0.00  0.2943E+00  0.0000E+00
  49   -57.6000     -56.009 0.3565   0.2172E+00  0.9169E-03 -0.8988E-01  0.2692E-02      -1  -0.861E-02    0.00  0.3390E+00  0.0000E+00
  50   -58.8000     -55.291 0.3571   0.2228E+00  0.9224E-03 -0.8668E-01  0.2640E-02      -1  -0.830E-02    0.00  0.3906E+00  0.0000E+00
  51   -60.0000     -54.543 0.3578   0.2287E+00  0.9281E-03 -0.8354E-01  0.2588E-02      -1  -0.800E-02    0.00  0.4501E+00  0.0000E+00
  52   -61.2000     -53.768 0.3586   0.2348E+00  0.9340E-03 -0.8047E-01  0.2536E-02      -1  -0.771E-02    0.00  0.5187E+00  0.0000E+00
  53   -62.4000     -52.966 0.3593   0.2411E+00  0.9402E-03 -0.7745E-01  0.2484E-02      -1  -0.742E-02    0.00  0.5978E+00  0.0000E+00
  54   -63.6000     -52.139 0.3601   0.2476E+00  0.9465E-03 -0.7450E-01  0.2433E-02      -1  -0.714E-02    0.00  0.6886E+00  0.0000E+00
  55   -64.8000     -51.288 0.3609   0.2543E+00  0.9530E-03 -0.7161E-01  0.2381E-02      -1  -0.686E-02    0.00  0.7926E+00  0.0000E+00
  56   -66.0000     -50.415 0.3617   0.2612E+00  0.9597E-03 -0.6879E-01  0.2329E-02      -1  -0.659E-02    0.00  0.9115E+00  0.0000E+00
  57   -67.2000     -49.520 0.3625   0.2682E+00  0.9665E-03 -0.6602E-01  0.2277E-02      -1  -0.632E-02    0.00  0.1047E+01  0.0000E+00
  58   -68.4000     -48.606 0.3634   0.2754E+00  0.9735E-03 -0.6332E-01  0.2226E-02      -1  -0.607E-02    0.00  0.1201E+01  0.0000E+00
  59   -69.6000     -47.672 0.3643   0.2828E+00  0.9806E-03 -0.6068E-01  0.2174E-02      -1  -0.581E-02    0.00  0.1377E+01  0.0000E+00
  60   -70.8000     -46.719 0.3652   0.2945E+00  0.9876E-03 -0.5810E-01  0.2122E-02      -1  -0.557E-02    0.00  0.1575E+01  0.0000E+00
  61   -72.0000     -45.746 0.3662   0.3075E+00  0.9946E-03 -0.5559E-01  0.2070E-02      -1  -0.532E-02    0.00  0.1800E+01  0.0000E+00
  62   -73.2000     -44.753 0.3672   0.3206E+00  0.1002E-02 -0.5314E-01  0.2019E-02      -1  -0.509E-02    0.00  0.2053E+01  0.0000E+00
  63   -74.4000     -43.744 0.3682   0.3341E+00  0.1009E-02 -0.5074E-01  0.1967E-02      -1  -0.486E-02    0.00  0.2339E+01  0.0000E+00
  64   -75.6000     -42.718 0.3693   0.3477E+00  0.1016E-02 -0.4842E-01  0.1915E-02      -1  -0.464E-02    0.00  0.2660E+01  0.0000E+00
  65   -76.8000     -41.678 0.3703   0.3615E+00  0.1024E-02 -0.4615E-01  0.1863E-02      -1  -0.442E-02    0.00  0.3020E+01  0.0000E+00
  66   -78.0000     -40.625 0.3714   0.3755E+00  0.1032E-02 -0.4394E-01  0.1812E-02      -1  -0.421E-02    0.00  0.3424E+01  0.0000E+00
  67   -79.2000     -39.559 0.3725   0.3896E+00  0.1039E-02 -0.4180E-01  0.1760E-02      -1  -0.400E-02    0.00  0.3875E+01  0.0000E+00
  68   -80.4000     -38.483 0.3736   0.4039E+00  0.1047E-02 -0.3972E-01  0.1708E-02      -1  -0.380E-02    0.00  0.4379E+01  0.0000E+00
  69   -81.6000     -37.395 0.3747   0.4204E+00  0.1054E-02 -0.3770E-01  0.1656E-02      -1  -0.361E-02    0.00  0.4939E+01  0.0000E+00
  70   -82.8000     -36.297 0.3759   0.4437E+00  0.1061E-02 -0.3574E-01  0.1605E-02      -1  -0.342E-02    0.00  0.5562E+01  0.0000E+00
  71   -84.0000     -35.189 0.3771   0.4672E+00  0.1067E-02 -0.3385E-01  0.1553E-02      -1  -0.324E-02    0.00  0.6251E+01  0.0000E+00
  72   -85.2000     -34.071 0.3783   0.4909E+00  0.1073E-02 -0.3202E-01  0.1501E-02      -1  -0.307E-02    0.00  0.7014E+01  0.0000E+00
  73   -86.4000     -32.945 0.3795   0.5148E+00  0.1079E-02 -0.3025E-01  0.1449E-02      -1  -0.290E-02    0.00  0.7854E+01  0.0000E+00
  74   -87.6000     -31.812 0.3807   0.5388E+00  0.1085E-02 -0.2854E-01  0.1398E-02      -1  -0.273E-02    0.00  0.8778E+01  0.0000E+00
  75   -88.8000     -30.673 0.3820   0.5630E+00  0.1092E-02 -0.2689E-01  0.1346E-02      -1  -0.258E-02    0.00  0.9791E+01  0.0000E+00
  76   -90.0000     -29.527 0.3832   0.5908E+00  0.1097E-02 -0.2531E-01  0.1294E-02      -1  -0.242E-02    0.00  0.1090E+02  0.0000E+00
  77   -91.2000     -28.375 0.3845   0.6279E+00  0.1100E-02 -0.2381E-01  0.1200E-02      -1  -0.228E-02    0.00  0.1210E+02  0.0000E+00
  78   -92.4000     -27.218 0.3857   0.6652E+00  0.1103E-02 -0.2244E-01  0.1090E-02      -1  -0.215E-02    0.00  0.1341E+02  0.0000E+00
  79   -93.6000     -26.056 0.3870   0.7027E+00  0.1106E-02 -0.2120E-01  0.9817E-03      -1  -0.203E-02    0.00  0.1483E+02  0.0000E+00
  80   -94.8000     -24.891 0.3883   0.7403E+00  0.1109E-02 -0.2009E-01  0.8676E-03      -1  -0.192E-02    0.00  0.1636E+02  0.0000E+00
  81   -96.0000     -23.722 0.3896   0.7780E+00  0.1112E-02 -0.1914E-01  0.7023E-03      -1  -0.183E-02    0.00  0.1800E+02  0.0000E+00
  82   -97.2000     -22.550 0.3909   0.8318E+00  0.1110E-02 -0.1839E-01  0.5552E-03      -1  -0.176E-02    0.00  0.1976E+02  0.0000E+00
  83   -98.4000     -21.375 0.3922   0.8868E+00  0.1107E-02 -0.1780E-01  0.4264E-03      -1  -0.171E-02    0.00  0.2164E+02  0.0000E+00
  84   -99.6000     -20.198 0.3935   0.9420E+00  0.1105E-02 -0.1736E-01  0.3156E-03      -1  -0.166E-02    0.00  0.2364E+02  0.0000E+00
  85  -100.8000     -19.019 0.3948   0.9972E+00  0.1103E-02 -0.1703E-01  0.2225E-03      -1  -0.163E-02    0.00  0.2576E+02  0.0000E+00
  86  -102.0000     -17.839 0.3961   0.1069E+01  0.1096E-02 -0.1681E-01  0.1466E-03      -1  -0.161E-02    0.00  0.2801E+02  0.0000E+00
  87  -103.2000     -16.657 0.3974   0.1147E+01  0.1087E-02 -0.1667E-01  0.8707E-04      -1  -0.160E-02    0.00  0.3039E+02  0.0000E+00
  88  -104.4000     -15.474 0.3987   0.1224E+01  0.1078E-02 -0.1659E-01  0.4302E-04      -1  -0.159E-02    0.00  0.3291E+02  0.0000E+00
  89  -105.6000     -14.289 0.4000   0.1314E+01  0.1065E-02 -0.1656E-01  0.1323E-04      -1  -0.159E-02    0.00  0.3556E+02  0.0000E+00
  90  -106.8000     -13.104 0.4012   0.1419E+01  0.1048E-02 -0.1655E-01  0.0000E+00      -1  -0.159E-02    0.00  0.3834E+02  0.0000E+00
  91  -108.0000     -11.917 0.4025   0.1524E+01  0.1031E-02 -0.1655E-01  0.0000E+00      -1  -0.159E-02    0.00  0.4127E+02  0.0000E+00
  92  -109.2000     -10.730 0.4037   0.1658E+01  0.1006E-02 -0.1655E-01  0.0000E+00      -1  -0.159E-02    0.00  0.4434E+02  0.0000E+00
  93  -110.4000      -9.541 0.4049   0.1797E+01  0.9802E-03 -0.1655E-01  0.0000E+00      -1  -0.159E-02    0.00  0.4756E+02  0.0000E+00
  94  -111.6000      -8.352 0.4060   0.1968E+01  0.9458E-03 -0.1655E-01  0.0000E+00      -1  -0.159E-02    0.00  0.5092E+02  0.0000E+00
  95  -112.8000      -7.161 0.4071   0.2155E+01  0.9075E-03 -0.1655E-01  0.0000E+00      -1  -0.159E-02    0.00  0.5443E+02  0.0000E+00
  96  -114.0000      -5.970 0.4082   0.2381E+01  0.8600E-03 -0.1655E-01  0.0000E+00      -1  -0.159E-02    0.00  0.5809E+02  0.0000E+00
  97  -115.2000      -4.778 0.4092   0.2657E+01  0.8014E-03 -0.1655E-01  0.0000E+00      -1  -0.159E-02    0.00  0.6190E+02  0.0000E+00
  98  -116.4000      -3.585 0.4101   0.3001E+01  0.7282E-03 -0.1655E-01  0.0000E+00      -1  -0.159E-02    0.00  0.6586E+02  0.0000E+00
  99  -117.6000      -2.391 0.4109   0.3463E+01  0.6318E-03 -0.1655E-01  0.0000E+00      -1  -0.159E-02    0.00  0.6998E+02  0.0000E+00
 100  -118.8000      -1.196 0.4116   0.4166E+01  0.4908E-03 -0.1655E-01  0.0000E+00      -1  -0.159E-02    0.00  0.7426E+02  0.0000E+00
 101  -120.0000       0.000 0.4120   0.7000E+01  0.0000E+00 -0.1655E-01  0.0000E+00      -1  -0.159E-02    0.00  0.7870E+02  0.0000E+00
end


 Time:     6935.0000


 Node      Depth      Head Moisture       K          C         Flux        Sink         Kappa   v/KsTop   Temp   Conc(1..NS) Sorb(1...NS)
           [L]        [L]    [-]        [L/T]      [1/L]      [L/T]        [1/T]         [-]      [-]      [C]      [M/L*3]

   1     0.0000     -75.267 0.3342   0.3183E+00  0.8143E-03 -0.3165E+00  0.5176E-02      -1  -0.303E-01    0.00  0.7443E-03  0.0000E+00
   2    -1.2000     -75.248 0.3342   0.3185E+00  0.8144E-03 -0.3103E+00  0.5124E-02      -1  -0.297E-01    0.00  0.8212E-03  0.0000E+00
   3    -2.4000     -75.205 0.3343   0.3190E+00  0.8147E-03 -0.3042E+00  0.5072E-02      -1  -0.291E-01    0.00  0.9093E-03  0.0000E+00
   4    -3.6000     -75.136 0.3343   0.3197E+00  0.8151E-03 -0.2981E+00  0.5021E-02      -1  -0.286E-01    0.00  0.1010E-02  0.0000E+00
   5    -4.8000     -75.042 0.3344   0.3208E+00  0.8156E-03 -0.2921E+00  0.4969E-02      -1  -0.280E-01    0.00  0.1126E-02  0.0000E+00
   6    -6.0000     -74.921 0.3345   0.3221E+00  0.8163E-03 -0.2862E+00  0.4917E-02      -1  -0.274E-01    0.00  0.1259E-02  0.0000E+00
   7    -7.2000     -74.773 0.3346   0.3238E+00  0.8171E-03 -0.2803E+00  0.4865E-02      -1  -0.268E-01    0.00  0.1412E-02  0.0000E+00
   8    -8.4000     -74.598 0.3348   0.3257E+00  0.8181E-03 -0.2745E+00  0.4814E-02      -1  -0.263E-01    0.00  0.1586E-02  0.0000E+00
   9    -9.6000     -74.396 0.3349   0.3280E+00  0.8193E-03 -0.2688E+00  0.4762E-02      -1  -0.257E-01    0.00  0.1786E-02  0.0000E+00
  10   -10.8000     -74.165 0.3351   0.3306E+00  0.8206E-03 -0.2631E+00  0.4710E-02      -1  -0.252E-01    0.00  0.2015E-02  0.0000E+00
  11   -12.0000     -73.905 0.3354   0.3335E+00  0.8221E-03 -0.2575E+00  0.4658E-02      -1  -0.247E-01    0.00  0.2278E-02  0.0000E+00
  12   -13.2000     -73.617 0.3356   0.3367E+00  0.8237E-03 -0.2519E+00  0.4607E-02      -1  -0.241E-01    0.00  0.2579E-02  0.0000E+00
  13   -14.4000     -73.300 0.3359   0.3403E+00  0.8256E-03 -0.2464E+00  0.4555E-02      -1  -0.236E-01    0.00  0.2924E-02  0.0000E+00
  14   -15.6000     -72.955 0.3362   0.3441E+00  0.8275E-03 -0.2410E+00  0.4503E-02      -1  -0.231E-01    0.00  0.3320E-02  0.0000E+00
  15   -16.8000     -72.581 0.3365   0.3483E+00  0.8297E-03 -0.2356E+00  0.4451E-02      -1  -0.226E-01    0.00  0.3774E-02  0.0000E+00
  16   -18.0000     -72.178 0.3368   0.3528E+00  0.8320E-03 -0.2303E+00  0.4400E-02      -1  -0.221E-01    0.00  0.4294E-02  0.0000E+00
  17   -19.2000     -71.747 0.3372   0.3576E+00  0.8344E-03 -0.2250E+00  0.4348E-02      -1  -0.216E-01    0.00  0.4890E-02  0.0000E+00
  18   -20.4000     -71.288 0.3376   0.3628E+00  0.8371E-03 -0.2198E+00  0.4296E-02      -1  -0.211E-01    0.00  0.5574E-02  0.0000E+00
  19   -21.6000     -70.801 0.3380   0.3682E+00  0.8398E-03 -0.2147E+00  0.4244E-02      -1  -0.206E-01    0.00  0.6358E-02  0.0000E+00
  20   -22.8000     -70.287 0.3385   0.3740E+00  0.8428E-03 -0.2097E+00  0.4193E-02      -1  -0.201E-01    0.00  0.7258E-02  0.0000E+00
  21   -24.0000     -69.747 0.3389   0.3800E+00  0.8459E-03 -0.2047E+00  0.4141E-02      -1  -0.196E-01    0.00  0.8290E-02  0.0000E+00
  22   -25.2000     -69.180 0.3394   0.3864E+00  0.8491E-03 -0.1997E+00  0.4089E-02      -1  -0.191E-01    0.00  0.9475E-02  0.0000E+00
  23   -26.4000     -68.587 0.3399   0.3930E+00  0.8525E-03 -0.1948E+00  0.4037E-02      -1  -0.187E-01    0.00  0.1084E-01  0.0000E+00
  24   -27.6000     -67.970 0.3405   0.3999E+00  0.8560E-03 -0.1900E+00  0.3986E-02      -1  -0.182E-01    0.00  0.1240E-01  0.0000E+00
  25   -28.8000     -67.328 0.3410   0.4071E+00  0.8597E-03 -0.1853E+00  0.3934E-02      -1  -0.177E-01    0.00  0.1419E-01  0.0000E+00
  26   -30.0000     -66.662 0.3416   0.4145E+00  0.8635E-03 -0.1806E+00  0.3882E-02      -1  -0.173E-01    0.00  0.1625E-01  0.0000E+00
  27   -31.2000     -65.973 0.3422   0.4222E+00  0.8674E-03 -0.1760E+00  0.3830E-02      -1  -0.169E-01    0.00  0.1861E-01  0.0000E+00
  28   -32.4000     -65.262 0.3428   0.4302E+00  0.8715E-03 -0.1714E+00  0.3778E-02      -1  -0.164E-01    0.00  0.2133E-01  0.0000E+00
  29   -33.6000     -64.530 0.3434   0.4384E+00  0.8757E-03 -0.1669E+00  0.3727E-02      -1  -0.160E-01    0.00  0.2446E-01  0.0000E+00
  30   -34.8000     -63.776 0.3440   0.4468E+00  0.8800E-03 -0.1625E+00  0.3675E-02      -1  -0.156E-01    0.00  0.2805E-01  0.0000E+00
  31   -36.0000     -63.198 0.3501   0.1718E+00  0.8637E-03 -0.1581E+00  0.3623E-02      -1  -0.151E-01    0.00  0.3217E-01  0.0000E+00
  32   -37.2000     -63.085 0.3502   0.1723E+00  0.8645E-03 -0.1538E+00  0.3571E-02      -1  -0.147E-01    0.00  0.3691E-01  0.0000E+00
  33   -38.4000     -62.939 0.3503   0.1730E+00  0.8656E-03 -0.1495E+00  0.3520E-02      -1  -0.143E-01    0.00  0.4234E-01  0.0000E+00
  34   -39.6000     -62.759 0.3504   0.1738E+00  0.8668E-03 -0.1453E+00  0.3468E-02      -1  -0.139E-01    0.00  0.4857E-01  0.0000E+00
  35   -40.8000     -62.546 0.3506   0.1747E+00  0.8684E-03 -0.1412E+00  0.3416E-02      -1  -0.135E-01    0.00  0.5572E-01  0.0000E+00
  36   -42.0000     -62.298 0.3508   0.1758E+00  0.8701E-03 -0.1371E+00  0.3364E-02      -1  -0.131E-01    0.00  0.6393E-01  0.0000E+00
  37   -43.2000     -62.017 0.3511   0.1770E+00  0.8721E-03 -0.1331E+00  0.3313E-02      -1  -0.127E-01    0.00  0.7335E-01  0.0000E+00
  38   -44.4000     -61.702 0.3513   0.1784E+00  0.8744E-03 -0.1292E+00  0.3261E-02      -1  -0.124E-01    0.00  0.8418E-01  0.0000E+00
  39   -45.6000     -61.354 0.3516   0.1800E+00  0.8768E-03 -0.1253E+00  0.3209E-02      -1  -0.120E-01    0.00  0.9662E-01  0.0000E+00
  40   -46.8000     -60.973 0.3519   0.1816E+00  0.8795E-03 -0.1215E+00  0.3157E-02      -1  -0.116E-01    0.00  0.1109E+00  0.0000E+00
  41   -48.0000     -60.559 0.3523   0.1835E+00  0.8825E-03 -0.1177E+00  0.3106E-02      -1  -0.113E-01    0.00  0.1274E+00  0.0000E+00
  42   -49.2000     -60.113 0.3526   0.1854E+00  0.8857E-03 -0.1140E+00  0.3054E-02      -1  -0.109E-01    0.00  0.1462E+00  0.0000E+00
  43   -50.4000     -59.632 0.3531   0.1886E+00  0.8892E-03 -0.1104E+00  0.3002E-02      -1  -0.106E-01    0.00  0.1680E+00  0.0000E+00
  44   -51.6000     -59.116 0.3536   0.1927E+00  0.8932E-03 -0.1068E+00  0.2950E-02      -1  -0.102E-01    0.00  0.1929E+00  0.0000E+00
  45   -52.8000     -58.562 0.3541   0.1971E+00  0.8974E-03 -0.1033E+00  0.2899E-02      -1  -0.989E-02    0.00  0.2217E+00  0.0000E+00
  46   -54.0000     -57.973 0.3546   0.2017E+00  0.9019E-03 -0.9984E-01  0.2847E-02      -1  -0.956E-02    0.00  0.2547E+00  0.0000E+00
  47   -55.2000     -57.350 0.3552   0.2066E+00  0.9067E-03 -0.9646E-01  0.2795E-02      -1  -0.924E-02    0.00  0.2927E+00  0.0000E+00
  48   -56.4000     -56.694 0.3558   0.2118E+00  0.9117E-03 -0.9314E-01  0.2743E-02      -1  -0.892E-02    0.00  0.3365E+00  0.0000E+00
  49   -57.6000     -56.006 0.3565   0.2172E+00  0.9169E-03 -0.8988E-01  0.2692E-02      -1  -0.861E-02    0.00  0.3868E+00  0.0000E+00
  50   -58.8000     -55.287 0.3571   0.2228E+00  0.9224E-03 -0.8668E-01  0.2640E-02      -1  -0.830E-02    0.00  0.4447E+00  0.0000E+00
  51   -60.0000     -54.539 0.3578   0.2287E+00  0.9281E-03 -0.8354E-01  0.2588E-02      -1  -0.800E-02    0.00  0.5113E+00  0.0000E+00
  52   -61.2000     -53.764 0.3586   0.2348E+00  0.9341E-03 -0.8047E-01  0.2536E-02      -1  -0.771E-02    0.00  0.5878E+00  0.0000E+00
  53   -62.4000     -52.962 0.3593   0.2411E+00  0.9402E-03 -0.7745E-01  0.2484E-02      -1  -0.742E-02    0.00  0.6756E+00  0.0000E+00
  54   -63.6000     -52.135 0.3601   0.2477E+00  0.9465E-03 -0.7450E-01  0.2433E-02      -1  -0.714E-02    0.00  0.7760E+00  0.0000E+00
  55   -64.8000     -51.284 0.3609   0.2543E+00  0.9530E-03 -0.7161E-01  0.2381E-02      -1  -0.686E-02    0.00  0.8905E+00  0.0000E+00
  56   -66.0000     -50.411 0.3617   0.2612E+00  0.9597E-03 -0.6879E-01  0.2329E-02      -1  -0.659E-02    0.00  0.1021E+01  0.0000E+00
  57   -67.2000     -49.516 0.3625   0.2683E+00  0.9665E-03 -0.6602E-01  0.2277E-02      -1  -0.632E-02    0.00  0.1169E+01  0.0000E+00
  58   -68.4000     -48.602 0.3634   0.2755E+00  0.9735E-03 -0.6332E-01  0.2226E-02      -1  -0.607E-02    0.00  0.1337E+01  0.0000E+00
  59   -69.6000     -47.668 0.3643   0.2828E+00  0.9806E-03 -0.6068E-01  0.2174E-02      -1  -0.581E-02    0.00  0.1526E+01  0.0000E+00
  60   -70.8000     -46.715 0.3652   0.2946E+00  0.9876E-03 -0.5810E-01  0.2122E-02      -1  -0.557E-02    0.00  0.1741E+01  0.0000E+00
  61   -72.0000     -45.742 0.3662   0.3075E+00  0.9946E-03 -0.5559E-01  0.2070E-02      -1  -0.532E-02    0.00  0.1982E+01  0.0000E+00
  62   -73.2000     -44.749 0.3672   0.3207E+00  0.1002E-02 -0.5314E-01  0.2019E-02      -1  -0.509E-02    0.00  0.2254E+01  0.0000E+00
  63   -74.4000     -43.740 0.3682   0.3341E+00  0.1009E-02 -0.5074E-01  0.1967E-02      -1  -0.486E-02    0.00  0.2558E+01  0.0000E+00
  64   -75.6000     -42.714 0.3693   0.3477E+00  0.1016E-02 -0.4841E-01  0.1915E-02      -1  -0.464E-02    0.00  0.2900E+01  0.0000E+00
  65   -76.8000     -41.674 0.3703   0.3615E+00  0.1024E-02 -0.4615E-01  0.1863E-02      -1  -0.442E-02    0.00  0.3282E+01  0.0000E+00
  66   -78.0000     -40.621 0.3714   0.3755E+00  0.1032E-02 -0.4394E-01  0.1812E-02      -1  -0.421E-02    0.00  0.3708E+01  0.0000E+00
  67   -79.2000     -39.555 0.3725   0.3897E+00  0.1039E-02 -0.4180E-01  0.1760E-02      -1  -0.400E-02    0.00  0.4183E+01  0.0000E+00
  68   -80.4000     -38.478 0.3736   0.4040E+00  0.1047E-02 -0.3972E-01  0.1708E-02      -1  -0.380E-02    0.00  0.4712E+01  0.0000E+00
  69   -81.6000     -37.391 0.3747   0.4205E+00  0.1054E-02 -0.3770E-01  0.1656E-02      -1  -0.361E-02    0.00  0.5298E+01  0.0000E+00
  70   -82.8000     -36.293 0.3759   0.4438E+00  0.1061E-02 -0.3574E-01  0.1605E-02      -1  -0.342E-02    0.00  0.5946E+01  0.0000E+00
  71   -84.0000     -35.184 0.3771   0.4673E+00  0.1067E-02 -0.3385E-01  0.1553E-02      -1  -0.324E-02    0.00  0.6662E+01  0.0000E+00
  72   -85.2000     -34.067 0.3783   0.4910E+00  0.1073E-02 -0.3202E-01  0.1501E-02      -1  -0.307E-02    0.00  0.7451E+01  0.0000E+00
  73   -86.4000     -32.941 0.3795   0.5149E+00  0.1079E-02 -0.3025E-01  0.1449E-02      -1  -0.290E-02    0.00  0.8318E+01  0.0000E+00
  74   -87.6000     -31.808 0.3807   0.5389E+00  0.1085E-02 -0.2854E-01  0.1398E-02      -1  -0.273E-02    0.00  0.9268E+01  0.0000E+00
  75   -88.8000     -30.668 0.3820   0.5631E+00  0.1092E-02 -0.2689E-01  0.1346E-02      -1  -0.258E-02    0.00  0.1031E+02  0.0000E+00
  76   -90.0000     -29.523 0.3832   0.5909E+00  0.1097E-02 -0.2532E-01  0.1283E-02      -1  -0.242E-02    0.00  0.1144E+02  0.0000E+00
  77   -91.2000     -28.371 0.3845   0.6280E+00  0.1100E-02 -0.2384E-01  0.1173E-02      -1  -0.228E-02    0.00  0.1266E+02  0.0000E+00
  78   -92.4000     -27.214 0.3858   0.6654E+00  0.1103E-02 -0.2250E-01  0.1064E-02      -1  -0.216E-02    0.00  0.1399E+02  0.0000E+00
  79   -93.6000     -26.052 0.3870   0.7028E+00  0.1106E-02 -0.2129E-01  0.9560E-03      -1  -0.204E-02    0.00  0.1542E+02  0.0000E+00
  80   -94.8000     -24.887 0.3883   0.7404E+00  0.1109E-02 -0.2021E-01  0.8426E-03      -1  -0.194E-02    0.00  0.1696E+02  0.0000E+00
  81   -96.0000     -23.718 0.3896   0.7781E+00  0.1112E-02 -0.1929E-01  0.6801E-03      -1  -0.185E-02    0.00  0.1861E+02  0.0000E+00
  82   -97.2000     -22.546 0.3909   0.8320E+00  0.1110E-02 -0.1857E-01  0.5358E-03      -1  -0.178E-02    0.00  0.2038E+02  0.0000E+00
  83   -98.4000     -21.371 0.3922   0.8870E+00  0.1107E-02 -0.1800E-01  0.4097E-03      -1  -0.172E-02    0.00  0.2225E+02  0.0000E+00
  84   -99.6000     -20.195 0.3935   0.9421E+00  0.1105E-02 -0.1757E-01  0.3015E-03      -1  -0.168E-02    0.00  0.2425E+02  0.0000E+00
  85  -100.8000     -19.016 0.3948   0.9973E+00  0.1103E-02 -0.1726E-01  0.2109E-03      -1  -0.165E-02    0.00  0.2637E+02  0.0000E+00
  86  -102.0000     -17.836 0.3961   0.1069E+01  0.1095E-02 -0.1705E-01  0.1374E-03      -1  -0.163E-02    0.00  0.2860E+02  0.0000E+00
  87  -103.2000     -16.654 0.3974   0.1147E+01  0.1087E-02 -0.1692E-01  0.7999E-04      -1  -0.162E-02    0.00  0.3097E+02  0.0000E+00
  88  -104.4000     -15.472 0.3987   0.1224E+01  0.1078E-02 -0.1685E-01  0.3781E-04      -1  -0.161E-02    0.00  0.3346E+02  0.0000E+00
  89  -105.6000     -14.287 0.4000   0.1315E+01  0.1065E-02 -0.1682E-01  0.9639E-05      -1  -0.161E-02    0.00  0.3609E+02  0.0000E+00
  90  -106.8000     -13.102 0.4012   0.1420E+01  0.1048E-02 -0.1682E-01  0.0000E+00      -1  -0.161E-02    0.00  0.3885E+02  0.0000E+00
  91  -108.0000     -11.916 0.4025   0.1524E+01  0.1031E-02 -0.1682E-01  0.0000E+00      -1  -0.161E-02    0.00  0.4175E+02  0.0000E+00
  92  -109.2000     -10.729 0.4037   0.1659E+01  0.1006E-02 -0.1682E-01  0.0000E+00      -1  -0.161E-02    0.00  0.4478E+02  0.0000E+00
  93  -110.4000      -9.540 0.4049   0.1797E+01  0.9802E-03 -0.1682E-01  0.0000E+00      -1  -0.161E-02    0.00  0.4796E+02  0.0000E+00
  94  -111.6000      -8.351 0.4060   0.1968E+01  0.9458E-03 -0.1682E-01  0.0000E+00      -1  -0.161E-02    0.00  0.5128E+02  0.0000E+00
  95  -112.8000      -7.161 0.4071   0.2155E+01  0.9074E-03 -0.1682E-01  0.0000E+00      -1  -0.161E-02    0.00  0.5474E+02  0.0000E+00
  96  -114.0000      -5.970 0.4082   0.2381E+01  0.8600E-03 -0.1682E-01  0.0000E+00      -1  -0.161E-02    0.00  0.5835E+02  0.0000E+00
  97  -115.2000      -4.778 0.4092   0.2657E+01  0.8013E-03 -0.1682E-01  0.0000E+00      -1  -0.161E-02    0.00  0.6211E+02  0.0000E+00
  98  -116.4000      -3.585 0.4101   0.3001E+01  0.7281E-03 -0.1682E-01  0.0000E+00      -1  -0.161E-02    0.00  0.6602E+02  0.0000E+00
  99  -117.6000      -2.391 0.4109   0.3463E+01  0.6318E-03 -0.1682E-01  0.0000E+00      -1  -0.161E-02    0.00  0.7009E+02  0.0000E+00
 100  -118.8000      -1.196 0.4116   0.4166E+01  0.4908E-03 -0.1682E-01  0.0000E+00      -1  -0.161E-02    0.00  0.7431E+02  0.0000E+00
 101  -120.0000       0.000 0.4120   0.7000E+01  0.0000E+00 -0.1682E-01  0.0000E+00      -1  -0.161E-02    0.00  0.7870E+02  0.0000E+00
end


 Time:     7300.0000


 Node      Depth      Head Moisture       K          C         Flux        Sink         Kappa   v/KsTop   Temp   Conc(1..NS) Sorb(1...NS)
           [L]        [L]    [-]        [L/T]      [1/L]      [L/T]        [1/T]         [-]      [-]      [C]      [M/L*3]

   1     0.0000     -75.266 0.3342   0.3183E+00  0.8143E-03 -0.3165E+00  0.5176E-02      -1  -0.303E-01    0.00  0.9070E-03  0.0000E+00
   2    -1.2000     -75.247 0.3342   0.3185E+00  0.8144E-03 -0.3103E+00  0.5124E-02      -1  -0.297E-01    0.00  0.1001E-02  0.0000E+00
   3    -2.4000     -75.203 0.3343   0.3190E+00  0.8147E-03 -0.3042E+00  0.5072E-02      -1  -0.291E-01    0.00  0.1108E-02  0.0000E+00
   4    -3.6000     -75.135 0.3343   0.3197E+00  0.8151E-03 -0.2981E+00  0.5021E-02      -1  -0.286E-01    0.00  0.1230E-02  0.0000E+00
   5    -4.8000     -75.040 0.3344   0.3208E+00  0.8156E-03 -0.2921E+00  0.4969E-02      -1  -0.280E-01    0.00  0.1370E-02  0.0000E+00
   6    -6.0000     -74.920 0.3345   0.3221E+00  0.8163E-03 -0.2862E+00  0.4917E-02      -1  -0.274E-01    0.00  0.1531E-02  0.0000E+00
   7    -7.2000     -74.772 0.3346   0.3238E+00  0.8171E-03 -0.2803E+00  0.4865E-02      -1  -0.268E-01    0.00  0.1714E-02  0.0000E+00
   8    -8.4000     -74.597 0.3348   0.3258E+00  0.8181E-03 -0.2745E+00  0.4814E-02      -1  -0.263E-01    0.00  0.1924E-02  0.0000E+00
   9    -9.6000     -74.394 0.3349   0.3280E+00  0.8193E-03 -0.2688E+00  0.4762E-02      -1  -0.257E-01    0.00  0.2164E-02  0.0000E+00
  10   -10.8000     -74.163 0.3351   0.3306E+00  0.8206E-03 -0.2631E+00  0.4710E-02      -1  -0.252E-01    0.00  0.2438E-02  0.0000E+00
  11   -12.0000     -73.903 0.3354   0.3335E+00  0.8221E-03 -0.2575E+00  0.4658E-02      -1  -0.247E-01    0.00  0.2752E-02  0.0000E+00
  12   -13.2000     -73.615 0.3356   0.3367E+00  0.8238E-03 -0.2519E+00  0.4607E-02      -1  -0.241E-01    0.00  0.3111E-02  0.0000E+00
  13   -14.4000     -73.298 0.3359   0.3403E+00  0.8256E-03 -0.2464E+00  0.4555E-02      -1  -0.236E-01    0.00  0.3522E-02  0.0000E+00
  14   -15.6000     -72.953 0.3362   0.3441E+00  0.8275E-03 -0.2410E+00  0.4503E-02      -1  -0.231E-01    0.00  0.3992E-02  0.0000E+00
  15   -16.8000     -72.579 0.3365   0.3483E+00  0.8297E-03 -0.2356E+00  0.4451E-02      -1  -0.226E-01    0.00  0.4530E-02  0.0000E+00
  16   -18.0000     -72.176 0.3368   0.3528E+00  0.8320E-03 -0.2303E+00  0.4400E-02      -1  -0.221E-01    0.00  0.5145E-02  0.0000E+00
  17   -19.2000     -71.745 0.3372   0.3577E+00  0.8344E-03 -0.2250E+00  0.4348E-02      -1  -0.216E-01    0.00  0.5850E-02  0.0000E+00
  18   -20.4000     -71.286 0.3376   0.3628E+00  0.8371E-03 -0.2198E+00  0.4296E-02      -1  -0.211E-01    0.00  0.6656E-02  0.0000E+00
  19   -21.6000     -70.799 0.3380   0.3682E+00  0.8398E-03 -0.2147E+00  0.4244E-02      -1  -0.206E-01    0.00  0.7579E-02  0.0000E+00
  20   -22.8000     -70.285 0.3385   0.3740E+00  0.8428E-03 -0.2097E+00  0.4193E-02      -1  -0.201E-01    0.00  0.8636E-02  0.0000E+00
  21   -24.0000     -69.744 0.3389   0.3800E+00  0.8459E-03 -0.2047E+00  0.4141E-02      -1  -0.196E-01    0.00  0.9847E-02  0.0000E+00
  22   -25.2000     -69.178 0.3394   0.3864E+00  0.8491E-03 -0.1997E+00  0.4089E-02      -1  -0.191E-01    0.00  0.1123E-01  0.0000E+00
  23   -26.4000     -68.585 0.3399   0.3930E+00  0.8525E-03 -0.1948E+00  0.4037E-02      -1  -0.187E-01    0.00  0.1282E-01  0.0000E+00
  24   -27.6000     -67.967 0.3405   0.3999E+00  0.8560E-03 -0.1900E+00  0.3986E-02      -1  -0.182E-01    0.00  0.1464E-01  0.0000E+00
  25   -28.8000     -67.326 0.3410   0.4071E+00  0.8597E-03 -0.1853E+00  0.3934E-02      -1  -0.177E-01    0.00  0.1673E-01  0.0000E+00
  26   -30.0000     -66.660 0.3416   0.4145E+00  0.8635E-03 -0.1806E+00  0.3882E-02      -1  -0.173E-01    0.00  0.1912E-01  0.0000E+00
  27   -31.2000     -65.971 0.3422   0.4222E+00  0.8674E-03 -0.1760E+00  0.3830E-02      -1  -0.169E-01    0.00  0.2186E-01  0.0000E+00
  28   -32.4000     -65.260 0.3428   0.4302E+00  0.8715E-03 -0.1714E+00  0.3778E-02      -1  -0.164E-01    0.00  0.2501E-01  0.0000E+00
  29   -33.6000     -64.527 0.3434   0.4384E+00  0.8757E-03 -0.1669E+00  0.3727E-02      -1  -0.160E-01    0.00  0.2861E-01  0.0000E+00
  30   -34.8000     -63.774 0.3440   0.4468E+00  0.8800E-03 -0.1625E+00  0.3675E-02      -1  -0.156E-01    0.00  0.3275E-01  0.0000E+00
  31   -36.0000     -63.195 0.3501   0.1718E+00  0.8637E-03 -0.1581E+00  0.3623E-02      -1  -0.151E-01    0.00  0.3750E-01  0.0000E+00
  32   -37.2000     -63.083 0.3502   0.1723E+00  0.8646E-03 -0.1538E+00  0.3571E-02      -1  -0.147E-01    0.00  0.4293E-01  0.0000E+00
  33   -38.4000     -62.936 0.3503   0.1730E+00  0.8656E-03 -0.1495E+00  0.3520E-02      -1  -0.143E-01    0.00  0.4916E-01  0.0000E+00
  34   -39.6000     -62.756 0.3505   0.1738E+00  0.8669E-03 -0.1453E+00  0.3468E-02      -1  -0.139E-01    0.00  0.5629E-01  0.0000E+00
  35   -40.8000     -62.543 0.3506   0.1747E+00  0.8684E-03 -0.1412E+00  0.3416E-02      -1  -0.135E-01    0.00  0.6445E-01  0.0000E+00
  36   -42.0000     -62.295 0.3508   0.1758E+00  0.8701E-03 -0.1371E+00  0.3364E-02      -1  -0.131E-01    0.00  0.7381E-01  0.0000E+00
  37   -43.2000     -62.014 0.3511   0.1770E+00  0.8721E-03 -0.1331E+00  0.3313E-02      -1  -0.127E-01    0.00  0.8454E-01  0.0000E+00
  38   -44.4000     -61.700 0.3513   0.1784E+00  0.8744E-03 -0.1292E+00  0.3261E-02      -1  -0.124E-01    0.00  0.9684E-01  0.0000E+00
  39   -45.6000     -61.351 0.3516   0.1800E+00  0.8769E-03 -0.1253E+00  0.3209E-02      -1  -0.120E-01    0.00  0.1109E+00  0.0000E+00
  40   -46.8000     -60.970 0.3519   0.1817E+00  0.8796E-03 -0.1215E+00  0.3157E-02      -1  -0.116E-01    0.00  0.1271E+00  0.0000E+00
  41   -48.0000     -60.556 0.3523   0.1835E+00  0.8825E-03 -0.1177E+00  0.3106E-02      -1  -0.113E-01    0.00  0.1457E+00  0.0000E+00
  42   -49.2000     -60.109 0.3526   0.1855E+00  0.8857E-03 -0.1140E+00  0.3054E-02      -1  -0.109E-01    0.00  0.1670E+00  0.0000E+00
  43   -50.4000     -59.629 0.3531   0.1887E+00  0.8893E-03 -0.1104E+00  0.3002E-02      -1  -0.106E-01    0.00  0.1914E+00  0.0000E+00
  44   -51.6000     -59.112 0.3536   0.1927E+00  0.8932E-03 -0.1068E+00  0.2950E-02      -1  -0.102E-01    0.00  0.2195E+00  0.0000E+00
  45   -52.8000     -58.559 0.3541   0.1971E+00  0.8974E-03 -0.1033E+00  0.2899E-02      -1  -0.989E-02    0.00  0.2517E+00  0.0000E+00
  46   -54.0000     -57.970 0.3546   0.2017E+00  0.9019E-03 -0.9984E-01  0.2847E-02      -1  -0.956E-02    0.00  0.2887E+00  0.0000E+00
  47   -55.2000     -57.347 0.3552   0.2066E+00  0.9067E-03 -0.9646E-01  0.2795E-02      -1  -0.924E-02    0.00  0.3311E+00  0.0000E+00
  48   -56.4000     -56.690 0.3558   0.2118E+00  0.9117E-03 -0.9314E-01  0.2743E-02      -1  -0.892E-02    0.00  0.3799E+00  0.0000E+00
  49   -57.6000     -56.002 0.3565   0.2172E+00  0.9170E-03 -0.8988E-01  0.2692E-02      -1  -0.861E-02    0.00  0.4358E+00  0.0000E+00
  50   -58.8000     -55.283 0.3571   0.2229E+00  0.9225E-03 -0.8668E-01  0.2640E-02      -1  -0.830E-02    0.00  0.5001E+00  0.0000E+00
  51   -60.0000     -54.536 0.3578   0.2288E+00  0.9282E-03 -0.8354E-01  0.2588E-02      -1  -0.800E-02    0.00  0.5738E+00  0.0000E+00
  52   -61.2000     -53.760 0.3586   0.2349E+00  0.9341E-03 -0.8047E-01  0.2536E-02      -1  -0.771E-02    0.00  0.6582E+00  0.0000E+00
  53   -62.4000     -52.958 0.3593   0.2412E+00  0.9402E-03 -0.7745E-01  0.2484E-02      -1  -0.742E-02    0.00  0.7546E+00  0.0000E+00
  54   -63.6000     -52.131 0.3601   0.2477E+00  0.9465E-03 -0.7450E-01  0.2433E-02      -1  -0.714E-02    0.00  0.8644E+00  0.0000E+00
  55   -64.8000     -51.280 0.3609   0.2544E+00  0.9531E-03 -0.7161E-01  0.2381E-02      -1  -0.686E-02    0.00  0.9891E+00  0.0000E+00
  56   -66.0000     -50.407 0.3617   0.2613E+00  0.9597E-03 -0.6879E-01  0.2329E-02      -1  -0.659E-02    0.00  0.1131E+01  0.0000E+00
  57   -67.2000     -49.512 0.3625   0.2683E+00  0.9666E-03 -0.6602E-01  0.2277E-02      -1  -0.632E-02    0.00  0.1291E+01  0.0000E+00
  58   -68.4000     -48.598 0.3634   0.2755E+00  0.9735E-03 -0.6332E-01  0.2226E-02      -1  -0.607E-02    0.00  0.1471E+01  0.0000E+00
  59   -69.6000     -47.664 0.3643   0.2828E+00  0.9807E-03 -0.6068E-01  0.2174E-02      -1  -0.581E-02    0.00  0.1675E+01  0.0000E+00
  60   -70.8000     -46.711 0.3652   0.2947E+00  0.9876E-03 -0.5810E-01  0.2122E-02      -1  -0.557E-02    0.00  0.1904E+01  0.0000E+00
  61   -72.0000     -45.737 0.3662   0.3076E+00  0.9947E-03 -0.5559E-01  0.2070E-02      -1  -0.532E-02    0.00  0.2162E+01  0.0000E+00
  62   -73.2000     -44.745 0.3672   0.3208E+00  0.1002E-02 -0.5314E-01  0.2019E-02      -1  -0.509E-02    0.00  0.2451E+01  0.0000E+00
  63   -74.4000     -43.735 0.3682   0.3342E+00  0.1009E-02 -0.5074E-01  0.1967E-02      -1  -0.486E-02    0.00  0.2774E+01  0.0000E+00
  64   -75.6000     -42.710 0.3693   0.3478E+00  0.1017E-02 -0.4842E-01  0.1915E-02      -1  -0.464E-02    0.00  0.3135E+01  0.0000E+00
  65   -76.8000     -41.670 0.3703   0.3616E+00  0.1024E-02 -0.4615E-01  0.1863E-02      -1  -0.442E-02    0.00  0.3537E+01  0.0000E+00
  66   -78.0000     -40.616 0.3714   0.3756E+00  0.1032E-02 -0.4394E-01  0.1812E-02      -1  -0.421E-02    0.00  0.3985E+01  0.0000E+00
  67   -79.2000     -39.551 0.3725   0.3897E+00  0.1039E-02 -0.4180E-01  0.1760E-02      -1  -0.400E-02    0.00  0.4482E+01  0.0000E+00
  68   -80.4000     -38.474 0.3736   0.4040E+00  0.1047E-02 -0.3972E-01  0.1708E-02      -1  -0.380E-02    0.00  0.5033E+01  0.0000E+00
  69   -81.6000     -37.386 0.3747   0.4206E+00  0.1054E-02 -0.3770E-01  0.1656E-02      -1  -0.361E-02    0.00  0.5643E+01  0.0000E+00
  70   -82.8000     -36.288 0.3759   0.4439E+00  0.1061E-02 -0.3574E-01  0.1605E-02      -1  -0.342E-02    0.00  0.6316E+01  0.0000E+00
  71   -84.0000     -35.180 0.3771   0.4674E+00  0.1067E-02 -0.3385E-01  0.1553E-02      -1  -0.324E-02    0.00  0.7056E+01  0.0000E+00
  72   -85.2000     -34.062 0.3783   0.4911E+00  0.1073E-02 -0.3202E-01  0.1501E-02      -1  -0.307E-02    0.00  0.7869E+01  0.0000E+00
  73   -86.4000     -32.937 0.3795   0.5150E+00  0.1079E-02 -0.3025E-01  0.1449E-02      -1  -0.290E-02    0.00  0.8759E+01  0.0000E+00
  74   -87.6000     -31.803 0.3807   0.5390E+00  0.1085E-02 -0.2854E-01  0.1398E-02      -1  -0.273E-02    0.00  0.9732E+01  0.0000E+00
  75   -88.8000     -30.664 0.3820   0.5632E+00  0.1092E-02 -0.2689E-01  0.1346E-02      -1  -0.258E-02    0.00  0.1079E+02  0.0000E+00
  76   -90.0000     -29.518 0.3832   0.5910E+00  0.1097E-02 -0.2533E-01  0.1258E-02      -1  -0.243E-02    0.00  0.1194E+02  0.0000E+00
  77   -91.2000     -28.366 0.3845   0.6282E+00  0.1100E-02 -0.2389E-01  0.1148E-02      -1  -0.229E-02    0.00  0.1319E+02  0.0000E+00
  78   -92.4000     -27.209 0.3858   0.6655E+00  0.1103E-02 -0.2257E-01  0.1040E-02      -1  -0.216E-02    0.00  0.1453E+02  0.0000E+00
  79   -93.6000     -26.048 0.3870   0.7030E+00  0.1106E-02 -0.2139E-01  0.9321E-03      -1  -0.205E-02    0.00  0.1598E+02  0.0000E+00
  80   -94.8000     -24.882 0.3883   0.7405E+00  0.1109E-02 -0.2034E-01  0.8193E-03      -1  -0.195E-02    0.00  0.1753E+02  0.0000E+00
  81   -96.0000     -23.714 0.3896   0.7782E+00  0.1112E-02 -0.1945E-01  0.6594E-03      -1  -0.186E-02    0.00  0.1918E+02  0.0000E+00
  82   -97.2000     -22.542 0.3909   0.8321E+00  0.1110E-02 -0.1875E-01  0.5178E-03      -1  -0.180E-02    0.00  0.2095E+02  0.0000E+00
  83   -98.4000     -21.368 0.3922   0.8871E+00  0.1107E-02 -0.1820E-01  0.3943E-03      -1  -0.174E-02    0.00  0.2282E+02  0.0000E+00
  84   -99.6000     -20.192 0.3935   0.9423E+00  0.1105E-02 -0.1779E-01  0.2886E-03      -1  -0.170E-02    0.00  0.2481E+02  0.0000E+00
  85  -100.8000     -19.013 0.3948   0.9975E+00  0.1103E-02 -0.1750E-01  0.2004E-03      -1  -0.168E-02    0.00  0.2692E+02  0.0000E+00
  86  -102.0000     -17.834 0.3961   0.1070E+01  0.1095E-02 -0.1730E-01  0.1290E-03      -1  -0.166E-02    0.00  0.2915E+02  0.0000E+00
  87  -103.2000     -16.652 0.3974   0.1147E+01  0.1087E-02 -0.1718E-01  0.7353E-04      -1  -0.165E-02    0.00  0.3150E+02  0.0000E+00
  88  -104.4000     -15.470 0.3987   0.1224E+01  0.1078E-02 -0.1711E-01  0.3307E-04      -1  -0.164E-02    0.00  0.3397E+02  0.0000E+00
  89  -105.6000     -14.286 0.4000   0.1315E+01  0.1065E-02 -0.1709E-01  0.6371E-05      -1  -0.164E-02    0.00  0.3657E+02  0.0000E+00
  90  -106.8000     -13.101 0.4012   0.1420E+01  0.1048E-02 -0.1709E-01  0.0000E+00      -1  -0.164E-02    0.00  0.3931E+02  0.0000E+00
  91  -108.0000     -11.915 0.4025   0.1525E+01  0.1031E-02 -0.1708E-01  0.0000E+00      -1  -0.164E-02    0.00  0.4217E+02  0.0000E+00
  92  -109.2000     -10.727 0.4037   0.1659E+01  0.1006E-02 -0.1708E-01  0.0000E+00      -1  -0.164E-02    0.00  0.4518E+02  0.0000E+00
  93  -110.4000      -9.539 0.4049   0.1797E+01  0.9801E-03 -0.1709E-01  0.0000E+00      -1  -0.164E-02    0.00  0.4832E+02  0.0000E+00
  94  -111.6000      -8.350 0.4060   0.1968E+01  0.9458E-03 -0.1709E-01  0.0000E+00      -1  -0.164E-02    0.00  0.5160E+02  0.0000E+00
  95  -112.8000      -7.160 0.4071   0.2155E+01  0.9074E-03 -0.1708E-01  0.0000E+00      -1  -0.164E-02    0.00  0.5502E+02  0.0000E+00
  96  -114.0000      -5.969 0.4082   0.2381E+01  0.8600E-03 -0.1708E-01  0.0000E+00      -1  -0.164E-02    0.00  0.5859E+02  0.0000E+00
  97  -115.2000      -4.777 0.4092   0.2657E+01  0.8013E-03 -0.1709E-01  0.0000E+00      -1  -0.164E-02    0.00  0.6231E+02  0.0000E+00
  98  -116.4000      -3.585 0.4101   0.3001E+01  0.7281E-03 -0.1709E-01  0.0000E+00      -1  -0.164E-02    0.00  0.6617E+02  0.0000E+00
  99  -117.6000      -2.391 0.4109   0.3463E+01  0.6318E-03 -0.1709E-01  0.0000E+00      -1  -0.164E-02    0.00  0.7019E+02  0.0000E+00
 100  -118.8000      -1.196 0.4116   0.4166E+01  0.4908E-03 -0.1709E-01  0.0000E+00      -1  -0.164E-02    0.00  0.7436E+02  0.0000E+00
 101  -120.0000       0.000 0.4120   0.7000E+01  0.0000E+00 -0.1709E-01  0.0000E+00      -1  -0.164E-02    0.00  0.7870E+02  0.0000E+00
end
