 All solute fluxes and cumulative solute fluxes are positive into the region

       Time         cvTop        cvBot      Sum(cvTop)   Sum(cvBot)     cvCh0        cvCh1         cTop        cRoot         cBot        cvRoot    Sum(cvRoot)  Sum(cvNEql) TLevel      cGWL        cRunOff   Sum(cRunOff)    (cv(i),    Sum(cv(i)), i=1,NObs)
        [T]        [M/L2/T]     [M/L2/T]      [M/L2]       [M/L2]       [M/L2]      [M/L2]        [M/L3]      [M/L3]        [M/L3]      [M/L2/T]      [M/L2]       [M/L2]              [M/L3]        [M/L2]      [M/L3]      [M/L2/T]      [M/L2]
        0.1000  0.00000E+00  0.42857E+04  0.00000E+00  0.42857E+03  0.00000E+00  0.00000E+00  0.00000E+00  0.00000E+00  0.78700E+02  0.00000E+00  0.00000E+00  0.00000E+00       1  0.00000E+00  0.00000E+00  0.00000E+00
        1.9952  0.00000E+00  0.56492E+02  0.00000E+00  0.51193E+03  0.00000E+00  0.00000E+00  0.00000E+00  0.63251E-01  0.78700E+02  0.38494E-17  0.12412E-17  0.00000E+00      11  0.00000E+00  0.00000E+00  0.00000E+00
       10.2924  0.00000E+00  0.35319E+02  0.00000E+00  0.93346E+03  0.00000E+00  0.00000E+00  0.00000E+00  0.43554E+00  0.78700E+02  0.15729E-09  0.26693E-09  0.00000E+00      21  0.00000E+00  0.00000E+00  0.00000E+00
       20.2924  0.00000E+00  0.11983E+02  0.00000E+00  0.11343E+04  0.00000E+00  0.00000E+00  0.00000E+00  0.64299E+00  0.78700E+02  0.57269E-08  0.24839E-07  0.00000E+00      31  0.00000E+00  0.00000E+00  0.00000E+00
       30.2924  0.00000E+00  0.11009E+02  0.00000E+00  0.12383E+04  0.00000E+00  0.00000E+00  0.00000E+00  0.74017E+00  0.78700E+02  0.23073E-07  0.15864E-06  0.00000E+00      41  0.00000E+00  0.00000E+00  0.00000E+00
       40.2924  0.00000E+00  0.11046E+02  0.00000E+00  0.13497E+04  0.00000E+00  0.00000E+00  0.00000E+00  0.84321E+00  0.78700E+02  0.90109E-07  0.69138E-06  0.00000E+00      51  0.00000E+00  0.00000E+00  0.00000E+00
       50.2924  0.00000E+00  0.10433E+02  0.00000E+00  0.14570E+04  0.00000E+00  0.00000E+00  0.00000E+00  0.94302E+00  0.78700E+02  0.28768E-06  0.25241E-05  0.00000E+00      61  0.00000E+00  0.00000E+00  0.00000E+00
       60.2924  0.00000E+00  0.97753E+01  0.00000E+00  0.15576E+04  0.00000E+00  0.00000E+00  0.00000E+00  0.10368E+01  0.78700E+02  0.75230E-06  0.76640E-05  0.00000E+00      71  0.00000E+00  0.00000E+00  0.00000E+00
       70.2924  0.00000E+00  0.91905E+01  0.00000E+00  0.16521E+04  0.00000E+00  0.00000E+00  0.00000E+00  0.11248E+01  0.78700E+02  0.16802E-05  0.19812E-04  0.00000E+00      81  0.00000E+00  0.00000E+00  0.00000E+00
       80.2924  0.00000E+00  0.86856E+01  0.00000E+00  0.17412E+04  0.00000E+00  0.00000E+00  0.00000E+00  0.12076E+01  0.78700E+02  0.33239E-05  0.44947E-04  0.00000E+00      91  0.00000E+00  0.00000E+00  0.00000E+00
       90.2924  0.00000E+00  0.82493E+01  0.00000E+00  0.18256E+04  0.00000E+00  0.00000E+00  0.00000E+00  0.12862E+01  0.78700E+02  0.59832E-05  0.91840E-04  0.00000E+00     101  0.00000E+00  0.00000E+00  0.00000E+00
      100.2924  0.00000E+00  0.78686E+01  0.00000E+00  0.19059E+04  0.00000E+00  0.00000E+00  0.00000E+00  0.13609E+01  0.78700E+02  0.99939E-05  0.17247E-03  0.00000E+00     111  0.00000E+00  0.00000E+00  0.00000E+00
      110.2924  0.00000E+00  0.75331E+01  0.00000E+00  0.19827E+04  0.00000E+00  0.00000E+00  0.00000E+00  0.14323E+01  0.78700E+02  0.15715E-04  0.30231E-03  0.00000E+00     121  0.00000E+00  0.00000E+00  0.00000E+00
      120.2924  0.00000E+00  0.72345E+01  0.00000E+00  0.20564E+04  0.00000E+00  0.00000E+00  0.00000E+00  0.15007E+01  0.78700E+02  0.23519E-04  0.50051E-03  0.00000E+00     131  0.00000E+00  0.00000E+00  0.00000E+00
      130.2924  0.00000E+00  0.69667E+01  0.00000E+00  0.21273E+04  0.00000E+00  0.00000E+00  0.00000E+00  0.15666E+01  0.78700E+02  0.33778E-04  0.78995E-03  0.00000E+00     141  0.00000E+00  0.00000E+00  0.00000E+00
      140.2924  0.00000E+00  0.67248E+01  0.00000E+00  0.21956E+04  0.00000E+00  0.00000E+00  0.00000E+00  0.16300E+01  0.78700E+02  0.46863E-04  0.11972E-02  0.00000E+00     151  0.00000E+00  0.00000E+00  0.00000E+00
      150.2924  0.00000E+00  0.65048E+01  0.00000E+00  0.22616E+04  0.00000E+00  0.00000E+00  0.00000E+00  0.16913E+01  0.78700E+02  0.60600E-04  0.17421E-02  0.00000E+00     161  0.00000E+00  0.00000E+00  0.00000E+00
      160.2924  0.00000E+00  0.63036E+01  0.00000E+00  0.23255E+04  0.00000E+00  0.00000E+00  0.00000E+00  0.17507E+01  0.78700E+02  0.76596E-04  0.24334E-02  0.00000E+00     171  0.00000E+00  0.00000E+00  0.00000E+00
      170.2924  0.00000E+00  0.61188E+01  0.00000E+00  0.23875E+04  0.00000E+00  0.00000E+00  0.00000E+00  0.18082E+01  0.78700E+02  0.96048E-04  0.33033E-02  0.00000E+00     181  0.00000E+00  0.00000E+00  0.00000E+00
      180.2924  0.00000E+00  0.59482E+01  0.00000E+00  0.24478E+04  0.00000E+00  0.00000E+00  0.00000E+00  0.18642E+01  0.78700E+02  0.11928E-03  0.43883E-02  0.00000E+00     191  0.00000E+00  0.00000E+00  0.00000E+00
      190.2924  0.00000E+00  0.57900E+01  0.00000E+00  0.25064E+04  0.00000E+00  0.00000E+00  0.00000E+00  0.19185E+01  0.78700E+02  0.14021E-03  0.56994E-02  0.00000E+00     201  0.00000E+00  0.00000E+00  0.00000E+00
      200.2924  0.00000E+00  0.56430E+01  0.00000E+00  0.25635E+04  0.00000E+00  0.00000E+00  0.00000E+00  0.19715E+01  0.78700E+02  0.16325E-03  0.72252E-02  0.00000E+00     211  0.00000E+00  0.00000E+00  0.00000E+00
      210.2924  0.00000E+00  0.55057E+01  0.00000E+00  0.26191E+04  0.00000E+00  0.00000E+00  0.00000E+00  0.20232E+01  0.78700E+02  0.19019E-03  0.90025E-02  0.00000E+00     221  0.00000E+00  0.00000E+00  0.00000E+00
      220.2924  0.00000E+00  0.53772E+01  0.00000E+00  0.26735E+04  0.00000E+00  0.00000E+00  0.00000E+00  0.20736E+01  0.78700E+02  0.22130E-03  0.11072E-01  0.00000E+00     231  0.00000E+00  0.00000E+00  0.00000E+00
      230.2924  0.00000E+00  0.52566E+01  0.00000E+00  0.27266E+04  0.00000E+00  0.00000E+00  0.00000E+00  0.21228E+01  0.78700E+02  0.25227E-03  0.13465E-01  0.00000E+00     241  0.00000E+00  0.00000E+00  0.00000E+00
      240.2924  0.00000E+00  0.51431E+01  0.00000E+00  0.27785E+04  0.00000E+00  0.00000E+00  0.00000E+00  0.21710E+01  0.78700E+02  0.28049E-03  0.16140E-01  0.00000E+00     251  0.00000E+00  0.00000E+00  0.00000E+00
      250.2924  0.00000E+00  0.50360E+01  0.00000E+00  0.28293E+04  0.00000E+00  0.00000E+00  0.00000E+00  0.22182E+01  0.78700E+02  0.31271E-03  0.19119E-01  0.00000E+00     261  0.00000E+00  0.00000E+00  0.00000E+00
      260.2924  0.00000E+00  0.49348E+01  0.00000E+00  0.28791E+04  0.00000E+00  0.00000E+00  0.00000E+00  0.22644E+01  0.78700E+02  0.34917E-03  0.22443E-01  0.00000E+00     271  0.00000E+00  0.00000E+00  0.00000E+00
      270.2924  0.00000E+00  0.48390E+01  0.00000E+00  0.29280E+04  0.00000E+00  0.00000E+00  0.00000E+00  0.23096E+01  0.78700E+02  0.39009E-03  0.26156E-01  0.00000E+00     281  0.00000E+00  0.00000E+00  0.00000E+00
      280.2924  0.00000E+00  0.47480E+01  0.00000E+00  0.29758E+04  0.00000E+00  0.00000E+00  0.00000E+00  0.23541E+01  0.78700E+02  0.42808E-03  0.30279E-01  0.00000E+00     291  0.00000E+00  0.00000E+00  0.00000E+00
      290.2924  0.00000E+00  0.46615E+01  0.00000E+00  0.30228E+04  0.00000E+00  0.00000E+00  0.00000E+00  0.23976E+01  0.78700E+02  0.46351E-03  0.34751E-01  0.00000E+00     301  0.00000E+00  0.00000E+00  0.00000E+00
      300.2924  0.00000E+00  0.45791E+01  0.00000E+00  0.30690E+04  0.00000E+00  0.00000E+00  0.00000E+00  0.24404E+01  0.78700E+02  0.50304E-03  0.39601E-01  0.00000E+00     311  0.00000E+00  0.00000E+00  0.00000E+00
      310.2924  0.00000E+00  0.45006E+01  0.00000E+00  0.31144E+04  0.00000E+00  0.00000E+00  0.00000E+00  0.24825E+01  0.78700E+02  0.54688E-03  0.44868E-01  0.00000E+00     321  0.00000E+00  0.00000E+00  0.00000E+00
      320.2924  0.00000E+00  0.44255E+01  0.00000E+00  0.31589E+04  0.00000E+00  0.00000E+00  0.00000E+00  0.25238E+01  0.78700E+02  0.59520E-03  0.50599E-01  0.00000E+00     331  0.00000E+00  0.00000E+00  0.00000E+00
      330.2924  0.00000E+00  0.43538E+01  0.00000E+00  0.32028E+04  0.00000E+00  0.00000E+00  0.00000E+00  0.25645E+01  0.78700E+02  0.64520E-03  0.56834E-01  0.00000E+00     341  0.00000E+00  0.00000E+00  0.00000E+00
      340.2924  0.00000E+00  0.42851E+01  0.00000E+00  0.32460E+04  0.00000E+00  0.00000E+00  0.00000E+00  0.26045E+01  0.78700E+02  0.68596E-03  0.63507E-01  0.00000E+00     351  0.00000E+00  0.00000E+00  0.00000E+00
      350.2924  0.00000E+00  0.42192E+01  0.00000E+00  0.32884E+04  0.00000E+00  0.00000E+00  0.00000E+00  0.26439E+01  0.78700E+02  0.73075E-03  0.70610E-01  0.00000E+00     361  0.00000E+00  0.00000E+00  0.00000E+00
      360.1462  0.00000E+00  0.41568E+01  0.00000E+00  0.33297E+04  0.00000E+00  0.00000E+00  0.00000E+00  0.26822E+01  0.78700E+02  0.77914E-03  0.78069E-01  0.00000E+00     371  0.00000E+00  0.00000E+00  0.00000E+00
      365.0000  0.00000E+00  0.41270E+01  0.00000E+00  0.33498E+04  0.00000E+00  0.00000E+00  0.00000E+00  0.27009E+01  0.78700E+02  0.80445E-03  0.81924E-01  0.00000E+00     376  0.00000E+00  0.00000E+00  0.00000E+00
      370.0000  0.00000E+00  0.40969E+01  0.00000E+00  0.33703E+04  0.00000E+00  0.00000E+00  0.00000E+00  0.27198E+01  0.78700E+02  0.83145E-03  0.86027E-01  0.00000E+00     381  0.00000E+00  0.00000E+00  0.00000E+00
      380.0000  0.00000E+00  0.40384E+01  0.00000E+00  0.34110E+04  0.00000E+00  0.00000E+00  0.00000E+00  0.27575E+01  0.78700E+02  0.88914E-03  0.94655E-01  0.00000E+00     391  0.00000E+00  0.00000E+00  0.00000E+00
      390.0000  0.00000E+00  0.39821E+01  0.00000E+00  0.34510E+04  0.00000E+00  0.00000E+00  0.00000E+00  0.27946E+01  0.78700E+02  0.94568E-03  0.10387E+00  0.00000E+00     401  0.00000E+00  0.00000E+00  0.00000E+00
      400.0000  0.00000E+00  0.39278E+01  0.00000E+00  0.34906E+04  0.00000E+00  0.00000E+00  0.00000E+00  0.28312E+01  0.78700E+02  0.99368E-03  0.11359E+00  0.00000E+00     411  0.00000E+00  0.00000E+00  0.00000E+00
      410.0000  0.00000E+00  0.38754E+01  0.00000E+00  0.35295E+04  0.00000E+00  0.00000E+00  0.12634E-29  0.28674E+01  0.78700E+02  0.10457E-02  0.12381E+00  0.00000E+00     421  0.00000E+00  0.00000E+00  0.00000E+00
      420.0000  0.00000E+00  0.38248E+01  0.00000E+00  0.35680E+04  0.00000E+00  0.00000E+00  0.15875E-28  0.29030E+01  0.78700E+02  0.11018E-02  0.13457E+00  0.00000E+00     431  0.00000E+00  0.00000E+00  0.00000E+00
      430.0000  0.00000E+00  0.37760E+01  0.00000E+00  0.36060E+04  0.00000E+00  0.00000E+00  0.57764E-28  0.29382E+01  0.78700E+02  0.11621E-02  0.14592E+00  0.00000E+00     441  0.00000E+00  0.00000E+00  0.00000E+00
      440.0000  0.00000E+00  0.37288E+01  0.00000E+00  0.36435E+04  0.00000E+00  0.00000E+00  0.18194E-27  0.29730E+01  0.78700E+02  0.12268E-02  0.15789E+00  0.00000E+00     451  0.00000E+00  0.00000E+00  0.00000E+00
      450.0000  0.00000E+00  0.36831E+01  0.00000E+00  0.36805E+04  0.00000E+00  0.00000E+00  0.53865E-27  0.30073E+01  0.78700E+02  0.12959E-02  0.17053E+00  0.00000E+00     461  0.00000E+00  0.00000E+00  0.00000E+00
      460.0000  0.00000E+00  0.36388E+01  0.00000E+00  0.37171E+04  0.00000E+00  0.00000E+00  0.15288E-26  0.30412E+01  0.78700E+02  0.13496E-02  0.18379E+00  0.00000E+00     471  0.00000E+00  0.00000E+00  0.00000E+00
      470.0000  0.00000E+00  0.35959E+01  0.00000E+00  0.37533E+04  0.00000E+00  0.00000E+00  0.41865E-26  0.30747E+01  0.78700E+02  0.14068E-02  0.19760E+00  0.00000E+00     481  0.00000E+00  0.00000E+00  0.00000E+00
      480.0000  0.00000E+00  0.35544E+01  0.00000E+00  0.37890E+04  0.00000E+00  0.00000E+00  0.11096E-25  0.31078E+01  0.78700E+02  0.14679E-02  0.21200E+00  0.00000E+00     491  0.00000E+00  0.00000E+00  0.00000E+00
      490.0000  0.00000E+00  0.35140E+01  0.00000E+00  0.38243E+04  0.00000E+00  0.00000E+00  0.28516E-25  0.31405E+01  0.78700E+02  0.15330E-02  0.22703E+00  0.00000E+00     501  0.00000E+00  0.00000E+00  0.00000E+00
      500.0000  0.00000E+00  0.34749E+01  0.00000E+00  0.38592E+04  0.00000E+00  0.00000E+00  0.71176E-25  0.31729E+01  0.78700E+02  0.16022E-02  0.24274E+00  0.00000E+00     511  0.00000E+00  0.00000E+00  0.00000E+00
      510.0000  0.00000E+00  0.34369E+01  0.00000E+00  0.38938E+04  0.00000E+00  0.00000E+00  0.17277E-24  0.32049E+01  0.78700E+02  0.16757E-02  0.25916E+00  0.00000E+00     521  0.00000E+00  0.00000E+00  0.00000E+00
      520.0000  0.00000E+00  0.33999E+01  0.00000E+00  0.39279E+04  0.00000E+00  0.00000E+00  0.40837E-24  0.32365E+01  0.78700E+02  0.17502E-02  0.27634E+00  0.00000E+00     531  0.00000E+00  0.00000E+00  0.00000E+00
      530.0000  0.00000E+00  0.33640E+01  0.00000E+00  0.39617E+04  0.00000E+00  0.00000E+00  0.94100E-24  0.32679E+01  0.78700E+02  0.18105E-02  0.29417E+00  0.00000E+00     541  0.00000E+00  0.00000E+00  0.00000E+00
      540.0000  0.00000E+00  0.33291E+01  0.00000E+00  0.39952E+04  0.00000E+00  0.00000E+00  0.21162E-23  0.32988E+01  0.78700E+02  0.18745E-02  0.31262E+00  0.00000E+00     551  0.00000E+00  0.00000E+00  0.00000E+00
      550.0000  0.00000E+00  0.32950E+01  0.00000E+00  0.40283E+04  0.00000E+00  0.00000E+00  0.46495E-23  0.33295E+01  0.78700E+02  0.19422E-02  0.33174E+00  0.00000E+00     561  0.00000E+00  0.00000E+00  0.00000E+00
      560.0000  0.00000E+00  0.32619E+01  0.00000E+00  0.40611E+04  0.00000E+00  0.00000E+00  0.99898E-23  0.33599E+01  0.78700E+02  0.20138E-02  0.35155E+00  0.00000E+00     571  0.00000E+00  0.00000E+00  0.00000E+00
      570.0000  0.00000E+00  0.32296E+01  0.00000E+00  0.40935E+04  0.00000E+00  0.00000E+00  0.21009E-22  0.33899E+01  0.78700E+02  0.20892E-02  0.37210E+00  0.00000E+00     581  0.00000E+00  0.00000E+00  0.00000E+00
      580.0000  0.00000E+00  0.31982E+01  0.00000E+00  0.41256E+04  0.00000E+00  0.00000E+00  0.43287E-22  0.34197E+01  0.78700E+02  0.21687E-02  0.39342E+00  0.00000E+00     591  0.00000E+00  0.00000E+00  0.00000E+00
      590.0000  0.00000E+00  0.31675E+01  0.00000E+00  0.41574E+04  0.00000E+00  0.00000E+00  0.87448E-22  0.34491E+01  0.78700E+02  0.22521E-02  0.41557E+00  0.00000E+00     601  0.00000E+00  0.00000E+00  0.00000E+00
      600.0000  0.00000E+00  0.31376E+01  0.00000E+00  0.41890E+04  0.00000E+00  0.00000E+00  0.17335E-21  0.34783E+01  0.78700E+02  0.23211E-02  0.43848E+00  0.00000E+00     611  0.00000E+00  0.00000E+00  0.00000E+00
      610.0000  0.00000E+00  0.31084E+01  0.00000E+00  0.42202E+04  0.00000E+00  0.00000E+00  0.33744E-21  0.35072E+01  0.78700E+02  0.23894E-02  0.46207E+00  0.00000E+00     621  0.00000E+00  0.00000E+00  0.00000E+00
      620.0000  0.00000E+00  0.30799E+01  0.00000E+00  0.42511E+04  0.00000E+00  0.00000E+00  0.64549E-21  0.35359E+01  0.78700E+02  0.24611E-02  0.48635E+00  0.00000E+00     631  0.00000E+00  0.00000E+00  0.00000E+00
      630.0000  0.00000E+00  0.30520E+01  0.00000E+00  0.42817E+04  0.00000E+00  0.00000E+00  0.12142E-20  0.35642E+01  0.78700E+02  0.25365E-02  0.51137E+00  0.00000E+00     641  0.00000E+00  0.00000E+00  0.00000E+00
      640.0000  0.00000E+00  0.30249E+01  0.00000E+00  0.43121E+04  0.00000E+00  0.00000E+00  0.22472E-20  0.35924E+01  0.78700E+02  0.26154E-02  0.53717E+00  0.00000E+00     651  0.00000E+00  0.00000E+00  0.00000E+00
      650.0000  0.00000E+00  0.29983E+01  0.00000E+00  0.43422E+04  0.00000E+00  0.00000E+00  0.40950E-20  0.36202E+01  0.78700E+02  0.26980E-02  0.56377E+00  0.00000E+00     661  0.00000E+00  0.00000E+00  0.00000E+00
      660.0000  0.00000E+00  0.29723E+01  0.00000E+00  0.43721E+04  0.00000E+00  0.00000E+00  0.73509E-20  0.36479E+01  0.78700E+02  0.27844E-02  0.59123E+00  0.00000E+00     671  0.00000E+00  0.00000E+00  0.00000E+00
      670.0000  0.00000E+00  0.29469E+01  0.00000E+00  0.44016E+04  0.00000E+00  0.00000E+00  0.13006E-19  0.36753E+01  0.78700E+02  0.28745E-02  0.61956E+00  0.00000E+00     681  0.00000E+00  0.00000E+00  0.00000E+00
      680.0000  0.00000E+00  0.29221E+01  0.00000E+00  0.44310E+04  0.00000E+00  0.00000E+00  0.22694E-19  0.37024E+01  0.78700E+02  0.29456E-02  0.64870E+00  0.00000E+00     691  0.00000E+00  0.00000E+00  0.00000E+00
      690.0000  0.00000E+00  0.28978E+01  0.00000E+00  0.44601E+04  0.00000E+00  0.00000E+00  0.39068E-19  0.37294E+01  0.78700E+02  0.30192E-02  0.67856E+00  0.00000E+00     701  0.00000E+00  0.00000E+00  0.00000E+00
      700.0000  0.00000E+00  0.28739E+01  0.00000E+00  0.44889E+04  0.00000E+00  0.00000E+00  0.66391E-19  0.37561E+01  0.78700E+02  0.30960E-02  0.70917E+00  0.00000E+00     711  0.00000E+00  0.00000E+00  0.00000E+00
      710.0000  0.00000E+00  0.28507E+01  0.00000E+00  0.45175E+04  0.00000E+00  0.00000E+00  0.11142E-18  0.37825E+01  0.78700E+02  0.31761E-02  0.74057E+00  0.00000E+00     721  0.00000E+00  0.00000E+00  0.00000E+00
      720.0000  0.00000E+00  0.28279E+01  0.00000E+00  0.45459E+04  0.00000E+00  0.00000E+00  0.18474E-18  0.38088E+01  0.78700E+02  0.32596E-02  0.77278E+00  0.00000E+00     731  0.00000E+00  0.00000E+00  0.00000E+00
      730.0000  0.00000E+00  0.28055E+01  0.00000E+00  0.45740E+04  0.00000E+00  0.00000E+00  0.30275E-18  0.38349E+01  0.78700E+02  0.33464E-02  0.80585E+00  0.00000E+00     741  0.00000E+00  0.00000E+00  0.00000E+00
      740.0000  0.00000E+00  0.27835E+01  0.00000E+00  0.46020E+04  0.00000E+00  0.00000E+00  0.49057E-18  0.38607E+01  0.78700E+02  0.34367E-02  0.83981E+00  0.00000E+00     751  0.00000E+00  0.00000E+00  0.00000E+00
      750.0000  0.00000E+00  0.27620E+01  0.00000E+00  0.46297E+04  0.00000E+00  0.00000E+00  0.78629E-18  0.38864E+01  0.78700E+02  0.35303E-02  0.87469E+00  0.00000E+00     761  0.00000E+00  0.00000E+00  0.00000E+00
      760.0000  0.00000E+00  0.27410E+01  0.00000E+00  0.46572E+04  0.00000E+00  0.00000E+00  0.12470E-17  0.39119E+01  0.78700E+02  0.36126E-02  0.91047E+00  0.00000E+00     771  0.00000E+00  0.00000E+00  0.00000E+00
      770.0000  0.00000E+00  0.27203E+01  0.00000E+00  0.46845E+04  0.00000E+00  0.00000E+00  0.19576E-17  0.39371E+01  0.78700E+02  0.36884E-02  0.94701E+00  0.00000E+00     781  0.00000E+00  0.00000E+00  0.00000E+00
      780.0000  0.00000E+00  0.27001E+01  0.00000E+00  0.47116E+04  0.00000E+00  0.00000E+00  0.30430E-17  0.39622E+01  0.78700E+02  0.37671E-02  0.98433E+00  0.00000E+00     791  0.00000E+00  0.00000E+00  0.00000E+00
      790.0000  0.00000E+00  0.26802E+01  0.00000E+00  0.47385E+04  0.00000E+00  0.00000E+00  0.46849E-17  0.39871E+01  0.78700E+02  0.38489E-02  0.10224E+01  0.00000E+00     801  0.00000E+00  0.00000E+00  0.00000E+00
      800.0000  0.00000E+00  0.26607E+01  0.00000E+00  0.47652E+04  0.00000E+00  0.00000E+00  0.71463E-17  0.40118E+01  0.78700E+02  0.39338E-02  0.10614E+01  0.00000E+00     811  0.00000E+00  0.00000E+00  0.00000E+00
      810.0000  0.00000E+00  0.26416E+01  0.00000E+00  0.47917E+04  0.00000E+00  0.00000E+00  0.10803E-16  0.40363E+01  0.78700E+02  0.40217E-02  0.11012E+01  0.00000E+00     821  0.00000E+00  0.00000E+00  0.00000E+00
      820.0000  0.00000E+00  0.26227E+01  0.00000E+00  0.48180E+04  0.00000E+00  0.00000E+00  0.16191E-16  0.40607E+01  0.78700E+02  0.41128E-02  0.11419E+01  0.00000E+00     831  0.00000E+00  0.00000E+00  0.00000E+00
      830.0000  0.00000E+00  0.26042E+01  0.00000E+00  0.48441E+04  0.00000E+00  0.00000E+00  0.24060E-16  0.40848E+01  0.78700E+02  0.42069E-02  0.11836E+01  0.00000E+00     841  0.00000E+00  0.00000E+00  0.00000E+00
      840.0000  0.00000E+00  0.25860E+01  0.00000E+00  0.48701E+04  0.00000E+00  0.00000E+00  0.35463E-16  0.41088E+01  0.78700E+02  0.43043E-02  0.12262E+01  0.00000E+00     851  0.00000E+00  0.00000E+00  0.00000E+00
      850.0000  0.00000E+00  0.25682E+01  0.00000E+00  0.48958E+04  0.00000E+00  0.00000E+00  0.51856E-16  0.41327E+01  0.78700E+02  0.43865E-02  0.12697E+01  0.00000E+00     861  0.00000E+00  0.00000E+00  0.00000E+00
      860.0000  0.00000E+00  0.25507E+01  0.00000E+00  0.49214E+04  0.00000E+00  0.00000E+00  0.75246E-16  0.41563E+01  0.78700E+02  0.44649E-02  0.13140E+01  0.00000E+00     871  0.00000E+00  0.00000E+00  0.00000E+00
      870.0000  0.00000E+00  0.25334E+01  0.00000E+00  0.49468E+04  0.00000E+00  0.00000E+00  0.10837E-15  0.41799E+01  0.78700E+02  0.45460E-02  0.13591E+01  0.00000E+00     881  0.00000E+00  0.00000E+00  0.00000E+00
      880.0000  0.00000E+00  0.25165E+01  0.00000E+00  0.49721E+04  0.00000E+00  0.00000E+00  0.15496E-15  0.42032E+01  0.78700E+02  0.46299E-02  0.14050E+01  0.00000E+00     891  0.00000E+00  0.00000E+00  0.00000E+00
      890.0000  0.00000E+00  0.24999E+01  0.00000E+00  0.49971E+04  0.00000E+00  0.00000E+00  0.22000E-15  0.42264E+01  0.78700E+02  0.47165E-02  0.14518E+01  0.00000E+00     901  0.00000E+00  0.00000E+00  0.00000E+00
      900.0000  0.00000E+00  0.24835E+01  0.00000E+00  0.50220E+04  0.00000E+00  0.00000E+00  0.31023E-15  0.42494E+01  0.78700E+02  0.48059E-02  0.14994E+01  0.00000E+00     911  0.00000E+00  0.00000E+00  0.00000E+00
      910.0000  0.00000E+00  0.24674E+01  0.00000E+00  0.50468E+04  0.00000E+00  0.00000E+00  0.43455E-15  0.42723E+01  0.78700E+02  0.48981E-02  0.15480E+01  0.00000E+00     921  0.00000E+00  0.00000E+00  0.00000E+00
      920.0000  0.00000E+00  0.24516E+01  0.00000E+00  0.50714E+04  0.00000E+00  0.00000E+00  0.60476E-15  0.42951E+01  0.78700E+02  0.49931E-02  0.15975E+01  0.00000E+00     931  0.00000E+00  0.00000E+00  0.00000E+00
      930.0000  0.00000E+00  0.24360E+01  0.00000E+00  0.50958E+04  0.00000E+00  0.00000E+00  0.83638E-15  0.43177E+01  0.78700E+02  0.50906E-02  0.16480E+01  0.00000E+00     941  0.00000E+00  0.00000E+00  0.00000E+00
      940.0000  0.00000E+00  0.24206E+01  0.00000E+00  0.51201E+04  0.00000E+00  0.00000E+00  0.11496E-14  0.43401E+01  0.78700E+02  0.51820E-02  0.16994E+01  0.00000E+00     951  0.00000E+00  0.00000E+00  0.00000E+00
      950.0000  0.00000E+00  0.24055E+01  0.00000E+00  0.51442E+04  0.00000E+00  0.00000E+00  0.15709E-14  0.43624E+01  0.78700E+02  0.52596E-02  0.17516E+01  0.00000E+00     961  0.00000E+00  0.00000E+00  0.00000E+00
      960.0000  0.00000E+00  0.23907E+01  0.00000E+00  0.51682E+04  0.00000E+00  0.00000E+00  0.21341E-14  0.43846E+01  0.78700E+02  0.53396E-02  0.18047E+01  0.00000E+00     971  0.00000E+00  0.00000E+00  0.00000E+00
      970.0000  0.00000E+00  0.23760E+01  0.00000E+00  0.51920E+04  0.00000E+00  0.00000E+00  0.28829E-14  0.44066E+01  0.78700E+02  0.54221E-02  0.18585E+01  0.00000E+00     981  0.00000E+00  0.00000E+00  0.00000E+00
      980.0000  0.00000E+00  0.23616E+01  0.00000E+00  0.52157E+04  0.00000E+00  0.00000E+00  0.38732E-14  0.44285E+01  0.78700E+02  0.55070E-02  0.19132E+01  0.00000E+00     991  0.00000E+00  0.00000E+00  0.00000E+00
      990.0000  0.00000E+00  0.23474E+01  0.00000E+00  0.52392E+04  0.00000E+00  0.00000E+00  0.51760E-14  0.44503E+01  0.78700E+02  0.55944E-02  0.19688E+01  0.00000E+00    1001  0.00000E+00  0.00000E+00  0.00000E+00
     1000.0000  0.00000E+00  0.23334E+01  0.00000E+00  0.52626E+04  0.00000E+00  0.00000E+00  0.68812E-14  0.44719E+01  0.78700E+02  0.56843E-02  0.20252E+01  0.00000E+00    1011  0.00000E+00  0.00000E+00  0.00000E+00
     1010.0000  0.00000E+00  0.23197E+01  0.00000E+00  0.52859E+04  0.00000E+00  0.00000E+00  0.91018E-14  0.44934E+01  0.78700E+02  0.57768E-02  0.20825E+01  0.00000E+00    1021  0.00000E+00  0.00000E+00  0.00000E+00
     1020.0000  0.00000E+00  0.23061E+01  0.00000E+00  0.53090E+04  0.00000E+00  0.00000E+00  0.11980E-13  0.45148E+01  0.78700E+02  0.58717E-02  0.21408E+01  0.00000E+00    1031  0.00000E+00  0.00000E+00  0.00000E+00
     1030.0000  0.00000E+00  0.22927E+01  0.00000E+00  0.53320E+04  0.00000E+00  0.00000E+00  0.15693E-13  0.45360E+01  0.78700E+02  0.59693E-02  0.22001E+01  0.00000E+00    1041  0.00000E+00  0.00000E+00  0.00000E+00
     1040.0000  0.00000E+00  0.22796E+01  0.00000E+00  0.53548E+04  0.00000E+00  0.00000E+00  0.20460E-13  0.45572E+01  0.78700E+02  0.60581E-02  0.22603E+01  0.00000E+00    1051  0.00000E+00  0.00000E+00  0.00000E+00
     1050.0000  0.00000E+00  0.22665E+01  0.00000E+00  0.53776E+04  0.00000E+00  0.00000E+00  0.26554E-13  0.45782E+01  0.78700E+02  0.61365E-02  0.23213E+01  0.00000E+00    1061  0.00000E+00  0.00000E+00  0.00000E+00
     1060.0000  0.00000E+00  0.22537E+01  0.00000E+00  0.54001E+04  0.00000E+00  0.00000E+00  0.34310E-13  0.45991E+01  0.78700E+02  0.62170E-02  0.23831E+01  0.00000E+00    1071  0.00000E+00  0.00000E+00  0.00000E+00
     1070.0000  0.00000E+00  0.22411E+01  0.00000E+00  0.54226E+04  0.00000E+00  0.00000E+00  0.44139E-13  0.46198E+01  0.78700E+02  0.62998E-02  0.24457E+01  0.00000E+00    1081  0.00000E+00  0.00000E+00  0.00000E+00
     1080.0000  0.00000E+00  0.22286E+01  0.00000E+00  0.54450E+04  0.00000E+00  0.00000E+00  0.56544E-13  0.46405E+01  0.78700E+02  0.63847E-02  0.25092E+01  0.00000E+00    1091  0.00000E+00  0.00000E+00  0.00000E+00
     1090.0000  0.00000E+00  0.22163E+01  0.00000E+00  0.54672E+04  0.00000E+00  0.00000E+00  0.72137E-13  0.46610E+01  0.78700E+02  0.64719E-02  0.25735E+01  0.00000E+00    1101  0.00000E+00  0.00000E+00  0.00000E+00
     1095.0000  0.00000E+00  0.22102E+01  0.00000E+00  0.54782E+04  0.00000E+00  0.00000E+00  0.81355E-13  0.46712E+01  0.78700E+02  0.65164E-02  0.26060E+01  0.00000E+00    1106  0.00000E+00  0.00000E+00  0.00000E+00
     1100.0000  0.00000E+00  0.22041E+01  0.00000E+00  0.54893E+04  0.00000E+00  0.00000E+00  0.91660E-13  0.46814E+01  0.78700E+02  0.65614E-02  0.26387E+01  0.00000E+00    1111  0.00000E+00  0.00000E+00  0.00000E+00
     1110.0000  0.00000E+00  0.21922E+01  0.00000E+00  0.55112E+04  0.00000E+00  0.00000E+00  0.11601E-12  0.47017E+01  0.78700E+02  0.66531E-02  0.27048E+01  0.00000E+00    1121  0.00000E+00  0.00000E+00  0.00000E+00
     1120.0000  0.00000E+00  0.21804E+01  0.00000E+00  0.55331E+04  0.00000E+00  0.00000E+00  0.14626E-12  0.47219E+01  0.78700E+02  0.67470E-02  0.27719E+01  0.00000E+00    1131  0.00000E+00  0.00000E+00  0.00000E+00
     1130.0000  0.00000E+00  0.21687E+01  0.00000E+00  0.55548E+04  0.00000E+00  0.00000E+00  0.18372E-12  0.47420E+01  0.78700E+02  0.68427E-02  0.28399E+01  0.00000E+00    1141  0.00000E+00  0.00000E+00  0.00000E+00
     1140.0000  0.00000E+00  0.21573E+01  0.00000E+00  0.55765E+04  0.00000E+00  0.00000E+00  0.22992E-12  0.47620E+01  0.78700E+02  0.69389E-02  0.29088E+01  0.00000E+00    1151  0.00000E+00  0.00000E+00  0.00000E+00
     1150.0000  0.00000E+00  0.21459E+01  0.00000E+00  0.55980E+04  0.00000E+00  0.00000E+00  0.28671E-12  0.47819E+01  0.78700E+02  0.70164E-02  0.29787E+01  0.00000E+00    1161  0.00000E+00  0.00000E+00  0.00000E+00
     1160.0000  0.00000E+00  0.21347E+01  0.00000E+00  0.56194E+04  0.00000E+00  0.00000E+00  0.35628E-12  0.48016E+01  0.78700E+02  0.70960E-02  0.30493E+01  0.00000E+00    1171  0.00000E+00  0.00000E+00  0.00000E+00
     1170.0000  0.00000E+00  0.21237E+01  0.00000E+00  0.56407E+04  0.00000E+00  0.00000E+00  0.44123E-12  0.48213E+01  0.78700E+02  0.71775E-02  0.31207E+01  0.00000E+00    1181  0.00000E+00  0.00000E+00  0.00000E+00
     1180.0000  0.00000E+00  0.21128E+01  0.00000E+00  0.56618E+04  0.00000E+00  0.00000E+00  0.54462E-12  0.48408E+01  0.78700E+02  0.72610E-02  0.31929E+01  0.00000E+00    1191  0.00000E+00  0.00000E+00  0.00000E+00
     1190.0000  0.00000E+00  0.21020E+01  0.00000E+00  0.56829E+04  0.00000E+00  0.00000E+00  0.67003E-12  0.48603E+01  0.78700E+02  0.73465E-02  0.32660E+01  0.00000E+00    1201  0.00000E+00  0.00000E+00  0.00000E+00
     1200.0000  0.00000E+00  0.20914E+01  0.00000E+00  0.57039E+04  0.00000E+00  0.00000E+00  0.82171E-12  0.48797E+01  0.78700E+02  0.74340E-02  0.33399E+01  0.00000E+00    1211  0.00000E+00  0.00000E+00  0.00000E+00
     1210.0000  0.00000E+00  0.20808E+01  0.00000E+00  0.57247E+04  0.00000E+00  0.00000E+00  0.10046E-11  0.48989E+01  0.78700E+02  0.75235E-02  0.34148E+01  0.00000E+00    1221  0.00000E+00  0.00000E+00  0.00000E+00
     1220.0000  0.00000E+00  0.20704E+01  0.00000E+00  0.57455E+04  0.00000E+00  0.00000E+00  0.12244E-11  0.49181E+01  0.78700E+02  0.76151E-02  0.34905E+01  0.00000E+00    1231  0.00000E+00  0.00000E+00  0.00000E+00
     1230.0000  0.00000E+00  0.20602E+01  0.00000E+00  0.57661E+04  0.00000E+00  0.00000E+00  0.14879E-11  0.49371E+01  0.78700E+02  0.77087E-02  0.35672E+01  0.00000E+00    1241  0.00000E+00  0.00000E+00  0.00000E+00
     1240.0000  0.00000E+00  0.20500E+01  0.00000E+00  0.57867E+04  0.00000E+00  0.00000E+00  0.18029E-11  0.49561E+01  0.78700E+02  0.78044E-02  0.36448E+01  0.00000E+00    1251  0.00000E+00  0.00000E+00  0.00000E+00
     1250.0000  0.00000E+00  0.20400E+01  0.00000E+00  0.58071E+04  0.00000E+00  0.00000E+00  0.21783E-11  0.49750E+01  0.78700E+02  0.78981E-02  0.37233E+01  0.00000E+00    1261  0.00000E+00  0.00000E+00  0.00000E+00
     1260.0000  0.00000E+00  0.20301E+01  0.00000E+00  0.58275E+04  0.00000E+00  0.00000E+00  0.26245E-11  0.49938E+01  0.78700E+02  0.79763E-02  0.38027E+01  0.00000E+00    1271  0.00000E+00  0.00000E+00  0.00000E+00
     1270.0000  0.00000E+00  0.20204E+01  0.00000E+00  0.58477E+04  0.00000E+00  0.00000E+00  0.31535E-11  0.50125E+01  0.78700E+02  0.80563E-02  0.38830E+01  0.00000E+00    1281  0.00000E+00  0.00000E+00  0.00000E+00
     1280.0000  0.00000E+00  0.20107E+01  0.00000E+00  0.58679E+04  0.00000E+00  0.00000E+00  0.37790E-11  0.50311E+01  0.78700E+02  0.81381E-02  0.39640E+01  0.00000E+00    1291  0.00000E+00  0.00000E+00  0.00000E+00
     1290.0000  0.00000E+00  0.20011E+01  0.00000E+00  0.58879E+04  0.00000E+00  0.00000E+00  0.45168E-11  0.50496E+01  0.78700E+02  0.82217E-02  0.40458E+01  0.00000E+00    1301  0.00000E+00  0.00000E+00  0.00000E+00
     1300.0000  0.00000E+00  0.19917E+01  0.00000E+00  0.59079E+04  0.00000E+00  0.00000E+00  0.53847E-11  0.50680E+01  0.78700E+02  0.83071E-02  0.41285E+01  0.00000E+00    1311  0.00000E+00  0.00000E+00  0.00000E+00
     1310.0000  0.00000E+00  0.19824E+01  0.00000E+00  0.59277E+04  0.00000E+00  0.00000E+00  0.64034E-11  0.50863E+01  0.78700E+02  0.83943E-02  0.42120E+01  0.00000E+00    1321  0.00000E+00  0.00000E+00  0.00000E+00
     1320.0000  0.00000E+00  0.19732E+01  0.00000E+00  0.59475E+04  0.00000E+00  0.00000E+00  0.75962E-11  0.51046E+01  0.78700E+02  0.84833E-02  0.42965E+01  0.00000E+00    1331  0.00000E+00  0.00000E+00  0.00000E+00
     1330.0000  0.00000E+00  0.19640E+01  0.00000E+00  0.59672E+04  0.00000E+00  0.00000E+00  0.89894E-11  0.51228E+01  0.78700E+02  0.85742E-02  0.43818E+01  0.00000E+00    1341  0.00000E+00  0.00000E+00  0.00000E+00
     1340.0000  0.00000E+00  0.19550E+01  0.00000E+00  0.59868E+04  0.00000E+00  0.00000E+00  0.10613E-10  0.51408E+01  0.78700E+02  0.86669E-02  0.44680E+01  0.00000E+00    1351  0.00000E+00  0.00000E+00  0.00000E+00
     1350.0000  0.00000E+00  0.19460E+01  0.00000E+00  0.60063E+04  0.00000E+00  0.00000E+00  0.12501E-10  0.51588E+01  0.78700E+02  0.87609E-02  0.45552E+01  0.00000E+00    1361  0.00000E+00  0.00000E+00  0.00000E+00
     1360.0000  0.00000E+00  0.19373E+01  0.00000E+00  0.60257E+04  0.00000E+00  0.00000E+00  0.14692E-10  0.51767E+01  0.78700E+02  0.88567E-02  0.46434E+01  0.00000E+00    1371  0.00000E+00  0.00000E+00  0.00000E+00
     1370.0000  0.00000E+00  0.19285E+01  0.00000E+00  0.60450E+04  0.00000E+00  0.00000E+00  0.17229E-10  0.51946E+01  0.78700E+02  0.89386E-02  0.47324E+01  0.00000E+00    1381  0.00000E+00  0.00000E+00  0.00000E+00
     1380.0000  0.00000E+00  0.19199E+01  0.00000E+00  0.60643E+04  0.00000E+00  0.00000E+00  0.20159E-10  0.52123E+01  0.78700E+02  0.90176E-02  0.48222E+01  0.00000E+00    1391  0.00000E+00  0.00000E+00  0.00000E+00
     1390.0000  0.00000E+00  0.19114E+01  0.00000E+00  0.60834E+04  0.00000E+00  0.00000E+00  0.23538E-10  0.52300E+01  0.78700E+02  0.90982E-02  0.49128E+01  0.00000E+00    1401  0.00000E+00  0.00000E+00  0.00000E+00
     1400.0000  0.00000E+00  0.19029E+01  0.00000E+00  0.61025E+04  0.00000E+00  0.00000E+00  0.27426E-10  0.52476E+01  0.78700E+02  0.91804E-02  0.50043E+01  0.00000E+00    1411  0.00000E+00  0.00000E+00  0.00000E+00
     1410.0000  0.00000E+00  0.18945E+01  0.00000E+00  0.61215E+04  0.00000E+00  0.00000E+00  0.31890E-10  0.52651E+01  0.78700E+02  0.92643E-02  0.50965E+01  0.00000E+00    1421  0.00000E+00  0.00000E+00  0.00000E+00
     1420.0000  0.00000E+00  0.18863E+01  0.00000E+00  0.61404E+04  0.00000E+00  0.00000E+00  0.37007E-10  0.52825E+01  0.78700E+02  0.93498E-02  0.51896E+01  0.00000E+00    1431  0.00000E+00  0.00000E+00  0.00000E+00
     1430.0000  0.00000E+00  0.18781E+01  0.00000E+00  0.61592E+04  0.00000E+00  0.00000E+00  0.42861E-10  0.52999E+01  0.78700E+02  0.94369E-02  0.52836E+01  0.00000E+00    1441  0.00000E+00  0.00000E+00  0.00000E+00
     1440.0000  0.00000E+00  0.18700E+01  0.00000E+00  0.61779E+04  0.00000E+00  0.00000E+00  0.49545E-10  0.53171E+01  0.78700E+02  0.95257E-02  0.53785E+01  0.00000E+00    1451  0.00000E+00  0.00000E+00  0.00000E+00
     1450.0000  0.00000E+00  0.18620E+01  0.00000E+00  0.61966E+04  0.00000E+00  0.00000E+00  0.57163E-10  0.53343E+01  0.78700E+02  0.96162E-02  0.54742E+01  0.00000E+00    1461  0.00000E+00  0.00000E+00  0.00000E+00
     1460.0000  0.00000E+00  0.18541E+01  0.00000E+00  0.62151E+04  0.00000E+00  0.00000E+00  0.65829E-10  0.53515E+01  0.78700E+02  0.97083E-02  0.55709E+01  0.00000E+00    1471  0.00000E+00  0.00000E+00  0.00000E+00
     1470.0000  0.00000E+00  0.18462E+01  0.00000E+00  0.62336E+04  0.00000E+00  0.00000E+00  0.75672E-10  0.53685E+01  0.78700E+02  0.98020E-02  0.56685E+01  0.00000E+00    1481  0.00000E+00  0.00000E+00  0.00000E+00
     1480.0000  0.00000E+00  0.18384E+01  0.00000E+00  0.62521E+04  0.00000E+00  0.00000E+00  0.86830E-10  0.53855E+01  0.78700E+02  0.98975E-02  0.57670E+01  0.00000E+00    1491  0.00000E+00  0.00000E+00  0.00000E+00
     1490.0000  0.00000E+00  0.18307E+01  0.00000E+00  0.62704E+04  0.00000E+00  0.00000E+00  0.99459E-10  0.54024E+01  0.78700E+02  0.99785E-02  0.58665E+01  0.00000E+00    1501  0.00000E+00  0.00000E+00  0.00000E+00
     1500.0000  0.00000E+00  0.18231E+01  0.00000E+00  0.62887E+04  0.00000E+00  0.00000E+00  0.11373E-09  0.54193E+01  0.78700E+02  0.10058E-01  0.59667E+01  0.00000E+00    1511  0.00000E+00  0.00000E+00  0.00000E+00
     1510.0000  0.00000E+00  0.18155E+01  0.00000E+00  0.63069E+04  0.00000E+00  0.00000E+00  0.12983E-09  0.54360E+01  0.78700E+02  0.10139E-01  0.60677E+01  0.00000E+00    1521  0.00000E+00  0.00000E+00  0.00000E+00
     1520.0000  0.00000E+00  0.18081E+01  0.00000E+00  0.63250E+04  0.00000E+00  0.00000E+00  0.14796E-09  0.54527E+01  0.78700E+02  0.10221E-01  0.61695E+01  0.00000E+00    1531  0.00000E+00  0.00000E+00  0.00000E+00
     1530.0000  0.00000E+00  0.18007E+01  0.00000E+00  0.63430E+04  0.00000E+00  0.00000E+00  0.16834E-09  0.54693E+01  0.78700E+02  0.10304E-01  0.62722E+01  0.00000E+00    1541  0.00000E+00  0.00000E+00  0.00000E+00
     1540.0000  0.00000E+00  0.17933E+01  0.00000E+00  0.63610E+04  0.00000E+00  0.00000E+00  0.19123E-09  0.54859E+01  0.78700E+02  0.10390E-01  0.63757E+01  0.00000E+00    1551  0.00000E+00  0.00000E+00  0.00000E+00
     1550.0000  0.00000E+00  0.17862E+01  0.00000E+00  0.63789E+04  0.00000E+00  0.00000E+00  0.21689E-09  0.55024E+01  0.78700E+02  0.10476E-01  0.64801E+01  0.00000E+00    1561  0.00000E+00  0.00000E+00  0.00000E+00
     1560.0000  0.00000E+00  0.17790E+01  0.00000E+00  0.63967E+04  0.00000E+00  0.00000E+00  0.24562E-09  0.55188E+01  0.78700E+02  0.10564E-01  0.65853E+01  0.00000E+00    1571  0.00000E+00  0.00000E+00  0.00000E+00
     1570.0000  0.00000E+00  0.17718E+01  0.00000E+00  0.64144E+04  0.00000E+00  0.00000E+00  0.27773E-09  0.55352E+01  0.78700E+02  0.10654E-01  0.66915E+01  0.00000E+00    1581  0.00000E+00  0.00000E+00  0.00000E+00
     1580.0000  0.00000E+00  0.17647E+01  0.00000E+00  0.64321E+04  0.00000E+00  0.00000E+00  0.31356E-09  0.55515E+01  0.78700E+02  0.10745E-01  0.67985E+01  0.00000E+00    1591  0.00000E+00  0.00000E+00  0.00000E+00
     1590.0000  0.00000E+00  0.17578E+01  0.00000E+00  0.64497E+04  0.00000E+00  0.00000E+00  0.35351E-09  0.55677E+01  0.78700E+02  0.10838E-01  0.69065E+01  0.00000E+00    1601  0.00000E+00  0.00000E+00  0.00000E+00
     1600.0000  0.00000E+00  0.17509E+01  0.00000E+00  0.64673E+04  0.00000E+00  0.00000E+00  0.39797E-09  0.55838E+01  0.78700E+02  0.10931E-01  0.70154E+01  0.00000E+00    1611  0.00000E+00  0.00000E+00  0.00000E+00
     1610.0000  0.00000E+00  0.17441E+01  0.00000E+00  0.64847E+04  0.00000E+00  0.00000E+00  0.44739E-09  0.55999E+01  0.78700E+02  0.11020E-01  0.71252E+01  0.00000E+00    1621  0.00000E+00  0.00000E+00  0.00000E+00
     1620.0000  0.00000E+00  0.17372E+01  0.00000E+00  0.65022E+04  0.00000E+00  0.00000E+00  0.50224E-09  0.56160E+01  0.78700E+02  0.11098E-01  0.72358E+01  0.00000E+00    1631  0.00000E+00  0.00000E+00  0.00000E+00
     1630.0000  0.00000E+00  0.17305E+01  0.00000E+00  0.65195E+04  0.00000E+00  0.00000E+00  0.56306E-09  0.56319E+01  0.78700E+02  0.11178E-01  0.73472E+01  0.00000E+00    1641  0.00000E+00  0.00000E+00  0.00000E+00
     1640.0000  0.00000E+00  0.17239E+01  0.00000E+00  0.65368E+04  0.00000E+00  0.00000E+00  0.63039E-09  0.56478E+01  0.78700E+02  0.11258E-01  0.74595E+01  0.00000E+00    1651  0.00000E+00  0.00000E+00  0.00000E+00
     1650.0000  0.00000E+00  0.17172E+01  0.00000E+00  0.65540E+04  0.00000E+00  0.00000E+00  0.70485E-09  0.56637E+01  0.78700E+02  0.11341E-01  0.75725E+01  0.00000E+00    1661  0.00000E+00  0.00000E+00  0.00000E+00
     1660.0000  0.00000E+00  0.17107E+01  0.00000E+00  0.65711E+04  0.00000E+00  0.00000E+00  0.78707E-09  0.56794E+01  0.78700E+02  0.11424E-01  0.76864E+01  0.00000E+00    1671  0.00000E+00  0.00000E+00  0.00000E+00
     1670.0000  0.00000E+00  0.17042E+01  0.00000E+00  0.65882E+04  0.00000E+00  0.00000E+00  0.87778E-09  0.56952E+01  0.78700E+02  0.11509E-01  0.78011E+01  0.00000E+00    1681  0.00000E+00  0.00000E+00  0.00000E+00
     1680.0000  0.00000E+00  0.16977E+01  0.00000E+00  0.66052E+04  0.00000E+00  0.00000E+00  0.97770E-09  0.57108E+01  0.78700E+02  0.11595E-01  0.79166E+01  0.00000E+00    1691  0.00000E+00  0.00000E+00  0.00000E+00
     1690.0000  0.00000E+00  0.16914E+01  0.00000E+00  0.66221E+04  0.00000E+00  0.00000E+00  0.10877E-08  0.57264E+01  0.78700E+02  0.11683E-01  0.80331E+01  0.00000E+00    1701  0.00000E+00  0.00000E+00  0.00000E+00
     1700.0000  0.00000E+00  0.16851E+01  0.00000E+00  0.66390E+04  0.00000E+00  0.00000E+00  0.12085E-08  0.57419E+01  0.78700E+02  0.11772E-01  0.81504E+01  0.00000E+00    1711  0.00000E+00  0.00000E+00  0.00000E+00
     1710.0000  0.00000E+00  0.16788E+01  0.00000E+00  0.66558E+04  0.00000E+00  0.00000E+00  0.13412E-08  0.57574E+01  0.78700E+02  0.11862E-01  0.82686E+01  0.00000E+00    1721  0.00000E+00  0.00000E+00  0.00000E+00
     1720.0000  0.00000E+00  0.16726E+01  0.00000E+00  0.66726E+04  0.00000E+00  0.00000E+00  0.14867E-08  0.57728E+01  0.78700E+02  0.11954E-01  0.83877E+01  0.00000E+00    1731  0.00000E+00  0.00000E+00  0.00000E+00
     1730.0000  0.00000E+00  0.16665E+01  0.00000E+00  0.66893E+04  0.00000E+00  0.00000E+00  0.16462E-08  0.57882E+01  0.78700E+02  0.12046E-01  0.85078E+01  0.00000E+00    1741  0.00000E+00  0.00000E+00  0.00000E+00
     1740.0000  0.00000E+00  0.16604E+01  0.00000E+00  0.67059E+04  0.00000E+00  0.00000E+00  0.18206E-08  0.58035E+01  0.78700E+02  0.12135E-01  0.86287E+01  0.00000E+00    1751  0.00000E+00  0.00000E+00  0.00000E+00
     1750.0000  0.00000E+00  0.16543E+01  0.00000E+00  0.67225E+04  0.00000E+00  0.00000E+00  0.20113E-08  0.58188E+01  0.78700E+02  0.12214E-01  0.87505E+01  0.00000E+00    1761  0.00000E+00  0.00000E+00  0.00000E+00
     1760.0000  0.00000E+00  0.16483E+01  0.00000E+00  0.67390E+04  0.00000E+00  0.00000E+00  0.22195E-08  0.58339E+01  0.78700E+02  0.12293E-01  0.88731E+01  0.00000E+00    1771  0.00000E+00  0.00000E+00  0.00000E+00
     1770.0000  0.00000E+00  0.16424E+01  0.00000E+00  0.67554E+04  0.00000E+00  0.00000E+00  0.24466E-08  0.58491E+01  0.78700E+02  0.12374E-01  0.89965E+01  0.00000E+00    1781  0.00000E+00  0.00000E+00  0.00000E+00
     1780.0000  0.00000E+00  0.16365E+01  0.00000E+00  0.67718E+04  0.00000E+00  0.00000E+00  0.26941E-08  0.58642E+01  0.78700E+02  0.12456E-01  0.91207E+01  0.00000E+00    1791  0.00000E+00  0.00000E+00  0.00000E+00
     1790.0000  0.00000E+00  0.16306E+01  0.00000E+00  0.67881E+04  0.00000E+00  0.00000E+00  0.29635E-08  0.58792E+01  0.78700E+02  0.12539E-01  0.92457E+01  0.00000E+00    1801  0.00000E+00  0.00000E+00  0.00000E+00
     1800.0000  0.00000E+00  0.16248E+01  0.00000E+00  0.68044E+04  0.00000E+00  0.00000E+00  0.32565E-08  0.58942E+01  0.78700E+02  0.12623E-01  0.93715E+01  0.00000E+00    1811  0.00000E+00  0.00000E+00  0.00000E+00
     1810.0000  0.00000E+00  0.16191E+01  0.00000E+00  0.68206E+04  0.00000E+00  0.00000E+00  0.35748E-08  0.59091E+01  0.78700E+02  0.12708E-01  0.94982E+01  0.00000E+00    1821  0.00000E+00  0.00000E+00  0.00000E+00
     1820.0000  0.00000E+00  0.16134E+01  0.00000E+00  0.68368E+04  0.00000E+00  0.00000E+00  0.39204E-08  0.59239E+01  0.78700E+02  0.12795E-01  0.96258E+01  0.00000E+00    1831  0.00000E+00  0.00000E+00  0.00000E+00
     1825.0000  0.00000E+00  0.16105E+01  0.00000E+00  0.68448E+04  0.00000E+00  0.00000E+00  0.41040E-08  0.59313E+01  0.78700E+02  0.12839E-01  0.96899E+01  0.00000E+00    1836  0.00000E+00  0.00000E+00  0.00000E+00
     1830.0000  0.00000E+00  0.16077E+01  0.00000E+00  0.68529E+04  0.00000E+00  0.00000E+00  0.42951E-08  0.59387E+01  0.78700E+02  0.12883E-01  0.97542E+01  0.00000E+00    1841  0.00000E+00  0.00000E+00  0.00000E+00
     1840.0000  0.00000E+00  0.16021E+01  0.00000E+00  0.68689E+04  0.00000E+00  0.00000E+00  0.47011E-08  0.59535E+01  0.78700E+02  0.12972E-01  0.98835E+01  0.00000E+00    1851  0.00000E+00  0.00000E+00  0.00000E+00
     1850.0000  0.00000E+00  0.15965E+01  0.00000E+00  0.68849E+04  0.00000E+00  0.00000E+00  0.51406E-08  0.59682E+01  0.78700E+02  0.13063E-01  0.10014E+02  0.00000E+00    1861  0.00000E+00  0.00000E+00  0.00000E+00
     1860.0000  0.00000E+00  0.15910E+01  0.00000E+00  0.69009E+04  0.00000E+00  0.00000E+00  0.56159E-08  0.59828E+01  0.78700E+02  0.13154E-01  0.10145E+02  0.00000E+00    1871  0.00000E+00  0.00000E+00  0.00000E+00
     1870.0000  0.00000E+00  0.15855E+01  0.00000E+00  0.69167E+04  0.00000E+00  0.00000E+00  0.61295E-08  0.59974E+01  0.78700E+02  0.13247E-01  0.10277E+02  0.00000E+00    1881  0.00000E+00  0.00000E+00  0.00000E+00
     1880.0000  0.00000E+00  0.15801E+01  0.00000E+00  0.69326E+04  0.00000E+00  0.00000E+00  0.66839E-08  0.60120E+01  0.78700E+02  0.13329E-01  0.10410E+02  0.00000E+00    1891  0.00000E+00  0.00000E+00  0.00000E+00
     1890.0000  0.00000E+00  0.15747E+01  0.00000E+00  0.69483E+04  0.00000E+00  0.00000E+00  0.72820E-08  0.60265E+01  0.78700E+02  0.13407E-01  0.10544E+02  0.00000E+00    1901  0.00000E+00  0.00000E+00  0.00000E+00
     1900.0000  0.00000E+00  0.15693E+01  0.00000E+00  0.69641E+04  0.00000E+00  0.00000E+00  0.79266E-08  0.60409E+01  0.78700E+02  0.13486E-01  0.10678E+02  0.00000E+00    1911  0.00000E+00  0.00000E+00  0.00000E+00
     1910.0000  0.00000E+00  0.15640E+01  0.00000E+00  0.69797E+04  0.00000E+00  0.00000E+00  0.86207E-08  0.60553E+01  0.78700E+02  0.13566E-01  0.10813E+02  0.00000E+00    1921  0.00000E+00  0.00000E+00  0.00000E+00
     1920.0000  0.00000E+00  0.15588E+01  0.00000E+00  0.69953E+04  0.00000E+00  0.00000E+00  0.93676E-08  0.60697E+01  0.78700E+02  0.13647E-01  0.10949E+02  0.00000E+00    1931  0.00000E+00  0.00000E+00  0.00000E+00
     1930.0000  0.00000E+00  0.15535E+01  0.00000E+00  0.70109E+04  0.00000E+00  0.00000E+00  0.10171E-07  0.60840E+01  0.78700E+02  0.13730E-01  0.11086E+02  0.00000E+00    1941  0.00000E+00  0.00000E+00  0.00000E+00
     1940.0000  0.00000E+00  0.15483E+01  0.00000E+00  0.70264E+04  0.00000E+00  0.00000E+00  0.11033E-07  0.60982E+01  0.78700E+02  0.13813E-01  0.11224E+02  0.00000E+00    1951  0.00000E+00  0.00000E+00  0.00000E+00
     1950.0000  0.00000E+00  0.15431E+01  0.00000E+00  0.70419E+04  0.00000E+00  0.00000E+00  0.11959E-07  0.61124E+01  0.78700E+02  0.13898E-01  0.11363E+02  0.00000E+00    1961  0.00000E+00  0.00000E+00  0.00000E+00
     1960.0000  0.00000E+00  0.15381E+01  0.00000E+00  0.70573E+04  0.00000E+00  0.00000E+00  0.12953E-07  0.61266E+01  0.78700E+02  0.13984E-01  0.11502E+02  0.00000E+00    1971  0.00000E+00  0.00000E+00  0.00000E+00
     1970.0000  0.00000E+00  0.15330E+01  0.00000E+00  0.70726E+04  0.00000E+00  0.00000E+00  0.14017E-07  0.61407E+01  0.78700E+02  0.14070E-01  0.11643E+02  0.00000E+00    1981  0.00000E+00  0.00000E+00  0.00000E+00
     1980.0000  0.00000E+00  0.15280E+01  0.00000E+00  0.70879E+04  0.00000E+00  0.00000E+00  0.15158E-07  0.61547E+01  0.78700E+02  0.14158E-01  0.11784E+02  0.00000E+00    1991  0.00000E+00  0.00000E+00  0.00000E+00
     1990.0000  0.00000E+00  0.15230E+01  0.00000E+00  0.71032E+04  0.00000E+00  0.00000E+00  0.16378E-07  0.61687E+01  0.78700E+02  0.14247E-01  0.11926E+02  0.00000E+00    2001  0.00000E+00  0.00000E+00  0.00000E+00
     2000.0000  0.00000E+00  0.15180E+01  0.00000E+00  0.71184E+04  0.00000E+00  0.00000E+00  0.17683E-07  0.61827E+01  0.78700E+02  0.14338E-01  0.12069E+02  0.00000E+00    2011  0.00000E+00  0.00000E+00  0.00000E+00
     2010.0000  0.00000E+00  0.15131E+01  0.00000E+00  0.71335E+04  0.00000E+00  0.00000E+00  0.19078E-07  0.61966E+01  0.78700E+02  0.14429E-01  0.12213E+02  0.00000E+00    2021  0.00000E+00  0.00000E+00  0.00000E+00
     2020.0000  0.00000E+00  0.15081E+01  0.00000E+00  0.71486E+04  0.00000E+00  0.00000E+00  0.20568E-07  0.62105E+01  0.78700E+02  0.14514E-01  0.12357E+02  0.00000E+00    2031  0.00000E+00  0.00000E+00  0.00000E+00
     2030.0000  0.00000E+00  0.15033E+01  0.00000E+00  0.71637E+04  0.00000E+00  0.00000E+00  0.22157E-07  0.62243E+01  0.78700E+02  0.14591E-01  0.12503E+02  0.00000E+00    2041  0.00000E+00  0.00000E+00  0.00000E+00
     2040.0000  0.00000E+00  0.14985E+01  0.00000E+00  0.71787E+04  0.00000E+00  0.00000E+00  0.23853E-07  0.62381E+01  0.78700E+02  0.14670E-01  0.12649E+02  0.00000E+00    2051  0.00000E+00  0.00000E+00  0.00000E+00
     2050.0000  0.00000E+00  0.14937E+01  0.00000E+00  0.71936E+04  0.00000E+00  0.00000E+00  0.25660E-07  0.62518E+01  0.78700E+02  0.14750E-01  0.12796E+02  0.00000E+00    2061  0.00000E+00  0.00000E+00  0.00000E+00
     2060.0000  0.00000E+00  0.14890E+01  0.00000E+00  0.72086E+04  0.00000E+00  0.00000E+00  0.27584E-07  0.62655E+01  0.78700E+02  0.14830E-01  0.12944E+02  0.00000E+00    2071  0.00000E+00  0.00000E+00  0.00000E+00
     2070.0000  0.00000E+00  0.14843E+01  0.00000E+00  0.72234E+04  0.00000E+00  0.00000E+00  0.29632E-07  0.62791E+01  0.78700E+02  0.14912E-01  0.13093E+02  0.00000E+00    2081  0.00000E+00  0.00000E+00  0.00000E+00
     2080.0000  0.00000E+00  0.14796E+01  0.00000E+00  0.72382E+04  0.00000E+00  0.00000E+00  0.31811E-07  0.62927E+01  0.78700E+02  0.14995E-01  0.13243E+02  0.00000E+00    2091  0.00000E+00  0.00000E+00  0.00000E+00
     2090.0000  0.00000E+00  0.14750E+01  0.00000E+00  0.72530E+04  0.00000E+00  0.00000E+00  0.34127E-07  0.63063E+01  0.78700E+02  0.15078E-01  0.13393E+02  0.00000E+00    2101  0.00000E+00  0.00000E+00  0.00000E+00
     2100.0000  0.00000E+00  0.14704E+01  0.00000E+00  0.72677E+04  0.00000E+00  0.00000E+00  0.36588E-07  0.63198E+01  0.78700E+02  0.15163E-01  0.13544E+02  0.00000E+00    2111  0.00000E+00  0.00000E+00  0.00000E+00
     2110.0000  0.00000E+00  0.14658E+01  0.00000E+00  0.72824E+04  0.00000E+00  0.00000E+00  0.39200E-07  0.63333E+01  0.78700E+02  0.15249E-01  0.13696E+02  0.00000E+00    2121  0.00000E+00  0.00000E+00  0.00000E+00
     2120.0000  0.00000E+00  0.14613E+01  0.00000E+00  0.72970E+04  0.00000E+00  0.00000E+00  0.41972E-07  0.63467E+01  0.78700E+02  0.15335E-01  0.13849E+02  0.00000E+00    2131  0.00000E+00  0.00000E+00  0.00000E+00
     2130.0000  0.00000E+00  0.14567E+01  0.00000E+00  0.73116E+04  0.00000E+00  0.00000E+00  0.44911E-07  0.63601E+01  0.78700E+02  0.15423E-01  0.14003E+02  0.00000E+00    2141  0.00000E+00  0.00000E+00  0.00000E+00
     2140.0000  0.00000E+00  0.14522E+01  0.00000E+00  0.73262E+04  0.00000E+00  0.00000E+00  0.48026E-07  0.63734E+01  0.78700E+02  0.15512E-01  0.14158E+02  0.00000E+00    2151  0.00000E+00  0.00000E+00  0.00000E+00
     2150.0000  0.00000E+00  0.14478E+01  0.00000E+00  0.73407E+04  0.00000E+00  0.00000E+00  0.51325E-07  0.63867E+01  0.78700E+02  0.15601E-01  0.14314E+02  0.00000E+00    2161  0.00000E+00  0.00000E+00  0.00000E+00
     2160.0000  0.00000E+00  0.14434E+01  0.00000E+00  0.73551E+04  0.00000E+00  0.00000E+00  0.54817E-07  0.63999E+01  0.78700E+02  0.15692E-01  0.14470E+02  0.00000E+00    2171  0.00000E+00  0.00000E+00  0.00000E+00
     2170.0000  0.00000E+00  0.14390E+01  0.00000E+00  0.73695E+04  0.00000E+00  0.00000E+00  0.58512E-07  0.64132E+01  0.78700E+02  0.15774E-01  0.14627E+02  0.00000E+00    2181  0.00000E+00  0.00000E+00  0.00000E+00
     2180.0000  0.00000E+00  0.14346E+01  0.00000E+00  0.73839E+04  0.00000E+00  0.00000E+00  0.62419E-07  0.64263E+01  0.78700E+02  0.15850E-01  0.14786E+02  0.00000E+00    2191  0.00000E+00  0.00000E+00  0.00000E+00
     2190.0000  0.00000E+00  0.14303E+01  0.00000E+00  0.73982E+04  0.00000E+00  0.00000E+00  0.66547E-07  0.64395E+01  0.78700E+02  0.15928E-01  0.14945E+02  0.00000E+00    2201  0.00000E+00  0.00000E+00  0.00000E+00
     2200.0000  0.00000E+00  0.14260E+01  0.00000E+00  0.74125E+04  0.00000E+00  0.00000E+00  0.70907E-07  0.64526E+01  0.78700E+02  0.16007E-01  0.15104E+02  0.00000E+00    2211  0.00000E+00  0.00000E+00  0.00000E+00
     2210.0000  0.00000E+00  0.14216E+01  0.00000E+00  0.74267E+04  0.00000E+00  0.00000E+00  0.75510E-07  0.64656E+01  0.78700E+02  0.16087E-01  0.15265E+02  0.00000E+00    2221  0.00000E+00  0.00000E+00  0.00000E+00
     2220.0000  0.00000E+00  0.14174E+01  0.00000E+00  0.74409E+04  0.00000E+00  0.00000E+00  0.80367E-07  0.64786E+01  0.78700E+02  0.16167E-01  0.15426E+02  0.00000E+00    2231  0.00000E+00  0.00000E+00  0.00000E+00
     2230.0000  0.00000E+00  0.14132E+01  0.00000E+00  0.74551E+04  0.00000E+00  0.00000E+00  0.85488E-07  0.64916E+01  0.78700E+02  0.16249E-01  0.15588E+02  0.00000E+00    2241  0.00000E+00  0.00000E+00  0.00000E+00
     2240.0000  0.00000E+00  0.14090E+01  0.00000E+00  0.74692E+04  0.00000E+00  0.00000E+00  0.90886E-07  0.65045E+01  0.78700E+02  0.16331E-01  0.15751E+02  0.00000E+00    2251  0.00000E+00  0.00000E+00  0.00000E+00
     2250.0000  0.00000E+00  0.14048E+01  0.00000E+00  0.74833E+04  0.00000E+00  0.00000E+00  0.96572E-07  0.65174E+01  0.78700E+02  0.16414E-01  0.15915E+02  0.00000E+00    2261  0.00000E+00  0.00000E+00  0.00000E+00
     2260.0000  0.00000E+00  0.14007E+01  0.00000E+00  0.74973E+04  0.00000E+00  0.00000E+00  0.10256E-06  0.65302E+01  0.78700E+02  0.16498E-01  0.16080E+02  0.00000E+00    2271  0.00000E+00  0.00000E+00  0.00000E+00
     2270.0000  0.00000E+00  0.13966E+01  0.00000E+00  0.75113E+04  0.00000E+00  0.00000E+00  0.10886E-06  0.65431E+01  0.78700E+02  0.16584E-01  0.16245E+02  0.00000E+00    2281  0.00000E+00  0.00000E+00  0.00000E+00
     2280.0000  0.00000E+00  0.13925E+01  0.00000E+00  0.75252E+04  0.00000E+00  0.00000E+00  0.11549E-06  0.65558E+01  0.78700E+02  0.16670E-01  0.16411E+02  0.00000E+00    2291  0.00000E+00  0.00000E+00  0.00000E+00
     2290.0000  0.00000E+00  0.13884E+01  0.00000E+00  0.75391E+04  0.00000E+00  0.00000E+00  0.12245E-06  0.65686E+01  0.78700E+02  0.16756E-01  0.16578E+02  0.00000E+00    2301  0.00000E+00  0.00000E+00  0.00000E+00
     2300.0000  0.00000E+00  0.13843E+01  0.00000E+00  0.75530E+04  0.00000E+00  0.00000E+00  0.12978E-06  0.65813E+01  0.78700E+02  0.16844E-01  0.16747E+02  0.00000E+00    2311  0.00000E+00  0.00000E+00  0.00000E+00
     2310.0000  0.00000E+00  0.13803E+01  0.00000E+00  0.75668E+04  0.00000E+00  0.00000E+00  0.13747E-06  0.65939E+01  0.78700E+02  0.16933E-01  0.16915E+02  0.00000E+00    2321  0.00000E+00  0.00000E+00  0.00000E+00
     2320.0000  0.00000E+00  0.13764E+01  0.00000E+00  0.75806E+04  0.00000E+00  0.00000E+00  0.14554E-06  0.66065E+01  0.78700E+02  0.17020E-01  0.17085E+02  0.00000E+00    2331  0.00000E+00  0.00000E+00  0.00000E+00
     2330.0000  0.00000E+00  0.13724E+01  0.00000E+00  0.75943E+04  0.00000E+00  0.00000E+00  0.15401E-06  0.66191E+01  0.78700E+02  0.17096E-01  0.17256E+02  0.00000E+00    2341  0.00000E+00  0.00000E+00  0.00000E+00
     2340.0000  0.00000E+00  0.13685E+01  0.00000E+00  0.76080E+04  0.00000E+00  0.00000E+00  0.16290E-06  0.66317E+01  0.78700E+02  0.17173E-01  0.17427E+02  0.00000E+00    2351  0.00000E+00  0.00000E+00  0.00000E+00
     2350.0000  0.00000E+00  0.13646E+01  0.00000E+00  0.76217E+04  0.00000E+00  0.00000E+00  0.17222E-06  0.66442E+01  0.78700E+02  0.17251E-01  0.17599E+02  0.00000E+00    2361  0.00000E+00  0.00000E+00  0.00000E+00
     2360.0000  0.00000E+00  0.13607E+01  0.00000E+00  0.76353E+04  0.00000E+00  0.00000E+00  0.18199E-06  0.66566E+01  0.78700E+02  0.17330E-01  0.17772E+02  0.00000E+00    2371  0.00000E+00  0.00000E+00  0.00000E+00
     2370.0000  0.00000E+00  0.13569E+01  0.00000E+00  0.76489E+04  0.00000E+00  0.00000E+00  0.19222E-06  0.66691E+01  0.78700E+02  0.17409E-01  0.17946E+02  0.00000E+00    2381  0.00000E+00  0.00000E+00  0.00000E+00
     2380.0000  0.00000E+00  0.13530E+01  0.00000E+00  0.76624E+04  0.00000E+00  0.00000E+00  0.20293E-06  0.66815E+01  0.78700E+02  0.17489E-01  0.18121E+02  0.00000E+00    2391  0.00000E+00  0.00000E+00  0.00000E+00
     2390.0000  0.00000E+00  0.13492E+01  0.00000E+00  0.76759E+04  0.00000E+00  0.00000E+00  0.21414E-06  0.66938E+01  0.78700E+02  0.17570E-01  0.18296E+02  0.00000E+00    2401  0.00000E+00  0.00000E+00  0.00000E+00
     2400.0000  0.00000E+00  0.13454E+01  0.00000E+00  0.76894E+04  0.00000E+00  0.00000E+00  0.22586E-06  0.67062E+01  0.78700E+02  0.17652E-01  0.18472E+02  0.00000E+00    2411  0.00000E+00  0.00000E+00  0.00000E+00
     2410.0000  0.00000E+00  0.13417E+01  0.00000E+00  0.77029E+04  0.00000E+00  0.00000E+00  0.23813E-06  0.67184E+01  0.78700E+02  0.17735E-01  0.18649E+02  0.00000E+00    2421  0.00000E+00  0.00000E+00  0.00000E+00
     2420.0000  0.00000E+00  0.13379E+01  0.00000E+00  0.77162E+04  0.00000E+00  0.00000E+00  0.25095E-06  0.67307E+01  0.78700E+02  0.17819E-01  0.18827E+02  0.00000E+00    2431  0.00000E+00  0.00000E+00  0.00000E+00
     2430.0000  0.00000E+00  0.13342E+01  0.00000E+00  0.77296E+04  0.00000E+00  0.00000E+00  0.26435E-06  0.67429E+01  0.78700E+02  0.17903E-01  0.19006E+02  0.00000E+00    2441  0.00000E+00  0.00000E+00  0.00000E+00
     2440.0000  0.00000E+00  0.13305E+01  0.00000E+00  0.77429E+04  0.00000E+00  0.00000E+00  0.27834E-06  0.67551E+01  0.78700E+02  0.17988E-01  0.19185E+02  0.00000E+00    2451  0.00000E+00  0.00000E+00  0.00000E+00
     2450.0000  0.00000E+00  0.13268E+01  0.00000E+00  0.77562E+04  0.00000E+00  0.00000E+00  0.29295E-06  0.67673E+01  0.78700E+02  0.18074E-01  0.19365E+02  0.00000E+00    2461  0.00000E+00  0.00000E+00  0.00000E+00
     2460.0000  0.00000E+00  0.13232E+01  0.00000E+00  0.77695E+04  0.00000E+00  0.00000E+00  0.30819E-06  0.67794E+01  0.78700E+02  0.18161E-01  0.19547E+02  0.00000E+00    2471  0.00000E+00  0.00000E+00  0.00000E+00
     2470.0000  0.00000E+00  0.13195E+01  0.00000E+00  0.77827E+04  0.00000E+00  0.00000E+00  0.32410E-06  0.67915E+01  0.78700E+02  0.18249E-01  0.19729E+02  0.00000E+00    2481  0.00000E+00  0.00000E+00  0.00000E+00
     2480.0000  0.00000E+00  0.13160E+01  0.00000E+00  0.77958E+04  0.00000E+00  0.00000E+00  0.34069E-06  0.68035E+01  0.78700E+02  0.18337E-01  0.19912E+02  0.00000E+00    2491  0.00000E+00  0.00000E+00  0.00000E+00
     2490.0000  0.00000E+00  0.13123E+01  0.00000E+00  0.78090E+04  0.00000E+00  0.00000E+00  0.35798E-06  0.68155E+01  0.78700E+02  0.18412E-01  0.20095E+02  0.00000E+00    2501  0.00000E+00  0.00000E+00  0.00000E+00
     2500.0000  0.00000E+00  0.13088E+01  0.00000E+00  0.78221E+04  0.00000E+00  0.00000E+00  0.37600E-06  0.68275E+01  0.78700E+02  0.18489E-01  0.20280E+02  0.00000E+00    2511  0.00000E+00  0.00000E+00  0.00000E+00
     2510.0000  0.00000E+00  0.13053E+01  0.00000E+00  0.78352E+04  0.00000E+00  0.00000E+00  0.39477E-06  0.68394E+01  0.78700E+02  0.18565E-01  0.20465E+02  0.00000E+00    2521  0.00000E+00  0.00000E+00  0.00000E+00
     2520.0000  0.00000E+00  0.13017E+01  0.00000E+00  0.78482E+04  0.00000E+00  0.00000E+00  0.41432E-06  0.68514E+01  0.78700E+02  0.18643E-01  0.20651E+02  0.00000E+00    2531  0.00000E+00  0.00000E+00  0.00000E+00
     2530.0000  0.00000E+00  0.12982E+01  0.00000E+00  0.78612E+04  0.00000E+00  0.00000E+00  0.43467E-06  0.68632E+01  0.78700E+02  0.18720E-01  0.20838E+02  0.00000E+00    2541  0.00000E+00  0.00000E+00  0.00000E+00
     2540.0000  0.00000E+00  0.12947E+01  0.00000E+00  0.78742E+04  0.00000E+00  0.00000E+00  0.45584E-06  0.68751E+01  0.78700E+02  0.18799E-01  0.21026E+02  0.00000E+00    2551  0.00000E+00  0.00000E+00  0.00000E+00
     2550.0000  0.00000E+00  0.12912E+01  0.00000E+00  0.78871E+04  0.00000E+00  0.00000E+00  0.47787E-06  0.68869E+01  0.78700E+02  0.18878E-01  0.21214E+02  0.00000E+00    2561  0.00000E+00  0.00000E+00  0.00000E+00
     2555.0000  0.00000E+00  0.12895E+01  0.00000E+00  0.78935E+04  0.00000E+00  0.00000E+00  0.48921E-06  0.68928E+01  0.78700E+02  0.18918E-01  0.21309E+02  0.00000E+00    2566  0.00000E+00  0.00000E+00  0.00000E+00
     2560.0000  0.00000E+00  0.12877E+01  0.00000E+00  0.79000E+04  0.00000E+00  0.00000E+00  0.50077E-06  0.68987E+01  0.78700E+02  0.18959E-01  0.21404E+02  0.00000E+00    2571  0.00000E+00  0.00000E+00  0.00000E+00
     2570.0000  0.00000E+00  0.12843E+01  0.00000E+00  0.79128E+04  0.00000E+00  0.00000E+00  0.52458E-06  0.69104E+01  0.78700E+02  0.19039E-01  0.21594E+02  0.00000E+00    2581  0.00000E+00  0.00000E+00  0.00000E+00
     2580.0000  0.00000E+00  0.12809E+01  0.00000E+00  0.79257E+04  0.00000E+00  0.00000E+00  0.54932E-06  0.69221E+01  0.78700E+02  0.19121E-01  0.21784E+02  0.00000E+00    2591  0.00000E+00  0.00000E+00  0.00000E+00
     2590.0000  0.00000E+00  0.12775E+01  0.00000E+00  0.79384E+04  0.00000E+00  0.00000E+00  0.57502E-06  0.69338E+01  0.78700E+02  0.19203E-01  0.21976E+02  0.00000E+00    2601  0.00000E+00  0.00000E+00  0.00000E+00
     2600.0000  0.00000E+00  0.12741E+01  0.00000E+00  0.79512E+04  0.00000E+00  0.00000E+00  0.60171E-06  0.69454E+01  0.78700E+02  0.19287E-01  0.22169E+02  0.00000E+00    2611  0.00000E+00  0.00000E+00  0.00000E+00
     2610.0000  0.00000E+00  0.12707E+01  0.00000E+00  0.79639E+04  0.00000E+00  0.00000E+00  0.62942E-06  0.69571E+01  0.78700E+02  0.19370E-01  0.22362E+02  0.00000E+00    2621  0.00000E+00  0.00000E+00  0.00000E+00
     2620.0000  0.00000E+00  0.12674E+01  0.00000E+00  0.79766E+04  0.00000E+00  0.00000E+00  0.65817E-06  0.69687E+01  0.78700E+02  0.19455E-01  0.22556E+02  0.00000E+00    2631  0.00000E+00  0.00000E+00  0.00000E+00
     2630.0000  0.00000E+00  0.12641E+01  0.00000E+00  0.79893E+04  0.00000E+00  0.00000E+00  0.68800E-06  0.69802E+01  0.78700E+02  0.19540E-01  0.22751E+02  0.00000E+00    2641  0.00000E+00  0.00000E+00  0.00000E+00
     2640.0000  0.00000E+00  0.12608E+01  0.00000E+00  0.80019E+04  0.00000E+00  0.00000E+00  0.71894E-06  0.69917E+01  0.78700E+02  0.19626E-01  0.22947E+02  0.00000E+00    2651  0.00000E+00  0.00000E+00  0.00000E+00
     2650.0000  0.00000E+00  0.12575E+01  0.00000E+00  0.80145E+04  0.00000E+00  0.00000E+00  0.75102E-06  0.70032E+01  0.78700E+02  0.19711E-01  0.23144E+02  0.00000E+00    2661  0.00000E+00  0.00000E+00  0.00000E+00
     2660.0000  0.00000E+00  0.12543E+01  0.00000E+00  0.80270E+04  0.00000E+00  0.00000E+00  0.78427E-06  0.70147E+01  0.78700E+02  0.19785E-01  0.23341E+02  0.00000E+00    2671  0.00000E+00  0.00000E+00  0.00000E+00
     2670.0000  0.00000E+00  0.12510E+01  0.00000E+00  0.80396E+04  0.00000E+00  0.00000E+00  0.81872E-06  0.70261E+01  0.78700E+02  0.19860E-01  0.23539E+02  0.00000E+00    2681  0.00000E+00  0.00000E+00  0.00000E+00
     2680.0000  0.00000E+00  0.12478E+01  0.00000E+00  0.80521E+04  0.00000E+00  0.00000E+00  0.85440E-06  0.70375E+01  0.78700E+02  0.19936E-01  0.23738E+02  0.00000E+00    2691  0.00000E+00  0.00000E+00  0.00000E+00
     2690.0000  0.00000E+00  0.12446E+01  0.00000E+00  0.80645E+04  0.00000E+00  0.00000E+00  0.89136E-06  0.70489E+01  0.78700E+02  0.20013E-01  0.23938E+02  0.00000E+00    2701  0.00000E+00  0.00000E+00  0.00000E+00
     2700.0000  0.00000E+00  0.12414E+01  0.00000E+00  0.80769E+04  0.00000E+00  0.00000E+00  0.92961E-06  0.70602E+01  0.78700E+02  0.20090E-01  0.24139E+02  0.00000E+00    2711  0.00000E+00  0.00000E+00  0.00000E+00
     2710.0000  0.00000E+00  0.12382E+01  0.00000E+00  0.80893E+04  0.00000E+00  0.00000E+00  0.96921E-06  0.70715E+01  0.78700E+02  0.20168E-01  0.24340E+02  0.00000E+00    2721  0.00000E+00  0.00000E+00  0.00000E+00
     2720.0000  0.00000E+00  0.12351E+01  0.00000E+00  0.81017E+04  0.00000E+00  0.00000E+00  0.10102E-05  0.70828E+01  0.78700E+02  0.20246E-01  0.24542E+02  0.00000E+00    2731  0.00000E+00  0.00000E+00  0.00000E+00
     2730.0000  0.00000E+00  0.12320E+01  0.00000E+00  0.81140E+04  0.00000E+00  0.00000E+00  0.10525E-05  0.70940E+01  0.78700E+02  0.20325E-01  0.24745E+02  0.00000E+00    2741  0.00000E+00  0.00000E+00  0.00000E+00
     2740.0000  0.00000E+00  0.12288E+01  0.00000E+00  0.81263E+04  0.00000E+00  0.00000E+00  0.10964E-05  0.71053E+01  0.78700E+02  0.20405E-01  0.24949E+02  0.00000E+00    2751  0.00000E+00  0.00000E+00  0.00000E+00
     2750.0000  0.00000E+00  0.12257E+01  0.00000E+00  0.81386E+04  0.00000E+00  0.00000E+00  0.11417E-05  0.71165E+01  0.78700E+02  0.20486E-01  0.25153E+02  0.00000E+00    2761  0.00000E+00  0.00000E+00  0.00000E+00
     2760.0000  0.00000E+00  0.12226E+01  0.00000E+00  0.81509E+04  0.00000E+00  0.00000E+00  0.11885E-05  0.71276E+01  0.78700E+02  0.20567E-01  0.25359E+02  0.00000E+00    2771  0.00000E+00  0.00000E+00  0.00000E+00
     2770.0000  0.00000E+00  0.12196E+01  0.00000E+00  0.81631E+04  0.00000E+00  0.00000E+00  0.12368E-05  0.71387E+01  0.78700E+02  0.20649E-01  0.25565E+02  0.00000E+00    2781  0.00000E+00  0.00000E+00  0.00000E+00
     2780.0000  0.00000E+00  0.12165E+01  0.00000E+00  0.81752E+04  0.00000E+00  0.00000E+00  0.12868E-05  0.71498E+01  0.78700E+02  0.20731E-01  0.25772E+02  0.00000E+00    2791  0.00000E+00  0.00000E+00  0.00000E+00
     2790.0000  0.00000E+00  0.12134E+01  0.00000E+00  0.81874E+04  0.00000E+00  0.00000E+00  0.13384E-05  0.71609E+01  0.78700E+02  0.20814E-01  0.25979E+02  0.00000E+00    2801  0.00000E+00  0.00000E+00  0.00000E+00
     2800.0000  0.00000E+00  0.12105E+01  0.00000E+00  0.81995E+04  0.00000E+00  0.00000E+00  0.13916E-05  0.71720E+01  0.78700E+02  0.20898E-01  0.26188E+02  0.00000E+00    2811  0.00000E+00  0.00000E+00  0.00000E+00
     2810.0000  0.00000E+00  0.12075E+01  0.00000E+00  0.82116E+04  0.00000E+00  0.00000E+00  0.14466E-05  0.71830E+01  0.78700E+02  0.20983E-01  0.26398E+02  0.00000E+00    2821  0.00000E+00  0.00000E+00  0.00000E+00
     2820.0000  0.00000E+00  0.12045E+01  0.00000E+00  0.82237E+04  0.00000E+00  0.00000E+00  0.15033E-05  0.71940E+01  0.78700E+02  0.21068E-01  0.26608E+02  0.00000E+00    2831  0.00000E+00  0.00000E+00  0.00000E+00
     2830.0000  0.00000E+00  0.12014E+01  0.00000E+00  0.82357E+04  0.00000E+00  0.00000E+00  0.15619E-05  0.72049E+01  0.78700E+02  0.21146E-01  0.26819E+02  0.00000E+00    2841  0.00000E+00  0.00000E+00  0.00000E+00
     2840.0000  0.00000E+00  0.11985E+01  0.00000E+00  0.82477E+04  0.00000E+00  0.00000E+00  0.16222E-05  0.72158E+01  0.78700E+02  0.21220E-01  0.27031E+02  0.00000E+00    2851  0.00000E+00  0.00000E+00  0.00000E+00
     2850.0000  0.00000E+00  0.11956E+01  0.00000E+00  0.82597E+04  0.00000E+00  0.00000E+00  0.16844E-05  0.72267E+01  0.78700E+02  0.21295E-01  0.27243E+02  0.00000E+00    2861  0.00000E+00  0.00000E+00  0.00000E+00
     2860.0000  0.00000E+00  0.11927E+01  0.00000E+00  0.82716E+04  0.00000E+00  0.00000E+00  0.17486E-05  0.72376E+01  0.78700E+02  0.21370E-01  0.27457E+02  0.00000E+00    2871  0.00000E+00  0.00000E+00  0.00000E+00
     2870.0000  0.00000E+00  0.11897E+01  0.00000E+00  0.82835E+04  0.00000E+00  0.00000E+00  0.18147E-05  0.72485E+01  0.78700E+02  0.21446E-01  0.27671E+02  0.00000E+00    2881  0.00000E+00  0.00000E+00  0.00000E+00
     2880.0000  0.00000E+00  0.11868E+01  0.00000E+00  0.82954E+04  0.00000E+00  0.00000E+00  0.18828E-05  0.72593E+01  0.78700E+02  0.21522E-01  0.27886E+02  0.00000E+00    2891  0.00000E+00  0.00000E+00  0.00000E+00
     2890.0000  0.00000E+00  0.11839E+01  0.00000E+00  0.83072E+04  0.00000E+00  0.00000E+00  0.19529E-05  0.72701E+01  0.78700E+02  0.21598E-01  0.28101E+02  0.00000E+00    2901  0.00000E+00  0.00000E+00  0.00000E+00
     2900.0000  0.00000E+00  0.11810E+01  0.00000E+00  0.83191E+04  0.00000E+00  0.00000E+00  0.20252E-05  0.72808E+01  0.78700E+02  0.21675E-01  0.28318E+02  0.00000E+00    2911  0.00000E+00  0.00000E+00  0.00000E+00
     2910.0000  0.00000E+00  0.11781E+01  0.00000E+00  0.83309E+04  0.00000E+00  0.00000E+00  0.20995E-05  0.72916E+01  0.78700E+02  0.21753E-01  0.28535E+02  0.00000E+00    2921  0.00000E+00  0.00000E+00  0.00000E+00
     2920.0000  0.00000E+00  0.11753E+01  0.00000E+00  0.83426E+04  0.00000E+00  0.00000E+00  0.21761E-05  0.73023E+01  0.78700E+02  0.21831E-01  0.28753E+02  0.00000E+00    2931  0.00000E+00  0.00000E+00  0.00000E+00
     2930.0000  0.00000E+00  0.11724E+01  0.00000E+00  0.83544E+04  0.00000E+00  0.00000E+00  0.22549E-05  0.73130E+01  0.78700E+02  0.21910E-01  0.28972E+02  0.00000E+00    2941  0.00000E+00  0.00000E+00  0.00000E+00
     2940.0000  0.00000E+00  0.11696E+01  0.00000E+00  0.83661E+04  0.00000E+00  0.00000E+00  0.23359E-05  0.73236E+01  0.78700E+02  0.21989E-01  0.29191E+02  0.00000E+00    2951  0.00000E+00  0.00000E+00  0.00000E+00
     2950.0000  0.00000E+00  0.11668E+01  0.00000E+00  0.83778E+04  0.00000E+00  0.00000E+00  0.24193E-05  0.73342E+01  0.78700E+02  0.22069E-01  0.29412E+02  0.00000E+00    2961  0.00000E+00  0.00000E+00  0.00000E+00
     2960.0000  0.00000E+00  0.11640E+01  0.00000E+00  0.83894E+04  0.00000E+00  0.00000E+00  0.25051E-05  0.73448E+01  0.78700E+02  0.22150E-01  0.29633E+02  0.00000E+00    2971  0.00000E+00  0.00000E+00  0.00000E+00
     2970.0000  0.00000E+00  0.11612E+01  0.00000E+00  0.84010E+04  0.00000E+00  0.00000E+00  0.25932E-05  0.73554E+01  0.78700E+02  0.22231E-01  0.29855E+02  0.00000E+00    2981  0.00000E+00  0.00000E+00  0.00000E+00
     2980.0000  0.00000E+00  0.11585E+01  0.00000E+00  0.84126E+04  0.00000E+00  0.00000E+00  0.26839E-05  0.73660E+01  0.78700E+02  0.22312E-01  0.30077E+02  0.00000E+00    2991  0.00000E+00  0.00000E+00  0.00000E+00
     2990.0000  0.00000E+00  0.11557E+01  0.00000E+00  0.84242E+04  0.00000E+00  0.00000E+00  0.27770E-05  0.73765E+01  0.78700E+02  0.22395E-01  0.30301E+02  0.00000E+00    3001  0.00000E+00  0.00000E+00  0.00000E+00
     3000.0000  0.00000E+00  0.11529E+01  0.00000E+00  0.84357E+04  0.00000E+00  0.00000E+00  0.28727E-05  0.73870E+01  0.78700E+02  0.22478E-01  0.30525E+02  0.00000E+00    3011  0.00000E+00  0.00000E+00  0.00000E+00
     3010.0000  0.00000E+00  0.11502E+01  0.00000E+00  0.84473E+04  0.00000E+00  0.00000E+00  0.29711E-05  0.73975E+01  0.78700E+02  0.22558E-01  0.30751E+02  0.00000E+00    3021  0.00000E+00  0.00000E+00  0.00000E+00
     3020.0000  0.00000E+00  0.11475E+01  0.00000E+00  0.84587E+04  0.00000E+00  0.00000E+00  0.30720E-05  0.74079E+01  0.78700E+02  0.22631E-01  0.30977E+02  0.00000E+00    3031  0.00000E+00  0.00000E+00  0.00000E+00
     3030.0000  0.00000E+00  0.11448E+01  0.00000E+00  0.84702E+04  0.00000E+00  0.00000E+00  0.31758E-05  0.74183E+01  0.78700E+02  0.22704E-01  0.31203E+02  0.00000E+00    3041  0.00000E+00  0.00000E+00  0.00000E+00
     3040.0000  0.00000E+00  0.11421E+01  0.00000E+00  0.84816E+04  0.00000E+00  0.00000E+00  0.32822E-05  0.74287E+01  0.78700E+02  0.22777E-01  0.31431E+02  0.00000E+00    3051  0.00000E+00  0.00000E+00  0.00000E+00
     3050.0000  0.00000E+00  0.11394E+01  0.00000E+00  0.84930E+04  0.00000E+00  0.00000E+00  0.33915E-05  0.74391E+01  0.78700E+02  0.22851E-01  0.31659E+02  0.00000E+00    3061  0.00000E+00  0.00000E+00  0.00000E+00
     3060.0000  0.00000E+00  0.11367E+01  0.00000E+00  0.85044E+04  0.00000E+00  0.00000E+00  0.35037E-05  0.74494E+01  0.78700E+02  0.22925E-01  0.31888E+02  0.00000E+00    3071  0.00000E+00  0.00000E+00  0.00000E+00
     3070.0000  0.00000E+00  0.11341E+01  0.00000E+00  0.85158E+04  0.00000E+00  0.00000E+00  0.36187E-05  0.74597E+01  0.78700E+02  0.23000E-01  0.32117E+02  0.00000E+00    3081  0.00000E+00  0.00000E+00  0.00000E+00
     3080.0000  0.00000E+00  0.11314E+01  0.00000E+00  0.85271E+04  0.00000E+00  0.00000E+00  0.37368E-05  0.74700E+01  0.78700E+02  0.23076E-01  0.32348E+02  0.00000E+00    3091  0.00000E+00  0.00000E+00  0.00000E+00
     3090.0000  0.00000E+00  0.11289E+01  0.00000E+00  0.85384E+04  0.00000E+00  0.00000E+00  0.38578E-05  0.74803E+01  0.78700E+02  0.23152E-01  0.32579E+02  0.00000E+00    3101  0.00000E+00  0.00000E+00  0.00000E+00
     3100.0000  0.00000E+00  0.11262E+01  0.00000E+00  0.85497E+04  0.00000E+00  0.00000E+00  0.39820E-05  0.74905E+01  0.78700E+02  0.23228E-01  0.32811E+02  0.00000E+00    3111  0.00000E+00  0.00000E+00  0.00000E+00
     3110.0000  0.00000E+00  0.11236E+01  0.00000E+00  0.85609E+04  0.00000E+00  0.00000E+00  0.41093E-05  0.75007E+01  0.78700E+02  0.23306E-01  0.33044E+02  0.00000E+00    3121  0.00000E+00  0.00000E+00  0.00000E+00
     3120.0000  0.00000E+00  0.11210E+01  0.00000E+00  0.85721E+04  0.00000E+00  0.00000E+00  0.42398E-05  0.75109E+01  0.78700E+02  0.23383E-01  0.33277E+02  0.00000E+00    3131  0.00000E+00  0.00000E+00  0.00000E+00
     3130.0000  0.00000E+00  0.11184E+01  0.00000E+00  0.85833E+04  0.00000E+00  0.00000E+00  0.43735E-05  0.75211E+01  0.78700E+02  0.23461E-01  0.33511E+02  0.00000E+00    3141  0.00000E+00  0.00000E+00  0.00000E+00
     3140.0000  0.00000E+00  0.11159E+01  0.00000E+00  0.85945E+04  0.00000E+00  0.00000E+00  0.45105E-05  0.75312E+01  0.78700E+02  0.23540E-01  0.33746E+02  0.00000E+00    3151  0.00000E+00  0.00000E+00  0.00000E+00
     3150.0000  0.00000E+00  0.11133E+01  0.00000E+00  0.86057E+04  0.00000E+00  0.00000E+00  0.46509E-05  0.75413E+01  0.78700E+02  0.23619E-01  0.33982E+02  0.00000E+00    3161  0.00000E+00  0.00000E+00  0.00000E+00
     3160.0000  0.00000E+00  0.11108E+01  0.00000E+00  0.86168E+04  0.00000E+00  0.00000E+00  0.47947E-05  0.75514E+01  0.78700E+02  0.23699E-01  0.34219E+02  0.00000E+00    3171  0.00000E+00  0.00000E+00  0.00000E+00
     3170.0000  0.00000E+00  0.11083E+01  0.00000E+00  0.86279E+04  0.00000E+00  0.00000E+00  0.49420E-05  0.75615E+01  0.78700E+02  0.23780E-01  0.34456E+02  0.00000E+00    3181  0.00000E+00  0.00000E+00  0.00000E+00
     3180.0000  0.00000E+00  0.11057E+01  0.00000E+00  0.86389E+04  0.00000E+00  0.00000E+00  0.50927E-05  0.75715E+01  0.78700E+02  0.23860E-01  0.34695E+02  0.00000E+00    3191  0.00000E+00  0.00000E+00  0.00000E+00
     3190.0000  0.00000E+00  0.11032E+01  0.00000E+00  0.86500E+04  0.00000E+00  0.00000E+00  0.52471E-05  0.75816E+01  0.78700E+02  0.23942E-01  0.34934E+02  0.00000E+00    3201  0.00000E+00  0.00000E+00  0.00000E+00
     3200.0000  0.00000E+00  0.11007E+01  0.00000E+00  0.86610E+04  0.00000E+00  0.00000E+00  0.54051E-05  0.75916E+01  0.78700E+02  0.24024E-01  0.35174E+02  0.00000E+00    3211  0.00000E+00  0.00000E+00  0.00000E+00
     3210.0000  0.00000E+00  0.10982E+01  0.00000E+00  0.86720E+04  0.00000E+00  0.00000E+00  0.55668E-05  0.76015E+01  0.78700E+02  0.24095E-01  0.35414E+02  0.00000E+00    3221  0.00000E+00  0.00000E+00  0.00000E+00
     3220.0000  0.00000E+00  0.10958E+01  0.00000E+00  0.86830E+04  0.00000E+00  0.00000E+00  0.57323E-05  0.76115E+01  0.78700E+02  0.24166E-01  0.35656E+02  0.00000E+00    3231  0.00000E+00  0.00000E+00  0.00000E+00
     3230.0000  0.00000E+00  0.10934E+01  0.00000E+00  0.86939E+04  0.00000E+00  0.00000E+00  0.59015E-05  0.76214E+01  0.78700E+02  0.24239E-01  0.35898E+02  0.00000E+00    3241  0.00000E+00  0.00000E+00  0.00000E+00
     3240.0000  0.00000E+00  0.10909E+01  0.00000E+00  0.87048E+04  0.00000E+00  0.00000E+00  0.60747E-05  0.76313E+01  0.78700E+02  0.24311E-01  0.36140E+02  0.00000E+00    3251  0.00000E+00  0.00000E+00  0.00000E+00
     3250.0000  0.00000E+00  0.10885E+01  0.00000E+00  0.87157E+04  0.00000E+00  0.00000E+00  0.62517E-05  0.76412E+01  0.78700E+02  0.24384E-01  0.36384E+02  0.00000E+00    3261  0.00000E+00  0.00000E+00  0.00000E+00
     3260.0000  0.00000E+00  0.10860E+01  0.00000E+00  0.87266E+04  0.00000E+00  0.00000E+00  0.64328E-05  0.76510E+01  0.78700E+02  0.24458E-01  0.36628E+02  0.00000E+00    3271  0.00000E+00  0.00000E+00  0.00000E+00
     3270.0000  0.00000E+00  0.10836E+01  0.00000E+00  0.87374E+04  0.00000E+00  0.00000E+00  0.66179E-05  0.76609E+01  0.78700E+02  0.24532E-01  0.36873E+02  0.00000E+00    3281  0.00000E+00  0.00000E+00  0.00000E+00
     3280.0000  0.00000E+00  0.10812E+01  0.00000E+00  0.87483E+04  0.00000E+00  0.00000E+00  0.68071E-05  0.76707E+01  0.78700E+02  0.24607E-01  0.37119E+02  0.00000E+00    3291  0.00000E+00  0.00000E+00  0.00000E+00
     3285.0000  0.00000E+00  0.10800E+01  0.00000E+00  0.87537E+04  0.00000E+00  0.00000E+00  0.69033E-05  0.76756E+01  0.78700E+02  0.24644E-01  0.37242E+02  0.00000E+00    3296  0.00000E+00  0.00000E+00  0.00000E+00
     3290.0000  0.00000E+00  0.10788E+01  0.00000E+00  0.87591E+04  0.00000E+00  0.00000E+00  0.70005E-05  0.76805E+01  0.78700E+02  0.24681E-01  0.37365E+02  0.00000E+00    3301  0.00000E+00  0.00000E+00  0.00000E+00
     3300.0000  0.00000E+00  0.10764E+01  0.00000E+00  0.87698E+04  0.00000E+00  0.00000E+00  0.71982E-05  0.76902E+01  0.78700E+02  0.24756E-01  0.37613E+02  0.00000E+00    3311  0.00000E+00  0.00000E+00  0.00000E+00
     3310.0000  0.00000E+00  0.10740E+01  0.00000E+00  0.87806E+04  0.00000E+00  0.00000E+00  0.74001E-05  0.77000E+01  0.78700E+02  0.24831E-01  0.37861E+02  0.00000E+00    3321  0.00000E+00  0.00000E+00  0.00000E+00
     3320.0000  0.00000E+00  0.10716E+01  0.00000E+00  0.87913E+04  0.00000E+00  0.00000E+00  0.76063E-05  0.77097E+01  0.78700E+02  0.24907E-01  0.38109E+02  0.00000E+00    3331  0.00000E+00  0.00000E+00  0.00000E+00
     3330.0000  0.00000E+00  0.10692E+01  0.00000E+00  0.88020E+04  0.00000E+00  0.00000E+00  0.78170E-05  0.77194E+01  0.78700E+02  0.24983E-01  0.38359E+02  0.00000E+00    3341  0.00000E+00  0.00000E+00  0.00000E+00
     3340.0000  0.00000E+00  0.10669E+01  0.00000E+00  0.88127E+04  0.00000E+00  0.00000E+00  0.80322E-05  0.77290E+01  0.78700E+02  0.25060E-01  0.38609E+02  0.00000E+00    3351  0.00000E+00  0.00000E+00  0.00000E+00
     3350.0000  0.00000E+00  0.10646E+01  0.00000E+00  0.88233E+04  0.00000E+00  0.00000E+00  0.82519E-05  0.77387E+01  0.78700E+02  0.25137E-01  0.38860E+02  0.00000E+00    3361  0.00000E+00  0.00000E+00  0.00000E+00
     3360.0000  0.00000E+00  0.10622E+01  0.00000E+00  0.88340E+04  0.00000E+00  0.00000E+00  0.84762E-05  0.77483E+01  0.78700E+02  0.25215E-01  0.39112E+02  0.00000E+00    3371  0.00000E+00  0.00000E+00  0.00000E+00
     3370.0000  0.00000E+00  0.10598E+01  0.00000E+00  0.88446E+04  0.00000E+00  0.00000E+00  0.87051E-05  0.77579E+01  0.78700E+02  0.25293E-01  0.39364E+02  0.00000E+00    3381  0.00000E+00  0.00000E+00  0.00000E+00
     3380.0000  0.00000E+00  0.10575E+01  0.00000E+00  0.88552E+04  0.00000E+00  0.00000E+00  0.89388E-05  0.77675E+01  0.78700E+02  0.25372E-01  0.39618E+02  0.00000E+00    3391  0.00000E+00  0.00000E+00  0.00000E+00
     3390.0000  0.00000E+00  0.10552E+01  0.00000E+00  0.88657E+04  0.00000E+00  0.00000E+00  0.91773E-05  0.77771E+01  0.78700E+02  0.25451E-01  0.39872E+02  0.00000E+00    3401  0.00000E+00  0.00000E+00  0.00000E+00
     3400.0000  0.00000E+00  0.10529E+01  0.00000E+00  0.88763E+04  0.00000E+00  0.00000E+00  0.94206E-05  0.77866E+01  0.78700E+02  0.25530E-01  0.40127E+02  0.00000E+00    3411  0.00000E+00  0.00000E+00  0.00000E+00
     3410.0000  0.00000E+00  0.10506E+01  0.00000E+00  0.88868E+04  0.00000E+00  0.00000E+00  0.96688E-05  0.77961E+01  0.78700E+02  0.25601E-01  0.40383E+02  0.00000E+00    3421  0.00000E+00  0.00000E+00  0.00000E+00
     3420.0000  0.00000E+00  0.10483E+01  0.00000E+00  0.88973E+04  0.00000E+00  0.00000E+00  0.99220E-05  0.78056E+01  0.78700E+02  0.25670E-01  0.40639E+02  0.00000E+00    3431  0.00000E+00  0.00000E+00  0.00000E+00
     3430.0000  0.00000E+00  0.10461E+01  0.00000E+00  0.89078E+04  0.00000E+00  0.00000E+00  0.10180E-04  0.78151E+01  0.78700E+02  0.25741E-01  0.40896E+02  0.00000E+00    3441  0.00000E+00  0.00000E+00  0.00000E+00
     3440.0000  0.00000E+00  0.10439E+01  0.00000E+00  0.89182E+04  0.00000E+00  0.00000E+00  0.10444E-04  0.78245E+01  0.78700E+02  0.25811E-01  0.41154E+02  0.00000E+00    3451  0.00000E+00  0.00000E+00  0.00000E+00
     3450.0000  0.00000E+00  0.10416E+01  0.00000E+00  0.89286E+04  0.00000E+00  0.00000E+00  0.10712E-04  0.78340E+01  0.78700E+02  0.25882E-01  0.41412E+02  0.00000E+00    3461  0.00000E+00  0.00000E+00  0.00000E+00
     3460.0000  0.00000E+00  0.10393E+01  0.00000E+00  0.89390E+04  0.00000E+00  0.00000E+00  0.10986E-04  0.78434E+01  0.78700E+02  0.25954E-01  0.41672E+02  0.00000E+00    3471  0.00000E+00  0.00000E+00  0.00000E+00
     3470.0000  0.00000E+00  0.10371E+01  0.00000E+00  0.89494E+04  0.00000E+00  0.00000E+00  0.11265E-04  0.78528E+01  0.78700E+02  0.26026E-01  0.41931E+02  0.00000E+00    3481  0.00000E+00  0.00000E+00  0.00000E+00
     3480.0000  0.00000E+00  0.10349E+01  0.00000E+00  0.89598E+04  0.00000E+00  0.00000E+00  0.11549E-04  0.78621E+01  0.78700E+02  0.26098E-01  0.42192E+02  0.00000E+00    3491  0.00000E+00  0.00000E+00  0.00000E+00
     3490.0000  0.00000E+00  0.10326E+01  0.00000E+00  0.89701E+04  0.00000E+00  0.00000E+00  0.11839E-04  0.78715E+01  0.78700E+02  0.26171E-01  0.42453E+02  0.00000E+00    3501  0.00000E+00  0.00000E+00  0.00000E+00
     3500.0000  0.00000E+00  0.10305E+01  0.00000E+00  0.89804E+04  0.00000E+00  0.00000E+00  0.12134E-04  0.78808E+01  0.78700E+02  0.26244E-01  0.42716E+02  0.00000E+00    3511  0.00000E+00  0.00000E+00  0.00000E+00
     3510.0000  0.00000E+00  0.10283E+01  0.00000E+00  0.89907E+04  0.00000E+00  0.00000E+00  0.12435E-04  0.78901E+01  0.78700E+02  0.26318E-01  0.42978E+02  0.00000E+00    3521  0.00000E+00  0.00000E+00  0.00000E+00
     3520.0000  0.00000E+00  0.10261E+01  0.00000E+00  0.90010E+04  0.00000E+00  0.00000E+00  0.12742E-04  0.78994E+01  0.78700E+02  0.26392E-01  0.43242E+02  0.00000E+00    3531  0.00000E+00  0.00000E+00  0.00000E+00
     3530.0000  0.00000E+00  0.10239E+01  0.00000E+00  0.90112E+04  0.00000E+00  0.00000E+00  0.13054E-04  0.79086E+01  0.78700E+02  0.26466E-01  0.43506E+02  0.00000E+00    3541  0.00000E+00  0.00000E+00  0.00000E+00
     3540.0000  0.00000E+00  0.10217E+01  0.00000E+00  0.90215E+04  0.00000E+00  0.00000E+00  0.13372E-04  0.79179E+01  0.78700E+02  0.26541E-01  0.43771E+02  0.00000E+00    3551  0.00000E+00  0.00000E+00  0.00000E+00
     3550.0000  0.00000E+00  0.10196E+01  0.00000E+00  0.90317E+04  0.00000E+00  0.00000E+00  0.13696E-04  0.79271E+01  0.78700E+02  0.26617E-01  0.44037E+02  0.00000E+00    3561  0.00000E+00  0.00000E+00  0.00000E+00
     3560.0000  0.00000E+00  0.10174E+01  0.00000E+00  0.90419E+04  0.00000E+00  0.00000E+00  0.14025E-04  0.79363E+01  0.78700E+02  0.26693E-01  0.44304E+02  0.00000E+00    3571  0.00000E+00  0.00000E+00  0.00000E+00
     3570.0000  0.00000E+00  0.10153E+01  0.00000E+00  0.90520E+04  0.00000E+00  0.00000E+00  0.14361E-04  0.79455E+01  0.78700E+02  0.26769E-01  0.44571E+02  0.00000E+00    3581  0.00000E+00  0.00000E+00  0.00000E+00
     3580.0000  0.00000E+00  0.10132E+01  0.00000E+00  0.90622E+04  0.00000E+00  0.00000E+00  0.14702E-04  0.79546E+01  0.78700E+02  0.26845E-01  0.44839E+02  0.00000E+00    3591  0.00000E+00  0.00000E+00  0.00000E+00
     3590.0000  0.00000E+00  0.10111E+01  0.00000E+00  0.90723E+04  0.00000E+00  0.00000E+00  0.15050E-04  0.79638E+01  0.78700E+02  0.26922E-01  0.45108E+02  0.00000E+00    3601  0.00000E+00  0.00000E+00  0.00000E+00
     3600.0000  0.00000E+00  0.10090E+01  0.00000E+00  0.90824E+04  0.00000E+00  0.00000E+00  0.15403E-04  0.79729E+01  0.78700E+02  0.27000E-01  0.45378E+02  0.00000E+00    3611  0.00000E+00  0.00000E+00  0.00000E+00
     3610.0000  0.00000E+00  0.10069E+01  0.00000E+00  0.90925E+04  0.00000E+00  0.00000E+00  0.15763E-04  0.79820E+01  0.78700E+02  0.27078E-01  0.45648E+02  0.00000E+00    3621  0.00000E+00  0.00000E+00  0.00000E+00
     3620.0000  0.00000E+00  0.10047E+01  0.00000E+00  0.91025E+04  0.00000E+00  0.00000E+00  0.16130E-04  0.79910E+01  0.78700E+02  0.27147E-01  0.45919E+02  0.00000E+00    3631  0.00000E+00  0.00000E+00  0.00000E+00
     3630.0000  0.00000E+00  0.10027E+01  0.00000E+00  0.91125E+04  0.00000E+00  0.00000E+00  0.16502E-04  0.80001E+01  0.78700E+02  0.27216E-01  0.46191E+02  0.00000E+00    3641  0.00000E+00  0.00000E+00  0.00000E+00
     3640.0000  0.00000E+00  0.10006E+01  0.00000E+00  0.91226E+04  0.00000E+00  0.00000E+00  0.16881E-04  0.80091E+01  0.78700E+02  0.27285E-01  0.46464E+02  0.00000E+00    3651  0.00000E+00  0.00000E+00  0.00000E+00
     3650.0000  0.00000E+00  0.99850E+00  0.00000E+00  0.91326E+04  0.00000E+00  0.00000E+00  0.17266E-04  0.80181E+01  0.78700E+02  0.27354E-01  0.46737E+02  0.00000E+00    3661  0.00000E+00  0.00000E+00  0.00000E+00
     3660.0000  0.00000E+00  0.99645E+00  0.00000E+00  0.91425E+04  0.00000E+00  0.00000E+00  0.17658E-04  0.80271E+01  0.78700E+02  0.27423E-01  0.47011E+02  0.00000E+00    3671  0.00000E+00  0.00000E+00  0.00000E+00
     3670.0000  0.00000E+00  0.99439E+00  0.00000E+00  0.91525E+04  0.00000E+00  0.00000E+00  0.18057E-04  0.80361E+01  0.78700E+02  0.27493E-01  0.47286E+02  0.00000E+00    3681  0.00000E+00  0.00000E+00  0.00000E+00
     3680.0000  0.00000E+00  0.99236E+00  0.00000E+00  0.91624E+04  0.00000E+00  0.00000E+00  0.18462E-04  0.80451E+01  0.78700E+02  0.27564E-01  0.47561E+02  0.00000E+00    3691  0.00000E+00  0.00000E+00  0.00000E+00
     3690.0000  0.00000E+00  0.99032E+00  0.00000E+00  0.91723E+04  0.00000E+00  0.00000E+00  0.18874E-04  0.80540E+01  0.78700E+02  0.27635E-01  0.47837E+02  0.00000E+00    3701  0.00000E+00  0.00000E+00  0.00000E+00
     3700.0000  0.00000E+00  0.98833E+00  0.00000E+00  0.91822E+04  0.00000E+00  0.00000E+00  0.19293E-04  0.80629E+01  0.78700E+02  0.27706E-01  0.48114E+02  0.00000E+00    3711  0.00000E+00  0.00000E+00  0.00000E+00
     3710.0000  0.00000E+00  0.98633E+00  0.00000E+00  0.91921E+04  0.00000E+00  0.00000E+00  0.19718E-04  0.80718E+01  0.78700E+02  0.27777E-01  0.48391E+02  0.00000E+00    3721  0.00000E+00  0.00000E+00  0.00000E+00
     3720.0000  0.00000E+00  0.98430E+00  0.00000E+00  0.92019E+04  0.00000E+00  0.00000E+00  0.20150E-04  0.80807E+01  0.78700E+02  0.27849E-01  0.48669E+02  0.00000E+00    3731  0.00000E+00  0.00000E+00  0.00000E+00
     3730.0000  0.00000E+00  0.98229E+00  0.00000E+00  0.92118E+04  0.00000E+00  0.00000E+00  0.20590E-04  0.80896E+01  0.78700E+02  0.27921E-01  0.48948E+02  0.00000E+00    3741  0.00000E+00  0.00000E+00  0.00000E+00
     3740.0000  0.00000E+00  0.98027E+00  0.00000E+00  0.92216E+04  0.00000E+00  0.00000E+00  0.21036E-04  0.80984E+01  0.78700E+02  0.27993E-01  0.49228E+02  0.00000E+00    3751  0.00000E+00  0.00000E+00  0.00000E+00
     3750.0000  0.00000E+00  0.97822E+00  0.00000E+00  0.92314E+04  0.00000E+00  0.00000E+00  0.21490E-04  0.81072E+01  0.78700E+02  0.28065E-01  0.49508E+02  0.00000E+00    3761  0.00000E+00  0.00000E+00  0.00000E+00
     3760.0000  0.00000E+00  0.97623E+00  0.00000E+00  0.92412E+04  0.00000E+00  0.00000E+00  0.21951E-04  0.81160E+01  0.78700E+02  0.28138E-01  0.49789E+02  0.00000E+00    3771  0.00000E+00  0.00000E+00  0.00000E+00
     3770.0000  0.00000E+00  0.97425E+00  0.00000E+00  0.92509E+04  0.00000E+00  0.00000E+00  0.22419E-04  0.81248E+01  0.78700E+02  0.28211E-01  0.50071E+02  0.00000E+00    3781  0.00000E+00  0.00000E+00  0.00000E+00
     3780.0000  0.00000E+00  0.97228E+00  0.00000E+00  0.92606E+04  0.00000E+00  0.00000E+00  0.22894E-04  0.81336E+01  0.78700E+02  0.28285E-01  0.50353E+02  0.00000E+00    3791  0.00000E+00  0.00000E+00  0.00000E+00
     3790.0000  0.00000E+00  0.97028E+00  0.00000E+00  0.92703E+04  0.00000E+00  0.00000E+00  0.23377E-04  0.81423E+01  0.78700E+02  0.28358E-01  0.50637E+02  0.00000E+00    3801  0.00000E+00  0.00000E+00  0.00000E+00
     3800.0000  0.00000E+00  0.96829E+00  0.00000E+00  0.92800E+04  0.00000E+00  0.00000E+00  0.23867E-04  0.81510E+01  0.78700E+02  0.28433E-01  0.50921E+02  0.00000E+00    3811  0.00000E+00  0.00000E+00  0.00000E+00
     3810.0000  0.00000E+00  0.96631E+00  0.00000E+00  0.92897E+04  0.00000E+00  0.00000E+00  0.24364E-04  0.81597E+01  0.78700E+02  0.28507E-01  0.51205E+02  0.00000E+00    3821  0.00000E+00  0.00000E+00  0.00000E+00
     3820.0000  0.00000E+00  0.96437E+00  0.00000E+00  0.92994E+04  0.00000E+00  0.00000E+00  0.24869E-04  0.81684E+01  0.78700E+02  0.28582E-01  0.51491E+02  0.00000E+00    3831  0.00000E+00  0.00000E+00  0.00000E+00
     3830.0000  0.00000E+00  0.96238E+00  0.00000E+00  0.93090E+04  0.00000E+00  0.00000E+00  0.25382E-04  0.81771E+01  0.78700E+02  0.28657E-01  0.51777E+02  0.00000E+00    3841  0.00000E+00  0.00000E+00  0.00000E+00
     3840.0000  0.00000E+00  0.96051E+00  0.00000E+00  0.93186E+04  0.00000E+00  0.00000E+00  0.25903E-04  0.81858E+01  0.78700E+02  0.28726E-01  0.52064E+02  0.00000E+00    3851  0.00000E+00  0.00000E+00  0.00000E+00
     3850.0000  0.00000E+00  0.95857E+00  0.00000E+00  0.93282E+04  0.00000E+00  0.00000E+00  0.26431E-04  0.81944E+01  0.78700E+02  0.28792E-01  0.52352E+02  0.00000E+00    3861  0.00000E+00  0.00000E+00  0.00000E+00
     3860.0000  0.00000E+00  0.95660E+00  0.00000E+00  0.93378E+04  0.00000E+00  0.00000E+00  0.26967E-04  0.82030E+01  0.78700E+02  0.28859E-01  0.52640E+02  0.00000E+00    3871  0.00000E+00  0.00000E+00  0.00000E+00
     3870.0000  0.00000E+00  0.95472E+00  0.00000E+00  0.93473E+04  0.00000E+00  0.00000E+00  0.27511E-04  0.82116E+01  0.78700E+02  0.28926E-01  0.52929E+02  0.00000E+00    3881  0.00000E+00  0.00000E+00  0.00000E+00
     3880.0000  0.00000E+00  0.95279E+00  0.00000E+00  0.93569E+04  0.00000E+00  0.00000E+00  0.28063E-04  0.82202E+01  0.78700E+02  0.28993E-01  0.53219E+02  0.00000E+00    3891  0.00000E+00  0.00000E+00  0.00000E+00
     3890.0000  0.00000E+00  0.95084E+00  0.00000E+00  0.93664E+04  0.00000E+00  0.00000E+00  0.28622E-04  0.82287E+01  0.78700E+02  0.29061E-01  0.53509E+02  0.00000E+00    3901  0.00000E+00  0.00000E+00  0.00000E+00
     3900.0000  0.00000E+00  0.94893E+00  0.00000E+00  0.93759E+04  0.00000E+00  0.00000E+00  0.29190E-04  0.82373E+01  0.78700E+02  0.29129E-01  0.53800E+02  0.00000E+00    3911  0.00000E+00  0.00000E+00  0.00000E+00
     3910.0000  0.00000E+00  0.94702E+00  0.00000E+00  0.93854E+04  0.00000E+00  0.00000E+00  0.29766E-04  0.82458E+01  0.78700E+02  0.29197E-01  0.54091E+02  0.00000E+00    3921  0.00000E+00  0.00000E+00  0.00000E+00
     3920.0000  0.00000E+00  0.94520E+00  0.00000E+00  0.93948E+04  0.00000E+00  0.00000E+00  0.30351E-04  0.82543E+01  0.78700E+02  0.29266E-01  0.54384E+02  0.00000E+00    3931  0.00000E+00  0.00000E+00  0.00000E+00
     3930.0000  0.00000E+00  0.94334E+00  0.00000E+00  0.94043E+04  0.00000E+00  0.00000E+00  0.30943E-04  0.82628E+01  0.78700E+02  0.29335E-01  0.54677E+02  0.00000E+00    3941  0.00000E+00  0.00000E+00  0.00000E+00
     3940.0000  0.00000E+00  0.94144E+00  0.00000E+00  0.94137E+04  0.00000E+00  0.00000E+00  0.31544E-04  0.82712E+01  0.78700E+02  0.29404E-01  0.54971E+02  0.00000E+00    3951  0.00000E+00  0.00000E+00  0.00000E+00
     3950.0000  0.00000E+00  0.93961E+00  0.00000E+00  0.94231E+04  0.00000E+00  0.00000E+00  0.32153E-04  0.82797E+01  0.78700E+02  0.29474E-01  0.55265E+02  0.00000E+00    3961  0.00000E+00  0.00000E+00  0.00000E+00
     3960.0000  0.00000E+00  0.93774E+00  0.00000E+00  0.94325E+04  0.00000E+00  0.00000E+00  0.32771E-04  0.82881E+01  0.78700E+02  0.29544E-01  0.55560E+02  0.00000E+00    3971  0.00000E+00  0.00000E+00  0.00000E+00
     3970.0000  0.00000E+00  0.93590E+00  0.00000E+00  0.94419E+04  0.00000E+00  0.00000E+00  0.33397E-04  0.82965E+01  0.78700E+02  0.29614E-01  0.55856E+02  0.00000E+00    3981  0.00000E+00  0.00000E+00  0.00000E+00
     3980.0000  0.00000E+00  0.93407E+00  0.00000E+00  0.94512E+04  0.00000E+00  0.00000E+00  0.34032E-04  0.83049E+01  0.78700E+02  0.29685E-01  0.56152E+02  0.00000E+00    3991  0.00000E+00  0.00000E+00  0.00000E+00
     3990.0000  0.00000E+00  0.93220E+00  0.00000E+00  0.94605E+04  0.00000E+00  0.00000E+00  0.34675E-04  0.83133E+01  0.78700E+02  0.29756E-01  0.56450E+02  0.00000E+00    4001  0.00000E+00  0.00000E+00  0.00000E+00
     4000.0000  0.00000E+00  0.93042E+00  0.00000E+00  0.94698E+04  0.00000E+00  0.00000E+00  0.35327E-04  0.83217E+01  0.78700E+02  0.29827E-01  0.56748E+02  0.00000E+00    4011  0.00000E+00  0.00000E+00  0.00000E+00
     4010.0000  0.00000E+00  0.92861E+00  0.00000E+00  0.94791E+04  0.00000E+00  0.00000E+00  0.35988E-04  0.83300E+01  0.78700E+02  0.29899E-01  0.57046E+02  0.00000E+00    4021  0.00000E+00  0.00000E+00  0.00000E+00
     4015.0000  0.00000E+00  0.92772E+00  0.00000E+00  0.94838E+04  0.00000E+00  0.00000E+00  0.36321E-04  0.83342E+01  0.78700E+02  0.29935E-01  0.57196E+02  0.00000E+00    4026  0.00000E+00  0.00000E+00  0.00000E+00
     4020.0000  0.00000E+00  0.92677E+00  0.00000E+00  0.94884E+04  0.00000E+00  0.00000E+00  0.36657E-04  0.83383E+01  0.78700E+02  0.29971E-01  0.57346E+02  0.00000E+00    4031  0.00000E+00  0.00000E+00  0.00000E+00
     4030.0000  0.00000E+00  0.92498E+00  0.00000E+00  0.94977E+04  0.00000E+00  0.00000E+00  0.37336E-04  0.83466E+01  0.78700E+02  0.30043E-01  0.57646E+02  0.00000E+00    4041  0.00000E+00  0.00000E+00  0.00000E+00
     4040.0000  0.00000E+00  0.92317E+00  0.00000E+00  0.95069E+04  0.00000E+00  0.00000E+00  0.38023E-04  0.83549E+01  0.78700E+02  0.30115E-01  0.57947E+02  0.00000E+00    4051  0.00000E+00  0.00000E+00  0.00000E+00
     4050.0000  0.00000E+00  0.92137E+00  0.00000E+00  0.95161E+04  0.00000E+00  0.00000E+00  0.38720E-04  0.83632E+01  0.78700E+02  0.30188E-01  0.58248E+02  0.00000E+00    4061  0.00000E+00  0.00000E+00  0.00000E+00
     4060.0000  0.00000E+00  0.91958E+00  0.00000E+00  0.95253E+04  0.00000E+00  0.00000E+00  0.39425E-04  0.83715E+01  0.78700E+02  0.30262E-01  0.58550E+02  0.00000E+00    4071  0.00000E+00  0.00000E+00  0.00000E+00
     4070.0000  0.00000E+00  0.91782E+00  0.00000E+00  0.95345E+04  0.00000E+00  0.00000E+00  0.40139E-04  0.83797E+01  0.78700E+02  0.30330E-01  0.58853E+02  0.00000E+00    4081  0.00000E+00  0.00000E+00  0.00000E+00
     4080.0000  0.00000E+00  0.91602E+00  0.00000E+00  0.95437E+04  0.00000E+00  0.00000E+00  0.40863E-04  0.83879E+01  0.78700E+02  0.30395E-01  0.59157E+02  0.00000E+00    4091  0.00000E+00  0.00000E+00  0.00000E+00
     4090.0000  0.00000E+00  0.91429E+00  0.00000E+00  0.95528E+04  0.00000E+00  0.00000E+00  0.41596E-04  0.83961E+01  0.78700E+02  0.30460E-01  0.59461E+02  0.00000E+00    4101  0.00000E+00  0.00000E+00  0.00000E+00
     4100.0000  0.00000E+00  0.91249E+00  0.00000E+00  0.95620E+04  0.00000E+00  0.00000E+00  0.42338E-04  0.84043E+01  0.78700E+02  0.30525E-01  0.59766E+02  0.00000E+00    4111  0.00000E+00  0.00000E+00  0.00000E+00
     4110.0000  0.00000E+00  0.91071E+00  0.00000E+00  0.95711E+04  0.00000E+00  0.00000E+00  0.43090E-04  0.84125E+01  0.78700E+02  0.30591E-01  0.60072E+02  0.00000E+00    4121  0.00000E+00  0.00000E+00  0.00000E+00
     4120.0000  0.00000E+00  0.90903E+00  0.00000E+00  0.95802E+04  0.00000E+00  0.00000E+00  0.43850E-04  0.84206E+01  0.78700E+02  0.30657E-01  0.60378E+02  0.00000E+00    4131  0.00000E+00  0.00000E+00  0.00000E+00
     4130.0000  0.00000E+00  0.90724E+00  0.00000E+00  0.95893E+04  0.00000E+00  0.00000E+00  0.44621E-04  0.84288E+01  0.78700E+02  0.30723E-01  0.60685E+02  0.00000E+00    4141  0.00000E+00  0.00000E+00  0.00000E+00
     4140.0000  0.00000E+00  0.90547E+00  0.00000E+00  0.95983E+04  0.00000E+00  0.00000E+00  0.45401E-04  0.84369E+01  0.78700E+02  0.30789E-01  0.60993E+02  0.00000E+00    4151  0.00000E+00  0.00000E+00  0.00000E+00
     4150.0000  0.00000E+00  0.90380E+00  0.00000E+00  0.96074E+04  0.00000E+00  0.00000E+00  0.46190E-04  0.84450E+01  0.78700E+02  0.30856E-01  0.61301E+02  0.00000E+00    4161  0.00000E+00  0.00000E+00  0.00000E+00
     4160.0000  0.00000E+00  0.90210E+00  0.00000E+00  0.96164E+04  0.00000E+00  0.00000E+00  0.46989E-04  0.84531E+01  0.78700E+02  0.30923E-01  0.61610E+02  0.00000E+00    4171  0.00000E+00  0.00000E+00  0.00000E+00
     4170.0000  0.00000E+00  0.90039E+00  0.00000E+00  0.96254E+04  0.00000E+00  0.00000E+00  0.47798E-04  0.84612E+01  0.78700E+02  0.30990E-01  0.61920E+02  0.00000E+00    4181  0.00000E+00  0.00000E+00  0.00000E+00
     4180.0000  0.00000E+00  0.89866E+00  0.00000E+00  0.96344E+04  0.00000E+00  0.00000E+00  0.48616E-04  0.84692E+01  0.78700E+02  0.31058E-01  0.62230E+02  0.00000E+00    4191  0.00000E+00  0.00000E+00  0.00000E+00
     4190.0000  0.00000E+00  0.89700E+00  0.00000E+00  0.96434E+04  0.00000E+00  0.00000E+00  0.49444E-04  0.84773E+01  0.78700E+02  0.31126E-01  0.62541E+02  0.00000E+00    4201  0.00000E+00  0.00000E+00  0.00000E+00
     4200.0000  0.00000E+00  0.89527E+00  0.00000E+00  0.96523E+04  0.00000E+00  0.00000E+00  0.50283E-04  0.84853E+01  0.78700E+02  0.31194E-01  0.62852E+02  0.00000E+00    4211  0.00000E+00  0.00000E+00  0.00000E+00
     4210.0000  0.00000E+00  0.89357E+00  0.00000E+00  0.96613E+04  0.00000E+00  0.00000E+00  0.51131E-04  0.84933E+01  0.78700E+02  0.31263E-01  0.63165E+02  0.00000E+00    4221  0.00000E+00  0.00000E+00  0.00000E+00
     4220.0000  0.00000E+00  0.89192E+00  0.00000E+00  0.96702E+04  0.00000E+00  0.00000E+00  0.51988E-04  0.85013E+01  0.78700E+02  0.31331E-01  0.63478E+02  0.00000E+00    4231  0.00000E+00  0.00000E+00  0.00000E+00
     4230.0000  0.00000E+00  0.89019E+00  0.00000E+00  0.96791E+04  0.00000E+00  0.00000E+00  0.52856E-04  0.85092E+01  0.78700E+02  0.31400E-01  0.63791E+02  0.00000E+00    4241  0.00000E+00  0.00000E+00  0.00000E+00
     4240.0000  0.00000E+00  0.88846E+00  0.00000E+00  0.96880E+04  0.00000E+00  0.00000E+00  0.53734E-04  0.85172E+01  0.78700E+02  0.31468E-01  0.64106E+02  0.00000E+00    4251  0.00000E+00  0.00000E+00  0.00000E+00
     4250.0000  0.00000E+00  0.88672E+00  0.00000E+00  0.96969E+04  0.00000E+00  0.00000E+00  0.54622E-04  0.85251E+01  0.78700E+02  0.31537E-01  0.64421E+02  0.00000E+00    4261  0.00000E+00  0.00000E+00  0.00000E+00
     4260.0000  0.00000E+00  0.88510E+00  0.00000E+00  0.97058E+04  0.00000E+00  0.00000E+00  0.55521E-04  0.85331E+01  0.78700E+02  0.31607E-01  0.64737E+02  0.00000E+00    4271  0.00000E+00  0.00000E+00  0.00000E+00
     4270.0000  0.00000E+00  0.88338E+00  0.00000E+00  0.97146E+04  0.00000E+00  0.00000E+00  0.56429E-04  0.85410E+01  0.78700E+02  0.31676E-01  0.65053E+02  0.00000E+00    4281  0.00000E+00  0.00000E+00  0.00000E+00
     4280.0000  0.00000E+00  0.88172E+00  0.00000E+00  0.97234E+04  0.00000E+00  0.00000E+00  0.57348E-04  0.85489E+01  0.78700E+02  0.31746E-01  0.65370E+02  0.00000E+00    4291  0.00000E+00  0.00000E+00  0.00000E+00
     4290.0000  0.00000E+00  0.88003E+00  0.00000E+00  0.97322E+04  0.00000E+00  0.00000E+00  0.58277E-04  0.85567E+01  0.78700E+02  0.31816E-01  0.65688E+02  0.00000E+00    4301  0.00000E+00  0.00000E+00  0.00000E+00
     4300.0000  0.00000E+00  0.87837E+00  0.00000E+00  0.97410E+04  0.00000E+00  0.00000E+00  0.59217E-04  0.85646E+01  0.78700E+02  0.31886E-01  0.66007E+02  0.00000E+00    4311  0.00000E+00  0.00000E+00  0.00000E+00
     4310.0000  0.00000E+00  0.87673E+00  0.00000E+00  0.97498E+04  0.00000E+00  0.00000E+00  0.60166E-04  0.85724E+01  0.78700E+02  0.31956E-01  0.66326E+02  0.00000E+00    4321  0.00000E+00  0.00000E+00  0.00000E+00
     4320.0000  0.00000E+00  0.87508E+00  0.00000E+00  0.97586E+04  0.00000E+00  0.00000E+00  0.61127E-04  0.85803E+01  0.78700E+02  0.32018E-01  0.66646E+02  0.00000E+00    4331  0.00000E+00  0.00000E+00  0.00000E+00
     4330.0000  0.00000E+00  0.87342E+00  0.00000E+00  0.97673E+04  0.00000E+00  0.00000E+00  0.62098E-04  0.85881E+01  0.78700E+02  0.32080E-01  0.66966E+02  0.00000E+00    4341  0.00000E+00  0.00000E+00  0.00000E+00
     4340.0000  0.00000E+00  0.87177E+00  0.00000E+00  0.97760E+04  0.00000E+00  0.00000E+00  0.63079E-04  0.85959E+01  0.78700E+02  0.32143E-01  0.67287E+02  0.00000E+00    4351  0.00000E+00  0.00000E+00  0.00000E+00
     4350.0000  0.00000E+00  0.87010E+00  0.00000E+00  0.97847E+04  0.00000E+00  0.00000E+00  0.64071E-04  0.86036E+01  0.78700E+02  0.32206E-01  0.67609E+02  0.00000E+00    4361  0.00000E+00  0.00000E+00  0.00000E+00
     4360.0000  0.00000E+00  0.86847E+00  0.00000E+00  0.97934E+04  0.00000E+00  0.00000E+00  0.65074E-04  0.86114E+01  0.78700E+02  0.32269E-01  0.67932E+02  0.00000E+00    4371  0.00000E+00  0.00000E+00  0.00000E+00
     4370.0000  0.00000E+00  0.86686E+00  0.00000E+00  0.98021E+04  0.00000E+00  0.00000E+00  0.66088E-04  0.86192E+01  0.78700E+02  0.32333E-01  0.68255E+02  0.00000E+00    4381  0.00000E+00  0.00000E+00  0.00000E+00
     4380.0000  0.00000E+00  0.86525E+00  0.00000E+00  0.98108E+04  0.00000E+00  0.00000E+00  0.67112E-04  0.86269E+01  0.78700E+02  0.32397E-01  0.68578E+02  0.00000E+00    4391  0.00000E+00  0.00000E+00  0.00000E+00
     4390.0000  0.00000E+00  0.86364E+00  0.00000E+00  0.98194E+04  0.00000E+00  0.00000E+00  0.68147E-04  0.86346E+01  0.78700E+02  0.32461E-01  0.68903E+02  0.00000E+00    4401  0.00000E+00  0.00000E+00  0.00000E+00
     4400.0000  0.00000E+00  0.86201E+00  0.00000E+00  0.98280E+04  0.00000E+00  0.00000E+00  0.69193E-04  0.86423E+01  0.78700E+02  0.32525E-01  0.69228E+02  0.00000E+00    4411  0.00000E+00  0.00000E+00  0.00000E+00
     4410.0000  0.00000E+00  0.86039E+00  0.00000E+00  0.98366E+04  0.00000E+00  0.00000E+00  0.70250E-04  0.86500E+01  0.78700E+02  0.32590E-01  0.69553E+02  0.00000E+00    4421  0.00000E+00  0.00000E+00  0.00000E+00
     4420.0000  0.00000E+00  0.85879E+00  0.00000E+00  0.98452E+04  0.00000E+00  0.00000E+00  0.71318E-04  0.86577E+01  0.78700E+02  0.32654E-01  0.69880E+02  0.00000E+00    4431  0.00000E+00  0.00000E+00  0.00000E+00
     4430.0000  0.00000E+00  0.85720E+00  0.00000E+00  0.98538E+04  0.00000E+00  0.00000E+00  0.72396E-04  0.86653E+01  0.78700E+02  0.32719E-01  0.70206E+02  0.00000E+00    4441  0.00000E+00  0.00000E+00  0.00000E+00
     4440.0000  0.00000E+00  0.85565E+00  0.00000E+00  0.98624E+04  0.00000E+00  0.00000E+00  0.73486E-04  0.86730E+01  0.78700E+02  0.32785E-01  0.70534E+02  0.00000E+00    4451  0.00000E+00  0.00000E+00  0.00000E+00
     4450.0000  0.00000E+00  0.85405E+00  0.00000E+00  0.98709E+04  0.00000E+00  0.00000E+00  0.74587E-04  0.86806E+01  0.78700E+02  0.32850E-01  0.70862E+02  0.00000E+00    4461  0.00000E+00  0.00000E+00  0.00000E+00
     4460.0000  0.00000E+00  0.85247E+00  0.00000E+00  0.98795E+04  0.00000E+00  0.00000E+00  0.75700E-04  0.86882E+01  0.78700E+02  0.32916E-01  0.71191E+02  0.00000E+00    4471  0.00000E+00  0.00000E+00  0.00000E+00
     4470.0000  0.00000E+00  0.85094E+00  0.00000E+00  0.98880E+04  0.00000E+00  0.00000E+00  0.76823E-04  0.86958E+01  0.78700E+02  0.32982E-01  0.71521E+02  0.00000E+00    4481  0.00000E+00  0.00000E+00  0.00000E+00
     4480.0000  0.00000E+00  0.84936E+00  0.00000E+00  0.98965E+04  0.00000E+00  0.00000E+00  0.77957E-04  0.87034E+01  0.78700E+02  0.33049E-01  0.71851E+02  0.00000E+00    4491  0.00000E+00  0.00000E+00  0.00000E+00
     4490.0000  0.00000E+00  0.84784E+00  0.00000E+00  0.99050E+04  0.00000E+00  0.00000E+00  0.79103E-04  0.87109E+01  0.78700E+02  0.33115E-01  0.72182E+02  0.00000E+00    4501  0.00000E+00  0.00000E+00  0.00000E+00
     4500.0000  0.00000E+00  0.84622E+00  0.00000E+00  0.99134E+04  0.00000E+00  0.00000E+00  0.80261E-04  0.87185E+01  0.78700E+02  0.33182E-01  0.72513E+02  0.00000E+00    4511  0.00000E+00  0.00000E+00  0.00000E+00
     4510.0000  0.00000E+00  0.84471E+00  0.00000E+00  0.99219E+04  0.00000E+00  0.00000E+00  0.81429E-04  0.87260E+01  0.78700E+02  0.33249E-01  0.72845E+02  0.00000E+00    4521  0.00000E+00  0.00000E+00  0.00000E+00
     4520.0000  0.00000E+00  0.84315E+00  0.00000E+00  0.99303E+04  0.00000E+00  0.00000E+00  0.82609E-04  0.87335E+01  0.78700E+02  0.33316E-01  0.73178E+02  0.00000E+00    4531  0.00000E+00  0.00000E+00  0.00000E+00
     4530.0000  0.00000E+00  0.84161E+00  0.00000E+00  0.99387E+04  0.00000E+00  0.00000E+00  0.83801E-04  0.87410E+01  0.78700E+02  0.33384E-01  0.73512E+02  0.00000E+00    4541  0.00000E+00  0.00000E+00  0.00000E+00
     4540.0000  0.00000E+00  0.84009E+00  0.00000E+00  0.99472E+04  0.00000E+00  0.00000E+00  0.85003E-04  0.87485E+01  0.78700E+02  0.33451E-01  0.73846E+02  0.00000E+00    4551  0.00000E+00  0.00000E+00  0.00000E+00
     4550.0000  0.00000E+00  0.83853E+00  0.00000E+00  0.99555E+04  0.00000E+00  0.00000E+00  0.86218E-04  0.87560E+01  0.78700E+02  0.33519E-01  0.74181E+02  0.00000E+00    4561  0.00000E+00  0.00000E+00  0.00000E+00
     4560.0000  0.00000E+00  0.83701E+00  0.00000E+00  0.99639E+04  0.00000E+00  0.00000E+00  0.87444E-04  0.87634E+01  0.78700E+02  0.33588E-01  0.74516E+02  0.00000E+00    4571  0.00000E+00  0.00000E+00  0.00000E+00
     4570.0000  0.00000E+00  0.83552E+00  0.00000E+00  0.99723E+04  0.00000E+00  0.00000E+00  0.88682E-04  0.87709E+01  0.78700E+02  0.33653E-01  0.74853E+02  0.00000E+00    4581  0.00000E+00  0.00000E+00  0.00000E+00
     4580.0000  0.00000E+00  0.83397E+00  0.00000E+00  0.99806E+04  0.00000E+00  0.00000E+00  0.89931E-04  0.87783E+01  0.78700E+02  0.33713E-01  0.75189E+02  0.00000E+00    4591  0.00000E+00  0.00000E+00  0.00000E+00
     4590.0000  0.00000E+00  0.83249E+00  0.00000E+00  0.99890E+04  0.00000E+00  0.00000E+00  0.91192E-04  0.87857E+01  0.78700E+02  0.33774E-01  0.75527E+02  0.00000E+00    4601  0.00000E+00  0.00000E+00  0.00000E+00
     4600.0000  0.00000E+00  0.83102E+00  0.00000E+00  0.99973E+04  0.00000E+00  0.00000E+00  0.92465E-04  0.87931E+01  0.78700E+02  0.33835E-01  0.75865E+02  0.00000E+00    4611  0.00000E+00  0.00000E+00  0.00000E+00
     4610.0000  0.00000E+00  0.82946E+00  0.00000E+00  0.10006E+05  0.00000E+00  0.00000E+00  0.93749E-04  0.88005E+01  0.78700E+02  0.33896E-01  0.76204E+02  0.00000E+00    4621  0.00000E+00  0.00000E+00  0.00000E+00
     4620.0000  0.00000E+00  0.82799E+00  0.00000E+00  0.10014E+05  0.00000E+00  0.00000E+00  0.95046E-04  0.88079E+01  0.78700E+02  0.33957E-01  0.76543E+02  0.00000E+00    4631  0.00000E+00  0.00000E+00  0.00000E+00
     4630.0000  0.00000E+00  0.82648E+00  0.00000E+00  0.10022E+05  0.00000E+00  0.00000E+00  0.96354E-04  0.88153E+01  0.78700E+02  0.34019E-01  0.76883E+02  0.00000E+00    4641  0.00000E+00  0.00000E+00  0.00000E+00
     4640.0000  0.00000E+00  0.82500E+00  0.00000E+00  0.10030E+05  0.00000E+00  0.00000E+00  0.97674E-04  0.88226E+01  0.78700E+02  0.34081E-01  0.77223E+02  0.00000E+00    4651  0.00000E+00  0.00000E+00  0.00000E+00
     4650.0000  0.00000E+00  0.82356E+00  0.00000E+00  0.10039E+05  0.00000E+00  0.00000E+00  0.99006E-04  0.88299E+01  0.78700E+02  0.34143E-01  0.77565E+02  0.00000E+00    4661  0.00000E+00  0.00000E+00  0.00000E+00
     4660.0000  0.00000E+00  0.82204E+00  0.00000E+00  0.10047E+05  0.00000E+00  0.00000E+00  0.10035E-03  0.88372E+01  0.78700E+02  0.34205E-01  0.77906E+02  0.00000E+00    4671  0.00000E+00  0.00000E+00  0.00000E+00
     4670.0000  0.00000E+00  0.82061E+00  0.00000E+00  0.10055E+05  0.00000E+00  0.00000E+00  0.10171E-03  0.88445E+01  0.78700E+02  0.34268E-01  0.78249E+02  0.00000E+00    4681  0.00000E+00  0.00000E+00  0.00000E+00
     4680.0000  0.00000E+00  0.81917E+00  0.00000E+00  0.10063E+05  0.00000E+00  0.00000E+00  0.10307E-03  0.88518E+01  0.78700E+02  0.34331E-01  0.78592E+02  0.00000E+00    4691  0.00000E+00  0.00000E+00  0.00000E+00
     4690.0000  0.00000E+00  0.81770E+00  0.00000E+00  0.10071E+05  0.00000E+00  0.00000E+00  0.10445E-03  0.88591E+01  0.78700E+02  0.34394E-01  0.78935E+02  0.00000E+00    4701  0.00000E+00  0.00000E+00  0.00000E+00
     4700.0000  0.00000E+00  0.81621E+00  0.00000E+00  0.10080E+05  0.00000E+00  0.00000E+00  0.10585E-03  0.88664E+01  0.78700E+02  0.34457E-01  0.79280E+02  0.00000E+00    4711  0.00000E+00  0.00000E+00  0.00000E+00
     4710.0000  0.00000E+00  0.81474E+00  0.00000E+00  0.10088E+05  0.00000E+00  0.00000E+00  0.10725E-03  0.88736E+01  0.78700E+02  0.34520E-01  0.79625E+02  0.00000E+00    4721  0.00000E+00  0.00000E+00  0.00000E+00
     4720.0000  0.00000E+00  0.81333E+00  0.00000E+00  0.10096E+05  0.00000E+00  0.00000E+00  0.10867E-03  0.88808E+01  0.78700E+02  0.34584E-01  0.79970E+02  0.00000E+00    4731  0.00000E+00  0.00000E+00  0.00000E+00
     4730.0000  0.00000E+00  0.81190E+00  0.00000E+00  0.10104E+05  0.00000E+00  0.00000E+00  0.11010E-03  0.88880E+01  0.78700E+02  0.34648E-01  0.80316E+02  0.00000E+00    4741  0.00000E+00  0.00000E+00  0.00000E+00
     4740.0000  0.00000E+00  0.81046E+00  0.00000E+00  0.10112E+05  0.00000E+00  0.00000E+00  0.11154E-03  0.88953E+01  0.78700E+02  0.34712E-01  0.80663E+02  0.00000E+00    4751  0.00000E+00  0.00000E+00  0.00000E+00
     4745.0000  0.00000E+00  0.80979E+00  0.00000E+00  0.10116E+05  0.00000E+00  0.00000E+00  0.11226E-03  0.88988E+01  0.78700E+02  0.34744E-01  0.80837E+02  0.00000E+00    4756  0.00000E+00  0.00000E+00  0.00000E+00
     4750.0000  0.00000E+00  0.80904E+00  0.00000E+00  0.10120E+05  0.00000E+00  0.00000E+00  0.11299E-03  0.89024E+01  0.78700E+02  0.34776E-01  0.81011E+02  0.00000E+00    4761  0.00000E+00  0.00000E+00  0.00000E+00
     4760.0000  0.00000E+00  0.80760E+00  0.00000E+00  0.10128E+05  0.00000E+00  0.00000E+00  0.11446E-03  0.89096E+01  0.78700E+02  0.34840E-01  0.81359E+02  0.00000E+00    4771  0.00000E+00  0.00000E+00  0.00000E+00
     4770.0000  0.00000E+00  0.80614E+00  0.00000E+00  0.10136E+05  0.00000E+00  0.00000E+00  0.11593E-03  0.89168E+01  0.78700E+02  0.34905E-01  0.81708E+02  0.00000E+00    4781  0.00000E+00  0.00000E+00  0.00000E+00
     4780.0000  0.00000E+00  0.80469E+00  0.00000E+00  0.10144E+05  0.00000E+00  0.00000E+00  0.11742E-03  0.89239E+01  0.78700E+02  0.34969E-01  0.82057E+02  0.00000E+00    4791  0.00000E+00  0.00000E+00  0.00000E+00
     4790.0000  0.00000E+00  0.80324E+00  0.00000E+00  0.10152E+05  0.00000E+00  0.00000E+00  0.11893E-03  0.89311E+01  0.78700E+02  0.35033E-01  0.82407E+02  0.00000E+00    4801  0.00000E+00  0.00000E+00  0.00000E+00
     4800.0000  0.00000E+00  0.80182E+00  0.00000E+00  0.10161E+05  0.00000E+00  0.00000E+00  0.12044E-03  0.89382E+01  0.78700E+02  0.35098E-01  0.82758E+02  0.00000E+00    4811  0.00000E+00  0.00000E+00  0.00000E+00
     4810.0000  0.00000E+00  0.80045E+00  0.00000E+00  0.10169E+05  0.00000E+00  0.00000E+00  0.12197E-03  0.89453E+01  0.78700E+02  0.35163E-01  0.83109E+02  0.00000E+00    4821  0.00000E+00  0.00000E+00  0.00000E+00
     4820.0000  0.00000E+00  0.79899E+00  0.00000E+00  0.10177E+05  0.00000E+00  0.00000E+00  0.12351E-03  0.89524E+01  0.78700E+02  0.35228E-01  0.83461E+02  0.00000E+00    4831  0.00000E+00  0.00000E+00  0.00000E+00
     4830.0000  0.00000E+00  0.79753E+00  0.00000E+00  0.10185E+05  0.00000E+00  0.00000E+00  0.12506E-03  0.89594E+01  0.78700E+02  0.35293E-01  0.83814E+02  0.00000E+00    4841  0.00000E+00  0.00000E+00  0.00000E+00
     4840.0000  0.00000E+00  0.79606E+00  0.00000E+00  0.10192E+05  0.00000E+00  0.00000E+00  0.12663E-03  0.89665E+01  0.78700E+02  0.35356E-01  0.84167E+02  0.00000E+00    4851  0.00000E+00  0.00000E+00  0.00000E+00
     4850.0000  0.00000E+00  0.79473E+00  0.00000E+00  0.10200E+05  0.00000E+00  0.00000E+00  0.12821E-03  0.89736E+01  0.78700E+02  0.35414E-01  0.84521E+02  0.00000E+00    4861  0.00000E+00  0.00000E+00  0.00000E+00
     4860.0000  0.00000E+00  0.79328E+00  0.00000E+00  0.10208E+05  0.00000E+00  0.00000E+00  0.12980E-03  0.89806E+01  0.78700E+02  0.35473E-01  0.84875E+02  0.00000E+00    4871  0.00000E+00  0.00000E+00  0.00000E+00
     4870.0000  0.00000E+00  0.79185E+00  0.00000E+00  0.10216E+05  0.00000E+00  0.00000E+00  0.13140E-03  0.89876E+01  0.78700E+02  0.35531E-01  0.85230E+02  0.00000E+00    4881  0.00000E+00  0.00000E+00  0.00000E+00
     4880.0000  0.00000E+00  0.79053E+00  0.00000E+00  0.10224E+05  0.00000E+00  0.00000E+00  0.13302E-03  0.89946E+01  0.78700E+02  0.35589E-01  0.85586E+02  0.00000E+00    4891  0.00000E+00  0.00000E+00  0.00000E+00
     4890.0000  0.00000E+00  0.78902E+00  0.00000E+00  0.10232E+05  0.00000E+00  0.00000E+00  0.13464E-03  0.90016E+01  0.78700E+02  0.35648E-01  0.85942E+02  0.00000E+00    4901  0.00000E+00  0.00000E+00  0.00000E+00
     4900.0000  0.00000E+00  0.78765E+00  0.00000E+00  0.10240E+05  0.00000E+00  0.00000E+00  0.13629E-03  0.90086E+01  0.78700E+02  0.35707E-01  0.86299E+02  0.00000E+00    4911  0.00000E+00  0.00000E+00  0.00000E+00
     4910.0000  0.00000E+00  0.78627E+00  0.00000E+00  0.10248E+05  0.00000E+00  0.00000E+00  0.13794E-03  0.90156E+01  0.78700E+02  0.35766E-01  0.86656E+02  0.00000E+00    4921  0.00000E+00  0.00000E+00  0.00000E+00
     4920.0000  0.00000E+00  0.78487E+00  0.00000E+00  0.10256E+05  0.00000E+00  0.00000E+00  0.13961E-03  0.90225E+01  0.78700E+02  0.35825E-01  0.87014E+02  0.00000E+00    4931  0.00000E+00  0.00000E+00  0.00000E+00
     4930.0000  0.00000E+00  0.78353E+00  0.00000E+00  0.10264E+05  0.00000E+00  0.00000E+00  0.14129E-03  0.90295E+01  0.78700E+02  0.35885E-01  0.87373E+02  0.00000E+00    4941  0.00000E+00  0.00000E+00  0.00000E+00
     4940.0000  0.00000E+00  0.78213E+00  0.00000E+00  0.10271E+05  0.00000E+00  0.00000E+00  0.14298E-03  0.90364E+01  0.78700E+02  0.35945E-01  0.87732E+02  0.00000E+00    4951  0.00000E+00  0.00000E+00  0.00000E+00
     4950.0000  0.00000E+00  0.78077E+00  0.00000E+00  0.10279E+05  0.00000E+00  0.00000E+00  0.14468E-03  0.90433E+01  0.78700E+02  0.36004E-01  0.88092E+02  0.00000E+00    4961  0.00000E+00  0.00000E+00  0.00000E+00
     4960.0000  0.00000E+00  0.77943E+00  0.00000E+00  0.10287E+05  0.00000E+00  0.00000E+00  0.14640E-03  0.90502E+01  0.78700E+02  0.36065E-01  0.88452E+02  0.00000E+00    4971  0.00000E+00  0.00000E+00  0.00000E+00
     4970.0000  0.00000E+00  0.77808E+00  0.00000E+00  0.10295E+05  0.00000E+00  0.00000E+00  0.14813E-03  0.90571E+01  0.78700E+02  0.36125E-01  0.88813E+02  0.00000E+00    4981  0.00000E+00  0.00000E+00  0.00000E+00
     4980.0000  0.00000E+00  0.77672E+00  0.00000E+00  0.10303E+05  0.00000E+00  0.00000E+00  0.14988E-03  0.90640E+01  0.78700E+02  0.36185E-01  0.89175E+02  0.00000E+00    4991  0.00000E+00  0.00000E+00  0.00000E+00
     4990.0000  0.00000E+00  0.77539E+00  0.00000E+00  0.10310E+05  0.00000E+00  0.00000E+00  0.15163E-03  0.90708E+01  0.78700E+02  0.36246E-01  0.89537E+02  0.00000E+00    5001  0.00000E+00  0.00000E+00  0.00000E+00
     5000.0000  0.00000E+00  0.77401E+00  0.00000E+00  0.10318E+05  0.00000E+00  0.00000E+00  0.15340E-03  0.90777E+01  0.78700E+02  0.36307E-01  0.89900E+02  0.00000E+00    5011  0.00000E+00  0.00000E+00  0.00000E+00
     5010.0000  0.00000E+00  0.77269E+00  0.00000E+00  0.10326E+05  0.00000E+00  0.00000E+00  0.15519E-03  0.90845E+01  0.78700E+02  0.36368E-01  0.90263E+02  0.00000E+00    5021  0.00000E+00  0.00000E+00  0.00000E+00
     5020.0000  0.00000E+00  0.77126E+00  0.00000E+00  0.10334E+05  0.00000E+00  0.00000E+00  0.15698E-03  0.90913E+01  0.78700E+02  0.36429E-01  0.90627E+02  0.00000E+00    5031  0.00000E+00  0.00000E+00  0.00000E+00
     5030.0000  0.00000E+00  0.77002E+00  0.00000E+00  0.10341E+05  0.00000E+00  0.00000E+00  0.15879E-03  0.90982E+01  0.78700E+02  0.36490E-01  0.90992E+02  0.00000E+00    5041  0.00000E+00  0.00000E+00  0.00000E+00
     5040.0000  0.00000E+00  0.76862E+00  0.00000E+00  0.10349E+05  0.00000E+00  0.00000E+00  0.16061E-03  0.91049E+01  0.78700E+02  0.36552E-01  0.91357E+02  0.00000E+00    5051  0.00000E+00  0.00000E+00  0.00000E+00
     5050.0000  0.00000E+00  0.76733E+00  0.00000E+00  0.10357E+05  0.00000E+00  0.00000E+00  0.16245E-03  0.91117E+01  0.78700E+02  0.36613E-01  0.91723E+02  0.00000E+00    5061  0.00000E+00  0.00000E+00  0.00000E+00
     5060.0000  0.00000E+00  0.76602E+00  0.00000E+00  0.10364E+05  0.00000E+00  0.00000E+00  0.16429E-03  0.91185E+01  0.78700E+02  0.36675E-01  0.92089E+02  0.00000E+00    5071  0.00000E+00  0.00000E+00  0.00000E+00
     5070.0000  0.00000E+00  0.76467E+00  0.00000E+00  0.10372E+05  0.00000E+00  0.00000E+00  0.16616E-03  0.91253E+01  0.78700E+02  0.36737E-01  0.92456E+02  0.00000E+00    5081  0.00000E+00  0.00000E+00  0.00000E+00
     5080.0000  0.00000E+00  0.76337E+00  0.00000E+00  0.10380E+05  0.00000E+00  0.00000E+00  0.16803E-03  0.91320E+01  0.78700E+02  0.36799E-01  0.92824E+02  0.00000E+00    5091  0.00000E+00  0.00000E+00  0.00000E+00
     5090.0000  0.00000E+00  0.76205E+00  0.00000E+00  0.10387E+05  0.00000E+00  0.00000E+00  0.16992E-03  0.91387E+01  0.78700E+02  0.36862E-01  0.93193E+02  0.00000E+00    5101  0.00000E+00  0.00000E+00  0.00000E+00
     5100.0000  0.00000E+00  0.76077E+00  0.00000E+00  0.10395E+05  0.00000E+00  0.00000E+00  0.17182E-03  0.91455E+01  0.78700E+02  0.36924E-01  0.93561E+02  0.00000E+00    5111  0.00000E+00  0.00000E+00  0.00000E+00
     5110.0000  0.00000E+00  0.75944E+00  0.00000E+00  0.10402E+05  0.00000E+00  0.00000E+00  0.17373E-03  0.91522E+01  0.78700E+02  0.36987E-01  0.93931E+02  0.00000E+00    5121  0.00000E+00  0.00000E+00  0.00000E+00
     5120.0000  0.00000E+00  0.75813E+00  0.00000E+00  0.10410E+05  0.00000E+00  0.00000E+00  0.17566E-03  0.91589E+01  0.78700E+02  0.37050E-01  0.94301E+02  0.00000E+00    5131  0.00000E+00  0.00000E+00  0.00000E+00
     5130.0000  0.00000E+00  0.75685E+00  0.00000E+00  0.10418E+05  0.00000E+00  0.00000E+00  0.17760E-03  0.91655E+01  0.78700E+02  0.37109E-01  0.94672E+02  0.00000E+00    5141  0.00000E+00  0.00000E+00  0.00000E+00
     5140.0000  0.00000E+00  0.75554E+00  0.00000E+00  0.10425E+05  0.00000E+00  0.00000E+00  0.17955E-03  0.91722E+01  0.78700E+02  0.37165E-01  0.95044E+02  0.00000E+00    5151  0.00000E+00  0.00000E+00  0.00000E+00
     5150.0000  0.00000E+00  0.75427E+00  0.00000E+00  0.10433E+05  0.00000E+00  0.00000E+00  0.18152E-03  0.91789E+01  0.78700E+02  0.37221E-01  0.95415E+02  0.00000E+00    5161  0.00000E+00  0.00000E+00  0.00000E+00
     5160.0000  0.00000E+00  0.75298E+00  0.00000E+00  0.10440E+05  0.00000E+00  0.00000E+00  0.18350E-03  0.91855E+01  0.78700E+02  0.37277E-01  0.95788E+02  0.00000E+00    5171  0.00000E+00  0.00000E+00  0.00000E+00
     5170.0000  0.00000E+00  0.75172E+00  0.00000E+00  0.10448E+05  0.00000E+00  0.00000E+00  0.18549E-03  0.91921E+01  0.78700E+02  0.37334E-01  0.96161E+02  0.00000E+00    5181  0.00000E+00  0.00000E+00  0.00000E+00
     5180.0000  0.00000E+00  0.75038E+00  0.00000E+00  0.10455E+05  0.00000E+00  0.00000E+00  0.18750E-03  0.91988E+01  0.78700E+02  0.37390E-01  0.96535E+02  0.00000E+00    5191  0.00000E+00  0.00000E+00  0.00000E+00
     5190.0000  0.00000E+00  0.74915E+00  0.00000E+00  0.10463E+05  0.00000E+00  0.00000E+00  0.18952E-03  0.92054E+01  0.78700E+02  0.37447E-01  0.96909E+02  0.00000E+00    5201  0.00000E+00  0.00000E+00  0.00000E+00
     5200.0000  0.00000E+00  0.74791E+00  0.00000E+00  0.10470E+05  0.00000E+00  0.00000E+00  0.19155E-03  0.92120E+01  0.78700E+02  0.37504E-01  0.97284E+02  0.00000E+00    5211  0.00000E+00  0.00000E+00  0.00000E+00
     5210.0000  0.00000E+00  0.74662E+00  0.00000E+00  0.10478E+05  0.00000E+00  0.00000E+00  0.19360E-03  0.92185E+01  0.78700E+02  0.37561E-01  0.97659E+02  0.00000E+00    5221  0.00000E+00  0.00000E+00  0.00000E+00
     5220.0000  0.00000E+00  0.74537E+00  0.00000E+00  0.10485E+05  0.00000E+00  0.00000E+00  0.19566E-03  0.92251E+01  0.78700E+02  0.37618E-01  0.98035E+02  0.00000E+00    5231  0.00000E+00  0.00000E+00  0.00000E+00
     5230.0000  0.00000E+00  0.74412E+00  0.00000E+00  0.10493E+05  0.00000E+00  0.00000E+00  0.19773E-03  0.92317E+01  0.78700E+02  0.37676E-01  0.98411E+02  0.00000E+00    5241  0.00000E+00  0.00000E+00  0.00000E+00
     5240.0000  0.00000E+00  0.74288E+00  0.00000E+00  0.10500E+05  0.00000E+00  0.00000E+00  0.19982E-03  0.92382E+01  0.78700E+02  0.37733E-01  0.98789E+02  0.00000E+00    5251  0.00000E+00  0.00000E+00  0.00000E+00
     5250.0000  0.00000E+00  0.74158E+00  0.00000E+00  0.10507E+05  0.00000E+00  0.00000E+00  0.20192E-03  0.92447E+01  0.78700E+02  0.37791E-01  0.99166E+02  0.00000E+00    5261  0.00000E+00  0.00000E+00  0.00000E+00
     5260.0000  0.00000E+00  0.74034E+00  0.00000E+00  0.10515E+05  0.00000E+00  0.00000E+00  0.20403E-03  0.92513E+01  0.78700E+02  0.37849E-01  0.99544E+02  0.00000E+00    5271  0.00000E+00  0.00000E+00  0.00000E+00
     5270.0000  0.00000E+00  0.73909E+00  0.00000E+00  0.10522E+05  0.00000E+00  0.00000E+00  0.20616E-03  0.92578E+01  0.78700E+02  0.37907E-01  0.99923E+02  0.00000E+00    5281  0.00000E+00  0.00000E+00  0.00000E+00
     5280.0000  0.00000E+00  0.73786E+00  0.00000E+00  0.10530E+05  0.00000E+00  0.00000E+00  0.20830E-03  0.92643E+01  0.78700E+02  0.37965E-01  0.10030E+03  0.00000E+00    5291  0.00000E+00  0.00000E+00  0.00000E+00
     5290.0000  0.00000E+00  0.73664E+00  0.00000E+00  0.10537E+05  0.00000E+00  0.00000E+00  0.21045E-03  0.92708E+01  0.78700E+02  0.38024E-01  0.10068E+03  0.00000E+00    5301  0.00000E+00  0.00000E+00  0.00000E+00
     5300.0000  0.00000E+00  0.73538E+00  0.00000E+00  0.10544E+05  0.00000E+00  0.00000E+00  0.21262E-03  0.92772E+01  0.78700E+02  0.38082E-01  0.10106E+03  0.00000E+00    5311  0.00000E+00  0.00000E+00  0.00000E+00
     5310.0000  0.00000E+00  0.73418E+00  0.00000E+00  0.10552E+05  0.00000E+00  0.00000E+00  0.21480E-03  0.92837E+01  0.78700E+02  0.38141E-01  0.10144E+03  0.00000E+00    5321  0.00000E+00  0.00000E+00  0.00000E+00
     5320.0000  0.00000E+00  0.73291E+00  0.00000E+00  0.10559E+05  0.00000E+00  0.00000E+00  0.21699E-03  0.92901E+01  0.78700E+02  0.38200E-01  0.10183E+03  0.00000E+00    5331  0.00000E+00  0.00000E+00  0.00000E+00
     5330.0000  0.00000E+00  0.73171E+00  0.00000E+00  0.10566E+05  0.00000E+00  0.00000E+00  0.21920E-03  0.92966E+01  0.78700E+02  0.38258E-01  0.10221E+03  0.00000E+00    5341  0.00000E+00  0.00000E+00  0.00000E+00
     5340.0000  0.00000E+00  0.73049E+00  0.00000E+00  0.10574E+05  0.00000E+00  0.00000E+00  0.22142E-03  0.93030E+01  0.78700E+02  0.38318E-01  0.10259E+03  0.00000E+00    5351  0.00000E+00  0.00000E+00  0.00000E+00
     5350.0000  0.00000E+00  0.72926E+00  0.00000E+00  0.10581E+05  0.00000E+00  0.00000E+00  0.22365E-03  0.93094E+01  0.78700E+02  0.38377E-01  0.10297E+03  0.00000E+00    5361  0.00000E+00  0.00000E+00  0.00000E+00
     5360.0000  0.00000E+00  0.72806E+00  0.00000E+00  0.10588E+05  0.00000E+00  0.00000E+00  0.22590E-03  0.93158E+01  0.78700E+02  0.38436E-01  0.10336E+03  0.00000E+00    5371  0.00000E+00  0.00000E+00  0.00000E+00
     5370.0000  0.00000E+00  0.72682E+00  0.00000E+00  0.10596E+05  0.00000E+00  0.00000E+00  0.22816E-03  0.93222E+01  0.78700E+02  0.38495E-01  0.10374E+03  0.00000E+00    5381  0.00000E+00  0.00000E+00  0.00000E+00
     5380.0000  0.00000E+00  0.72559E+00  0.00000E+00  0.10603E+05  0.00000E+00  0.00000E+00  0.23043E-03  0.93286E+01  0.78700E+02  0.38554E-01  0.10413E+03  0.00000E+00    5391  0.00000E+00  0.00000E+00  0.00000E+00
     5390.0000  0.00000E+00  0.72432E+00  0.00000E+00  0.10610E+05  0.00000E+00  0.00000E+00  0.23272E-03  0.93350E+01  0.78700E+02  0.38614E-01  0.10451E+03  0.00000E+00    5401  0.00000E+00  0.00000E+00  0.00000E+00
     5400.0000  0.00000E+00  0.72309E+00  0.00000E+00  0.10617E+05  0.00000E+00  0.00000E+00  0.23502E-03  0.93413E+01  0.78700E+02  0.38673E-01  0.10490E+03  0.00000E+00    5411  0.00000E+00  0.00000E+00  0.00000E+00
     5410.0000  0.00000E+00  0.72190E+00  0.00000E+00  0.10625E+05  0.00000E+00  0.00000E+00  0.23734E-03  0.93477E+01  0.78700E+02  0.38733E-01  0.10529E+03  0.00000E+00    5421  0.00000E+00  0.00000E+00  0.00000E+00
     5420.0000  0.00000E+00  0.72068E+00  0.00000E+00  0.10632E+05  0.00000E+00  0.00000E+00  0.23967E-03  0.93540E+01  0.78700E+02  0.38792E-01  0.10568E+03  0.00000E+00    5431  0.00000E+00  0.00000E+00  0.00000E+00
     5430.0000  0.00000E+00  0.71951E+00  0.00000E+00  0.10639E+05  0.00000E+00  0.00000E+00  0.24201E-03  0.93603E+01  0.78700E+02  0.38852E-01  0.10606E+03  0.00000E+00    5441  0.00000E+00  0.00000E+00  0.00000E+00
     5440.0000  0.00000E+00  0.71827E+00  0.00000E+00  0.10646E+05  0.00000E+00  0.00000E+00  0.24437E-03  0.93666E+01  0.78700E+02  0.38905E-01  0.10645E+03  0.00000E+00    5451  0.00000E+00  0.00000E+00  0.00000E+00
     5450.0000  0.00000E+00  0.71706E+00  0.00000E+00  0.10653E+05  0.00000E+00  0.00000E+00  0.24673E-03  0.93729E+01  0.78700E+02  0.38958E-01  0.10684E+03  0.00000E+00    5461  0.00000E+00  0.00000E+00  0.00000E+00
     5460.0000  0.00000E+00  0.71584E+00  0.00000E+00  0.10660E+05  0.00000E+00  0.00000E+00  0.24912E-03  0.93792E+01  0.78700E+02  0.39012E-01  0.10723E+03  0.00000E+00    5471  0.00000E+00  0.00000E+00  0.00000E+00
     5470.0000  0.00000E+00  0.71464E+00  0.00000E+00  0.10668E+05  0.00000E+00  0.00000E+00  0.25151E-03  0.93855E+01  0.78700E+02  0.39065E-01  0.10762E+03  0.00000E+00    5481  0.00000E+00  0.00000E+00  0.00000E+00
     5475.0000  0.00000E+00  0.71405E+00  0.00000E+00  0.10671E+05  0.00000E+00  0.00000E+00  0.25272E-03  0.93886E+01  0.78700E+02  0.39092E-01  0.10782E+03  0.00000E+00    5486  0.00000E+00  0.00000E+00  0.00000E+00
     5480.0000  0.00000E+00  0.71347E+00  0.00000E+00  0.10675E+05  0.00000E+00  0.00000E+00  0.25392E-03  0.93917E+01  0.78700E+02  0.39119E-01  0.10801E+03  0.00000E+00    5491  0.00000E+00  0.00000E+00  0.00000E+00
     5490.0000  0.00000E+00  0.71226E+00  0.00000E+00  0.10682E+05  0.00000E+00  0.00000E+00  0.25635E-03  0.93980E+01  0.78700E+02  0.39173E-01  0.10841E+03  0.00000E+00    5501  0.00000E+00  0.00000E+00  0.00000E+00
     5500.0000  0.00000E+00  0.71108E+00  0.00000E+00  0.10689E+05  0.00000E+00  0.00000E+00  0.25878E-03  0.94042E+01  0.78700E+02  0.39227E-01  0.10880E+03  0.00000E+00    5511  0.00000E+00  0.00000E+00  0.00000E+00
     5510.0000  0.00000E+00  0.70986E+00  0.00000E+00  0.10696E+05  0.00000E+00  0.00000E+00  0.26123E-03  0.94104E+01  0.78700E+02  0.39281E-01  0.10919E+03  0.00000E+00    5521  0.00000E+00  0.00000E+00  0.00000E+00
     5520.0000  0.00000E+00  0.70871E+00  0.00000E+00  0.10703E+05  0.00000E+00  0.00000E+00  0.26370E-03  0.94167E+01  0.78700E+02  0.39335E-01  0.10958E+03  0.00000E+00    5531  0.00000E+00  0.00000E+00  0.00000E+00
     5530.0000  0.00000E+00  0.70749E+00  0.00000E+00  0.10710E+05  0.00000E+00  0.00000E+00  0.26617E-03  0.94229E+01  0.78700E+02  0.39389E-01  0.10998E+03  0.00000E+00    5541  0.00000E+00  0.00000E+00  0.00000E+00
     5540.0000  0.00000E+00  0.70634E+00  0.00000E+00  0.10717E+05  0.00000E+00  0.00000E+00  0.26867E-03  0.94291E+01  0.78700E+02  0.39444E-01  0.11037E+03  0.00000E+00    5551  0.00000E+00  0.00000E+00  0.00000E+00
     5550.0000  0.00000E+00  0.70515E+00  0.00000E+00  0.10724E+05  0.00000E+00  0.00000E+00  0.27117E-03  0.94352E+01  0.78700E+02  0.39499E-01  0.11077E+03  0.00000E+00    5561  0.00000E+00  0.00000E+00  0.00000E+00
     5560.0000  0.00000E+00  0.70396E+00  0.00000E+00  0.10731E+05  0.00000E+00  0.00000E+00  0.27369E-03  0.94414E+01  0.78700E+02  0.39553E-01  0.11116E+03  0.00000E+00    5571  0.00000E+00  0.00000E+00  0.00000E+00
     5570.0000  0.00000E+00  0.70280E+00  0.00000E+00  0.10738E+05  0.00000E+00  0.00000E+00  0.27622E-03  0.94476E+01  0.78700E+02  0.39608E-01  0.11156E+03  0.00000E+00    5581  0.00000E+00  0.00000E+00  0.00000E+00
     5580.0000  0.00000E+00  0.70164E+00  0.00000E+00  0.10745E+05  0.00000E+00  0.00000E+00  0.27876E-03  0.94537E+01  0.78700E+02  0.39663E-01  0.11195E+03  0.00000E+00    5591  0.00000E+00  0.00000E+00  0.00000E+00
     5590.0000  0.00000E+00  0.70053E+00  0.00000E+00  0.10753E+05  0.00000E+00  0.00000E+00  0.28132E-03  0.94598E+01  0.78700E+02  0.39719E-01  0.11235E+03  0.00000E+00    5601  0.00000E+00  0.00000E+00  0.00000E+00
     5600.0000  0.00000E+00  0.69931E+00  0.00000E+00  0.10760E+05  0.00000E+00  0.00000E+00  0.28390E-03  0.94660E+01  0.78700E+02  0.39774E-01  0.11275E+03  0.00000E+00    5611  0.00000E+00  0.00000E+00  0.00000E+00
     5610.0000  0.00000E+00  0.69818E+00  0.00000E+00  0.10766E+05  0.00000E+00  0.00000E+00  0.28648E-03  0.94721E+01  0.78700E+02  0.39829E-01  0.11315E+03  0.00000E+00    5621  0.00000E+00  0.00000E+00  0.00000E+00
     5620.0000  0.00000E+00  0.69703E+00  0.00000E+00  0.10773E+05  0.00000E+00  0.00000E+00  0.28908E-03  0.94782E+01  0.78700E+02  0.39885E-01  0.11354E+03  0.00000E+00    5631  0.00000E+00  0.00000E+00  0.00000E+00
     5630.0000  0.00000E+00  0.69587E+00  0.00000E+00  0.10780E+05  0.00000E+00  0.00000E+00  0.29169E-03  0.94843E+01  0.78700E+02  0.39941E-01  0.11394E+03  0.00000E+00    5641  0.00000E+00  0.00000E+00  0.00000E+00
     5640.0000  0.00000E+00  0.69472E+00  0.00000E+00  0.10787E+05  0.00000E+00  0.00000E+00  0.29432E-03  0.94903E+01  0.78700E+02  0.39996E-01  0.11434E+03  0.00000E+00    5651  0.00000E+00  0.00000E+00  0.00000E+00
     5650.0000  0.00000E+00  0.69357E+00  0.00000E+00  0.10794E+05  0.00000E+00  0.00000E+00  0.29696E-03  0.94964E+01  0.78700E+02  0.40052E-01  0.11474E+03  0.00000E+00    5661  0.00000E+00  0.00000E+00  0.00000E+00
     5660.0000  0.00000E+00  0.69245E+00  0.00000E+00  0.10801E+05  0.00000E+00  0.00000E+00  0.29961E-03  0.95025E+01  0.78700E+02  0.40108E-01  0.11514E+03  0.00000E+00    5671  0.00000E+00  0.00000E+00  0.00000E+00
     5670.0000  0.00000E+00  0.69136E+00  0.00000E+00  0.10808E+05  0.00000E+00  0.00000E+00  0.30228E-03  0.95085E+01  0.78700E+02  0.40165E-01  0.11555E+03  0.00000E+00    5681  0.00000E+00  0.00000E+00  0.00000E+00
     5680.0000  0.00000E+00  0.69018E+00  0.00000E+00  0.10815E+05  0.00000E+00  0.00000E+00  0.30496E-03  0.95146E+01  0.78700E+02  0.40221E-01  0.11595E+03  0.00000E+00    5691  0.00000E+00  0.00000E+00  0.00000E+00
     5690.0000  0.00000E+00  0.68912E+00  0.00000E+00  0.10822E+05  0.00000E+00  0.00000E+00  0.30765E-03  0.95206E+01  0.78700E+02  0.40277E-01  0.11635E+03  0.00000E+00    5701  0.00000E+00  0.00000E+00  0.00000E+00
     5700.0000  0.00000E+00  0.68794E+00  0.00000E+00  0.10829E+05  0.00000E+00  0.00000E+00  0.31036E-03  0.95266E+01  0.78700E+02  0.40334E-01  0.11675E+03  0.00000E+00    5711  0.00000E+00  0.00000E+00  0.00000E+00
     5710.0000  0.00000E+00  0.68682E+00  0.00000E+00  0.10836E+05  0.00000E+00  0.00000E+00  0.31308E-03  0.95326E+01  0.78700E+02  0.40391E-01  0.11716E+03  0.00000E+00    5721  0.00000E+00  0.00000E+00  0.00000E+00
     5720.0000  0.00000E+00  0.68571E+00  0.00000E+00  0.10843E+05  0.00000E+00  0.00000E+00  0.31582E-03  0.95386E+01  0.78700E+02  0.40448E-01  0.11756E+03  0.00000E+00    5731  0.00000E+00  0.00000E+00  0.00000E+00
     5730.0000  0.00000E+00  0.68465E+00  0.00000E+00  0.10849E+05  0.00000E+00  0.00000E+00  0.31857E-03  0.95446E+01  0.78700E+02  0.40504E-01  0.11797E+03  0.00000E+00    5741  0.00000E+00  0.00000E+00  0.00000E+00
     5740.0000  0.00000E+00  0.68347E+00  0.00000E+00  0.10856E+05  0.00000E+00  0.00000E+00  0.32133E-03  0.95505E+01  0.78700E+02  0.40562E-01  0.11837E+03  0.00000E+00    5751  0.00000E+00  0.00000E+00  0.00000E+00
     5750.0000  0.00000E+00  0.68235E+00  0.00000E+00  0.10863E+05  0.00000E+00  0.00000E+00  0.32410E-03  0.95565E+01  0.78700E+02  0.40619E-01  0.11878E+03  0.00000E+00    5761  0.00000E+00  0.00000E+00  0.00000E+00
     5760.0000  0.00000E+00  0.68131E+00  0.00000E+00  0.10870E+05  0.00000E+00  0.00000E+00  0.32689E-03  0.95624E+01  0.78700E+02  0.40672E-01  0.11918E+03  0.00000E+00    5771  0.00000E+00  0.00000E+00  0.00000E+00
     5770.0000  0.00000E+00  0.68015E+00  0.00000E+00  0.10877E+05  0.00000E+00  0.00000E+00  0.32969E-03  0.95684E+01  0.78700E+02  0.40723E-01  0.11959E+03  0.00000E+00    5781  0.00000E+00  0.00000E+00  0.00000E+00
     5780.0000  0.00000E+00  0.67908E+00  0.00000E+00  0.10884E+05  0.00000E+00  0.00000E+00  0.33251E-03  0.95743E+01  0.78700E+02  0.40774E-01  0.12000E+03  0.00000E+00    5791  0.00000E+00  0.00000E+00  0.00000E+00
     5790.0000  0.00000E+00  0.67795E+00  0.00000E+00  0.10890E+05  0.00000E+00  0.00000E+00  0.33534E-03  0.95802E+01  0.78700E+02  0.40825E-01  0.12041E+03  0.00000E+00    5801  0.00000E+00  0.00000E+00  0.00000E+00
     5800.0000  0.00000E+00  0.67684E+00  0.00000E+00  0.10897E+05  0.00000E+00  0.00000E+00  0.33818E-03  0.95861E+01  0.78700E+02  0.40876E-01  0.12081E+03  0.00000E+00    5811  0.00000E+00  0.00000E+00  0.00000E+00
     5810.0000  0.00000E+00  0.67576E+00  0.00000E+00  0.10904E+05  0.00000E+00  0.00000E+00  0.34103E-03  0.95920E+01  0.78700E+02  0.40928E-01  0.12122E+03  0.00000E+00    5821  0.00000E+00  0.00000E+00  0.00000E+00
     5820.0000  0.00000E+00  0.67469E+00  0.00000E+00  0.10911E+05  0.00000E+00  0.00000E+00  0.34390E-03  0.95979E+01  0.78700E+02  0.40979E-01  0.12163E+03  0.00000E+00    5831  0.00000E+00  0.00000E+00  0.00000E+00
     5830.0000  0.00000E+00  0.67359E+00  0.00000E+00  0.10917E+05  0.00000E+00  0.00000E+00  0.34679E-03  0.96038E+01  0.78700E+02  0.41031E-01  0.12204E+03  0.00000E+00    5841  0.00000E+00  0.00000E+00  0.00000E+00
     5840.0000  0.00000E+00  0.67246E+00  0.00000E+00  0.10924E+05  0.00000E+00  0.00000E+00  0.34968E-03  0.96096E+01  0.78700E+02  0.41083E-01  0.12245E+03  0.00000E+00    5851  0.00000E+00  0.00000E+00  0.00000E+00
     5850.0000  0.00000E+00  0.67142E+00  0.00000E+00  0.10931E+05  0.00000E+00  0.00000E+00  0.35259E-03  0.96155E+01  0.78700E+02  0.41135E-01  0.12286E+03  0.00000E+00    5861  0.00000E+00  0.00000E+00  0.00000E+00
     5860.0000  0.00000E+00  0.67037E+00  0.00000E+00  0.10938E+05  0.00000E+00  0.00000E+00  0.35551E-03  0.96213E+01  0.78700E+02  0.41186E-01  0.12328E+03  0.00000E+00    5871  0.00000E+00  0.00000E+00  0.00000E+00
     5870.0000  0.00000E+00  0.66930E+00  0.00000E+00  0.10944E+05  0.00000E+00  0.00000E+00  0.35845E-03  0.96272E+01  0.78700E+02  0.41239E-01  0.12369E+03  0.00000E+00    5881  0.00000E+00  0.00000E+00  0.00000E+00
     5880.0000  0.00000E+00  0.66820E+00  0.00000E+00  0.10951E+05  0.00000E+00  0.00000E+00  0.36140E-03  0.96330E+01  0.78700E+02  0.41291E-01  0.12410E+03  0.00000E+00    5891  0.00000E+00  0.00000E+00  0.00000E+00
     5890.0000  0.00000E+00  0.66712E+00  0.00000E+00  0.10958E+05  0.00000E+00  0.00000E+00  0.36436E-03  0.96388E+01  0.78700E+02  0.41343E-01  0.12451E+03  0.00000E+00    5901  0.00000E+00  0.00000E+00  0.00000E+00
     5900.0000  0.00000E+00  0.66612E+00  0.00000E+00  0.10964E+05  0.00000E+00  0.00000E+00  0.36734E-03  0.96446E+01  0.78700E+02  0.41396E-01  0.12493E+03  0.00000E+00    5911  0.00000E+00  0.00000E+00  0.00000E+00
     5910.0000  0.00000E+00  0.66502E+00  0.00000E+00  0.10971E+05  0.00000E+00  0.00000E+00  0.37033E-03  0.96504E+01  0.78700E+02  0.41448E-01  0.12534E+03  0.00000E+00    5921  0.00000E+00  0.00000E+00  0.00000E+00
     5920.0000  0.00000E+00  0.66395E+00  0.00000E+00  0.10978E+05  0.00000E+00  0.00000E+00  0.37333E-03  0.96562E+01  0.78700E+02  0.41501E-01  0.12576E+03  0.00000E+00    5931  0.00000E+00  0.00000E+00  0.00000E+00
     5930.0000  0.00000E+00  0.66290E+00  0.00000E+00  0.10984E+05  0.00000E+00  0.00000E+00  0.37635E-03  0.96619E+01  0.78700E+02  0.41553E-01  0.12617E+03  0.00000E+00    5941  0.00000E+00  0.00000E+00  0.00000E+00
     5940.0000  0.00000E+00  0.66184E+00  0.00000E+00  0.10991E+05  0.00000E+00  0.00000E+00  0.37938E-03  0.96677E+01  0.78700E+02  0.41606E-01  0.12659E+03  0.00000E+00    5951  0.00000E+00  0.00000E+00  0.00000E+00
     5950.0000  0.00000E+00  0.66080E+00  0.00000E+00  0.10997E+05  0.00000E+00  0.00000E+00  0.38242E-03  0.96734E+01  0.78700E+02  0.41659E-01  0.12700E+03  0.00000E+00    5961  0.00000E+00  0.00000E+00  0.00000E+00
     5960.0000  0.00000E+00  0.65975E+00  0.00000E+00  0.11004E+05  0.00000E+00  0.00000E+00  0.38547E-03  0.96792E+01  0.78700E+02  0.41712E-01  0.12742E+03  0.00000E+00    5971  0.00000E+00  0.00000E+00  0.00000E+00
     5970.0000  0.00000E+00  0.65874E+00  0.00000E+00  0.11011E+05  0.00000E+00  0.00000E+00  0.38854E-03  0.96849E+01  0.78700E+02  0.41765E-01  0.12784E+03  0.00000E+00    5981  0.00000E+00  0.00000E+00  0.00000E+00
     5980.0000  0.00000E+00  0.65763E+00  0.00000E+00  0.11017E+05  0.00000E+00  0.00000E+00  0.39163E-03  0.96906E+01  0.78700E+02  0.41819E-01  0.12826E+03  0.00000E+00    5991  0.00000E+00  0.00000E+00  0.00000E+00
     5990.0000  0.00000E+00  0.65660E+00  0.00000E+00  0.11024E+05  0.00000E+00  0.00000E+00  0.39472E-03  0.96963E+01  0.78700E+02  0.41872E-01  0.12868E+03  0.00000E+00    6001  0.00000E+00  0.00000E+00  0.00000E+00
     6000.0000  0.00000E+00  0.65562E+00  0.00000E+00  0.11030E+05  0.00000E+00  0.00000E+00  0.39783E-03  0.97020E+01  0.78700E+02  0.41926E-01  0.12909E+03  0.00000E+00    6011  0.00000E+00  0.00000E+00  0.00000E+00
     6010.0000  0.00000E+00  0.65452E+00  0.00000E+00  0.11037E+05  0.00000E+00  0.00000E+00  0.40095E-03  0.97077E+01  0.78700E+02  0.41979E-01  0.12951E+03  0.00000E+00    6021  0.00000E+00  0.00000E+00  0.00000E+00
     6020.0000  0.00000E+00  0.65350E+00  0.00000E+00  0.11043E+05  0.00000E+00  0.00000E+00  0.40409E-03  0.97134E+01  0.78700E+02  0.42033E-01  0.12993E+03  0.00000E+00    6031  0.00000E+00  0.00000E+00  0.00000E+00
     6030.0000  0.00000E+00  0.65249E+00  0.00000E+00  0.11050E+05  0.00000E+00  0.00000E+00  0.40724E-03  0.97190E+01  0.78700E+02  0.42086E-01  0.13035E+03  0.00000E+00    6041  0.00000E+00  0.00000E+00  0.00000E+00
     6040.0000  0.00000E+00  0.65139E+00  0.00000E+00  0.11056E+05  0.00000E+00  0.00000E+00  0.41040E-03  0.97247E+01  0.78700E+02  0.42140E-01  0.13078E+03  0.00000E+00    6051  0.00000E+00  0.00000E+00  0.00000E+00
     6050.0000  0.00000E+00  0.65037E+00  0.00000E+00  0.11063E+05  0.00000E+00  0.00000E+00  0.41357E-03  0.97303E+01  0.78700E+02  0.42193E-01  0.13120E+03  0.00000E+00    6061  0.00000E+00  0.00000E+00  0.00000E+00
     6060.0000  0.00000E+00  0.64929E+00  0.00000E+00  0.11069E+05  0.00000E+00  0.00000E+00  0.41676E-03  0.97360E+01  0.78700E+02  0.42247E-01  0.13162E+03  0.00000E+00    6071  0.00000E+00  0.00000E+00  0.00000E+00
     6070.0000  0.00000E+00  0.64824E+00  0.00000E+00  0.11076E+05  0.00000E+00  0.00000E+00  0.41996E-03  0.97416E+01  0.78700E+02  0.42301E-01  0.13204E+03  0.00000E+00    6081  0.00000E+00  0.00000E+00  0.00000E+00
     6080.0000  0.00000E+00  0.64725E+00  0.00000E+00  0.11082E+05  0.00000E+00  0.00000E+00  0.42318E-03  0.97472E+01  0.78700E+02  0.42354E-01  0.13247E+03  0.00000E+00    6091  0.00000E+00  0.00000E+00  0.00000E+00
     6090.0000  0.00000E+00  0.64616E+00  0.00000E+00  0.11089E+05  0.00000E+00  0.00000E+00  0.42641E-03  0.97528E+01  0.78700E+02  0.42408E-01  0.13289E+03  0.00000E+00    6101  0.00000E+00  0.00000E+00  0.00000E+00
     6100.0000  0.00000E+00  0.64520E+00  0.00000E+00  0.11095E+05  0.00000E+00  0.00000E+00  0.42965E-03  0.97584E+01  0.78700E+02  0.42462E-01  0.13331E+03  0.00000E+00    6111  0.00000E+00  0.00000E+00  0.00000E+00
     6110.0000  0.00000E+00  0.64413E+00  0.00000E+00  0.11102E+05  0.00000E+00  0.00000E+00  0.43290E-03  0.97640E+01  0.78700E+02  0.42510E-01  0.13374E+03  0.00000E+00    6121  0.00000E+00  0.00000E+00  0.00000E+00
     6120.0000  0.00000E+00  0.64309E+00  0.00000E+00  0.11108E+05  0.00000E+00  0.00000E+00  0.43617E-03  0.97696E+01  0.78700E+02  0.42558E-01  0.13416E+03  0.00000E+00    6131  0.00000E+00  0.00000E+00  0.00000E+00
     6130.0000  0.00000E+00  0.64208E+00  0.00000E+00  0.11115E+05  0.00000E+00  0.00000E+00  0.43945E-03  0.97751E+01  0.78700E+02  0.42607E-01  0.13459E+03  0.00000E+00    6141  0.00000E+00  0.00000E+00  0.00000E+00
     6140.0000  0.00000E+00  0.64104E+00  0.00000E+00  0.11121E+05  0.00000E+00  0.00000E+00  0.44274E-03  0.97807E+01  0.78700E+02  0.42655E-01  0.13502E+03  0.00000E+00    6151  0.00000E+00  0.00000E+00  0.00000E+00
     6150.0000  0.00000E+00  0.64002E+00  0.00000E+00  0.11127E+05  0.00000E+00  0.00000E+00  0.44604E-03  0.97862E+01  0.78700E+02  0.42703E-01  0.13544E+03  0.00000E+00    6161  0.00000E+00  0.00000E+00  0.00000E+00
     6160.0000  0.00000E+00  0.63904E+00  0.00000E+00  0.11134E+05  0.00000E+00  0.00000E+00  0.44936E-03  0.97918E+01  0.78700E+02  0.42752E-01  0.13587E+03  0.00000E+00    6171  0.00000E+00  0.00000E+00  0.00000E+00
     6170.0000  0.00000E+00  0.63798E+00  0.00000E+00  0.11140E+05  0.00000E+00  0.00000E+00  0.45269E-03  0.97973E+01  0.78700E+02  0.42801E-01  0.13630E+03  0.00000E+00    6181  0.00000E+00  0.00000E+00  0.00000E+00
     6180.0000  0.00000E+00  0.63699E+00  0.00000E+00  0.11147E+05  0.00000E+00  0.00000E+00  0.45604E-03  0.98028E+01  0.78700E+02  0.42849E-01  0.13673E+03  0.00000E+00    6191  0.00000E+00  0.00000E+00  0.00000E+00
     6190.0000  0.00000E+00  0.63595E+00  0.00000E+00  0.11153E+05  0.00000E+00  0.00000E+00  0.45940E-03  0.98083E+01  0.78700E+02  0.42898E-01  0.13716E+03  0.00000E+00    6201  0.00000E+00  0.00000E+00  0.00000E+00
     6200.0000  0.00000E+00  0.63494E+00  0.00000E+00  0.11159E+05  0.00000E+00  0.00000E+00  0.46277E-03  0.98138E+01  0.78700E+02  0.42947E-01  0.13758E+03  0.00000E+00    6211  0.00000E+00  0.00000E+00  0.00000E+00
     6205.0000  0.00000E+00  0.63446E+00  0.00000E+00  0.11163E+05  0.00000E+00  0.00000E+00  0.46446E-03  0.98166E+01  0.78700E+02  0.42972E-01  0.13780E+03  0.00000E+00    6216  0.00000E+00  0.00000E+00  0.00000E+00
     6210.0000  0.00000E+00  0.63395E+00  0.00000E+00  0.11166E+05  0.00000E+00  0.00000E+00  0.46615E-03  0.98193E+01  0.78700E+02  0.42996E-01  0.13801E+03  0.00000E+00    6221  0.00000E+00  0.00000E+00  0.00000E+00
     6220.0000  0.00000E+00  0.63293E+00  0.00000E+00  0.11172E+05  0.00000E+00  0.00000E+00  0.46955E-03  0.98248E+01  0.78700E+02  0.43045E-01  0.13844E+03  0.00000E+00    6231  0.00000E+00  0.00000E+00  0.00000E+00
     6230.0000  0.00000E+00  0.63198E+00  0.00000E+00  0.11178E+05  0.00000E+00  0.00000E+00  0.47295E-03  0.98303E+01  0.78700E+02  0.43094E-01  0.13888E+03  0.00000E+00    6241  0.00000E+00  0.00000E+00  0.00000E+00
     6240.0000  0.00000E+00  0.63095E+00  0.00000E+00  0.11185E+05  0.00000E+00  0.00000E+00  0.47638E-03  0.98357E+01  0.78700E+02  0.43144E-01  0.13931E+03  0.00000E+00    6251  0.00000E+00  0.00000E+00  0.00000E+00
     6250.0000  0.00000E+00  0.62995E+00  0.00000E+00  0.11191E+05  0.00000E+00  0.00000E+00  0.47981E-03  0.98412E+01  0.78700E+02  0.43193E-01  0.13974E+03  0.00000E+00    6261  0.00000E+00  0.00000E+00  0.00000E+00
     6260.0000  0.00000E+00  0.62896E+00  0.00000E+00  0.11197E+05  0.00000E+00  0.00000E+00  0.48326E-03  0.98466E+01  0.78700E+02  0.43242E-01  0.14017E+03  0.00000E+00    6271  0.00000E+00  0.00000E+00  0.00000E+00
     6270.0000  0.00000E+00  0.62794E+00  0.00000E+00  0.11204E+05  0.00000E+00  0.00000E+00  0.48672E-03  0.98520E+01  0.78700E+02  0.43292E-01  0.14060E+03  0.00000E+00    6281  0.00000E+00  0.00000E+00  0.00000E+00
     6280.0000  0.00000E+00  0.62696E+00  0.00000E+00  0.11210E+05  0.00000E+00  0.00000E+00  0.49019E-03  0.98574E+01  0.78700E+02  0.43342E-01  0.14104E+03  0.00000E+00    6291  0.00000E+00  0.00000E+00  0.00000E+00
     6290.0000  0.00000E+00  0.62599E+00  0.00000E+00  0.11216E+05  0.00000E+00  0.00000E+00  0.49368E-03  0.98629E+01  0.78700E+02  0.43391E-01  0.14147E+03  0.00000E+00    6301  0.00000E+00  0.00000E+00  0.00000E+00
     6300.0000  0.00000E+00  0.62503E+00  0.00000E+00  0.11222E+05  0.00000E+00  0.00000E+00  0.49718E-03  0.98683E+01  0.78700E+02  0.43441E-01  0.14190E+03  0.00000E+00    6311  0.00000E+00  0.00000E+00  0.00000E+00
     6310.0000  0.00000E+00  0.62402E+00  0.00000E+00  0.11229E+05  0.00000E+00  0.00000E+00  0.50069E-03  0.98737E+01  0.78700E+02  0.43491E-01  0.14234E+03  0.00000E+00    6321  0.00000E+00  0.00000E+00  0.00000E+00
     6320.0000  0.00000E+00  0.62305E+00  0.00000E+00  0.11235E+05  0.00000E+00  0.00000E+00  0.50421E-03  0.98790E+01  0.78700E+02  0.43541E-01  0.14277E+03  0.00000E+00    6331  0.00000E+00  0.00000E+00  0.00000E+00
     6330.0000  0.00000E+00  0.62215E+00  0.00000E+00  0.11241E+05  0.00000E+00  0.00000E+00  0.50775E-03  0.98844E+01  0.78700E+02  0.43591E-01  0.14321E+03  0.00000E+00    6341  0.00000E+00  0.00000E+00  0.00000E+00
     6340.0000  0.00000E+00  0.62115E+00  0.00000E+00  0.11247E+05  0.00000E+00  0.00000E+00  0.51130E-03  0.98898E+01  0.78700E+02  0.43641E-01  0.14365E+03  0.00000E+00    6351  0.00000E+00  0.00000E+00  0.00000E+00
     6350.0000  0.00000E+00  0.62016E+00  0.00000E+00  0.11253E+05  0.00000E+00  0.00000E+00  0.51486E-03  0.98951E+01  0.78700E+02  0.43691E-01  0.14408E+03  0.00000E+00    6361  0.00000E+00  0.00000E+00  0.00000E+00
     6360.0000  0.00000E+00  0.61918E+00  0.00000E+00  0.11260E+05  0.00000E+00  0.00000E+00  0.51843E-03  0.99005E+01  0.78700E+02  0.43742E-01  0.14452E+03  0.00000E+00    6371  0.00000E+00  0.00000E+00  0.00000E+00
     6370.0000  0.00000E+00  0.61827E+00  0.00000E+00  0.11266E+05  0.00000E+00  0.00000E+00  0.52202E-03  0.99058E+01  0.78700E+02  0.43792E-01  0.14496E+03  0.00000E+00    6381  0.00000E+00  0.00000E+00  0.00000E+00
     6380.0000  0.00000E+00  0.61727E+00  0.00000E+00  0.11272E+05  0.00000E+00  0.00000E+00  0.52562E-03  0.99111E+01  0.78700E+02  0.43843E-01  0.14540E+03  0.00000E+00    6391  0.00000E+00  0.00000E+00  0.00000E+00
     6390.0000  0.00000E+00  0.61633E+00  0.00000E+00  0.11278E+05  0.00000E+00  0.00000E+00  0.52923E-03  0.99164E+01  0.78700E+02  0.43893E-01  0.14583E+03  0.00000E+00    6401  0.00000E+00  0.00000E+00  0.00000E+00
     6400.0000  0.00000E+00  0.61532E+00  0.00000E+00  0.11284E+05  0.00000E+00  0.00000E+00  0.53285E-03  0.99217E+01  0.78700E+02  0.43944E-01  0.14627E+03  0.00000E+00    6411  0.00000E+00  0.00000E+00  0.00000E+00
     6410.0000  0.00000E+00  0.61438E+00  0.00000E+00  0.11290E+05  0.00000E+00  0.00000E+00  0.53649E-03  0.99270E+01  0.78700E+02  0.43994E-01  0.14671E+03  0.00000E+00    6421  0.00000E+00  0.00000E+00  0.00000E+00
     6420.0000  0.00000E+00  0.61345E+00  0.00000E+00  0.11297E+05  0.00000E+00  0.00000E+00  0.54014E-03  0.99323E+01  0.78700E+02  0.44045E-01  0.14715E+03  0.00000E+00    6431  0.00000E+00  0.00000E+00  0.00000E+00
     6430.0000  0.00000E+00  0.61249E+00  0.00000E+00  0.11303E+05  0.00000E+00  0.00000E+00  0.54380E-03  0.99376E+01  0.78700E+02  0.44096E-01  0.14759E+03  0.00000E+00    6441  0.00000E+00  0.00000E+00  0.00000E+00
     6440.0000  0.00000E+00  0.61155E+00  0.00000E+00  0.11309E+05  0.00000E+00  0.00000E+00  0.54748E-03  0.99429E+01  0.78700E+02  0.44147E-01  0.14804E+03  0.00000E+00    6451  0.00000E+00  0.00000E+00  0.00000E+00
     6450.0000  0.00000E+00  0.61062E+00  0.00000E+00  0.11315E+05  0.00000E+00  0.00000E+00  0.55116E-03  0.99481E+01  0.78700E+02  0.44198E-01  0.14848E+03  0.00000E+00    6461  0.00000E+00  0.00000E+00  0.00000E+00
     6460.0000  0.00000E+00  0.60970E+00  0.00000E+00  0.11321E+05  0.00000E+00  0.00000E+00  0.55486E-03  0.99534E+01  0.78700E+02  0.44249E-01  0.14892E+03  0.00000E+00    6471  0.00000E+00  0.00000E+00  0.00000E+00
     6470.0000  0.00000E+00  0.60871E+00  0.00000E+00  0.11327E+05  0.00000E+00  0.00000E+00  0.55857E-03  0.99586E+01  0.78700E+02  0.44300E-01  0.14936E+03  0.00000E+00    6481  0.00000E+00  0.00000E+00  0.00000E+00
     6480.0000  0.00000E+00  0.60781E+00  0.00000E+00  0.11333E+05  0.00000E+00  0.00000E+00  0.56230E-03  0.99638E+01  0.78700E+02  0.44346E-01  0.14981E+03  0.00000E+00    6491  0.00000E+00  0.00000E+00  0.00000E+00
     6490.0000  0.00000E+00  0.60686E+00  0.00000E+00  0.11339E+05  0.00000E+00  0.00000E+00  0.56603E-03  0.99691E+01  0.78700E+02  0.44392E-01  0.15025E+03  0.00000E+00    6501  0.00000E+00  0.00000E+00  0.00000E+00
     6500.0000  0.00000E+00  0.60586E+00  0.00000E+00  0.11345E+05  0.00000E+00  0.00000E+00  0.56978E-03  0.99743E+01  0.78700E+02  0.44438E-01  0.15069E+03  0.00000E+00    6511  0.00000E+00  0.00000E+00  0.00000E+00
     6510.0000  0.00000E+00  0.60494E+00  0.00000E+00  0.11351E+05  0.00000E+00  0.00000E+00  0.57354E-03  0.99795E+01  0.78700E+02  0.44483E-01  0.15114E+03  0.00000E+00    6521  0.00000E+00  0.00000E+00  0.00000E+00
     6520.0000  0.00000E+00  0.60406E+00  0.00000E+00  0.11357E+05  0.00000E+00  0.00000E+00  0.57731E-03  0.99847E+01  0.78700E+02  0.44529E-01  0.15158E+03  0.00000E+00    6531  0.00000E+00  0.00000E+00  0.00000E+00
     6530.0000  0.00000E+00  0.60315E+00  0.00000E+00  0.11364E+05  0.00000E+00  0.00000E+00  0.58110E-03  0.99899E+01  0.78700E+02  0.44575E-01  0.15203E+03  0.00000E+00    6541  0.00000E+00  0.00000E+00  0.00000E+00
     6540.0000  0.00000E+00  0.60226E+00  0.00000E+00  0.11370E+05  0.00000E+00  0.00000E+00  0.58489E-03  0.99950E+01  0.78700E+02  0.44621E-01  0.15247E+03  0.00000E+00    6551  0.00000E+00  0.00000E+00  0.00000E+00
     6550.0000  0.00000E+00  0.60131E+00  0.00000E+00  0.11376E+05  0.00000E+00  0.00000E+00  0.58870E-03  0.10000E+02  0.78700E+02  0.44668E-01  0.15292E+03  0.00000E+00    6561  0.00000E+00  0.00000E+00  0.00000E+00
     6560.0000  0.00000E+00  0.60033E+00  0.00000E+00  0.11382E+05  0.00000E+00  0.00000E+00  0.59252E-03  0.10005E+02  0.78700E+02  0.44714E-01  0.15337E+03  0.00000E+00    6571  0.00000E+00  0.00000E+00  0.00000E+00
     6570.0000  0.00000E+00  0.59946E+00  0.00000E+00  0.11388E+05  0.00000E+00  0.00000E+00  0.59636E-03  0.10011E+02  0.78700E+02  0.44760E-01  0.15382E+03  0.00000E+00    6581  0.00000E+00  0.00000E+00  0.00000E+00
     6580.0000  0.00000E+00  0.59852E+00  0.00000E+00  0.11394E+05  0.00000E+00  0.00000E+00  0.60020E-03  0.10016E+02  0.78700E+02  0.44806E-01  0.15426E+03  0.00000E+00    6591  0.00000E+00  0.00000E+00  0.00000E+00
     6590.0000  0.00000E+00  0.59762E+00  0.00000E+00  0.11400E+05  0.00000E+00  0.00000E+00  0.60406E-03  0.10021E+02  0.78700E+02  0.44853E-01  0.15471E+03  0.00000E+00    6601  0.00000E+00  0.00000E+00  0.00000E+00
     6600.0000  0.00000E+00  0.59671E+00  0.00000E+00  0.11406E+05  0.00000E+00  0.00000E+00  0.60793E-03  0.10026E+02  0.78700E+02  0.44899E-01  0.15516E+03  0.00000E+00    6611  0.00000E+00  0.00000E+00  0.00000E+00
     6610.0000  0.00000E+00  0.59581E+00  0.00000E+00  0.11411E+05  0.00000E+00  0.00000E+00  0.61181E-03  0.10031E+02  0.78700E+02  0.44946E-01  0.15561E+03  0.00000E+00    6621  0.00000E+00  0.00000E+00  0.00000E+00
     6620.0000  0.00000E+00  0.59495E+00  0.00000E+00  0.11417E+05  0.00000E+00  0.00000E+00  0.61570E-03  0.10036E+02  0.78700E+02  0.44993E-01  0.15606E+03  0.00000E+00    6631  0.00000E+00  0.00000E+00  0.00000E+00
     6630.0000  0.00000E+00  0.59400E+00  0.00000E+00  0.11423E+05  0.00000E+00  0.00000E+00  0.61961E-03  0.10041E+02  0.78700E+02  0.45039E-01  0.15651E+03  0.00000E+00    6641  0.00000E+00  0.00000E+00  0.00000E+00
     6640.0000  0.00000E+00  0.59311E+00  0.00000E+00  0.11429E+05  0.00000E+00  0.00000E+00  0.62353E-03  0.10046E+02  0.78700E+02  0.45086E-01  0.15696E+03  0.00000E+00    6651  0.00000E+00  0.00000E+00  0.00000E+00
     6650.0000  0.00000E+00  0.59220E+00  0.00000E+00  0.11435E+05  0.00000E+00  0.00000E+00  0.62746E-03  0.10051E+02  0.78700E+02  0.45133E-01  0.15741E+03  0.00000E+00    6661  0.00000E+00  0.00000E+00  0.00000E+00
     6660.0000  0.00000E+00  0.59130E+00  0.00000E+00  0.11441E+05  0.00000E+00  0.00000E+00  0.63140E-03  0.10056E+02  0.78700E+02  0.45180E-01  0.15786E+03  0.00000E+00    6671  0.00000E+00  0.00000E+00  0.00000E+00
     6670.0000  0.00000E+00  0.59045E+00  0.00000E+00  0.11447E+05  0.00000E+00  0.00000E+00  0.63535E-03  0.10062E+02  0.78700E+02  0.45227E-01  0.15832E+03  0.00000E+00    6681  0.00000E+00  0.00000E+00  0.00000E+00
     6680.0000  0.00000E+00  0.58955E+00  0.00000E+00  0.11453E+05  0.00000E+00  0.00000E+00  0.63932E-03  0.10067E+02  0.78700E+02  0.45274E-01  0.15877E+03  0.00000E+00    6691  0.00000E+00  0.00000E+00  0.00000E+00
     6690.0000  0.00000E+00  0.58865E+00  0.00000E+00  0.11459E+05  0.00000E+00  0.00000E+00  0.64329E-03  0.10072E+02  0.78700E+02  0.45321E-01  0.15922E+03  0.00000E+00    6701  0.00000E+00  0.00000E+00  0.00000E+00
     6700.0000  0.00000E+00  0.58777E+00  0.00000E+00  0.11465E+05  0.00000E+00  0.00000E+00  0.64728E-03  0.10077E+02  0.78700E+02  0.45368E-01  0.15967E+03  0.00000E+00    6711  0.00000E+00  0.00000E+00  0.00000E+00
     6710.0000  0.00000E+00  0.58685E+00  0.00000E+00  0.11471E+05  0.00000E+00  0.00000E+00  0.65128E-03  0.10082E+02  0.78700E+02  0.45416E-01  0.16013E+03  0.00000E+00    6721  0.00000E+00  0.00000E+00  0.00000E+00
     6720.0000  0.00000E+00  0.58599E+00  0.00000E+00  0.11476E+05  0.00000E+00  0.00000E+00  0.65529E-03  0.10087E+02  0.78700E+02  0.45463E-01  0.16058E+03  0.00000E+00    6731  0.00000E+00  0.00000E+00  0.00000E+00
     6730.0000  0.00000E+00  0.58513E+00  0.00000E+00  0.11482E+05  0.00000E+00  0.00000E+00  0.65932E-03  0.10092E+02  0.78700E+02  0.45510E-01  0.16104E+03  0.00000E+00    6741  0.00000E+00  0.00000E+00  0.00000E+00
     6740.0000  0.00000E+00  0.58423E+00  0.00000E+00  0.11488E+05  0.00000E+00  0.00000E+00  0.66335E-03  0.10097E+02  0.78700E+02  0.45558E-01  0.16149E+03  0.00000E+00    6751  0.00000E+00  0.00000E+00  0.00000E+00
     6750.0000  0.00000E+00  0.58340E+00  0.00000E+00  0.11494E+05  0.00000E+00  0.00000E+00  0.66740E-03  0.10102E+02  0.78700E+02  0.45605E-01  0.16195E+03  0.00000E+00    6761  0.00000E+00  0.00000E+00  0.00000E+00
     6760.0000  0.00000E+00  0.58247E+00  0.00000E+00  0.11500E+05  0.00000E+00  0.00000E+00  0.67145E-03  0.10107E+02  0.78700E+02  0.45653E-01  0.16240E+03  0.00000E+00    6771  0.00000E+00  0.00000E+00  0.00000E+00
     6770.0000  0.00000E+00  0.58162E+00  0.00000E+00  0.11506E+05  0.00000E+00  0.00000E+00  0.67552E-03  0.10112E+02  0.78700E+02  0.45700E-01  0.16286E+03  0.00000E+00    6781  0.00000E+00  0.00000E+00  0.00000E+00
     6780.0000  0.00000E+00  0.58072E+00  0.00000E+00  0.11511E+05  0.00000E+00  0.00000E+00  0.67961E-03  0.10117E+02  0.78700E+02  0.45748E-01  0.16332E+03  0.00000E+00    6791  0.00000E+00  0.00000E+00  0.00000E+00
     6790.0000  0.00000E+00  0.57983E+00  0.00000E+00  0.11517E+05  0.00000E+00  0.00000E+00  0.68370E-03  0.10122E+02  0.78700E+02  0.45795E-01  0.16378E+03  0.00000E+00    6801  0.00000E+00  0.00000E+00  0.00000E+00
     6800.0000  0.00000E+00  0.57894E+00  0.00000E+00  0.11523E+05  0.00000E+00  0.00000E+00  0.68780E-03  0.10127E+02  0.78700E+02  0.45843E-01  0.16423E+03  0.00000E+00    6811  0.00000E+00  0.00000E+00  0.00000E+00
     6810.0000  0.00000E+00  0.57804E+00  0.00000E+00  0.11529E+05  0.00000E+00  0.00000E+00  0.69192E-03  0.10131E+02  0.78700E+02  0.45890E-01  0.16469E+03  0.00000E+00    6821  0.00000E+00  0.00000E+00  0.00000E+00
     6820.0000  0.00000E+00  0.57713E+00  0.00000E+00  0.11535E+05  0.00000E+00  0.00000E+00  0.69605E-03  0.10136E+02  0.78700E+02  0.45938E-01  0.16515E+03  0.00000E+00    6831  0.00000E+00  0.00000E+00  0.00000E+00
     6830.0000  0.00000E+00  0.57621E+00  0.00000E+00  0.11540E+05  0.00000E+00  0.00000E+00  0.70018E-03  0.10141E+02  0.78700E+02  0.45985E-01  0.16561E+03  0.00000E+00    6841  0.00000E+00  0.00000E+00  0.00000E+00
     6840.0000  0.00000E+00  0.57537E+00  0.00000E+00  0.11546E+05  0.00000E+00  0.00000E+00  0.70433E-03  0.10146E+02  0.78700E+02  0.46033E-01  0.16607E+03  0.00000E+00    6851  0.00000E+00  0.00000E+00  0.00000E+00
     6850.0000  0.00000E+00  0.57445E+00  0.00000E+00  0.11552E+05  0.00000E+00  0.00000E+00  0.70850E-03  0.10151E+02  0.78700E+02  0.46081E-01  0.16653E+03  0.00000E+00    6861  0.00000E+00  0.00000E+00  0.00000E+00
     6860.0000  0.00000E+00  0.57357E+00  0.00000E+00  0.11558E+05  0.00000E+00  0.00000E+00  0.71267E-03  0.10156E+02  0.78700E+02  0.46128E-01  0.16699E+03  0.00000E+00    6871  0.00000E+00  0.00000E+00  0.00000E+00
     6870.0000  0.00000E+00  0.57271E+00  0.00000E+00  0.11563E+05  0.00000E+00  0.00000E+00  0.71685E-03  0.10161E+02  0.78700E+02  0.46176E-01  0.16746E+03  0.00000E+00    6881  0.00000E+00  0.00000E+00  0.00000E+00
     6880.0000  0.00000E+00  0.57190E+00  0.00000E+00  0.11569E+05  0.00000E+00  0.00000E+00  0.72105E-03  0.10166E+02  0.78700E+02  0.46218E-01  0.16792E+03  0.00000E+00    6891  0.00000E+00  0.00000E+00  0.00000E+00
     6890.0000  0.00000E+00  0.57100E+00  0.00000E+00  0.11575E+05  0.00000E+00  0.00000E+00  0.72525E-03  0.10171E+02  0.78700E+02  0.46261E-01  0.16838E+03  0.00000E+00    6901  0.00000E+00  0.00000E+00  0.00000E+00
     6900.0000  0.00000E+00  0.57014E+00  0.00000E+00  0.11581E+05  0.00000E+00  0.00000E+00  0.72947E-03  0.10176E+02  0.78700E+02  0.46304E-01  0.16884E+03  0.00000E+00    6911  0.00000E+00  0.00000E+00  0.00000E+00
     6910.0000  0.00000E+00  0.56924E+00  0.00000E+00  0.11586E+05  0.00000E+00  0.00000E+00  0.73370E-03  0.10180E+02  0.78700E+02  0.46347E-01  0.16931E+03  0.00000E+00    6921  0.00000E+00  0.00000E+00  0.00000E+00
     6920.0000  0.00000E+00  0.56839E+00  0.00000E+00  0.11592E+05  0.00000E+00  0.00000E+00  0.73794E-03  0.10185E+02  0.78700E+02  0.46390E-01  0.16977E+03  0.00000E+00    6931  0.00000E+00  0.00000E+00  0.00000E+00
     6930.0000  0.00000E+00  0.56752E+00  0.00000E+00  0.11598E+05  0.00000E+00  0.00000E+00  0.74219E-03  0.10190E+02  0.78700E+02  0.46433E-01  0.17023E+03  0.00000E+00    6941  0.00000E+00  0.00000E+00  0.00000E+00
     6935.0000  0.00000E+00  0.56710E+00  0.00000E+00  0.11600E+05  0.00000E+00  0.00000E+00  0.74432E-03  0.10193E+02  0.78700E+02  0.46454E-01  0.17047E+03  0.00000E+00    6946  0.00000E+00  0.00000E+00  0.00000E+00
     6940.0000  0.00000E+00  0.56669E+00  0.00000E+00  0.11603E+05  0.00000E+00  0.00000E+00  0.74645E-03  0.10195E+02  0.78700E+02  0.46476E-01  0.17070E+03  0.00000E+00    6951  0.00000E+00  0.00000E+00  0.00000E+00
     6950.0000  0.00000E+00  0.56579E+00  0.00000E+00  0.11609E+05  0.00000E+00  0.00000E+00  0.75073E-03  0.10200E+02  0.78700E+02  0.46519E-01  0.17116E+03  0.00000E+00    6961  0.00000E+00  0.00000E+00  0.00000E+00
     6960.0000  0.00000E+00  0.56494E+00  0.00000E+00  0.11615E+05  0.00000E+00  0.00000E+00  0.75501E-03  0.10205E+02  0.78700E+02  0.46562E-01  0.17163E+03  0.00000E+00    6971  0.00000E+00  0.00000E+00  0.00000E+00
     6970.0000  0.00000E+00  0.56408E+00  0.00000E+00  0.11620E+05  0.00000E+00  0.00000E+00  0.75931E-03  0.10209E+02  0.78700E+02  0.46605E-01  0.17209E+03  0.00000E+00    6981  0.00000E+00  0.00000E+00  0.00000E+00
     6980.0000  0.00000E+00  0.56321E+00  0.00000E+00  0.11626E+05  0.00000E+00  0.00000E+00  0.76361E-03  0.10214E+02  0.78700E+02  0.46648E-01  0.17256E+03  0.00000E+00    6991  0.00000E+00  0.00000E+00  0.00000E+00
     6990.0000  0.00000E+00  0.56234E+00  0.00000E+00  0.11631E+05  0.00000E+00  0.00000E+00  0.76793E-03  0.10219E+02  0.78700E+02  0.46691E-01  0.17303E+03  0.00000E+00    7001  0.00000E+00  0.00000E+00  0.00000E+00
     7000.0000  0.00000E+00  0.56149E+00  0.00000E+00  0.11637E+05  0.00000E+00  0.00000E+00  0.77226E-03  0.10224E+02  0.78700E+02  0.46735E-01  0.17349E+03  0.00000E+00    7011  0.00000E+00  0.00000E+00  0.00000E+00
     7010.0000  0.00000E+00  0.56068E+00  0.00000E+00  0.11643E+05  0.00000E+00  0.00000E+00  0.77660E-03  0.10229E+02  0.78700E+02  0.46778E-01  0.17396E+03  0.00000E+00    7021  0.00000E+00  0.00000E+00  0.00000E+00
     7020.0000  0.00000E+00  0.55984E+00  0.00000E+00  0.11648E+05  0.00000E+00  0.00000E+00  0.78095E-03  0.10233E+02  0.78700E+02  0.46822E-01  0.17443E+03  0.00000E+00    7031  0.00000E+00  0.00000E+00  0.00000E+00
     7030.0000  0.00000E+00  0.55896E+00  0.00000E+00  0.11654E+05  0.00000E+00  0.00000E+00  0.78531E-03  0.10238E+02  0.78700E+02  0.46865E-01  0.17490E+03  0.00000E+00    7041  0.00000E+00  0.00000E+00  0.00000E+00
     7040.0000  0.00000E+00  0.55812E+00  0.00000E+00  0.11659E+05  0.00000E+00  0.00000E+00  0.78968E-03  0.10243E+02  0.78700E+02  0.46909E-01  0.17537E+03  0.00000E+00    7051  0.00000E+00  0.00000E+00  0.00000E+00
     7050.0000  0.00000E+00  0.55734E+00  0.00000E+00  0.11665E+05  0.00000E+00  0.00000E+00  0.79406E-03  0.10248E+02  0.78700E+02  0.46952E-01  0.17584E+03  0.00000E+00    7061  0.00000E+00  0.00000E+00  0.00000E+00
     7060.0000  0.00000E+00  0.55649E+00  0.00000E+00  0.11671E+05  0.00000E+00  0.00000E+00  0.79845E-03  0.10252E+02  0.78700E+02  0.46996E-01  0.17631E+03  0.00000E+00    7071  0.00000E+00  0.00000E+00  0.00000E+00
     7070.0000  0.00000E+00  0.55564E+00  0.00000E+00  0.11676E+05  0.00000E+00  0.00000E+00  0.80286E-03  0.10257E+02  0.78700E+02  0.47040E-01  0.17678E+03  0.00000E+00    7081  0.00000E+00  0.00000E+00  0.00000E+00
     7080.0000  0.00000E+00  0.55484E+00  0.00000E+00  0.11682E+05  0.00000E+00  0.00000E+00  0.80727E-03  0.10262E+02  0.78700E+02  0.47084E-01  0.17725E+03  0.00000E+00    7091  0.00000E+00  0.00000E+00  0.00000E+00
     7090.0000  0.00000E+00  0.55393E+00  0.00000E+00  0.11687E+05  0.00000E+00  0.00000E+00  0.81170E-03  0.10266E+02  0.78700E+02  0.47127E-01  0.17772E+03  0.00000E+00    7101  0.00000E+00  0.00000E+00  0.00000E+00
     7100.0000  0.00000E+00  0.55317E+00  0.00000E+00  0.11693E+05  0.00000E+00  0.00000E+00  0.81613E-03  0.10271E+02  0.78700E+02  0.47171E-01  0.17819E+03  0.00000E+00    7111  0.00000E+00  0.00000E+00  0.00000E+00
     7110.0000  0.00000E+00  0.55235E+00  0.00000E+00  0.11698E+05  0.00000E+00  0.00000E+00  0.82058E-03  0.10276E+02  0.78700E+02  0.47215E-01  0.17866E+03  0.00000E+00    7121  0.00000E+00  0.00000E+00  0.00000E+00
     7120.0000  0.00000E+00  0.55146E+00  0.00000E+00  0.11704E+05  0.00000E+00  0.00000E+00  0.82503E-03  0.10280E+02  0.78700E+02  0.47259E-01  0.17913E+03  0.00000E+00    7131  0.00000E+00  0.00000E+00  0.00000E+00
     7130.0000  0.00000E+00  0.55069E+00  0.00000E+00  0.11709E+05  0.00000E+00  0.00000E+00  0.82950E-03  0.10285E+02  0.78700E+02  0.47303E-01  0.17961E+03  0.00000E+00    7141  0.00000E+00  0.00000E+00  0.00000E+00
     7140.0000  0.00000E+00  0.54983E+00  0.00000E+00  0.11715E+05  0.00000E+00  0.00000E+00  0.83398E-03  0.10290E+02  0.78700E+02  0.47347E-01  0.18008E+03  0.00000E+00    7151  0.00000E+00  0.00000E+00  0.00000E+00
     7150.0000  0.00000E+00  0.54901E+00  0.00000E+00  0.11720E+05  0.00000E+00  0.00000E+00  0.83847E-03  0.10294E+02  0.78700E+02  0.47391E-01  0.18055E+03  0.00000E+00    7161  0.00000E+00  0.00000E+00  0.00000E+00
     7160.0000  0.00000E+00  0.54820E+00  0.00000E+00  0.11726E+05  0.00000E+00  0.00000E+00  0.84297E-03  0.10299E+02  0.78700E+02  0.47436E-01  0.18103E+03  0.00000E+00    7171  0.00000E+00  0.00000E+00  0.00000E+00
     7170.0000  0.00000E+00  0.54740E+00  0.00000E+00  0.11731E+05  0.00000E+00  0.00000E+00  0.84747E-03  0.10304E+02  0.78700E+02  0.47480E-01  0.18150E+03  0.00000E+00    7181  0.00000E+00  0.00000E+00  0.00000E+00
     7180.0000  0.00000E+00  0.54659E+00  0.00000E+00  0.11737E+05  0.00000E+00  0.00000E+00  0.85199E-03  0.10308E+02  0.78700E+02  0.47524E-01  0.18198E+03  0.00000E+00    7191  0.00000E+00  0.00000E+00  0.00000E+00
     7190.0000  0.00000E+00  0.54577E+00  0.00000E+00  0.11742E+05  0.00000E+00  0.00000E+00  0.85652E-03  0.10313E+02  0.78700E+02  0.47568E-01  0.18245E+03  0.00000E+00    7201  0.00000E+00  0.00000E+00  0.00000E+00
     7200.0000  0.00000E+00  0.54499E+00  0.00000E+00  0.11748E+05  0.00000E+00  0.00000E+00  0.86106E-03  0.10318E+02  0.78700E+02  0.47613E-01  0.18293E+03  0.00000E+00    7211  0.00000E+00  0.00000E+00  0.00000E+00
     7210.0000  0.00000E+00  0.54418E+00  0.00000E+00  0.11753E+05  0.00000E+00  0.00000E+00  0.86561E-03  0.10322E+02  0.78700E+02  0.47657E-01  0.18341E+03  0.00000E+00    7221  0.00000E+00  0.00000E+00  0.00000E+00
     7220.0000  0.00000E+00  0.54339E+00  0.00000E+00  0.11759E+05  0.00000E+00  0.00000E+00  0.87017E-03  0.10327E+02  0.78700E+02  0.47702E-01  0.18388E+03  0.00000E+00    7231  0.00000E+00  0.00000E+00  0.00000E+00
     7230.0000  0.00000E+00  0.54251E+00  0.00000E+00  0.11764E+05  0.00000E+00  0.00000E+00  0.87474E-03  0.10331E+02  0.78700E+02  0.47746E-01  0.18436E+03  0.00000E+00    7241  0.00000E+00  0.00000E+00  0.00000E+00
     7240.0000  0.00000E+00  0.54174E+00  0.00000E+00  0.11769E+05  0.00000E+00  0.00000E+00  0.87932E-03  0.10336E+02  0.78700E+02  0.47791E-01  0.18484E+03  0.00000E+00    7251  0.00000E+00  0.00000E+00  0.00000E+00
     7250.0000  0.00000E+00  0.54094E+00  0.00000E+00  0.11775E+05  0.00000E+00  0.00000E+00  0.88391E-03  0.10341E+02  0.78700E+02  0.47835E-01  0.18532E+03  0.00000E+00    7261  0.00000E+00  0.00000E+00  0.00000E+00
     7260.0000  0.00000E+00  0.54012E+00  0.00000E+00  0.11780E+05  0.00000E+00  0.00000E+00  0.88852E-03  0.10345E+02  0.78700E+02  0.47880E-01  0.18579E+03  0.00000E+00    7271  0.00000E+00  0.00000E+00  0.00000E+00
     7270.0000  0.00000E+00  0.53936E+00  0.00000E+00  0.11786E+05  0.00000E+00  0.00000E+00  0.89313E-03  0.10350E+02  0.78700E+02  0.47925E-01  0.18627E+03  0.00000E+00    7281  0.00000E+00  0.00000E+00  0.00000E+00
     7280.0000  0.00000E+00  0.53856E+00  0.00000E+00  0.11791E+05  0.00000E+00  0.00000E+00  0.89775E-03  0.10354E+02  0.78700E+02  0.47970E-01  0.18675E+03  0.00000E+00    7291  0.00000E+00  0.00000E+00  0.00000E+00
     7290.0000  0.00000E+00  0.53779E+00  0.00000E+00  0.11796E+05  0.00000E+00  0.00000E+00  0.90238E-03  0.10359E+02  0.78700E+02  0.48014E-01  0.18723E+03  0.00000E+00    7301  0.00000E+00  0.00000E+00  0.00000E+00
     7300.0000  0.00000E+00  0.53702E+00  0.00000E+00  0.11802E+05  0.00000E+00  0.00000E+00  0.90702E-03  0.10363E+02  0.78700E+02  0.48059E-01  0.18771E+03  0.00000E+00    7311  0.00000E+00  0.00000E+00  0.00000E+00
end
