 ******* Program HYDRUS
 ******* 
 Welcome to HYDRUS-1D                                                    
 Date:  26. 3.2026    Time:   3: 9:11
 Units: L = cm   , T = days , M = micro

       Time          rTop        rRoot        vTop         vRoot        vBot       sum(rTop)   sum(rRoot)    sum(vTop)   sum(vRoot)    sum(vBot)      hTop         hRoot        hBot        RunOff    sum(RunOff)     Volume     sum(Infil)    sum(Evap) TLevel Cum(WTrans)  SnowLayer
        [T]         [L/T]        [L/T]        [L/T]        [L/T]        [L/T]         [L]          [L]          [L]         [L]           [L]         [L]           [L]         [L]          [L/T]         [L]          [L]          [L]          [L]

       0.1000 -0.31646E+00  0.31056E+00 -0.31646E+00  0.30359E+00  0.34185E-02 -0.31646E-01  0.31056E-01 -0.31646E-01  0.30359E-01  0.34185E-03 -0.11041E+03 -0.60226E+02  0.00000E+00  0.00000E+00  0.00000E+00  0.42548E+02  0.43490E-01  0.11844E-01      1  0.00000E+00      0.000
       1.9952 -0.31646E+00  0.31056E+00 -0.31646E+00  0.30397E+00  0.52694E-01 -0.63141E+00  0.61964E+00 -0.63141E+00  0.60618E+00  0.65288E-01 -0.90218E+02 -0.58650E+02  0.00000E+00  0.00000E+00  0.00000E+00  0.42637E+02  0.86773E+00  0.23631E+00     11  0.00000E+00      0.000
      10.2924 -0.31646E+00  0.31056E+00 -0.31646E+00  0.30389E+00  0.43371E-01 -0.32572E+01  0.31964E+01 -0.32571E+01  0.31286E+01  0.55609E+00 -0.79917E+02 -0.52302E+02  0.00000E+00  0.00000E+00  0.00000E+00  0.43231E+02  0.44762E+01  0.12190E+01     21  0.00000E+00      0.000
      20.2924 -0.31646E+00  0.31056E+00 -0.31646E+00  0.30359E+00  0.44131E-02 -0.64218E+01  0.63020E+01 -0.64218E+01  0.61656E+01  0.74533E+00 -0.76458E+02 -0.49212E+02  0.00000E+00  0.00000E+00  0.00000E+00  0.43548E+02  0.88252E+01  0.24034E+01     31  0.00000E+00      0.000
      30.2924 -0.31646E+00  0.31056E+00 -0.31646E+00  0.30349E+00 -0.82166E-02 -0.95864E+01  0.94076E+01 -0.95864E+01  0.92008E+01  0.70727E+00 -0.75578E+02 -0.48347E+02  0.00000E+00  0.00000E+00  0.00000E+00  0.43639E+02  0.13174E+02  0.35878E+01     41  0.00000E+00      0.000
      40.2924 -0.31646E+00  0.31056E+00 -0.31646E+00  0.30346E+00 -0.11721E-01 -0.12751E+02  0.12513E+02 -0.12751E+02  0.12236E+02  0.60217E+00 -0.75359E+02 -0.48115E+02  0.00000E+00  0.00000E+00  0.00000E+00  0.43664E+02  0.17523E+02  0.47722E+01     51  0.00000E+00      0.000
      50.2924 -0.31646E+00  0.31056E+00 -0.31646E+00  0.30345E+00 -0.12667E-01 -0.15916E+02  0.15619E+02 -0.15916E+02  0.15270E+02  0.47876E+00 -0.75300E+02 -0.48053E+02  0.00000E+00  0.00000E+00  0.00000E+00  0.43671E+02  0.21872E+02  0.59566E+01     61  0.00000E+00      0.000
      60.2924 -0.31646E+00  0.31056E+00 -0.31646E+00  0.30345E+00 -0.12919E-01 -0.19080E+02  0.18724E+02 -0.19080E+02  0.18305E+02  0.35043E+00 -0.75284E+02 -0.48037E+02  0.00000E+00  0.00000E+00  0.00000E+00  0.43672E+02  0.26221E+02  0.71410E+01     71  0.00000E+00      0.000
      70.2924 -0.31646E+00  0.31056E+00 -0.31646E+00  0.30345E+00 -0.12987E-01 -0.22245E+02  0.21830E+02 -0.22245E+02  0.21339E+02  0.22079E+00 -0.75280E+02 -0.48032E+02  0.00000E+00  0.00000E+00  0.00000E+00  0.43673E+02  0.30570E+02  0.83254E+01     81  0.00000E+00      0.000
      80.2924 -0.31646E+00  0.31056E+00 -0.31646E+00  0.30345E+00 -0.13005E-01 -0.25409E+02  0.24936E+02 -0.25409E+02  0.24374E+02  0.90810E-01 -0.75279E+02 -0.48031E+02  0.00000E+00  0.00000E+00  0.00000E+00  0.43673E+02  0.34919E+02  0.95097E+01     91  0.00000E+00      0.000
      90.2924 -0.31646E+00  0.31056E+00 -0.31646E+00  0.30345E+00 -0.13009E-01 -0.28574E+02  0.28041E+02 -0.28574E+02  0.27408E+02 -0.39268E-01 -0.75279E+02 -0.48031E+02  0.00000E+00  0.00000E+00  0.00000E+00  0.43673E+02  0.39268E+02  0.10694E+02    101  0.00000E+00      0.000
     100.2924 -0.31646E+00  0.31056E+00 -0.31646E+00  0.30345E+00 -0.13010E-01 -0.31739E+02  0.31147E+02 -0.31739E+02  0.30443E+02 -0.16936E+00 -0.75279E+02 -0.48031E+02  0.00000E+00  0.00000E+00  0.00000E+00  0.43673E+02  0.43617E+02  0.11879E+02    111  0.00000E+00      0.000
     110.2924 -0.31646E+00  0.31056E+00 -0.31646E+00  0.30345E+00 -0.13011E-01 -0.34903E+02  0.34253E+02 -0.34903E+02  0.33477E+02 -0.29947E+00 -0.75279E+02 -0.48031E+02  0.00000E+00  0.00000E+00  0.00000E+00  0.43673E+02  0.47966E+02  0.13063E+02    121  0.00000E+00      0.000
     120.2924 -0.31646E+00  0.31056E+00 -0.31646E+00  0.30345E+00 -0.13011E-01 -0.38068E+02  0.37358E+02 -0.38068E+02  0.36512E+02 -0.42959E+00 -0.75279E+02 -0.48031E+02  0.00000E+00  0.00000E+00  0.00000E+00  0.43673E+02  0.52315E+02  0.14247E+02    131  0.00000E+00      0.000
     130.2924 -0.31646E+00  0.31056E+00 -0.31646E+00  0.30345E+00 -0.13011E-01 -0.41232E+02  0.40464E+02 -0.41232E+02  0.39546E+02 -0.55970E+00 -0.75279E+02 -0.48031E+02  0.00000E+00  0.00000E+00  0.00000E+00  0.43673E+02  0.56664E+02  0.15432E+02    141  0.00000E+00      0.000
     140.2924 -0.31646E+00  0.31056E+00 -0.31646E+00  0.30345E+00 -0.13011E-01 -0.44397E+02  0.43569E+02 -0.44397E+02  0.42581E+02 -0.68981E+00 -0.75279E+02 -0.48031E+02  0.00000E+00  0.00000E+00  0.00000E+00  0.43673E+02  0.61013E+02  0.16616E+02    151  0.00000E+00      0.000
     150.2924 -0.31646E+00  0.31056E+00 -0.31646E+00  0.30345E+00 -0.13011E-01 -0.47562E+02  0.46675E+02 -0.47562E+02  0.45615E+02 -0.81993E+00 -0.75279E+02 -0.48031E+02  0.00000E+00  0.00000E+00  0.00000E+00  0.43673E+02  0.65362E+02  0.17800E+02    161  0.00000E+00      0.000
     160.2924 -0.31646E+00  0.31056E+00 -0.31646E+00  0.30345E+00 -0.13011E-01 -0.50726E+02  0.49781E+02 -0.50726E+02  0.48650E+02 -0.95004E+00 -0.75279E+02 -0.48031E+02  0.00000E+00  0.00000E+00  0.00000E+00  0.43673E+02  0.69711E+02  0.18985E+02    171  0.00000E+00      0.000
     170.2924 -0.31646E+00  0.31056E+00 -0.31646E+00  0.30345E+00 -0.13011E-01 -0.53891E+02  0.52886E+02 -0.53891E+02  0.51684E+02 -0.10802E+01 -0.75279E+02 -0.48031E+02  0.00000E+00  0.00000E+00  0.00000E+00  0.43673E+02  0.74060E+02  0.20169E+02    181  0.00000E+00      0.000
     180.2924 -0.31646E+00  0.31056E+00 -0.31646E+00  0.30345E+00 -0.13011E-01 -0.57055E+02  0.55992E+02 -0.57055E+02  0.54719E+02 -0.12103E+01 -0.75279E+02 -0.48031E+02  0.00000E+00  0.00000E+00  0.00000E+00  0.43673E+02  0.78409E+02  0.21354E+02    191  0.00000E+00      0.000
     190.2924 -0.31646E+00  0.31056E+00 -0.31646E+00  0.30345E+00 -0.13011E-01 -0.60220E+02  0.59097E+02 -0.60220E+02  0.57753E+02 -0.13404E+01 -0.75279E+02 -0.48031E+02  0.00000E+00  0.00000E+00  0.00000E+00  0.43673E+02  0.82758E+02  0.22538E+02    201  0.00000E+00      0.000
     200.2924 -0.31646E+00  0.31056E+00 -0.31646E+00  0.30345E+00 -0.13011E-01 -0.63385E+02  0.62203E+02 -0.63385E+02  0.60788E+02 -0.14705E+01 -0.75279E+02 -0.48031E+02  0.00000E+00  0.00000E+00  0.00000E+00  0.43673E+02  0.87107E+02  0.23722E+02    211  0.00000E+00      0.000
     210.2924 -0.31646E+00  0.31056E+00 -0.31646E+00  0.30345E+00 -0.13011E-01 -0.66549E+02  0.65309E+02 -0.66549E+02  0.63822E+02 -0.16006E+01 -0.75279E+02 -0.48031E+02  0.00000E+00  0.00000E+00  0.00000E+00  0.43673E+02  0.91456E+02  0.24907E+02    221  0.00000E+00      0.000
     220.2924 -0.31646E+00  0.31056E+00 -0.31646E+00  0.30345E+00 -0.13011E-01 -0.69714E+02  0.68414E+02 -0.69714E+02  0.66857E+02 -0.17307E+01 -0.75279E+02 -0.48031E+02  0.00000E+00  0.00000E+00  0.00000E+00  0.43673E+02  0.95805E+02  0.26091E+02    231  0.00000E+00      0.000
     230.2924 -0.31646E+00  0.31056E+00 -0.31646E+00  0.30345E+00 -0.13011E-01 -0.72878E+02  0.71520E+02 -0.72878E+02  0.69891E+02 -0.18608E+01 -0.75279E+02 -0.48031E+02  0.00000E+00  0.00000E+00  0.00000E+00  0.43673E+02  0.10015E+03  0.27276E+02    241  0.00000E+00      0.000
     240.2924 -0.31646E+00  0.31056E+00 -0.31646E+00  0.30345E+00 -0.13011E-01 -0.76043E+02  0.74626E+02 -0.76043E+02  0.72926E+02 -0.19909E+01 -0.75279E+02 -0.48031E+02  0.00000E+00  0.00000E+00  0.00000E+00  0.43673E+02  0.10450E+03  0.28460E+02    251  0.00000E+00      0.000
     250.2924 -0.31646E+00  0.31056E+00 -0.31646E+00  0.30345E+00 -0.13011E-01 -0.79208E+02  0.77731E+02 -0.79208E+02  0.75960E+02 -0.21211E+01 -0.75279E+02 -0.48031E+02  0.00000E+00  0.00000E+00  0.00000E+00  0.43673E+02  0.10885E+03  0.29644E+02    261  0.00000E+00      0.000
     260.2924 -0.31646E+00  0.31056E+00 -0.31646E+00  0.30345E+00 -0.13011E-01 -0.82372E+02  0.80837E+02 -0.82372E+02  0.78995E+02 -0.22512E+01 -0.75279E+02 -0.48031E+02  0.00000E+00  0.00000E+00  0.00000E+00  0.43673E+02  0.11320E+03  0.30829E+02    271  0.00000E+00      0.000
     270.2924 -0.31646E+00  0.31056E+00 -0.31646E+00  0.30345E+00 -0.13011E-01 -0.85537E+02  0.83942E+02 -0.85537E+02  0.82029E+02 -0.23813E+01 -0.75279E+02 -0.48031E+02  0.00000E+00  0.00000E+00  0.00000E+00  0.43673E+02  0.11755E+03  0.32013E+02    281  0.00000E+00      0.000
     280.2924 -0.31646E+00  0.31056E+00 -0.31646E+00  0.30345E+00 -0.13011E-01 -0.88701E+02  0.87048E+02 -0.88701E+02  0.85064E+02 -0.25114E+01 -0.75279E+02 -0.48031E+02  0.00000E+00  0.00000E+00  0.00000E+00  0.43673E+02  0.12190E+03  0.33197E+02    291  0.00000E+00      0.000
     290.2924 -0.31646E+00  0.31056E+00 -0.31646E+00  0.30345E+00 -0.13011E-01 -0.91866E+02  0.90154E+02 -0.91866E+02  0.88098E+02 -0.26415E+01 -0.75279E+02 -0.48031E+02  0.00000E+00  0.00000E+00  0.00000E+00  0.43673E+02  0.12625E+03  0.34382E+02    301  0.00000E+00      0.000
     300.2924 -0.31646E+00  0.31056E+00 -0.31646E+00  0.30345E+00 -0.13011E-01 -0.95031E+02  0.93259E+02 -0.95031E+02  0.91133E+02 -0.27716E+01 -0.75279E+02 -0.48031E+02  0.00000E+00  0.00000E+00  0.00000E+00  0.43673E+02  0.13060E+03  0.35566E+02    311  0.00000E+00      0.000
     310.2924 -0.31646E+00  0.31056E+00 -0.31646E+00  0.30345E+00 -0.13011E-01 -0.98195E+02  0.96365E+02 -0.98195E+02  0.94167E+02 -0.29017E+01 -0.75279E+02 -0.48031E+02  0.00000E+00  0.00000E+00  0.00000E+00  0.43673E+02  0.13495E+03  0.36751E+02    321  0.00000E+00      0.000
     320.2924 -0.31646E+00  0.31056E+00 -0.31646E+00  0.30345E+00 -0.13011E-01 -0.10136E+03  0.99471E+02 -0.10136E+03  0.97202E+02 -0.30318E+01 -0.75279E+02 -0.48031E+02  0.00000E+00  0.00000E+00  0.00000E+00  0.43673E+02  0.13930E+03  0.37935E+02    331  0.00000E+00      0.000
     330.2924 -0.31646E+00  0.31056E+00 -0.31646E+00  0.30345E+00 -0.13011E-01 -0.10452E+03  0.10258E+03 -0.10452E+03  0.10024E+03 -0.31620E+01 -0.75279E+02 -0.48031E+02  0.00000E+00  0.00000E+00  0.00000E+00  0.43673E+02  0.14364E+03  0.39119E+02    341  0.00000E+00      0.000
     340.2924 -0.31646E+00  0.31056E+00 -0.31646E+00  0.30345E+00 -0.13011E-01 -0.10769E+03  0.10568E+03 -0.10769E+03  0.10327E+03 -0.32921E+01 -0.75279E+02 -0.48031E+02  0.00000E+00  0.00000E+00  0.00000E+00  0.43673E+02  0.14799E+03  0.40304E+02    351  0.00000E+00      0.000
     350.2924 -0.31646E+00  0.31056E+00 -0.31646E+00  0.30345E+00 -0.13011E-01 -0.11085E+03  0.10879E+03 -0.11085E+03  0.10631E+03 -0.34222E+01 -0.75279E+02 -0.48031E+02  0.00000E+00  0.00000E+00  0.00000E+00  0.43673E+02  0.15234E+03  0.41488E+02    361  0.00000E+00      0.000
     360.1462 -0.31646E+00  0.31056E+00 -0.31646E+00  0.30345E+00 -0.13011E-01 -0.11397E+03  0.11185E+03 -0.11397E+03  0.10930E+03 -0.35504E+01 -0.75279E+02 -0.48031E+02  0.00000E+00  0.00000E+00  0.00000E+00  0.43673E+02  0.15663E+03  0.42655E+02    371  0.00000E+00      0.000
     365.0000 -0.31646E+00  0.31056E+00 -0.31646E+00  0.30345E+00 -0.13011E-01 -0.11551E+03  0.11336E+03 -0.11551E+03  0.11077E+03 -0.36135E+01 -0.75279E+02 -0.48031E+02  0.00000E+00  0.00000E+00  0.00000E+00  0.43673E+02  0.15874E+03  0.43230E+02    376  0.00000E+00      0.000
     370.0000 -0.31646E+00  0.31056E+00 -0.31646E+00  0.30345E+00 -0.13011E-01 -0.11709E+03  0.11491E+03 -0.11709E+03  0.11229E+03 -0.36786E+01 -0.75279E+02 -0.48031E+02  0.00000E+00  0.00000E+00  0.00000E+00  0.43673E+02  0.16091E+03  0.43822E+02    381  0.00000E+00      0.000
     380.0000 -0.31646E+00  0.31056E+00 -0.31646E+00  0.30345E+00 -0.13011E-01 -0.12025E+03  0.11801E+03 -0.12025E+03  0.11532E+03 -0.38087E+01 -0.75279E+02 -0.48031E+02  0.00000E+00  0.00000E+00  0.00000E+00  0.43673E+02  0.16526E+03  0.45007E+02    391  0.00000E+00      0.000
     390.0000 -0.31646E+00  0.31056E+00 -0.31646E+00  0.30345E+00 -0.13011E-01 -0.12342E+03  0.12112E+03 -0.12342E+03  0.11835E+03 -0.39388E+01 -0.75279E+02 -0.48031E+02  0.00000E+00  0.00000E+00  0.00000E+00  0.43673E+02  0.16961E+03  0.46191E+02    401  0.00000E+00      0.000
     400.0000 -0.31646E+00  0.31056E+00 -0.31646E+00  0.30345E+00 -0.13011E-01 -0.12658E+03  0.12422E+03 -0.12658E+03  0.12139E+03 -0.40689E+01 -0.75279E+02 -0.48031E+02  0.00000E+00  0.00000E+00  0.00000E+00  0.43673E+02  0.17396E+03  0.47375E+02    411  0.00000E+00      0.000
     410.0000 -0.31646E+00  0.31056E+00 -0.31646E+00  0.30345E+00 -0.13011E-01 -0.12975E+03  0.12733E+03 -0.12975E+03  0.12442E+03 -0.41991E+01 -0.75279E+02 -0.48031E+02  0.00000E+00  0.00000E+00  0.00000E+00  0.43673E+02  0.17831E+03  0.48560E+02    421  0.00000E+00      0.000
     420.0000 -0.31646E+00  0.31056E+00 -0.31646E+00  0.30345E+00 -0.13011E-01 -0.13291E+03  0.13044E+03 -0.13291E+03  0.12746E+03 -0.43292E+01 -0.75279E+02 -0.48031E+02  0.00000E+00  0.00000E+00  0.00000E+00  0.43673E+02  0.18266E+03  0.49744E+02    431  0.00000E+00      0.000
     430.0000 -0.31646E+00  0.31056E+00 -0.31646E+00  0.30345E+00 -0.13011E-01 -0.13608E+03  0.13354E+03 -0.13608E+03  0.13049E+03 -0.44593E+01 -0.75279E+02 -0.48031E+02  0.00000E+00  0.00000E+00  0.00000E+00  0.43673E+02  0.18701E+03  0.50929E+02    441  0.00000E+00      0.000
     440.0000 -0.31646E+00  0.31056E+00 -0.31646E+00  0.30345E+00 -0.13011E-01 -0.13924E+03  0.13665E+03 -0.13924E+03  0.13353E+03 -0.45894E+01 -0.75279E+02 -0.48031E+02  0.00000E+00  0.00000E+00  0.00000E+00  0.43673E+02  0.19136E+03  0.52113E+02    451  0.00000E+00      0.000
     450.0000 -0.31646E+00  0.31056E+00 -0.31646E+00  0.30345E+00 -0.13011E-01 -0.14241E+03  0.13975E+03 -0.14241E+03  0.13656E+03 -0.47195E+01 -0.75279E+02 -0.48031E+02  0.00000E+00  0.00000E+00  0.00000E+00  0.43673E+02  0.19571E+03  0.53297E+02    461  0.00000E+00      0.000
     460.0000 -0.31646E+00  0.31056E+00 -0.31646E+00  0.30345E+00 -0.13011E-01 -0.14557E+03  0.14286E+03 -0.14557E+03  0.13960E+03 -0.48496E+01 -0.75279E+02 -0.48031E+02  0.00000E+00  0.00000E+00  0.00000E+00  0.43673E+02  0.20005E+03  0.54482E+02    471  0.00000E+00      0.000
     470.0000 -0.31646E+00  0.31056E+00 -0.31646E+00  0.30345E+00 -0.13011E-01 -0.14874E+03  0.14596E+03 -0.14874E+03  0.14263E+03 -0.49797E+01 -0.75279E+02 -0.48031E+02  0.00000E+00  0.00000E+00  0.00000E+00  0.43673E+02  0.20440E+03  0.55666E+02    481  0.00000E+00      0.000
     480.0000 -0.31646E+00  0.31056E+00 -0.31646E+00  0.30345E+00 -0.13011E-01 -0.15190E+03  0.14907E+03 -0.15190E+03  0.14567E+03 -0.51099E+01 -0.75279E+02 -0.48031E+02  0.00000E+00  0.00000E+00  0.00000E+00  0.43673E+02  0.20875E+03  0.56851E+02    491  0.00000E+00      0.000
     490.0000 -0.31646E+00  0.31056E+00 -0.31646E+00  0.30345E+00 -0.13011E-01 -0.15507E+03  0.15218E+03 -0.15507E+03  0.14870E+03 -0.52400E+01 -0.75279E+02 -0.48031E+02  0.00000E+00  0.00000E+00  0.00000E+00  0.43673E+02  0.21310E+03  0.58035E+02    501  0.00000E+00      0.000
     500.0000 -0.31646E+00  0.31056E+00 -0.31646E+00  0.30345E+00 -0.13011E-01 -0.15823E+03  0.15528E+03 -0.15823E+03  0.15173E+03 -0.53701E+01 -0.75279E+02 -0.48031E+02  0.00000E+00  0.00000E+00  0.00000E+00  0.43673E+02  0.21745E+03  0.59219E+02    511  0.00000E+00      0.000
     510.0000 -0.31646E+00  0.31056E+00 -0.31646E+00  0.30345E+00 -0.13011E-01 -0.16140E+03  0.15839E+03 -0.16140E+03  0.15477E+03 -0.55002E+01 -0.75279E+02 -0.48031E+02  0.00000E+00  0.00000E+00  0.00000E+00  0.43673E+02  0.22180E+03  0.60404E+02    521  0.00000E+00      0.000
     520.0000 -0.31646E+00  0.31056E+00 -0.31646E+00  0.30345E+00 -0.13011E-01 -0.16456E+03  0.16149E+03 -0.16456E+03  0.15780E+03 -0.56303E+01 -0.75279E+02 -0.48031E+02  0.00000E+00  0.00000E+00  0.00000E+00  0.43673E+02  0.22615E+03  0.61588E+02    531  0.00000E+00      0.000
     530.0000 -0.31646E+00  0.31056E+00 -0.31646E+00  0.30345E+00 -0.13011E-01 -0.16772E+03  0.16460E+03 -0.16772E+03  0.16084E+03 -0.57604E+01 -0.75279E+02 -0.48031E+02  0.00000E+00  0.00000E+00  0.00000E+00  0.43673E+02  0.23050E+03  0.62773E+02    541  0.00000E+00      0.000
     540.0000 -0.31646E+00  0.31056E+00 -0.31646E+00  0.30345E+00 -0.13011E-01 -0.17089E+03  0.16770E+03 -0.17089E+03  0.16387E+03 -0.58905E+01 -0.75279E+02 -0.48031E+02  0.00000E+00  0.00000E+00  0.00000E+00  0.43673E+02  0.23485E+03  0.63957E+02    551  0.00000E+00      0.000
     550.0000 -0.31646E+00  0.31056E+00 -0.31646E+00  0.30345E+00 -0.13011E-01 -0.17405E+03  0.17081E+03 -0.17405E+03  0.16691E+03 -0.60207E+01 -0.75279E+02 -0.48031E+02  0.00000E+00  0.00000E+00  0.00000E+00  0.43673E+02  0.23920E+03  0.65141E+02    561  0.00000E+00      0.000
     560.0000 -0.31646E+00  0.31056E+00 -0.31646E+00  0.30345E+00 -0.13011E-01 -0.17722E+03  0.17391E+03 -0.17722E+03  0.16994E+03 -0.61508E+01 -0.75279E+02 -0.48031E+02  0.00000E+00  0.00000E+00  0.00000E+00  0.43673E+02  0.24355E+03  0.66326E+02    571  0.00000E+00      0.000
     570.0000 -0.31646E+00  0.31056E+00 -0.31646E+00  0.30345E+00 -0.13011E-01 -0.18038E+03  0.17702E+03 -0.18038E+03  0.17298E+03 -0.62809E+01 -0.75279E+02 -0.48031E+02  0.00000E+00  0.00000E+00  0.00000E+00  0.43673E+02  0.24789E+03  0.67510E+02    581  0.00000E+00      0.000
     580.0000 -0.31646E+00  0.31056E+00 -0.31646E+00  0.30345E+00 -0.13011E-01 -0.18355E+03  0.18013E+03 -0.18355E+03  0.17601E+03 -0.64110E+01 -0.75279E+02 -0.48031E+02  0.00000E+00  0.00000E+00  0.00000E+00  0.43673E+02  0.25224E+03  0.68694E+02    591  0.00000E+00      0.000
     590.0000 -0.31646E+00  0.31056E+00 -0.31646E+00  0.30345E+00 -0.13011E-01 -0.18671E+03  0.18323E+03 -0.18671E+03  0.17905E+03 -0.65411E+01 -0.75279E+02 -0.48031E+02  0.00000E+00  0.00000E+00  0.00000E+00  0.43673E+02  0.25659E+03  0.69879E+02    601  0.00000E+00      0.000
     600.0000 -0.31646E+00  0.31056E+00 -0.31646E+00  0.30345E+00 -0.13011E-01 -0.18988E+03  0.18634E+03 -0.18988E+03  0.18208E+03 -0.66712E+01 -0.75279E+02 -0.48031E+02  0.00000E+00  0.00000E+00  0.00000E+00  0.43673E+02  0.26094E+03  0.71063E+02    611  0.00000E+00      0.000
     610.0000 -0.31646E+00  0.31056E+00 -0.31646E+00  0.30345E+00 -0.13011E-01 -0.19304E+03  0.18944E+03 -0.19304E+03  0.18511E+03 -0.68013E+01 -0.75279E+02 -0.48031E+02  0.00000E+00  0.00000E+00  0.00000E+00  0.43673E+02  0.26529E+03  0.72248E+02    621  0.00000E+00      0.000
     620.0000 -0.31646E+00  0.31056E+00 -0.31646E+00  0.30345E+00 -0.13011E-01 -0.19621E+03  0.19255E+03 -0.19621E+03  0.18815E+03 -0.69315E+01 -0.75279E+02 -0.48031E+02  0.00000E+00  0.00000E+00  0.00000E+00  0.43673E+02  0.26964E+03  0.73432E+02    631  0.00000E+00      0.000
     630.0000 -0.31646E+00  0.31056E+00 -0.31646E+00  0.30345E+00 -0.13011E-01 -0.19937E+03  0.19565E+03 -0.19937E+03  0.19118E+03 -0.70616E+01 -0.75279E+02 -0.48031E+02  0.00000E+00  0.00000E+00  0.00000E+00  0.43673E+02  0.27399E+03  0.74616E+02    641  0.00000E+00      0.000
     640.0000 -0.31646E+00  0.31056E+00 -0.31646E+00  0.30345E+00 -0.13011E-01 -0.20254E+03  0.19876E+03 -0.20254E+03  0.19422E+03 -0.71917E+01 -0.75279E+02 -0.48031E+02  0.00000E+00  0.00000E+00  0.00000E+00  0.43673E+02  0.27834E+03  0.75801E+02    651  0.00000E+00      0.000
     650.0000 -0.31646E+00  0.31056E+00 -0.31646E+00  0.30345E+00 -0.13012E-01 -0.20570E+03  0.20187E+03 -0.20570E+03  0.19725E+03 -0.73218E+01 -0.75279E+02 -0.48031E+02  0.00000E+00  0.00000E+00  0.00000E+00  0.43673E+02  0.28269E+03  0.76985E+02    661  0.00000E+00      0.000
     660.0000 -0.31646E+00  0.31056E+00 -0.31646E+00  0.30345E+00 -0.13012E-01 -0.20887E+03  0.20497E+03 -0.20887E+03  0.20029E+03 -0.74519E+01 -0.75279E+02 -0.48031E+02  0.00000E+00  0.00000E+00  0.00000E+00  0.43673E+02  0.28704E+03  0.78170E+02    671  0.00000E+00      0.000
     670.0000 -0.31646E+00  0.31056E+00 -0.31646E+00  0.30345E+00 -0.13013E-01 -0.21203E+03  0.20808E+03 -0.21203E+03  0.20332E+03 -0.75821E+01 -0.75279E+02 -0.48031E+02  0.00000E+00  0.00000E+00  0.00000E+00  0.43673E+02  0.29138E+03  0.79354E+02    681  0.00000E+00      0.000
     680.0000 -0.31646E+00  0.31056E+00 -0.31646E+00  0.30345E+00 -0.13013E-01 -0.21519E+03  0.21118E+03 -0.21519E+03  0.20636E+03 -0.77122E+01 -0.75279E+02 -0.48031E+02  0.00000E+00  0.00000E+00  0.00000E+00  0.43673E+02  0.29573E+03  0.80538E+02    691  0.00000E+00      0.000
     690.0000 -0.31646E+00  0.31056E+00 -0.31646E+00  0.30345E+00 -0.13013E-01 -0.21836E+03  0.21429E+03 -0.21836E+03  0.20939E+03 -0.78423E+01 -0.75279E+02 -0.48031E+02  0.00000E+00  0.00000E+00  0.00000E+00  0.43673E+02  0.30008E+03  0.81723E+02    701  0.00000E+00      0.000
     700.0000 -0.31646E+00  0.31056E+00 -0.31646E+00  0.30345E+00 -0.13013E-01 -0.22152E+03  0.21739E+03 -0.22152E+03  0.21242E+03 -0.79724E+01 -0.75279E+02 -0.48031E+02  0.00000E+00  0.00000E+00  0.00000E+00  0.43673E+02  0.30443E+03  0.82907E+02    711  0.00000E+00      0.000
     710.0000 -0.31646E+00  0.31056E+00 -0.31646E+00  0.30345E+00 -0.13014E-01 -0.22469E+03  0.22050E+03 -0.22469E+03  0.21546E+03 -0.81026E+01 -0.75279E+02 -0.48031E+02  0.00000E+00  0.00000E+00  0.00000E+00  0.43673E+02  0.30878E+03  0.84091E+02    721  0.00000E+00      0.000
     720.0000 -0.31646E+00  0.31056E+00 -0.31646E+00  0.30345E+00 -0.13014E-01 -0.22785E+03  0.22360E+03 -0.22785E+03  0.21849E+03 -0.82327E+01 -0.75279E+02 -0.48031E+02  0.00000E+00  0.00000E+00  0.00000E+00  0.43673E+02  0.31313E+03  0.85276E+02    731  0.00000E+00      0.000
     730.0000 -0.31646E+00  0.31056E+00 -0.31646E+00  0.30345E+00 -0.13014E-01 -0.23102E+03  0.22671E+03 -0.23102E+03  0.22153E+03 -0.83628E+01 -0.75279E+02 -0.48031E+02  0.00000E+00  0.00000E+00  0.00000E+00  0.43673E+02  0.31748E+03  0.86460E+02    741  0.00000E+00      0.000
     740.0000 -0.31646E+00  0.31056E+00 -0.31646E+00  0.30345E+00 -0.13014E-01 -0.23418E+03  0.22982E+03 -0.23418E+03  0.22456E+03 -0.84930E+01 -0.75279E+02 -0.48031E+02  0.00000E+00  0.00000E+00  0.00000E+00  0.43673E+02  0.32183E+03  0.87645E+02    751  0.00000E+00      0.000
     750.0000 -0.31646E+00  0.31056E+00 -0.31646E+00  0.30345E+00 -0.13014E-01 -0.23735E+03  0.23292E+03 -0.23735E+03  0.22760E+03 -0.86231E+01 -0.75279E+02 -0.48031E+02  0.00000E+00  0.00000E+00  0.00000E+00  0.43673E+02  0.32618E+03  0.88829E+02    761  0.00000E+00      0.000
     760.0000 -0.31646E+00  0.31056E+00 -0.31646E+00  0.30345E+00 -0.13016E-01 -0.24051E+03  0.23603E+03 -0.24051E+03  0.23063E+03 -0.87533E+01 -0.75279E+02 -0.48031E+02  0.00000E+00  0.00000E+00  0.00000E+00  0.43673E+02  0.33053E+03  0.90013E+02    771  0.00000E+00      0.000
     770.0000 -0.31646E+00  0.31056E+00 -0.31646E+00  0.30344E+00 -0.13016E-01 -0.24368E+03  0.23913E+03 -0.24368E+03  0.23367E+03 -0.88834E+01 -0.75279E+02 -0.48031E+02  0.00000E+00  0.00000E+00  0.00000E+00  0.43673E+02  0.33488E+03  0.91198E+02    781  0.00000E+00      0.000
     780.0000 -0.31646E+00  0.31056E+00 -0.31646E+00  0.30344E+00 -0.13017E-01 -0.24684E+03  0.24224E+03 -0.24684E+03  0.23670E+03 -0.90136E+01 -0.75279E+02 -0.48031E+02  0.00000E+00  0.00000E+00  0.00000E+00  0.43673E+02  0.33922E+03  0.92382E+02    791  0.00000E+00      0.000
     790.0000 -0.31646E+00  0.31056E+00 -0.31646E+00  0.30344E+00 -0.13018E-01 -0.25001E+03  0.24534E+03 -0.25001E+03  0.23974E+03 -0.91438E+01 -0.75279E+02 -0.48031E+02  0.00000E+00  0.00000E+00  0.00000E+00  0.43673E+02  0.34357E+03  0.93567E+02    801  0.00000E+00      0.000
     800.0000 -0.31646E+00  0.31056E+00 -0.31646E+00  0.30344E+00 -0.13019E-01 -0.25317E+03  0.24845E+03 -0.25317E+03  0.24277E+03 -0.92740E+01 -0.75279E+02 -0.48031E+02  0.00000E+00  0.00000E+00  0.00000E+00  0.43673E+02  0.34792E+03  0.94751E+02    811  0.00000E+00      0.000
     810.0000 -0.31646E+00  0.31056E+00 -0.31646E+00  0.30344E+00 -0.13019E-01 -0.25634E+03  0.25156E+03 -0.25634E+03  0.24580E+03 -0.94041E+01 -0.75279E+02 -0.48031E+02  0.00000E+00  0.00000E+00  0.00000E+00  0.43673E+02  0.35227E+03  0.95935E+02    821  0.00000E+00      0.000
     820.0000 -0.31646E+00  0.31056E+00 -0.31646E+00  0.30344E+00 -0.13020E-01 -0.25950E+03  0.25466E+03 -0.25950E+03  0.24884E+03 -0.95343E+01 -0.75279E+02 -0.48031E+02  0.00000E+00  0.00000E+00  0.00000E+00  0.43673E+02  0.35662E+03  0.97120E+02    831  0.00000E+00      0.000
     830.0000 -0.31646E+00  0.31056E+00 -0.31646E+00  0.30344E+00 -0.13021E-01 -0.26266E+03  0.25777E+03 -0.26266E+03  0.25187E+03 -0.96646E+01 -0.75279E+02 -0.48031E+02  0.00000E+00  0.00000E+00  0.00000E+00  0.43673E+02  0.36097E+03  0.98304E+02    841  0.00000E+00      0.000
     840.0000 -0.31646E+00  0.31056E+00 -0.31646E+00  0.30344E+00 -0.13021E-01 -0.26583E+03  0.26087E+03 -0.26583E+03  0.25491E+03 -0.97948E+01 -0.75279E+02 -0.48031E+02  0.00000E+00  0.00000E+00  0.00000E+00  0.43673E+02  0.36532E+03  0.99489E+02    851  0.00000E+00      0.000
     850.0000 -0.31646E+00  0.31056E+00 -0.31646E+00  0.30344E+00 -0.13023E-01 -0.26899E+03  0.26398E+03 -0.26899E+03  0.25794E+03 -0.99250E+01 -0.75279E+02 -0.48031E+02  0.00000E+00  0.00000E+00  0.00000E+00  0.43673E+02  0.36967E+03  0.10067E+03    861  0.00000E+00      0.000
     860.0000 -0.31646E+00  0.31056E+00 -0.31646E+00  0.30344E+00 -0.13023E-01 -0.27216E+03  0.26708E+03 -0.27216E+03  0.26098E+03 -0.10055E+02 -0.75279E+02 -0.48031E+02  0.00000E+00  0.00000E+00  0.00000E+00  0.43673E+02  0.37402E+03  0.10186E+03    871  0.00000E+00      0.000
     870.0000 -0.31646E+00  0.31056E+00 -0.31646E+00  0.30344E+00 -0.13024E-01 -0.27532E+03  0.27019E+03 -0.27532E+03  0.26401E+03 -0.10185E+02 -0.75279E+02 -0.48031E+02  0.00000E+00  0.00000E+00  0.00000E+00  0.43673E+02  0.37837E+03  0.10304E+03    881  0.00000E+00      0.000
     880.0000 -0.31646E+00  0.31056E+00 -0.31646E+00  0.30344E+00 -0.13024E-01 -0.27849E+03  0.27329E+03 -0.27849E+03  0.26704E+03 -0.10316E+02 -0.75279E+02 -0.48031E+02  0.00000E+00  0.00000E+00  0.00000E+00  0.43673E+02  0.38272E+03  0.10423E+03    891  0.00000E+00      0.000
     890.0000 -0.31646E+00  0.31056E+00 -0.31646E+00  0.30344E+00 -0.13025E-01 -0.28165E+03  0.27640E+03 -0.28165E+03  0.27008E+03 -0.10446E+02 -0.75279E+02 -0.48031E+02  0.00000E+00  0.00000E+00  0.00000E+00  0.43673E+02  0.38706E+03  0.10541E+03    901  0.00000E+00      0.000
     900.0000 -0.31646E+00  0.31056E+00 -0.31646E+00  0.30344E+00 -0.13026E-01 -0.28482E+03  0.27950E+03 -0.28482E+03  0.27311E+03 -0.10576E+02 -0.75279E+02 -0.48031E+02  0.00000E+00  0.00000E+00  0.00000E+00  0.43673E+02  0.39141E+03  0.10659E+03    911  0.00000E+00      0.000
     910.0000 -0.31646E+00  0.31056E+00 -0.31646E+00  0.30343E+00 -0.13026E-01 -0.28798E+03  0.28261E+03 -0.28798E+03  0.27615E+03 -0.10706E+02 -0.75279E+02 -0.48031E+02  0.00000E+00  0.00000E+00  0.00000E+00  0.43673E+02  0.39576E+03  0.10778E+03    921  0.00000E+00      0.000
     920.0000 -0.31646E+00  0.31056E+00 -0.31646E+00  0.30343E+00 -0.13028E-01 -0.29115E+03  0.28572E+03 -0.29115E+03  0.27918E+03 -0.10837E+02 -0.75279E+02 -0.48031E+02  0.00000E+00  0.00000E+00  0.00000E+00  0.43673E+02  0.40011E+03  0.10896E+03    931  0.00000E+00      0.000
     930.0000 -0.31646E+00  0.31056E+00 -0.31646E+00  0.30343E+00 -0.13029E-01 -0.29431E+03  0.28882E+03 -0.29431E+03  0.28222E+03 -0.10967E+02 -0.75279E+02 -0.48031E+02  0.00000E+00  0.00000E+00  0.00000E+00  0.43673E+02  0.40446E+03  0.11015E+03    941  0.00000E+00      0.000
     940.0000 -0.31646E+00  0.31056E+00 -0.31646E+00  0.30343E+00 -0.13030E-01 -0.29748E+03  0.29193E+03 -0.29748E+03  0.28525E+03 -0.11097E+02 -0.75279E+02 -0.48031E+02  0.00000E+00  0.00000E+00  0.00000E+00  0.43673E+02  0.40881E+03  0.11133E+03    951  0.00000E+00      0.000
     950.0000 -0.31646E+00  0.31056E+00 -0.31646E+00  0.30343E+00 -0.13032E-01 -0.30064E+03  0.29503E+03 -0.30064E+03  0.28829E+03 -0.11228E+02 -0.75279E+02 -0.48031E+02  0.00000E+00  0.00000E+00  0.00000E+00  0.43673E+02  0.41316E+03  0.11252E+03    961  0.00000E+00      0.000
     960.0000 -0.31646E+00  0.31056E+00 -0.31646E+00  0.30343E+00 -0.13033E-01 -0.30381E+03  0.29814E+03 -0.30381E+03  0.29132E+03 -0.11358E+02 -0.75279E+02 -0.48031E+02  0.00000E+00  0.00000E+00  0.00000E+00  0.43673E+02  0.41751E+03  0.11370E+03    971  0.00000E+00      0.000
     970.0000 -0.31646E+00  0.31056E+00 -0.31646E+00  0.30343E+00 -0.13035E-01 -0.30697E+03  0.30124E+03 -0.30697E+03  0.29435E+03 -0.11488E+02 -0.75279E+02 -0.48031E+02  0.00000E+00  0.00000E+00  0.00000E+00  0.43673E+02  0.42186E+03  0.11489E+03    981  0.00000E+00      0.000
     980.0000 -0.31646E+00  0.31056E+00 -0.31646E+00  0.30342E+00 -0.13036E-01 -0.31014E+03  0.30435E+03 -0.31013E+03  0.29739E+03 -0.11619E+02 -0.75279E+02 -0.48031E+02  0.00000E+00  0.00000E+00  0.00000E+00  0.43673E+02  0.42621E+03  0.11607E+03    991  0.00000E+00      0.000
     990.0000 -0.31646E+00  0.31056E+00 -0.31646E+00  0.30342E+00 -0.13038E-01 -0.31330E+03  0.30745E+03 -0.31330E+03  0.30042E+03 -0.11749E+02 -0.75279E+02 -0.48030E+02  0.00000E+00  0.00000E+00  0.00000E+00  0.43673E+02  0.43055E+03  0.11725E+03   1001  0.00000E+00      0.000
    1000.0000 -0.31646E+00  0.31056E+00 -0.31646E+00  0.30342E+00 -0.13039E-01 -0.31646E+03  0.31056E+03 -0.31646E+03  0.30346E+03 -0.11879E+02 -0.75279E+02 -0.48030E+02  0.00000E+00  0.00000E+00  0.00000E+00  0.43673E+02  0.43490E+03  0.11844E+03   1011  0.00000E+00      0.000
    1010.0000 -0.31646E+00  0.31056E+00 -0.31646E+00  0.30342E+00 -0.13040E-01 -0.31963E+03  0.31366E+03 -0.31963E+03  0.30649E+03 -0.12010E+02 -0.75279E+02 -0.48030E+02  0.00000E+00  0.00000E+00  0.00000E+00  0.43673E+02  0.43925E+03  0.11962E+03   1021  0.00000E+00      0.000
    1020.0000 -0.31646E+00  0.31056E+00 -0.31646E+00  0.30342E+00 -0.13042E-01 -0.32279E+03  0.31677E+03 -0.32279E+03  0.30953E+03 -0.12140E+02 -0.75279E+02 -0.48030E+02  0.00000E+00  0.00000E+00  0.00000E+00  0.43673E+02  0.44360E+03  0.12081E+03   1031  0.00000E+00      0.000
    1030.0000 -0.31646E+00  0.31056E+00 -0.31646E+00  0.30342E+00 -0.13043E-01 -0.32596E+03  0.31988E+03 -0.32596E+03  0.31256E+03 -0.12271E+02 -0.75279E+02 -0.48030E+02  0.00000E+00  0.00000E+00  0.00000E+00  0.43673E+02  0.44795E+03  0.12199E+03   1041  0.00000E+00      0.000
    1040.0000 -0.31646E+00  0.31056E+00 -0.31646E+00  0.30342E+00 -0.13045E-01 -0.32912E+03  0.32298E+03 -0.32912E+03  0.31559E+03 -0.12401E+02 -0.75279E+02 -0.48030E+02  0.00000E+00  0.00000E+00  0.00000E+00  0.43673E+02  0.45230E+03  0.12318E+03   1051  0.00000E+00      0.000
    1050.0000 -0.31646E+00  0.31056E+00 -0.31646E+00  0.30342E+00 -0.13045E-01 -0.33229E+03  0.32609E+03 -0.33229E+03  0.31863E+03 -0.12531E+02 -0.75279E+02 -0.48030E+02  0.00000E+00  0.00000E+00  0.00000E+00  0.43673E+02  0.45665E+03  0.12436E+03   1061  0.00000E+00      0.000
    1060.0000 -0.31646E+00  0.31056E+00 -0.31646E+00  0.30341E+00 -0.13048E-01 -0.33545E+03  0.32919E+03 -0.33545E+03  0.32166E+03 -0.12662E+02 -0.75279E+02 -0.48030E+02  0.00000E+00  0.00000E+00  0.00000E+00  0.43673E+02  0.46100E+03  0.12555E+03   1071  0.00000E+00      0.000
    1070.0000 -0.31646E+00  0.31056E+00 -0.31646E+00  0.30341E+00 -0.13048E-01 -0.33862E+03  0.33230E+03 -0.33862E+03  0.32470E+03 -0.12792E+02 -0.75279E+02 -0.48030E+02  0.00000E+00  0.00000E+00  0.00000E+00  0.43673E+02  0.46535E+03  0.12673E+03   1081  0.00000E+00      0.000
    1080.0000 -0.31646E+00  0.31056E+00 -0.31646E+00  0.30341E+00 -0.13050E-01 -0.34178E+03  0.33540E+03 -0.34178E+03  0.32773E+03 -0.12923E+02 -0.75279E+02 -0.48030E+02  0.00000E+00  0.00000E+00  0.00000E+00  0.43673E+02  0.46970E+03  0.12791E+03   1091  0.00000E+00      0.000
    1090.0000 -0.31646E+00  0.31056E+00 -0.31646E+00  0.30341E+00 -0.13050E-01 -0.34495E+03  0.33851E+03 -0.34495E+03  0.33076E+03 -0.13053E+02 -0.75279E+02 -0.48030E+02  0.00000E+00  0.00000E+00  0.00000E+00  0.43673E+02  0.47405E+03  0.12910E+03   1101  0.00000E+00      0.000
    1095.0000 -0.31646E+00  0.31056E+00 -0.31646E+00  0.30341E+00 -0.13051E-01 -0.34653E+03  0.34006E+03 -0.34653E+03  0.33228E+03 -0.13119E+02 -0.75279E+02 -0.48030E+02  0.00000E+00  0.00000E+00  0.00000E+00  0.43673E+02  0.47622E+03  0.12969E+03   1106  0.00000E+00      0.000
    1100.0000 -0.31646E+00  0.31056E+00 -0.31646E+00  0.30341E+00 -0.13052E-01 -0.34811E+03  0.34161E+03 -0.34811E+03  0.33380E+03 -0.13184E+02 -0.75279E+02 -0.48030E+02  0.00000E+00  0.00000E+00  0.00000E+00  0.43673E+02  0.47839E+03  0.13028E+03   1111  0.00000E+00      0.000
    1110.0000 -0.31646E+00  0.31056E+00 -0.31646E+00  0.30341E+00 -0.13053E-01 -0.35128E+03  0.34472E+03 -0.35128E+03  0.33683E+03 -0.13314E+02 -0.75279E+02 -0.48030E+02  0.00000E+00  0.00000E+00  0.00000E+00  0.43673E+02  0.48274E+03  0.13147E+03   1121  0.00000E+00      0.000
    1120.0000 -0.31646E+00  0.31056E+00 -0.31646E+00  0.30341E+00 -0.13055E-01 -0.35444E+03  0.34782E+03 -0.35444E+03  0.33987E+03 -0.13445E+02 -0.75279E+02 -0.48030E+02  0.00000E+00  0.00000E+00  0.00000E+00  0.43673E+02  0.48709E+03  0.13265E+03   1131  0.00000E+00      0.000
    1130.0000 -0.31646E+00  0.31056E+00 -0.31646E+00  0.30340E+00 -0.13057E-01 -0.35761E+03  0.35093E+03 -0.35761E+03  0.34290E+03 -0.13576E+02 -0.75279E+02 -0.48030E+02  0.00000E+00  0.00000E+00  0.00000E+00  0.43673E+02  0.49144E+03  0.13384E+03   1141  0.00000E+00      0.000
    1140.0000 -0.31646E+00  0.31056E+00 -0.31646E+00  0.30340E+00 -0.13059E-01 -0.36077E+03  0.35404E+03 -0.36077E+03  0.34593E+03 -0.13706E+02 -0.75279E+02 -0.48030E+02  0.00000E+00  0.00000E+00  0.00000E+00  0.43673E+02  0.49579E+03  0.13502E+03   1151  0.00000E+00      0.000
    1150.0000 -0.31646E+00  0.31056E+00 -0.31646E+00  0.30340E+00 -0.13061E-01 -0.36393E+03  0.35714E+03 -0.36393E+03  0.34897E+03 -0.13837E+02 -0.75279E+02 -0.48030E+02  0.00000E+00  0.00000E+00  0.00000E+00  0.43673E+02  0.50014E+03  0.13620E+03   1161  0.00000E+00      0.000
    1160.0000 -0.31646E+00  0.31056E+00 -0.31646E+00  0.30340E+00 -0.13064E-01 -0.36710E+03  0.36025E+03 -0.36710E+03  0.35200E+03 -0.13967E+02 -0.75279E+02 -0.48030E+02  0.00000E+00  0.00000E+00  0.00000E+00  0.43673E+02  0.50449E+03  0.13739E+03   1171  0.00000E+00      0.000
    1170.0000 -0.31646E+00  0.31056E+00 -0.31646E+00  0.30339E+00 -0.13066E-01 -0.37026E+03  0.36335E+03 -0.37026E+03  0.35504E+03 -0.14098E+02 -0.75279E+02 -0.48030E+02  0.00000E+00  0.00000E+00  0.00000E+00  0.43673E+02  0.50884E+03  0.13857E+03   1181  0.00000E+00      0.000
    1180.0000 -0.31646E+00  0.31056E+00 -0.31646E+00  0.30339E+00 -0.13069E-01 -0.37343E+03  0.36646E+03 -0.37343E+03  0.35807E+03 -0.14229E+02 -0.75279E+02 -0.48030E+02  0.00000E+00  0.00000E+00  0.00000E+00  0.43673E+02  0.51319E+03  0.13976E+03   1191  0.00000E+00      0.000
    1190.0000 -0.31646E+00  0.31056E+00 -0.31646E+00  0.30339E+00 -0.13070E-01 -0.37659E+03  0.36956E+03 -0.37659E+03  0.36110E+03 -0.14359E+02 -0.75279E+02 -0.48030E+02  0.00000E+00  0.00000E+00  0.00000E+00  0.43673E+02  0.51754E+03  0.14094E+03   1201  0.00000E+00      0.000
    1200.0000 -0.31646E+00  0.31056E+00 -0.31646E+00  0.30339E+00 -0.13073E-01 -0.37976E+03  0.37267E+03 -0.37976E+03  0.36414E+03 -0.14490E+02 -0.75279E+02 -0.48030E+02  0.00000E+00  0.00000E+00  0.00000E+00  0.43673E+02  0.52188E+03  0.14213E+03   1211  0.00000E+00      0.000
    1210.0000 -0.31646E+00  0.31056E+00 -0.31646E+00  0.30339E+00 -0.13075E-01 -0.38292E+03  0.37577E+03 -0.38292E+03  0.36717E+03 -0.14621E+02 -0.75279E+02 -0.48030E+02  0.00000E+00  0.00000E+00  0.00000E+00  0.43673E+02  0.52623E+03  0.14331E+03   1221  0.00000E+00      0.000
    1220.0000 -0.31646E+00  0.31056E+00 -0.31646E+00  0.30338E+00 -0.13076E-01 -0.38609E+03  0.37888E+03 -0.38609E+03  0.37021E+03 -0.14752E+02 -0.75279E+02 -0.48030E+02  0.00000E+00  0.00000E+00  0.00000E+00  0.43673E+02  0.53058E+03  0.14450E+03   1231  0.00000E+00      0.000
    1230.0000 -0.31646E+00  0.31056E+00 -0.31646E+00  0.30338E+00 -0.13079E-01 -0.38925E+03  0.38199E+03 -0.38925E+03  0.37324E+03 -0.14882E+02 -0.75279E+02 -0.48030E+02  0.00000E+00  0.00000E+00  0.00000E+00  0.43673E+02  0.53493E+03  0.14568E+03   1241  0.00000E+00      0.000
    1240.0000 -0.31646E+00  0.31056E+00 -0.31646E+00  0.30338E+00 -0.13081E-01 -0.39242E+03  0.38509E+03 -0.39242E+03  0.37627E+03 -0.15013E+02 -0.75279E+02 -0.48030E+02  0.00000E+00  0.00000E+00  0.00000E+00  0.43673E+02  0.53928E+03  0.14686E+03   1251  0.00000E+00      0.000
    1250.0000 -0.31646E+00  0.31056E+00 -0.31646E+00  0.30338E+00 -0.13083E-01 -0.39558E+03  0.38820E+03 -0.39558E+03  0.37931E+03 -0.15144E+02 -0.75279E+02 -0.48030E+02  0.00000E+00  0.00000E+00  0.00000E+00  0.43673E+02  0.54363E+03  0.14805E+03   1261  0.00000E+00      0.000
    1260.0000 -0.31646E+00  0.31056E+00 -0.31646E+00  0.30338E+00 -0.13085E-01 -0.39875E+03  0.39130E+03 -0.39875E+03  0.38234E+03 -0.15275E+02 -0.75279E+02 -0.48030E+02  0.00000E+00  0.00000E+00  0.00000E+00  0.43673E+02  0.54798E+03  0.14923E+03   1271  0.00000E+00      0.000
    1270.0000 -0.31646E+00  0.31056E+00 -0.31646E+00  0.30337E+00 -0.13088E-01 -0.40191E+03  0.39441E+03 -0.40191E+03  0.38537E+03 -0.15406E+02 -0.75279E+02 -0.48030E+02  0.00000E+00  0.00000E+00  0.00000E+00  0.43673E+02  0.55233E+03  0.15042E+03   1281  0.00000E+00      0.000
    1280.0000 -0.31646E+00  0.31056E+00 -0.31646E+00  0.30337E+00 -0.13089E-01 -0.40508E+03  0.39751E+03 -0.40508E+03  0.38841E+03 -0.15537E+02 -0.75279E+02 -0.48030E+02  0.00000E+00  0.00000E+00  0.00000E+00  0.43673E+02  0.55667E+03  0.15160E+03   1291  0.00000E+00      0.000
    1290.0000 -0.31646E+00  0.31056E+00 -0.31646E+00  0.30337E+00 -0.13091E-01 -0.40824E+03  0.40062E+03 -0.40824E+03  0.39144E+03 -0.15667E+02 -0.75279E+02 -0.48030E+02  0.00000E+00  0.00000E+00  0.00000E+00  0.43673E+02  0.56102E+03  0.15279E+03   1301  0.00000E+00      0.000
    1300.0000 -0.31646E+00  0.31056E+00 -0.31646E+00  0.30337E+00 -0.13094E-01 -0.41140E+03  0.40372E+03 -0.41140E+03  0.39448E+03 -0.15798E+02 -0.75279E+02 -0.48030E+02  0.00000E+00  0.00000E+00  0.00000E+00  0.43673E+02  0.56537E+03  0.15397E+03   1311  0.00000E+00      0.000
    1310.0000 -0.31646E+00  0.31056E+00 -0.31646E+00  0.30336E+00 -0.13095E-01 -0.41457E+03  0.40683E+03 -0.41457E+03  0.39751E+03 -0.15929E+02 -0.75279E+02 -0.48030E+02  0.00000E+00  0.00000E+00  0.00000E+00  0.43673E+02  0.56972E+03  0.15515E+03   1321  0.00000E+00      0.000
    1320.0000 -0.31646E+00  0.31056E+00 -0.31646E+00  0.30336E+00 -0.13098E-01 -0.41773E+03  0.40993E+03 -0.41773E+03  0.40054E+03 -0.16060E+02 -0.75279E+02 -0.48030E+02  0.00000E+00  0.00000E+00  0.00000E+00  0.43673E+02  0.57407E+03  0.15634E+03   1331  0.00000E+00      0.000
    1330.0000 -0.31646E+00  0.31056E+00 -0.31646E+00  0.30336E+00 -0.13100E-01 -0.42090E+03  0.41304E+03 -0.42090E+03  0.40358E+03 -0.16191E+02 -0.75279E+02 -0.48030E+02  0.00000E+00  0.00000E+00  0.00000E+00  0.43673E+02  0.57842E+03  0.15752E+03   1341  0.00000E+00      0.000
    1340.0000 -0.31646E+00  0.31056E+00 -0.31646E+00  0.30336E+00 -0.13101E-01 -0.42406E+03  0.41615E+03 -0.42406E+03  0.40661E+03 -0.16322E+02 -0.75279E+02 -0.48030E+02  0.00000E+00  0.00000E+00  0.00000E+00  0.43673E+02  0.58277E+03  0.15871E+03   1351  0.00000E+00      0.000
    1350.0000 -0.31646E+00  0.31056E+00 -0.31646E+00  0.30336E+00 -0.13105E-01 -0.42723E+03  0.41925E+03 -0.42723E+03  0.40964E+03 -0.16453E+02 -0.75279E+02 -0.48030E+02  0.00000E+00  0.00000E+00  0.00000E+00  0.43673E+02  0.58712E+03  0.15989E+03   1361  0.00000E+00      0.000
    1360.0000 -0.31646E+00  0.31056E+00 -0.31646E+00  0.30335E+00 -0.13108E-01 -0.43039E+03  0.42236E+03 -0.43039E+03  0.41268E+03 -0.16584E+02 -0.75279E+02 -0.48030E+02  0.00000E+00  0.00000E+00  0.00000E+00  0.43673E+02  0.59146E+03  0.16108E+03   1371  0.00000E+00      0.000
    1370.0000 -0.31646E+00  0.31056E+00 -0.31646E+00  0.30335E+00 -0.13110E-01 -0.43356E+03  0.42546E+03 -0.43356E+03  0.41571E+03 -0.16716E+02 -0.75278E+02 -0.48030E+02  0.00000E+00  0.00000E+00  0.00000E+00  0.43673E+02  0.59581E+03  0.16226E+03   1381  0.00000E+00      0.000
    1380.0000 -0.31646E+00  0.31056E+00 -0.31646E+00  0.30335E+00 -0.13114E-01 -0.43672E+03  0.42857E+03 -0.43672E+03  0.41874E+03 -0.16847E+02 -0.75278E+02 -0.48030E+02  0.00000E+00  0.00000E+00  0.00000E+00  0.43673E+02  0.60016E+03  0.16345E+03   1391  0.00000E+00      0.000
    1390.0000 -0.31646E+00  0.31056E+00 -0.31646E+00  0.30334E+00 -0.13117E-01 -0.43989E+03  0.43167E+03 -0.43989E+03  0.42178E+03 -0.16978E+02 -0.75278E+02 -0.48030E+02  0.00000E+00  0.00000E+00  0.00000E+00  0.43673E+02  0.60451E+03  0.16463E+03   1401  0.00000E+00      0.000
    1400.0000 -0.31646E+00  0.31056E+00 -0.31646E+00  0.30334E+00 -0.13119E-01 -0.44305E+03  0.43478E+03 -0.44305E+03  0.42481E+03 -0.17109E+02 -0.75278E+02 -0.48030E+02  0.00000E+00  0.00000E+00  0.00000E+00  0.43673E+02  0.60886E+03  0.16581E+03   1411  0.00000E+00      0.000
    1410.0000 -0.31646E+00  0.31056E+00 -0.31646E+00  0.30334E+00 -0.13123E-01 -0.44622E+03  0.43788E+03 -0.44622E+03  0.42784E+03 -0.17240E+02 -0.75278E+02 -0.48030E+02  0.00000E+00  0.00000E+00  0.00000E+00  0.43673E+02  0.61321E+03  0.16700E+03   1421  0.00000E+00      0.000
    1420.0000 -0.31646E+00  0.31056E+00 -0.31646E+00  0.30333E+00 -0.13126E-01 -0.44938E+03  0.44099E+03 -0.44938E+03  0.43088E+03 -0.17371E+02 -0.75278E+02 -0.48030E+02  0.00000E+00  0.00000E+00  0.00000E+00  0.43673E+02  0.61756E+03  0.16818E+03   1431  0.00000E+00      0.000
    1430.0000 -0.31646E+00  0.31056E+00 -0.31646E+00  0.30333E+00 -0.13129E-01 -0.45255E+03  0.44409E+03 -0.45255E+03  0.43391E+03 -0.17503E+02 -0.75278E+02 -0.48030E+02  0.00000E+00  0.00000E+00  0.00000E+00  0.43673E+02  0.62191E+03  0.16937E+03   1441  0.00000E+00      0.000
    1440.0000 -0.31646E+00  0.31056E+00 -0.31646E+00  0.30333E+00 -0.13132E-01 -0.45571E+03  0.44720E+03 -0.45571E+03  0.43694E+03 -0.17634E+02 -0.75278E+02 -0.48030E+02  0.00000E+00  0.00000E+00  0.00000E+00  0.43673E+02  0.62625E+03  0.17055E+03   1451  0.00000E+00      0.000
    1450.0000 -0.31646E+00  0.31056E+00 -0.31646E+00  0.30333E+00 -0.13135E-01 -0.45887E+03  0.45031E+03 -0.45887E+03  0.43998E+03 -0.17765E+02 -0.75278E+02 -0.48030E+02  0.00000E+00  0.00000E+00  0.00000E+00  0.43673E+02  0.63060E+03  0.17174E+03   1461  0.00000E+00      0.000
    1460.0000 -0.31646E+00  0.31056E+00 -0.31646E+00  0.30332E+00 -0.13138E-01 -0.46204E+03  0.45341E+03 -0.46204E+03  0.44301E+03 -0.17897E+02 -0.75278E+02 -0.48030E+02  0.00000E+00  0.00000E+00  0.00000E+00  0.43673E+02  0.63495E+03  0.17292E+03   1471  0.00000E+00      0.000
    1470.0000 -0.31646E+00  0.31056E+00 -0.31646E+00  0.30332E+00 -0.13141E-01 -0.46520E+03  0.45652E+03 -0.46520E+03  0.44604E+03 -0.18028E+02 -0.75278E+02 -0.48030E+02  0.00000E+00  0.00000E+00  0.00000E+00  0.43673E+02  0.63930E+03  0.17410E+03   1481  0.00000E+00      0.000
    1480.0000 -0.31646E+00  0.31056E+00 -0.31646E+00  0.30332E+00 -0.13143E-01 -0.46837E+03  0.45962E+03 -0.46837E+03  0.44908E+03 -0.18160E+02 -0.75278E+02 -0.48030E+02  0.00000E+00  0.00000E+00  0.00000E+00  0.43673E+02  0.64365E+03  0.17529E+03   1491  0.00000E+00      0.000
    1490.0000 -0.31646E+00  0.31056E+00 -0.31646E+00  0.30331E+00 -0.13146E-01 -0.47153E+03  0.46273E+03 -0.47153E+03  0.45211E+03 -0.18291E+02 -0.75278E+02 -0.48030E+02  0.00000E+00  0.00000E+00  0.00000E+00  0.43673E+02  0.64800E+03  0.17647E+03   1501  0.00000E+00      0.000
    1500.0000 -0.31646E+00  0.31056E+00 -0.31646E+00  0.30331E+00 -0.13149E-01 -0.47470E+03  0.46583E+03 -0.47470E+03  0.45514E+03 -0.18422E+02 -0.75278E+02 -0.48030E+02  0.00000E+00  0.00000E+00  0.00000E+00  0.43673E+02  0.65235E+03  0.17766E+03   1511  0.00000E+00      0.000
    1510.0000 -0.31646E+00  0.31056E+00 -0.31646E+00  0.30331E+00 -0.13152E-01 -0.47786E+03  0.46894E+03 -0.47786E+03  0.45818E+03 -0.18554E+02 -0.75278E+02 -0.48030E+02  0.00000E+00  0.00000E+00  0.00000E+00  0.43673E+02  0.65670E+03  0.17884E+03   1521  0.00000E+00      0.000
    1520.0000 -0.31646E+00  0.31056E+00 -0.31646E+00  0.30331E+00 -0.13154E-01 -0.48103E+03  0.47204E+03 -0.48103E+03  0.46121E+03 -0.18686E+02 -0.75278E+02 -0.48030E+02  0.00000E+00  0.00000E+00  0.00000E+00  0.43673E+02  0.66104E+03  0.18003E+03   1531  0.00000E+00      0.000
    1530.0000 -0.31646E+00  0.31056E+00 -0.31646E+00  0.30330E+00 -0.13158E-01 -0.48419E+03  0.47515E+03 -0.48419E+03  0.46424E+03 -0.18817E+02 -0.75278E+02 -0.48030E+02  0.00000E+00  0.00000E+00  0.00000E+00  0.43673E+02  0.66539E+03  0.18121E+03   1541  0.00000E+00      0.000
    1540.0000 -0.31646E+00  0.31056E+00 -0.31646E+00  0.30330E+00 -0.13161E-01 -0.48736E+03  0.47825E+03 -0.48736E+03  0.46728E+03 -0.18949E+02 -0.75278E+02 -0.48030E+02  0.00000E+00  0.00000E+00  0.00000E+00  0.43673E+02  0.66974E+03  0.18240E+03   1551  0.00000E+00      0.000
    1550.0000 -0.31646E+00  0.31056E+00 -0.31646E+00  0.30330E+00 -0.13163E-01 -0.49052E+03  0.48136E+03 -0.49052E+03  0.47031E+03 -0.19080E+02 -0.75278E+02 -0.48030E+02  0.00000E+00  0.00000E+00  0.00000E+00  0.43673E+02  0.67409E+03  0.18358E+03   1561  0.00000E+00      0.000
    1560.0000 -0.31646E+00  0.31056E+00 -0.31646E+00  0.30329E+00 -0.13165E-01 -0.49369E+03  0.48447E+03 -0.49369E+03  0.47334E+03 -0.19212E+02 -0.75278E+02 -0.48030E+02  0.00000E+00  0.00000E+00  0.00000E+00  0.43673E+02  0.67844E+03  0.18476E+03   1571  0.00000E+00      0.000
    1570.0000 -0.31646E+00  0.31056E+00 -0.31646E+00  0.30329E+00 -0.13168E-01 -0.49685E+03  0.48757E+03 -0.49685E+03  0.47637E+03 -0.19344E+02 -0.75278E+02 -0.48030E+02  0.00000E+00  0.00000E+00  0.00000E+00  0.43673E+02  0.68279E+03  0.18595E+03   1581  0.00000E+00      0.000
    1580.0000 -0.31646E+00  0.31056E+00 -0.31646E+00  0.30329E+00 -0.13171E-01 -0.50002E+03  0.49068E+03 -0.50002E+03  0.47941E+03 -0.19475E+02 -0.75278E+02 -0.48030E+02  0.00000E+00  0.00000E+00  0.00000E+00  0.43673E+02  0.68714E+03  0.18713E+03   1591  0.00000E+00      0.000
    1590.0000 -0.31646E+00  0.31056E+00 -0.31646E+00  0.30329E+00 -0.13174E-01 -0.50318E+03  0.49378E+03 -0.50318E+03  0.48244E+03 -0.19607E+02 -0.75278E+02 -0.48030E+02  0.00000E+00  0.00000E+00  0.00000E+00  0.43673E+02  0.69149E+03  0.18832E+03   1601  0.00000E+00      0.000
    1600.0000 -0.31646E+00  0.31056E+00 -0.31646E+00  0.30328E+00 -0.13178E-01 -0.50634E+03  0.49689E+03 -0.50634E+03  0.48547E+03 -0.19739E+02 -0.75278E+02 -0.48030E+02  0.00000E+00  0.00000E+00  0.00000E+00  0.43673E+02  0.69583E+03  0.18950E+03   1611  0.00000E+00      0.000
    1610.0000 -0.31646E+00  0.31056E+00 -0.31646E+00  0.30328E+00 -0.13181E-01 -0.50951E+03  0.49999E+03 -0.50951E+03  0.48851E+03 -0.19871E+02 -0.75278E+02 -0.48030E+02  0.00000E+00  0.00000E+00  0.00000E+00  0.43673E+02  0.70018E+03  0.19069E+03   1621  0.00000E+00      0.000
    1620.0000 -0.31646E+00  0.31056E+00 -0.31646E+00  0.30327E+00 -0.13186E-01 -0.51267E+03  0.50310E+03 -0.51267E+03  0.49154E+03 -0.20002E+02 -0.75278E+02 -0.48030E+02  0.00000E+00  0.00000E+00  0.00000E+00  0.43673E+02  0.70453E+03  0.19187E+03   1631  0.00000E+00      0.000
    1630.0000 -0.31646E+00  0.31056E+00 -0.31646E+00  0.30327E+00 -0.13189E-01 -0.51584E+03  0.50620E+03 -0.51584E+03  0.49457E+03 -0.20134E+02 -0.75278E+02 -0.48030E+02  0.00000E+00  0.00000E+00  0.00000E+00  0.43673E+02  0.70888E+03  0.19306E+03   1641  0.00000E+00      0.000
    1640.0000 -0.31646E+00  0.31056E+00 -0.31646E+00  0.30327E+00 -0.13193E-01 -0.51900E+03  0.50931E+03 -0.51900E+03  0.49760E+03 -0.20266E+02 -0.75278E+02 -0.48030E+02  0.00000E+00  0.00000E+00  0.00000E+00  0.43673E+02  0.71323E+03  0.19424E+03   1651  0.00000E+00      0.000
    1650.0000 -0.31646E+00  0.31056E+00 -0.31646E+00  0.30326E+00 -0.13197E-01 -0.52217E+03  0.51241E+03 -0.52217E+03  0.50064E+03 -0.20398E+02 -0.75278E+02 -0.48030E+02  0.00000E+00  0.00000E+00  0.00000E+00  0.43673E+02  0.71758E+03  0.19542E+03   1661  0.00000E+00      0.000
    1660.0000 -0.31646E+00  0.31056E+00 -0.31646E+00  0.30326E+00 -0.13201E-01 -0.52533E+03  0.51552E+03 -0.52533E+03  0.50367E+03 -0.20530E+02 -0.75278E+02 -0.48030E+02  0.00000E+00  0.00000E+00  0.00000E+00  0.43673E+02  0.72193E+03  0.19661E+03   1671  0.00000E+00      0.000
    1670.0000 -0.31646E+00  0.31056E+00 -0.31646E+00  0.30326E+00 -0.13206E-01 -0.52850E+03  0.51863E+03 -0.52850E+03  0.50670E+03 -0.20662E+02 -0.75278E+02 -0.48030E+02  0.00000E+00  0.00000E+00  0.00000E+00  0.43673E+02  0.72628E+03  0.19779E+03   1681  0.00000E+00      0.000
    1680.0000 -0.31646E+00  0.31056E+00 -0.31646E+00  0.30325E+00 -0.13209E-01 -0.53166E+03  0.52173E+03 -0.53166E+03  0.50973E+03 -0.20794E+02 -0.75278E+02 -0.48030E+02  0.00000E+00  0.00000E+00  0.00000E+00  0.43673E+02  0.73062E+03  0.19898E+03   1691  0.00000E+00      0.000
    1690.0000 -0.31646E+00  0.31056E+00 -0.31646E+00  0.30325E+00 -0.13213E-01 -0.53483E+03  0.52484E+03 -0.53483E+03  0.51277E+03 -0.20926E+02 -0.75278E+02 -0.48030E+02  0.00000E+00  0.00000E+00  0.00000E+00  0.43673E+02  0.73497E+03  0.20016E+03   1701  0.00000E+00      0.000
    1700.0000 -0.31646E+00  0.31056E+00 -0.31646E+00  0.30324E+00 -0.13216E-01 -0.53799E+03  0.52794E+03 -0.53799E+03  0.51580E+03 -0.21059E+02 -0.75278E+02 -0.48030E+02  0.00000E+00  0.00000E+00  0.00000E+00  0.43673E+02  0.73932E+03  0.20135E+03   1711  0.00000E+00      0.000
    1710.0000 -0.31646E+00  0.31056E+00 -0.31646E+00  0.30324E+00 -0.13220E-01 -0.54116E+03  0.53105E+03 -0.54116E+03  0.51883E+03 -0.21191E+02 -0.75278E+02 -0.48030E+02  0.00000E+00  0.00000E+00  0.00000E+00  0.43673E+02  0.74367E+03  0.20253E+03   1721  0.00000E+00      0.000
    1720.0000 -0.31646E+00  0.31056E+00 -0.31646E+00  0.30324E+00 -0.13224E-01 -0.54432E+03  0.53415E+03 -0.54432E+03  0.52186E+03 -0.21323E+02 -0.75278E+02 -0.48030E+02  0.00000E+00  0.00000E+00  0.00000E+00  0.43673E+02  0.74802E+03  0.20371E+03   1731  0.00000E+00      0.000
    1730.0000 -0.31646E+00  0.31056E+00 -0.31646E+00  0.30323E+00 -0.13227E-01 -0.54749E+03  0.53726E+03 -0.54749E+03  0.52490E+03 -0.21455E+02 -0.75278E+02 -0.48030E+02  0.00000E+00  0.00000E+00  0.00000E+00  0.43673E+02  0.75237E+03  0.20490E+03   1741  0.00000E+00      0.000
    1740.0000 -0.31646E+00  0.31056E+00 -0.31646E+00  0.30323E+00 -0.13232E-01 -0.55065E+03  0.54036E+03 -0.55065E+03  0.52793E+03 -0.21588E+02 -0.75278E+02 -0.48030E+02  0.00000E+00  0.00000E+00  0.00000E+00  0.43673E+02  0.75672E+03  0.20608E+03   1751  0.00000E+00      0.000
    1750.0000 -0.31646E+00  0.31056E+00 -0.31646E+00  0.30323E+00 -0.13235E-01 -0.55381E+03  0.54347E+03 -0.55381E+03  0.53096E+03 -0.21720E+02 -0.75278E+02 -0.48030E+02  0.00000E+00  0.00000E+00  0.00000E+00  0.43673E+02  0.76107E+03  0.20727E+03   1761  0.00000E+00      0.000
    1760.0000 -0.31646E+00  0.31056E+00 -0.31646E+00  0.30322E+00 -0.13239E-01 -0.55698E+03  0.54657E+03 -0.55698E+03  0.53399E+03 -0.21852E+02 -0.75278E+02 -0.48030E+02  0.00000E+00  0.00000E+00  0.00000E+00  0.43673E+02  0.76541E+03  0.20845E+03   1771  0.00000E+00      0.000
    1770.0000 -0.31646E+00  0.31056E+00 -0.31646E+00  0.30322E+00 -0.13243E-01 -0.56014E+03  0.54968E+03 -0.56014E+03  0.53702E+03 -0.21985E+02 -0.75278E+02 -0.48030E+02  0.00000E+00  0.00000E+00  0.00000E+00  0.43673E+02  0.76976E+03  0.20964E+03   1781  0.00000E+00      0.000
    1780.0000 -0.31646E+00  0.31056E+00 -0.31646E+00  0.30321E+00 -0.13246E-01 -0.56331E+03  0.55279E+03 -0.56331E+03  0.54006E+03 -0.22117E+02 -0.75278E+02 -0.48030E+02  0.00000E+00  0.00000E+00  0.00000E+00  0.43673E+02  0.77411E+03  0.21082E+03   1791  0.00000E+00      0.000
    1790.0000 -0.31646E+00  0.31056E+00 -0.31646E+00  0.30321E+00 -0.13249E-01 -0.56647E+03  0.55589E+03 -0.56647E+03  0.54309E+03 -0.22250E+02 -0.75278E+02 -0.48030E+02  0.00000E+00  0.00000E+00  0.00000E+00  0.43673E+02  0.77846E+03  0.21201E+03   1801  0.00000E+00      0.000
    1800.0000 -0.31646E+00  0.31056E+00 -0.31646E+00  0.30321E+00 -0.13253E-01 -0.56964E+03  0.55900E+03 -0.56964E+03  0.54612E+03 -0.22382E+02 -0.75278E+02 -0.48030E+02  0.00000E+00  0.00000E+00  0.00000E+00  0.43673E+02  0.78281E+03  0.21319E+03   1811  0.00000E+00      0.000
    1810.0000 -0.31646E+00  0.31056E+00 -0.31646E+00  0.30320E+00 -0.13257E-01 -0.57280E+03  0.56210E+03 -0.57280E+03  0.54915E+03 -0.22515E+02 -0.75278E+02 -0.48030E+02  0.00000E+00  0.00000E+00  0.00000E+00  0.43673E+02  0.78716E+03  0.21437E+03   1821  0.00000E+00      0.000
    1820.0000 -0.31646E+00  0.31056E+00 -0.31646E+00  0.30320E+00 -0.13261E-01 -0.57597E+03  0.56521E+03 -0.57597E+03  0.55219E+03 -0.22647E+02 -0.75278E+02 -0.48030E+02  0.00000E+00  0.00000E+00  0.00000E+00  0.43673E+02  0.79151E+03  0.21556E+03   1831  0.00000E+00      0.000
    1825.0000 -0.31646E+00  0.31056E+00 -0.31646E+00  0.30320E+00 -0.13263E-01 -0.57755E+03  0.56676E+03 -0.57755E+03  0.55370E+03 -0.22713E+02 -0.75278E+02 -0.48030E+02  0.00000E+00  0.00000E+00  0.00000E+00  0.43673E+02  0.79368E+03  0.21615E+03   1836  0.00000E+00      0.000
    1830.0000 -0.31646E+00  0.31056E+00 -0.31646E+00  0.30320E+00 -0.13263E-01 -0.57913E+03  0.56831E+03 -0.57913E+03  0.55522E+03 -0.22780E+02 -0.75278E+02 -0.48030E+02  0.00000E+00  0.00000E+00  0.00000E+00  0.43673E+02  0.79586E+03  0.21674E+03   1841  0.00000E+00      0.000
    1840.0000 -0.31646E+00  0.31056E+00 -0.31646E+00  0.30319E+00 -0.13268E-01 -0.58230E+03  0.57142E+03 -0.58230E+03  0.55825E+03 -0.22912E+02 -0.75278E+02 -0.48030E+02  0.00000E+00  0.00000E+00  0.00000E+00  0.43673E+02  0.80020E+03  0.21793E+03   1851  0.00000E+00      0.000
    1850.0000 -0.31646E+00  0.31056E+00 -0.31646E+00  0.30319E+00 -0.13270E-01 -0.58546E+03  0.57452E+03 -0.58546E+03  0.56128E+03 -0.23045E+02 -0.75278E+02 -0.48029E+02  0.00000E+00  0.00000E+00  0.00000E+00  0.43673E+02  0.80455E+03  0.21911E+03   1861  0.00000E+00      0.000
    1860.0000 -0.31646E+00  0.31056E+00 -0.31646E+00  0.30319E+00 -0.13273E-01 -0.58863E+03  0.57763E+03 -0.58863E+03  0.56431E+03 -0.23178E+02 -0.75278E+02 -0.48029E+02  0.00000E+00  0.00000E+00  0.00000E+00  0.43673E+02  0.80890E+03  0.22030E+03   1871  0.00000E+00      0.000
    1870.0000 -0.31646E+00  0.31056E+00 -0.31646E+00  0.30318E+00 -0.13278E-01 -0.59179E+03  0.58074E+03 -0.59179E+03  0.56735E+03 -0.23311E+02 -0.75278E+02 -0.48029E+02  0.00000E+00  0.00000E+00  0.00000E+00  0.43673E+02  0.81325E+03  0.22148E+03   1881  0.00000E+00      0.000
    1880.0000 -0.31646E+00  0.31056E+00 -0.31646E+00  0.30318E+00 -0.13282E-01 -0.59496E+03  0.58384E+03 -0.59496E+03  0.57038E+03 -0.23443E+02 -0.75278E+02 -0.48029E+02  0.00000E+00  0.00000E+00  0.00000E+00  0.43673E+02  0.81760E+03  0.22266E+03   1891  0.00000E+00      0.000
    1890.0000 -0.31646E+00  0.31056E+00 -0.31646E+00  0.30317E+00 -0.13287E-01 -0.59812E+03  0.58695E+03 -0.59812E+03  0.57341E+03 -0.23576E+02 -0.75278E+02 -0.48029E+02  0.00000E+00  0.00000E+00  0.00000E+00  0.43673E+02  0.82195E+03  0.22385E+03   1901  0.00000E+00      0.000
    1900.0000 -0.31646E+00  0.31056E+00 -0.31646E+00  0.30317E+00 -0.13292E-01 -0.60128E+03  0.59005E+03 -0.60128E+03  0.57644E+03 -0.23709E+02 -0.75278E+02 -0.48029E+02  0.00000E+00  0.00000E+00  0.00000E+00  0.43673E+02  0.82630E+03  0.22503E+03   1911  0.00000E+00      0.000
    1910.0000 -0.31646E+00  0.31056E+00 -0.31646E+00  0.30316E+00 -0.13297E-01 -0.60445E+03  0.59316E+03 -0.60445E+03  0.57947E+03 -0.23842E+02 -0.75278E+02 -0.48029E+02  0.00000E+00  0.00000E+00  0.00000E+00  0.43673E+02  0.83065E+03  0.22622E+03   1921  0.00000E+00      0.000
    1920.0000 -0.31646E+00  0.31056E+00 -0.31646E+00  0.30316E+00 -0.13302E-01 -0.60761E+03  0.59626E+03 -0.60761E+03  0.58250E+03 -0.23975E+02 -0.75278E+02 -0.48029E+02  0.00000E+00  0.00000E+00  0.00000E+00  0.43673E+02  0.83499E+03  0.22740E+03   1931  0.00000E+00      0.000
    1930.0000 -0.31646E+00  0.31056E+00 -0.31646E+00  0.30315E+00 -0.13307E-01 -0.61078E+03  0.59937E+03 -0.61078E+03  0.58554E+03 -0.24108E+02 -0.75278E+02 -0.48029E+02  0.00000E+00  0.00000E+00  0.00000E+00  0.43673E+02  0.83934E+03  0.22859E+03   1941  0.00000E+00      0.000
    1940.0000 -0.31646E+00  0.31056E+00 -0.31646E+00  0.30315E+00 -0.13311E-01 -0.61394E+03  0.60247E+03 -0.61394E+03  0.58857E+03 -0.24241E+02 -0.75278E+02 -0.48029E+02  0.00000E+00  0.00000E+00  0.00000E+00  0.43673E+02  0.84369E+03  0.22977E+03   1951  0.00000E+00      0.000
    1950.0000 -0.31646E+00  0.31056E+00 -0.31646E+00  0.30314E+00 -0.13316E-01 -0.61711E+03  0.60558E+03 -0.61711E+03  0.59160E+03 -0.24374E+02 -0.75278E+02 -0.48029E+02  0.00000E+00  0.00000E+00  0.00000E+00  0.43673E+02  0.84804E+03  0.23096E+03   1961  0.00000E+00      0.000
    1960.0000 -0.31646E+00  0.31056E+00 -0.31646E+00  0.30314E+00 -0.13321E-01 -0.62027E+03  0.60868E+03 -0.62027E+03  0.59463E+03 -0.24508E+02 -0.75278E+02 -0.48029E+02  0.00000E+00  0.00000E+00  0.00000E+00  0.43673E+02  0.85239E+03  0.23214E+03   1971  0.00000E+00      0.000
    1970.0000 -0.31646E+00  0.31056E+00 -0.31646E+00  0.30314E+00 -0.13325E-01 -0.62344E+03  0.61179E+03 -0.62344E+03  0.59766E+03 -0.24641E+02 -0.75278E+02 -0.48029E+02  0.00000E+00  0.00000E+00  0.00000E+00  0.43673E+02  0.85674E+03  0.23332E+03   1981  0.00000E+00      0.000
    1980.0000 -0.31646E+00  0.31056E+00 -0.31646E+00  0.30313E+00 -0.13329E-01 -0.62660E+03  0.61490E+03 -0.62660E+03  0.60069E+03 -0.24774E+02 -0.75278E+02 -0.48029E+02  0.00000E+00  0.00000E+00  0.00000E+00  0.43673E+02  0.86109E+03  0.23451E+03   1991  0.00000E+00      0.000
    1990.0000 -0.31646E+00  0.31056E+00 -0.31646E+00  0.30313E+00 -0.13333E-01 -0.62977E+03  0.61800E+03 -0.62977E+03  0.60372E+03 -0.24907E+02 -0.75278E+02 -0.48029E+02  0.00000E+00  0.00000E+00  0.00000E+00  0.43673E+02  0.86544E+03  0.23569E+03   2001  0.00000E+00      0.000
    2000.0000 -0.31646E+00  0.31056E+00 -0.31646E+00  0.30312E+00 -0.13338E-01 -0.63293E+03  0.62111E+03 -0.63293E+03  0.60676E+03 -0.25041E+02 -0.75278E+02 -0.48029E+02  0.00000E+00  0.00000E+00  0.00000E+00  0.43673E+02  0.86978E+03  0.23688E+03   2011  0.00000E+00      0.000
    2010.0000 -0.31646E+00  0.31056E+00 -0.31646E+00  0.30312E+00 -0.13342E-01 -0.63610E+03  0.62421E+03 -0.63610E+03  0.60979E+03 -0.25174E+02 -0.75278E+02 -0.48029E+02  0.00000E+00  0.00000E+00  0.00000E+00  0.43673E+02  0.87413E+03  0.23806E+03   2021  0.00000E+00      0.000
    2020.0000 -0.31646E+00  0.31056E+00 -0.31646E+00  0.30311E+00 -0.13347E-01 -0.63926E+03  0.62732E+03 -0.63926E+03  0.61282E+03 -0.25308E+02 -0.75278E+02 -0.48029E+02  0.00000E+00  0.00000E+00  0.00000E+00  0.43673E+02  0.87848E+03  0.23925E+03   2031  0.00000E+00      0.000
    2030.0000 -0.31646E+00  0.31056E+00 -0.31646E+00  0.30311E+00 -0.13351E-01 -0.64243E+03  0.63042E+03 -0.64243E+03  0.61585E+03 -0.25441E+02 -0.75278E+02 -0.48029E+02  0.00000E+00  0.00000E+00  0.00000E+00  0.43673E+02  0.88283E+03  0.24043E+03   2041  0.00000E+00      0.000
    2040.0000 -0.31646E+00  0.31056E+00 -0.31646E+00  0.30310E+00 -0.13356E-01 -0.64559E+03  0.63353E+03 -0.64559E+03  0.61888E+03 -0.25575E+02 -0.75278E+02 -0.48029E+02  0.00000E+00  0.00000E+00  0.00000E+00  0.43673E+02  0.88718E+03  0.24162E+03   2051  0.00000E+00      0.000
    2050.0000 -0.31646E+00  0.31056E+00 -0.31646E+00  0.30310E+00 -0.13360E-01 -0.64876E+03  0.63663E+03 -0.64875E+03  0.62191E+03 -0.25708E+02 -0.75278E+02 -0.48029E+02  0.00000E+00  0.00000E+00  0.00000E+00  0.43673E+02  0.89153E+03  0.24280E+03   2061  0.00000E+00      0.000
    2060.0000 -0.31646E+00  0.31056E+00 -0.31646E+00  0.30310E+00 -0.13364E-01 -0.65192E+03  0.63974E+03 -0.65192E+03  0.62494E+03 -0.25842E+02 -0.75278E+02 -0.48029E+02  0.00000E+00  0.00000E+00  0.00000E+00  0.43673E+02  0.89588E+03  0.24398E+03   2071  0.00000E+00      0.000
    2070.0000 -0.31646E+00  0.31056E+00 -0.31646E+00  0.30309E+00 -0.13368E-01 -0.65508E+03  0.64284E+03 -0.65508E+03  0.62797E+03 -0.25975E+02 -0.75278E+02 -0.48029E+02  0.00000E+00  0.00000E+00  0.00000E+00  0.43673E+02  0.90023E+03  0.24517E+03   2081  0.00000E+00      0.000
    2080.0000 -0.31646E+00  0.31056E+00 -0.31646E+00  0.30309E+00 -0.13372E-01 -0.65825E+03  0.64595E+03 -0.65825E+03  0.63100E+03 -0.26109E+02 -0.75278E+02 -0.48029E+02  0.00000E+00  0.00000E+00  0.00000E+00  0.43673E+02  0.90457E+03  0.24635E+03   2091  0.00000E+00      0.000
    2090.0000 -0.31646E+00  0.31056E+00 -0.31646E+00  0.30308E+00 -0.13377E-01 -0.66141E+03  0.64906E+03 -0.66141E+03  0.63403E+03 -0.26243E+02 -0.75278E+02 -0.48029E+02  0.00000E+00  0.00000E+00  0.00000E+00  0.43673E+02  0.90892E+03  0.24754E+03   2101  0.00000E+00      0.000
    2100.0000 -0.31646E+00  0.31056E+00 -0.31646E+00  0.30308E+00 -0.13381E-01 -0.66458E+03  0.65216E+03 -0.66458E+03  0.63707E+03 -0.26377E+02 -0.75278E+02 -0.48029E+02  0.00000E+00  0.00000E+00  0.00000E+00  0.43673E+02  0.91327E+03  0.24872E+03   2111  0.00000E+00      0.000
    2110.0000 -0.31646E+00  0.31056E+00 -0.31646E+00  0.30307E+00 -0.13385E-01 -0.66774E+03  0.65527E+03 -0.66774E+03  0.64010E+03 -0.26511E+02 -0.75278E+02 -0.48029E+02  0.00000E+00  0.00000E+00  0.00000E+00  0.43673E+02  0.91762E+03  0.24991E+03   2121  0.00000E+00      0.000
    2120.0000 -0.31646E+00  0.31056E+00 -0.31646E+00  0.30307E+00 -0.13390E-01 -0.67091E+03  0.65837E+03 -0.67091E+03  0.64313E+03 -0.26644E+02 -0.75278E+02 -0.48029E+02  0.00000E+00  0.00000E+00  0.00000E+00  0.43673E+02  0.92197E+03  0.25109E+03   2131  0.00000E+00      0.000
    2130.0000 -0.31646E+00  0.31056E+00 -0.31646E+00  0.30307E+00 -0.13395E-01 -0.67407E+03  0.66148E+03 -0.67407E+03  0.64616E+03 -0.26778E+02 -0.75278E+02 -0.48029E+02  0.00000E+00  0.00000E+00  0.00000E+00  0.43673E+02  0.92632E+03  0.25227E+03   2141  0.00000E+00      0.000
    2140.0000 -0.31646E+00  0.31056E+00 -0.31646E+00  0.30306E+00 -0.13398E-01 -0.67724E+03  0.66458E+03 -0.67724E+03  0.64919E+03 -0.26912E+02 -0.75278E+02 -0.48029E+02  0.00000E+00  0.00000E+00  0.00000E+00  0.43673E+02  0.93067E+03  0.25346E+03   2151  0.00000E+00      0.000
    2150.0000 -0.31646E+00  0.31056E+00 -0.31646E+00  0.30306E+00 -0.13402E-01 -0.68040E+03  0.66769E+03 -0.68040E+03  0.65222E+03 -0.27046E+02 -0.75278E+02 -0.48029E+02  0.00000E+00  0.00000E+00  0.00000E+00  0.43673E+02  0.93502E+03  0.25464E+03   2161  0.00000E+00      0.000
    2160.0000 -0.31646E+00  0.31056E+00 -0.31646E+00  0.30305E+00 -0.13406E-01 -0.68357E+03  0.67079E+03 -0.68357E+03  0.65525E+03 -0.27180E+02 -0.75278E+02 -0.48029E+02  0.00000E+00  0.00000E+00  0.00000E+00  0.43673E+02  0.93936E+03  0.25583E+03   2171  0.00000E+00      0.000
    2170.0000 -0.31646E+00  0.31056E+00 -0.31646E+00  0.30305E+00 -0.13411E-01 -0.68673E+03  0.67390E+03 -0.68673E+03  0.65828E+03 -0.27314E+02 -0.75278E+02 -0.48029E+02  0.00000E+00  0.00000E+00  0.00000E+00  0.43673E+02  0.94371E+03  0.25701E+03   2181  0.00000E+00      0.000
    2180.0000 -0.31646E+00  0.31056E+00 -0.31646E+00  0.30304E+00 -0.13417E-01 -0.68990E+03  0.67700E+03 -0.68990E+03  0.66131E+03 -0.27449E+02 -0.75278E+02 -0.48029E+02  0.00000E+00  0.00000E+00  0.00000E+00  0.43673E+02  0.94806E+03  0.25820E+03   2191  0.00000E+00      0.000
    2190.0000 -0.31646E+00  0.31056E+00 -0.31646E+00  0.30304E+00 -0.13422E-01 -0.69306E+03  0.68011E+03 -0.69306E+03  0.66434E+03 -0.27583E+02 -0.75278E+02 -0.48029E+02  0.00000E+00  0.00000E+00  0.00000E+00  0.43673E+02  0.95241E+03  0.25938E+03   2201  0.00000E+00      0.000
    2200.0000 -0.31646E+00  0.31056E+00 -0.31646E+00  0.30303E+00 -0.13428E-01 -0.69623E+03  0.68322E+03 -0.69623E+03  0.66737E+03 -0.27717E+02 -0.75278E+02 -0.48029E+02  0.00000E+00  0.00000E+00  0.00000E+00  0.43673E+02  0.95676E+03  0.26057E+03   2211  0.00000E+00      0.000
    2210.0000 -0.31646E+00  0.31056E+00 -0.31646E+00  0.30303E+00 -0.13433E-01 -0.69939E+03  0.68632E+03 -0.69939E+03  0.67040E+03 -0.27851E+02 -0.75278E+02 -0.48029E+02  0.00000E+00  0.00000E+00  0.00000E+00  0.43673E+02  0.96111E+03  0.26175E+03   2221  0.00000E+00      0.000
    2220.0000 -0.31646E+00  0.31056E+00 -0.31646E+00  0.30302E+00 -0.13439E-01 -0.70255E+03  0.68943E+03 -0.70255E+03  0.67343E+03 -0.27986E+02 -0.75278E+02 -0.48029E+02  0.00000E+00  0.00000E+00  0.00000E+00  0.43673E+02  0.96546E+03  0.26293E+03   2231  0.00000E+00      0.000
    2230.0000 -0.31646E+00  0.31056E+00 -0.31646E+00  0.30302E+00 -0.13445E-01 -0.70572E+03  0.69253E+03 -0.70572E+03  0.67646E+03 -0.28120E+02 -0.75278E+02 -0.48029E+02  0.00000E+00  0.00000E+00  0.00000E+00  0.43673E+02  0.96981E+03  0.26412E+03   2241  0.00000E+00      0.000
    2240.0000 -0.31646E+00  0.31056E+00 -0.31646E+00  0.30301E+00 -0.13450E-01 -0.70888E+03  0.69564E+03 -0.70888E+03  0.67949E+03 -0.28255E+02 -0.75278E+02 -0.48029E+02  0.00000E+00  0.00000E+00  0.00000E+00  0.43673E+02  0.97415E+03  0.26530E+03   2251  0.00000E+00      0.000
    2250.0000 -0.31646E+00  0.31056E+00 -0.31646E+00  0.30301E+00 -0.13455E-01 -0.71205E+03  0.69874E+03 -0.71205E+03  0.68252E+03 -0.28389E+02 -0.75278E+02 -0.48029E+02  0.00000E+00  0.00000E+00  0.00000E+00  0.43673E+02  0.97850E+03  0.26649E+03   2261  0.00000E+00      0.000
    2260.0000 -0.31646E+00  0.31056E+00 -0.31646E+00  0.30300E+00 -0.13460E-01 -0.71521E+03  0.70185E+03 -0.71521E+03  0.68555E+03 -0.28524E+02 -0.75278E+02 -0.48029E+02  0.00000E+00  0.00000E+00  0.00000E+00  0.43673E+02  0.98285E+03  0.26767E+03   2271  0.00000E+00      0.000
    2270.0000 -0.31646E+00  0.31056E+00 -0.31646E+00  0.30299E+00 -0.13465E-01 -0.71838E+03  0.70495E+03 -0.71838E+03  0.68858E+03 -0.28658E+02 -0.75278E+02 -0.48028E+02  0.00000E+00  0.00000E+00  0.00000E+00  0.43673E+02  0.98720E+03  0.26886E+03   2281  0.00000E+00      0.000
    2280.0000 -0.31646E+00  0.31056E+00 -0.31646E+00  0.30299E+00 -0.13471E-01 -0.72154E+03  0.70806E+03 -0.72154E+03  0.69161E+03 -0.28793E+02 -0.75278E+02 -0.48028E+02  0.00000E+00  0.00000E+00  0.00000E+00  0.43673E+02  0.99155E+03  0.27004E+03   2291  0.00000E+00      0.000
    2290.0000 -0.31646E+00  0.31056E+00 -0.31646E+00  0.30298E+00 -0.13476E-01 -0.72471E+03  0.71116E+03 -0.72471E+03  0.69464E+03 -0.28928E+02 -0.75278E+02 -0.48028E+02  0.00000E+00  0.00000E+00  0.00000E+00  0.43673E+02  0.99590E+03  0.27122E+03   2301  0.00000E+00      0.000
    2300.0000 -0.31646E+00  0.31056E+00 -0.31646E+00  0.30298E+00 -0.13481E-01 -0.72787E+03  0.71427E+03 -0.72787E+03  0.69767E+03 -0.29063E+02 -0.75278E+02 -0.48028E+02  0.00000E+00  0.00000E+00  0.00000E+00  0.43673E+02  0.10002E+04  0.27241E+03   2311  0.00000E+00      0.000
    2310.0000 -0.31646E+00  0.31056E+00 -0.31646E+00  0.30297E+00 -0.13486E-01 -0.73104E+03  0.71738E+03 -0.73104E+03  0.70070E+03 -0.29197E+02 -0.75278E+02 -0.48028E+02  0.00000E+00  0.00000E+00  0.00000E+00  0.43673E+02  0.10046E+04  0.27359E+03   2321  0.00000E+00      0.000
    2320.0000 -0.31646E+00  0.31056E+00 -0.31646E+00  0.30297E+00 -0.13491E-01 -0.73420E+03  0.72048E+03 -0.73420E+03  0.70373E+03 -0.29332E+02 -0.75278E+02 -0.48028E+02  0.00000E+00  0.00000E+00  0.00000E+00  0.43673E+02  0.10089E+04  0.27478E+03   2331  0.00000E+00      0.000
    2330.0000 -0.31646E+00  0.31056E+00 -0.31646E+00  0.30296E+00 -0.13497E-01 -0.73737E+03  0.72359E+03 -0.73737E+03  0.70676E+03 -0.29467E+02 -0.75278E+02 -0.48028E+02  0.00000E+00  0.00000E+00  0.00000E+00  0.43673E+02  0.10133E+04  0.27596E+03   2341  0.00000E+00      0.000
    2340.0000 -0.31646E+00  0.31056E+00 -0.31646E+00  0.30296E+00 -0.13502E-01 -0.74053E+03  0.72669E+03 -0.74053E+03  0.70979E+03 -0.29602E+02 -0.75278E+02 -0.48028E+02  0.00000E+00  0.00000E+00  0.00000E+00  0.43673E+02  0.10176E+04  0.27715E+03   2351  0.00000E+00      0.000
    2350.0000 -0.31646E+00  0.31056E+00 -0.31646E+00  0.30295E+00 -0.13507E-01 -0.74370E+03  0.72980E+03 -0.74370E+03  0.71282E+03 -0.29737E+02 -0.75278E+02 -0.48028E+02  0.00000E+00  0.00000E+00  0.00000E+00  0.43673E+02  0.10220E+04  0.27833E+03   2361  0.00000E+00      0.000
    2360.0000 -0.31646E+00  0.31056E+00 -0.31646E+00  0.30295E+00 -0.13512E-01 -0.74686E+03  0.73290E+03 -0.74686E+03  0.71585E+03 -0.29872E+02 -0.75278E+02 -0.48028E+02  0.00000E+00  0.00000E+00  0.00000E+00  0.43673E+02  0.10263E+04  0.27952E+03   2371  0.00000E+00      0.000
    2370.0000 -0.31646E+00  0.31056E+00 -0.31646E+00  0.30294E+00 -0.13517E-01 -0.75002E+03  0.73601E+03 -0.75002E+03  0.71888E+03 -0.30008E+02 -0.75278E+02 -0.48028E+02  0.00000E+00  0.00000E+00  0.00000E+00  0.43673E+02  0.10307E+04  0.28070E+03   2381  0.00000E+00      0.000
    2380.0000 -0.31646E+00  0.31056E+00 -0.31646E+00  0.30294E+00 -0.13522E-01 -0.75319E+03  0.73911E+03 -0.75319E+03  0.72191E+03 -0.30143E+02 -0.75278E+02 -0.48028E+02  0.00000E+00  0.00000E+00  0.00000E+00  0.43673E+02  0.10350E+04  0.28188E+03   2391  0.00000E+00      0.000
    2390.0000 -0.31646E+00  0.31056E+00 -0.31646E+00  0.30293E+00 -0.13527E-01 -0.75635E+03  0.74222E+03 -0.75635E+03  0.72494E+03 -0.30278E+02 -0.75278E+02 -0.48028E+02  0.00000E+00  0.00000E+00  0.00000E+00  0.43673E+02  0.10394E+04  0.28307E+03   2401  0.00000E+00      0.000
    2400.0000 -0.31646E+00  0.31056E+00 -0.31646E+00  0.30293E+00 -0.13532E-01 -0.75952E+03  0.74532E+03 -0.75952E+03  0.72797E+03 -0.30413E+02 -0.75278E+02 -0.48028E+02  0.00000E+00  0.00000E+00  0.00000E+00  0.43673E+02  0.10437E+04  0.28425E+03   2411  0.00000E+00      0.000
    2410.0000 -0.31646E+00  0.31056E+00 -0.31646E+00  0.30292E+00 -0.13537E-01 -0.76268E+03  0.74843E+03 -0.76268E+03  0.73100E+03 -0.30549E+02 -0.75278E+02 -0.48028E+02  0.00000E+00  0.00000E+00  0.00000E+00  0.43673E+02  0.10481E+04  0.28544E+03   2421  0.00000E+00      0.000
    2420.0000 -0.31646E+00  0.31056E+00 -0.31646E+00  0.30292E+00 -0.13543E-01 -0.76585E+03  0.75154E+03 -0.76585E+03  0.73402E+03 -0.30684E+02 -0.75278E+02 -0.48028E+02  0.00000E+00  0.00000E+00  0.00000E+00  0.43673E+02  0.10524E+04  0.28662E+03   2431  0.00000E+00      0.000
    2430.0000 -0.31646E+00  0.31056E+00 -0.31646E+00  0.30291E+00 -0.13547E-01 -0.76901E+03  0.75464E+03 -0.76901E+03  0.73705E+03 -0.30820E+02 -0.75278E+02 -0.48028E+02  0.00000E+00  0.00000E+00  0.00000E+00  0.43673E+02  0.10568E+04  0.28781E+03   2441  0.00000E+00      0.000
    2440.0000 -0.31646E+00  0.31056E+00 -0.31646E+00  0.30291E+00 -0.13553E-01 -0.77218E+03  0.75775E+03 -0.77218E+03  0.74008E+03 -0.30955E+02 -0.75278E+02 -0.48028E+02  0.00000E+00  0.00000E+00  0.00000E+00  0.43673E+02  0.10611E+04  0.28899E+03   2451  0.00000E+00      0.000
    2450.0000 -0.31646E+00  0.31056E+00 -0.31646E+00  0.30290E+00 -0.13557E-01 -0.77534E+03  0.76085E+03 -0.77534E+03  0.74311E+03 -0.31091E+02 -0.75278E+02 -0.48028E+02  0.00000E+00  0.00000E+00  0.00000E+00  0.43673E+02  0.10655E+04  0.29017E+03   2461  0.00000E+00      0.000
    2460.0000 -0.31646E+00  0.31056E+00 -0.31646E+00  0.30290E+00 -0.13562E-01 -0.77851E+03  0.76396E+03 -0.77851E+03  0.74614E+03 -0.31226E+02 -0.75278E+02 -0.48028E+02  0.00000E+00  0.00000E+00  0.00000E+00  0.43673E+02  0.10698E+04  0.29136E+03   2471  0.00000E+00      0.000
    2470.0000 -0.31646E+00  0.31056E+00 -0.31646E+00  0.30289E+00 -0.13567E-01 -0.78167E+03  0.76706E+03 -0.78167E+03  0.74917E+03 -0.31362E+02 -0.75278E+02 -0.48028E+02  0.00000E+00  0.00000E+00  0.00000E+00  0.43673E+02  0.10742E+04  0.29254E+03   2481  0.00000E+00      0.000
    2480.0000 -0.31646E+00  0.31056E+00 -0.31646E+00  0.30289E+00 -0.13572E-01 -0.78484E+03  0.77017E+03 -0.78484E+03  0.75220E+03 -0.31498E+02 -0.75278E+02 -0.48028E+02  0.00000E+00  0.00000E+00  0.00000E+00  0.43673E+02  0.10785E+04  0.29373E+03   2491  0.00000E+00      0.000
    2490.0000 -0.31646E+00  0.31056E+00 -0.31646E+00  0.30288E+00 -0.13577E-01 -0.78800E+03  0.77327E+03 -0.78800E+03  0.75523E+03 -0.31633E+02 -0.75278E+02 -0.48028E+02  0.00000E+00  0.00000E+00  0.00000E+00  0.43673E+02  0.10829E+04  0.29491E+03   2501  0.00000E+00      0.000
    2500.0000 -0.31646E+00  0.31056E+00 -0.31646E+00  0.30288E+00 -0.13582E-01 -0.79117E+03  0.77638E+03 -0.79117E+03  0.75826E+03 -0.31769E+02 -0.75278E+02 -0.48028E+02  0.00000E+00  0.00000E+00  0.00000E+00  0.43673E+02  0.10872E+04  0.29610E+03   2511  0.00000E+00      0.000
    2510.0000 -0.31646E+00  0.31056E+00 -0.31646E+00  0.30287E+00 -0.13588E-01 -0.79433E+03  0.77949E+03 -0.79433E+03  0.76129E+03 -0.31905E+02 -0.75278E+02 -0.48028E+02  0.00000E+00  0.00000E+00  0.00000E+00  0.43673E+02  0.10916E+04  0.29728E+03   2521  0.00000E+00      0.000
    2520.0000 -0.31646E+00  0.31056E+00 -0.31646E+00  0.30287E+00 -0.13594E-01 -0.79749E+03  0.78259E+03 -0.79749E+03  0.76431E+03 -0.32041E+02 -0.75278E+02 -0.48028E+02  0.00000E+00  0.00000E+00  0.00000E+00  0.43673E+02  0.10959E+04  0.29847E+03   2531  0.00000E+00      0.000
    2530.0000 -0.31646E+00  0.31056E+00 -0.31646E+00  0.30286E+00 -0.13600E-01 -0.80066E+03  0.78570E+03 -0.80066E+03  0.76734E+03 -0.32177E+02 -0.75278E+02 -0.48028E+02  0.00000E+00  0.00000E+00  0.00000E+00  0.43673E+02  0.11003E+04  0.29965E+03   2541  0.00000E+00      0.000
    2540.0000 -0.31646E+00  0.31056E+00 -0.31646E+00  0.30285E+00 -0.13605E-01 -0.80382E+03  0.78880E+03 -0.80382E+03  0.77037E+03 -0.32313E+02 -0.75278E+02 -0.48028E+02  0.00000E+00  0.00000E+00  0.00000E+00  0.43673E+02  0.11046E+04  0.30083E+03   2551  0.00000E+00      0.000
    2550.0000 -0.31646E+00  0.31056E+00 -0.31646E+00  0.30285E+00 -0.13612E-01 -0.80699E+03  0.79191E+03 -0.80699E+03  0.77340E+03 -0.32449E+02 -0.75278E+02 -0.48028E+02  0.00000E+00  0.00000E+00  0.00000E+00  0.43673E+02  0.11090E+04  0.30202E+03   2561  0.00000E+00      0.000
    2555.0000 -0.31646E+00  0.31056E+00 -0.31646E+00  0.30284E+00 -0.13615E-01 -0.80857E+03  0.79346E+03 -0.80857E+03  0.77491E+03 -0.32517E+02 -0.75278E+02 -0.48028E+02  0.00000E+00  0.00000E+00  0.00000E+00  0.43673E+02  0.11112E+04  0.30261E+03   2566  0.00000E+00      0.000
    2560.0000 -0.31646E+00  0.31056E+00 -0.31646E+00  0.30284E+00 -0.13618E-01 -0.81015E+03  0.79501E+03 -0.81015E+03  0.77643E+03 -0.32585E+02 -0.75278E+02 -0.48028E+02  0.00000E+00  0.00000E+00  0.00000E+00  0.43673E+02  0.11133E+04  0.30320E+03   2571  0.00000E+00      0.000
    2570.0000 -0.31646E+00  0.31056E+00 -0.31646E+00  0.30284E+00 -0.13624E-01 -0.81332E+03  0.79812E+03 -0.81332E+03  0.77946E+03 -0.32721E+02 -0.75277E+02 -0.48028E+02  0.00000E+00  0.00000E+00  0.00000E+00  0.43673E+02  0.11177E+04  0.30439E+03   2581  0.00000E+00      0.000
    2580.0000 -0.31646E+00  0.31056E+00 -0.31646E+00  0.30283E+00 -0.13629E-01 -0.81648E+03  0.80122E+03 -0.81648E+03  0.78249E+03 -0.32858E+02 -0.75277E+02 -0.48028E+02  0.00000E+00  0.00000E+00  0.00000E+00  0.43673E+02  0.11220E+04  0.30557E+03   2591  0.00000E+00      0.000
    2590.0000 -0.31646E+00  0.31056E+00 -0.31646E+00  0.30282E+00 -0.13637E-01 -0.81965E+03  0.80433E+03 -0.81965E+03  0.78551E+03 -0.32994E+02 -0.75277E+02 -0.48027E+02  0.00000E+00  0.00000E+00  0.00000E+00  0.43673E+02  0.11264E+04  0.30676E+03   2601  0.00000E+00      0.000
    2600.0000 -0.31646E+00  0.31056E+00 -0.31646E+00  0.30282E+00 -0.13642E-01 -0.82281E+03  0.80743E+03 -0.82281E+03  0.78854E+03 -0.33130E+02 -0.75277E+02 -0.48027E+02  0.00000E+00  0.00000E+00  0.00000E+00  0.43673E+02  0.11307E+04  0.30794E+03   2611  0.00000E+00      0.000
    2610.0000 -0.31646E+00  0.31056E+00 -0.31646E+00  0.30281E+00 -0.13649E-01 -0.82598E+03  0.81054E+03 -0.82598E+03  0.79157E+03 -0.33267E+02 -0.75277E+02 -0.48027E+02  0.00000E+00  0.00000E+00  0.00000E+00  0.43673E+02  0.11351E+04  0.30913E+03   2621  0.00000E+00      0.000
    2620.0000 -0.31646E+00  0.31056E+00 -0.31646E+00  0.30281E+00 -0.13654E-01 -0.82914E+03  0.81365E+03 -0.82914E+03  0.79460E+03 -0.33403E+02 -0.75277E+02 -0.48027E+02  0.00000E+00  0.00000E+00  0.00000E+00  0.43673E+02  0.11394E+04  0.31031E+03   2631  0.00000E+00      0.000
    2630.0000 -0.31646E+00  0.31056E+00 -0.31646E+00  0.30280E+00 -0.13660E-01 -0.83231E+03  0.81675E+03 -0.83231E+03  0.79763E+03 -0.33540E+02 -0.75277E+02 -0.48027E+02  0.00000E+00  0.00000E+00  0.00000E+00  0.43673E+02  0.11438E+04  0.31149E+03   2641  0.00000E+00      0.000
    2640.0000 -0.31646E+00  0.31056E+00 -0.31646E+00  0.30279E+00 -0.13667E-01 -0.83547E+03  0.81986E+03 -0.83547E+03  0.80065E+03 -0.33676E+02 -0.75277E+02 -0.48027E+02  0.00000E+00  0.00000E+00  0.00000E+00  0.43673E+02  0.11481E+04  0.31268E+03   2651  0.00000E+00      0.000
    2650.0000 -0.31646E+00  0.31056E+00 -0.31646E+00  0.30279E+00 -0.13673E-01 -0.83864E+03  0.82296E+03 -0.83864E+03  0.80368E+03 -0.33813E+02 -0.75277E+02 -0.48027E+02  0.00000E+00  0.00000E+00  0.00000E+00  0.43673E+02  0.11525E+04  0.31386E+03   2661  0.00000E+00      0.000
    2660.0000 -0.31646E+00  0.31056E+00 -0.31646E+00  0.30278E+00 -0.13678E-01 -0.84180E+03  0.82607E+03 -0.84180E+03  0.80671E+03 -0.33950E+02 -0.75277E+02 -0.48027E+02  0.00000E+00  0.00000E+00  0.00000E+00  0.43673E+02  0.11568E+04  0.31505E+03   2671  0.00000E+00      0.000
    2670.0000 -0.31646E+00  0.31056E+00 -0.31646E+00  0.30278E+00 -0.13684E-01 -0.84496E+03  0.82917E+03 -0.84496E+03  0.80974E+03 -0.34087E+02 -0.75277E+02 -0.48027E+02  0.00000E+00  0.00000E+00  0.00000E+00  0.43673E+02  0.11612E+04  0.31623E+03   2681  0.00000E+00      0.000
    2680.0000 -0.31646E+00  0.31056E+00 -0.31646E+00  0.30277E+00 -0.13689E-01 -0.84813E+03  0.83228E+03 -0.84813E+03  0.81277E+03 -0.34224E+02 -0.75277E+02 -0.48027E+02  0.00000E+00  0.00000E+00  0.00000E+00  0.43673E+02  0.11655E+04  0.31742E+03   2691  0.00000E+00      0.000
    2690.0000 -0.31646E+00  0.31056E+00 -0.31646E+00  0.30276E+00 -0.13696E-01 -0.85129E+03  0.83538E+03 -0.85129E+03  0.81579E+03 -0.34361E+02 -0.75277E+02 -0.48027E+02  0.00000E+00  0.00000E+00  0.00000E+00  0.43673E+02  0.11699E+04  0.31860E+03   2701  0.00000E+00      0.000
    2700.0000 -0.31646E+00  0.31056E+00 -0.31646E+00  0.30276E+00 -0.13702E-01 -0.85446E+03  0.83849E+03 -0.85446E+03  0.81882E+03 -0.34498E+02 -0.75277E+02 -0.48027E+02  0.00000E+00  0.00000E+00  0.00000E+00  0.43673E+02  0.11742E+04  0.31978E+03   2711  0.00000E+00      0.000
    2710.0000 -0.31646E+00  0.31056E+00 -0.31646E+00  0.30275E+00 -0.13708E-01 -0.85762E+03  0.84159E+03 -0.85762E+03  0.82185E+03 -0.34635E+02 -0.75277E+02 -0.48027E+02  0.00000E+00  0.00000E+00  0.00000E+00  0.43673E+02  0.11786E+04  0.32097E+03   2721  0.00000E+00      0.000
    2720.0000 -0.31646E+00  0.31056E+00 -0.31646E+00  0.30275E+00 -0.13714E-01 -0.86079E+03  0.84470E+03 -0.86079E+03  0.82488E+03 -0.34772E+02 -0.75277E+02 -0.48027E+02  0.00000E+00  0.00000E+00  0.00000E+00  0.43673E+02  0.11829E+04  0.32215E+03   2731  0.00000E+00      0.000
    2730.0000 -0.31646E+00  0.31056E+00 -0.31646E+00  0.30274E+00 -0.13719E-01 -0.86395E+03  0.84781E+03 -0.86395E+03  0.82790E+03 -0.34909E+02 -0.75277E+02 -0.48027E+02  0.00000E+00  0.00000E+00  0.00000E+00  0.43673E+02  0.11873E+04  0.32334E+03   2741  0.00000E+00      0.000
    2740.0000 -0.31646E+00  0.31056E+00 -0.31646E+00  0.30274E+00 -0.13725E-01 -0.86712E+03  0.85091E+03 -0.86712E+03  0.83093E+03 -0.35046E+02 -0.75277E+02 -0.48027E+02  0.00000E+00  0.00000E+00  0.00000E+00  0.43673E+02  0.11916E+04  0.32452E+03   2751  0.00000E+00      0.000
    2750.0000 -0.31646E+00  0.31056E+00 -0.31646E+00  0.30273E+00 -0.13730E-01 -0.87028E+03  0.85402E+03 -0.87028E+03  0.83396E+03 -0.35183E+02 -0.75277E+02 -0.48027E+02  0.00000E+00  0.00000E+00  0.00000E+00  0.43673E+02  0.11960E+04  0.32571E+03   2761  0.00000E+00      0.000
    2760.0000 -0.31646E+00  0.31056E+00 -0.31646E+00  0.30272E+00 -0.13735E-01 -0.87345E+03  0.85712E+03 -0.87345E+03  0.83698E+03 -0.35321E+02 -0.75277E+02 -0.48027E+02  0.00000E+00  0.00000E+00  0.00000E+00  0.43673E+02  0.12003E+04  0.32689E+03   2771  0.00000E+00      0.000
    2770.0000 -0.31646E+00  0.31056E+00 -0.31646E+00  0.30272E+00 -0.13741E-01 -0.87661E+03  0.86023E+03 -0.87661E+03  0.84001E+03 -0.35458E+02 -0.75277E+02 -0.48027E+02  0.00000E+00  0.00000E+00  0.00000E+00  0.43673E+02  0.12047E+04  0.32808E+03   2781  0.00000E+00      0.000
    2780.0000 -0.31646E+00  0.31056E+00 -0.31646E+00  0.30271E+00 -0.13747E-01 -0.87978E+03  0.86333E+03 -0.87978E+03  0.84304E+03 -0.35596E+02 -0.75277E+02 -0.48027E+02  0.00000E+00  0.00000E+00  0.00000E+00  0.43673E+02  0.12090E+04  0.32926E+03   2791  0.00000E+00      0.000
    2790.0000 -0.31646E+00  0.31056E+00 -0.31646E+00  0.30271E+00 -0.13752E-01 -0.88294E+03  0.86644E+03 -0.88294E+03  0.84607E+03 -0.35733E+02 -0.75277E+02 -0.48027E+02  0.00000E+00  0.00000E+00  0.00000E+00  0.43673E+02  0.12134E+04  0.33044E+03   2801  0.00000E+00      0.000
    2800.0000 -0.31646E+00  0.31056E+00 -0.31646E+00  0.30270E+00 -0.13757E-01 -0.88611E+03  0.86954E+03 -0.88611E+03  0.84909E+03 -0.35871E+02 -0.75277E+02 -0.48027E+02  0.00000E+00  0.00000E+00  0.00000E+00  0.43673E+02  0.12177E+04  0.33163E+03   2811  0.00000E+00      0.000
    2810.0000 -0.31646E+00  0.31056E+00 -0.31646E+00  0.30270E+00 -0.13763E-01 -0.88927E+03  0.87265E+03 -0.88927E+03  0.85212E+03 -0.36008E+02 -0.75277E+02 -0.48027E+02  0.00000E+00  0.00000E+00  0.00000E+00  0.43673E+02  0.12221E+04  0.33281E+03   2821  0.00000E+00      0.000
    2820.0000 -0.31646E+00  0.31056E+00 -0.31646E+00  0.30269E+00 -0.13770E-01 -0.89243E+03  0.87575E+03 -0.89243E+03  0.85515E+03 -0.36146E+02 -0.75277E+02 -0.48027E+02  0.00000E+00  0.00000E+00  0.00000E+00  0.43673E+02  0.12264E+04  0.33400E+03   2831  0.00000E+00      0.000
    2830.0000 -0.31646E+00  0.31056E+00 -0.31646E+00  0.30268E+00 -0.13775E-01 -0.89560E+03  0.87886E+03 -0.89560E+03  0.85817E+03 -0.36284E+02 -0.75277E+02 -0.48027E+02  0.00000E+00  0.00000E+00  0.00000E+00  0.43673E+02  0.12308E+04  0.33518E+03   2841  0.00000E+00      0.000
    2840.0000 -0.31646E+00  0.31056E+00 -0.31646E+00  0.30268E+00 -0.13781E-01 -0.89876E+03  0.88197E+03 -0.89876E+03  0.86120E+03 -0.36421E+02 -0.75277E+02 -0.48027E+02  0.00000E+00  0.00000E+00  0.00000E+00  0.43673E+02  0.12351E+04  0.33637E+03   2851  0.00000E+00      0.000
    2850.0000 -0.31646E+00  0.31056E+00 -0.31646E+00  0.30267E+00 -0.13787E-01 -0.90193E+03  0.88507E+03 -0.90193E+03  0.86423E+03 -0.36559E+02 -0.75277E+02 -0.48027E+02  0.00000E+00  0.00000E+00  0.00000E+00  0.43673E+02  0.12395E+04  0.33755E+03   2861  0.00000E+00      0.000
    2860.0000 -0.31646E+00  0.31056E+00 -0.31646E+00  0.30267E+00 -0.13792E-01 -0.90509E+03  0.88818E+03 -0.90509E+03  0.86725E+03 -0.36697E+02 -0.75277E+02 -0.48026E+02  0.00000E+00  0.00000E+00  0.00000E+00  0.43673E+02  0.12438E+04  0.33873E+03   2871  0.00000E+00      0.000
    2870.0000 -0.31646E+00  0.31056E+00 -0.31646E+00  0.30266E+00 -0.13797E-01 -0.90826E+03  0.89128E+03 -0.90826E+03  0.87028E+03 -0.36835E+02 -0.75277E+02 -0.48026E+02  0.00000E+00  0.00000E+00  0.00000E+00  0.43673E+02  0.12482E+04  0.33992E+03   2881  0.00000E+00      0.000
    2880.0000 -0.31646E+00  0.31056E+00 -0.31646E+00  0.30266E+00 -0.13804E-01 -0.91142E+03  0.89439E+03 -0.91142E+03  0.87331E+03 -0.36973E+02 -0.75277E+02 -0.48026E+02  0.00000E+00  0.00000E+00  0.00000E+00  0.43673E+02  0.12525E+04  0.34110E+03   2891  0.00000E+00      0.000
    2890.0000 -0.31646E+00  0.31056E+00 -0.31646E+00  0.30265E+00 -0.13811E-01 -0.91459E+03  0.89749E+03 -0.91459E+03  0.87633E+03 -0.37111E+02 -0.75277E+02 -0.48026E+02  0.00000E+00  0.00000E+00  0.00000E+00  0.43673E+02  0.12569E+04  0.34229E+03   2901  0.00000E+00      0.000
    2900.0000 -0.31646E+00  0.31056E+00 -0.31646E+00  0.30264E+00 -0.13816E-01 -0.91775E+03  0.90060E+03 -0.91775E+03  0.87936E+03 -0.37249E+02 -0.75277E+02 -0.48026E+02  0.00000E+00  0.00000E+00  0.00000E+00  0.43673E+02  0.12612E+04  0.34347E+03   2911  0.00000E+00      0.000
    2910.0000 -0.31646E+00  0.31056E+00 -0.31646E+00  0.30264E+00 -0.13823E-01 -0.92092E+03  0.90370E+03 -0.92092E+03  0.88239E+03 -0.37387E+02 -0.75277E+02 -0.48026E+02  0.00000E+00  0.00000E+00  0.00000E+00  0.43673E+02  0.12656E+04  0.34466E+03   2921  0.00000E+00      0.000
    2920.0000 -0.31646E+00  0.31056E+00 -0.31646E+00  0.30263E+00 -0.13830E-01 -0.92408E+03  0.90681E+03 -0.92408E+03  0.88541E+03 -0.37526E+02 -0.75277E+02 -0.48026E+02  0.00000E+00  0.00000E+00  0.00000E+00  0.43673E+02  0.12699E+04  0.34584E+03   2931  0.00000E+00      0.000
    2930.0000 -0.31646E+00  0.31056E+00 -0.31646E+00  0.30262E+00 -0.13838E-01 -0.92725E+03  0.90991E+03 -0.92725E+03  0.88844E+03 -0.37664E+02 -0.75277E+02 -0.48026E+02  0.00000E+00  0.00000E+00  0.00000E+00  0.43673E+02  0.12743E+04  0.34703E+03   2941  0.00000E+00      0.000
    2940.0000 -0.31646E+00  0.31056E+00 -0.31646E+00  0.30262E+00 -0.13843E-01 -0.93041E+03  0.91302E+03 -0.93041E+03  0.89147E+03 -0.37803E+02 -0.75277E+02 -0.48026E+02  0.00000E+00  0.00000E+00  0.00000E+00  0.43673E+02  0.12786E+04  0.34821E+03   2951  0.00000E+00      0.000
    2950.0000 -0.31646E+00  0.31056E+00 -0.31646E+00  0.30261E+00 -0.13851E-01 -0.93358E+03  0.91613E+03 -0.93358E+03  0.89449E+03 -0.37941E+02 -0.75277E+02 -0.48026E+02  0.00000E+00  0.00000E+00  0.00000E+00  0.43673E+02  0.12830E+04  0.34939E+03   2961  0.00000E+00      0.000
    2960.0000 -0.31646E+00  0.31056E+00 -0.31646E+00  0.30260E+00 -0.13857E-01 -0.93674E+03  0.91923E+03 -0.93674E+03  0.89752E+03 -0.38080E+02 -0.75277E+02 -0.48026E+02  0.00000E+00  0.00000E+00  0.00000E+00  0.43673E+02  0.12873E+04  0.35058E+03   2971  0.00000E+00      0.000
    2970.0000 -0.31646E+00  0.31056E+00 -0.31646E+00  0.30260E+00 -0.13864E-01 -0.93990E+03  0.92234E+03 -0.93990E+03  0.90054E+03 -0.38218E+02 -0.75277E+02 -0.48026E+02  0.00000E+00  0.00000E+00  0.00000E+00  0.43673E+02  0.12917E+04  0.35176E+03   2981  0.00000E+00      0.000
    2980.0000 -0.31646E+00  0.31056E+00 -0.31646E+00  0.30259E+00 -0.13871E-01 -0.94307E+03  0.92544E+03 -0.94307E+03  0.90357E+03 -0.38357E+02 -0.75277E+02 -0.48026E+02  0.00000E+00  0.00000E+00  0.00000E+00  0.43673E+02  0.12960E+04  0.35295E+03   2991  0.00000E+00      0.000
    2990.0000 -0.31646E+00  0.31056E+00 -0.31646E+00  0.30258E+00 -0.13878E-01 -0.94623E+03  0.92855E+03 -0.94623E+03  0.90660E+03 -0.38496E+02 -0.75277E+02 -0.48026E+02  0.00000E+00  0.00000E+00  0.00000E+00  0.43673E+02  0.13004E+04  0.35413E+03   3001  0.00000E+00      0.000
    3000.0000 -0.31646E+00  0.31056E+00 -0.31646E+00  0.30258E+00 -0.13884E-01 -0.94940E+03  0.93165E+03 -0.94940E+03  0.90962E+03 -0.38634E+02 -0.75277E+02 -0.48026E+02  0.00000E+00  0.00000E+00  0.00000E+00  0.43673E+02  0.13047E+04  0.35532E+03   3011  0.00000E+00      0.000
    3010.0000 -0.31646E+00  0.31056E+00 -0.31646E+00  0.30257E+00 -0.13891E-01 -0.95256E+03  0.93476E+03 -0.95256E+03  0.91265E+03 -0.38773E+02 -0.75277E+02 -0.48026E+02  0.00000E+00  0.00000E+00  0.00000E+00  0.43673E+02  0.13090E+04  0.35650E+03   3021  0.00000E+00      0.000
    3020.0000 -0.31646E+00  0.31056E+00 -0.31646E+00  0.30256E+00 -0.13897E-01 -0.95573E+03  0.93786E+03 -0.95573E+03  0.91567E+03 -0.38912E+02 -0.75277E+02 -0.48026E+02  0.00000E+00  0.00000E+00  0.00000E+00  0.43673E+02  0.13134E+04  0.35768E+03   3031  0.00000E+00      0.000
    3030.0000 -0.31646E+00  0.31056E+00 -0.31646E+00  0.30256E+00 -0.13903E-01 -0.95889E+03  0.94097E+03 -0.95889E+03  0.91870E+03 -0.39051E+02 -0.75277E+02 -0.48026E+02  0.00000E+00  0.00000E+00  0.00000E+00  0.43673E+02  0.13177E+04  0.35887E+03   3041  0.00000E+00      0.000
    3040.0000 -0.31646E+00  0.31056E+00 -0.31646E+00  0.30255E+00 -0.13910E-01 -0.96206E+03  0.94407E+03 -0.96206E+03  0.92172E+03 -0.39190E+02 -0.75277E+02 -0.48026E+02  0.00000E+00  0.00000E+00  0.00000E+00  0.43673E+02  0.13221E+04  0.36005E+03   3051  0.00000E+00      0.000
    3050.0000 -0.31646E+00  0.31056E+00 -0.31646E+00  0.30254E+00 -0.13917E-01 -0.96522E+03  0.94718E+03 -0.96522E+03  0.92475E+03 -0.39329E+02 -0.75277E+02 -0.48026E+02  0.00000E+00  0.00000E+00  0.00000E+00  0.43673E+02  0.13264E+04  0.36124E+03   3061  0.00000E+00      0.000
    3060.0000 -0.31646E+00  0.31056E+00 -0.31646E+00  0.30254E+00 -0.13923E-01 -0.96839E+03  0.95029E+03 -0.96839E+03  0.92777E+03 -0.39469E+02 -0.75277E+02 -0.48026E+02  0.00000E+00  0.00000E+00  0.00000E+00  0.43673E+02  0.13308E+04  0.36242E+03   3071  0.00000E+00      0.000
    3070.0000 -0.31646E+00  0.31056E+00 -0.31646E+00  0.30253E+00 -0.13930E-01 -0.97155E+03  0.95339E+03 -0.97155E+03  0.93080E+03 -0.39608E+02 -0.75277E+02 -0.48026E+02  0.00000E+00  0.00000E+00  0.00000E+00  0.43674E+02  0.13351E+04  0.36361E+03   3081  0.00000E+00      0.000
    3080.0000 -0.31646E+00  0.31056E+00 -0.31646E+00  0.30252E+00 -0.13936E-01 -0.97472E+03  0.95650E+03 -0.97472E+03  0.93383E+03 -0.39747E+02 -0.75277E+02 -0.48026E+02  0.00000E+00  0.00000E+00  0.00000E+00  0.43674E+02  0.13395E+04  0.36479E+03   3091  0.00000E+00      0.000
    3090.0000 -0.31646E+00  0.31056E+00 -0.31646E+00  0.30252E+00 -0.13942E-01 -0.97788E+03  0.95960E+03 -0.97788E+03  0.93685E+03 -0.39887E+02 -0.75277E+02 -0.48026E+02  0.00000E+00  0.00000E+00  0.00000E+00  0.43674E+02  0.13438E+04  0.36598E+03   3101  0.00000E+00      0.000
    3100.0000 -0.31646E+00  0.31056E+00 -0.31646E+00  0.30251E+00 -0.13948E-01 -0.98105E+03  0.96271E+03 -0.98105E+03  0.93988E+03 -0.40026E+02 -0.75277E+02 -0.48025E+02  0.00000E+00  0.00000E+00  0.00000E+00  0.43674E+02  0.13482E+04  0.36716E+03   3111  0.00000E+00      0.000
    3110.0000 -0.31646E+00  0.31056E+00 -0.31646E+00  0.30250E+00 -0.13955E-01 -0.98421E+03  0.96581E+03 -0.98421E+03  0.94290E+03 -0.40166E+02 -0.75277E+02 -0.48025E+02  0.00000E+00  0.00000E+00  0.00000E+00  0.43674E+02  0.13525E+04  0.36834E+03   3121  0.00000E+00      0.000
    3120.0000 -0.31646E+00  0.31056E+00 -0.31646E+00  0.30250E+00 -0.13961E-01 -0.98738E+03  0.96892E+03 -0.98737E+03  0.94593E+03 -0.40305E+02 -0.75277E+02 -0.48025E+02  0.00000E+00  0.00000E+00  0.00000E+00  0.43674E+02  0.13569E+04  0.36953E+03   3131  0.00000E+00      0.000
    3130.0000 -0.31646E+00  0.31056E+00 -0.31646E+00  0.30249E+00 -0.13967E-01 -0.99054E+03  0.97202E+03 -0.99054E+03  0.94895E+03 -0.40445E+02 -0.75277E+02 -0.48025E+02  0.00000E+00  0.00000E+00  0.00000E+00  0.43674E+02  0.13612E+04  0.37071E+03   3141  0.00000E+00      0.000
    3140.0000 -0.31646E+00  0.31056E+00 -0.31646E+00  0.30249E+00 -0.13974E-01 -0.99370E+03  0.97513E+03 -0.99370E+03  0.95198E+03 -0.40584E+02 -0.75277E+02 -0.48025E+02  0.00000E+00  0.00000E+00  0.00000E+00  0.43674E+02  0.13656E+04  0.37190E+03   3151  0.00000E+00      0.000
    3150.0000 -0.31646E+00  0.31056E+00 -0.31646E+00  0.30248E+00 -0.13980E-01 -0.99687E+03  0.97824E+03 -0.99687E+03  0.95500E+03 -0.40724E+02 -0.75277E+02 -0.48025E+02  0.00000E+00  0.00000E+00  0.00000E+00  0.43674E+02  0.13699E+04  0.37308E+03   3161  0.00000E+00      0.000
    3160.0000 -0.31646E+00  0.31056E+00 -0.31646E+00  0.30247E+00 -0.13986E-01 -0.10000E+04  0.98134E+03 -0.10000E+04  0.95803E+03 -0.40864E+02 -0.75277E+02 -0.48025E+02  0.00000E+00  0.00000E+00  0.00000E+00  0.43674E+02  0.13743E+04  0.37427E+03   3171  0.00000E+00      0.000
    3170.0000 -0.31646E+00  0.31056E+00 -0.31646E+00  0.30247E+00 -0.13993E-01 -0.10032E+04  0.98445E+03 -0.10032E+04  0.96105E+03 -0.41004E+02 -0.75277E+02 -0.48025E+02  0.00000E+00  0.00000E+00  0.00000E+00  0.43674E+02  0.13786E+04  0.37545E+03   3181  0.00000E+00      0.000
    3180.0000 -0.31646E+00  0.31056E+00 -0.31646E+00  0.30246E+00 -0.13999E-01 -0.10064E+04  0.98755E+03 -0.10064E+04  0.96408E+03 -0.41144E+02 -0.75277E+02 -0.48025E+02  0.00000E+00  0.00000E+00  0.00000E+00  0.43674E+02  0.13830E+04  0.37664E+03   3191  0.00000E+00      0.000
    3190.0000 -0.31646E+00  0.31056E+00 -0.31646E+00  0.30245E+00 -0.14005E-01 -0.10095E+04  0.99066E+03 -0.10095E+04  0.96710E+03 -0.41284E+02 -0.75277E+02 -0.48025E+02  0.00000E+00  0.00000E+00  0.00000E+00  0.43674E+02  0.13873E+04  0.37782E+03   3201  0.00000E+00      0.000
    3200.0000 -0.31646E+00  0.31056E+00 -0.31646E+00  0.30245E+00 -0.14011E-01 -0.10127E+04  0.99376E+03 -0.10127E+04  0.97012E+03 -0.41424E+02 -0.75277E+02 -0.48025E+02  0.00000E+00  0.00000E+00  0.00000E+00  0.43674E+02  0.13917E+04  0.37900E+03   3211  0.00000E+00      0.000
    3210.0000 -0.31646E+00  0.31056E+00 -0.31646E+00  0.30244E+00 -0.14018E-01 -0.10159E+04  0.99687E+03 -0.10159E+04  0.97315E+03 -0.41564E+02 -0.75277E+02 -0.48025E+02  0.00000E+00  0.00000E+00  0.00000E+00  0.43674E+02  0.13960E+04  0.38019E+03   3221  0.00000E+00      0.000
    3220.0000 -0.31646E+00  0.31056E+00 -0.31646E+00  0.30244E+00 -0.14024E-01 -0.10190E+04  0.99997E+03 -0.10190E+04  0.97617E+03 -0.41704E+02 -0.75277E+02 -0.48025E+02  0.00000E+00  0.00000E+00  0.00000E+00  0.43674E+02  0.14004E+04  0.38137E+03   3231  0.00000E+00      0.000
    3230.0000 -0.31646E+00  0.31056E+00 -0.31646E+00  0.30243E+00 -0.14029E-01 -0.10222E+04  0.10031E+04 -0.10222E+04  0.97920E+03 -0.41845E+02 -0.75277E+02 -0.48025E+02  0.00000E+00  0.00000E+00  0.00000E+00  0.43674E+02  0.14047E+04  0.38256E+03   3241  0.00000E+00      0.000
    3240.0000 -0.31646E+00  0.31056E+00 -0.31646E+00  0.30242E+00 -0.14036E-01 -0.10254E+04  0.10062E+04 -0.10254E+04  0.98222E+03 -0.41985E+02 -0.75276E+02 -0.48025E+02  0.00000E+00  0.00000E+00  0.00000E+00  0.43674E+02  0.14091E+04  0.38374E+03   3251  0.00000E+00      0.000
    3250.0000 -0.31646E+00  0.31056E+00 -0.31646E+00  0.30242E+00 -0.14041E-01 -0.10285E+04  0.10093E+04 -0.10285E+04  0.98525E+03 -0.42125E+02 -0.75276E+02 -0.48025E+02  0.00000E+00  0.00000E+00  0.00000E+00  0.43674E+02  0.14134E+04  0.38493E+03   3261  0.00000E+00      0.000
    3260.0000 -0.31646E+00  0.31056E+00 -0.31646E+00  0.30241E+00 -0.14048E-01 -0.10317E+04  0.10124E+04 -0.10317E+04  0.98827E+03 -0.42266E+02 -0.75276E+02 -0.48025E+02  0.00000E+00  0.00000E+00  0.00000E+00  0.43674E+02  0.14178E+04  0.38611E+03   3271  0.00000E+00      0.000
    3270.0000 -0.31646E+00  0.31056E+00 -0.31646E+00  0.30241E+00 -0.14054E-01 -0.10348E+04  0.10155E+04 -0.10348E+04  0.99129E+03 -0.42406E+02 -0.75276E+02 -0.48025E+02  0.00000E+00  0.00000E+00  0.00000E+00  0.43674E+02  0.14221E+04  0.38729E+03   3281  0.00000E+00      0.000
    3280.0000 -0.31646E+00  0.31056E+00 -0.31646E+00  0.30240E+00 -0.14060E-01 -0.10380E+04  0.10186E+04 -0.10380E+04  0.99432E+03 -0.42547E+02 -0.75276E+02 -0.48025E+02  0.00000E+00  0.00000E+00  0.00000E+00  0.43674E+02  0.14265E+04  0.38848E+03   3291  0.00000E+00      0.000
    3285.0000 -0.31646E+00  0.31056E+00 -0.31646E+00  0.30240E+00 -0.14064E-01 -0.10396E+04  0.10202E+04 -0.10396E+04  0.99583E+03 -0.42617E+02 -0.75276E+02 -0.48025E+02  0.00000E+00  0.00000E+00  0.00000E+00  0.43674E+02  0.14287E+04  0.38907E+03   3296  0.00000E+00      0.000
    3290.0000 -0.31646E+00  0.31056E+00 -0.31646E+00  0.30239E+00 -0.14068E-01 -0.10412E+04  0.10217E+04 -0.10412E+04  0.99734E+03 -0.42688E+02 -0.75276E+02 -0.48025E+02  0.00000E+00  0.00000E+00  0.00000E+00  0.43674E+02  0.14308E+04  0.38966E+03   3301  0.00000E+00      0.000
    3300.0000 -0.31646E+00  0.31056E+00 -0.31646E+00  0.30239E+00 -0.14074E-01 -0.10443E+04  0.10248E+04 -0.10443E+04  0.10004E+04 -0.42828E+02 -0.75276E+02 -0.48025E+02  0.00000E+00  0.00000E+00  0.00000E+00  0.43674E+02  0.14352E+04  0.39085E+03   3311  0.00000E+00      0.000
    3310.0000 -0.31646E+00  0.31056E+00 -0.31646E+00  0.30238E+00 -0.14082E-01 -0.10475E+04  0.10279E+04 -0.10475E+04  0.10034E+04 -0.42969E+02 -0.75276E+02 -0.48025E+02  0.00000E+00  0.00000E+00  0.00000E+00  0.43674E+02  0.14395E+04  0.39203E+03   3321  0.00000E+00      0.000
    3320.0000 -0.31646E+00  0.31056E+00 -0.31646E+00  0.30237E+00 -0.14089E-01 -0.10507E+04  0.10310E+04 -0.10507E+04  0.10064E+04 -0.43110E+02 -0.75276E+02 -0.48025E+02  0.00000E+00  0.00000E+00  0.00000E+00  0.43674E+02  0.14439E+04  0.39322E+03   3331  0.00000E+00      0.000
    3330.0000 -0.31646E+00  0.31056E+00 -0.31646E+00  0.30236E+00 -0.14096E-01 -0.10538E+04  0.10341E+04 -0.10538E+04  0.10094E+04 -0.43251E+02 -0.75276E+02 -0.48025E+02  0.00000E+00  0.00000E+00  0.00000E+00  0.43674E+02  0.14482E+04  0.39440E+03   3341  0.00000E+00      0.000
    3340.0000 -0.31646E+00  0.31056E+00 -0.31646E+00  0.30236E+00 -0.14104E-01 -0.10570E+04  0.10372E+04 -0.10570E+04  0.10125E+04 -0.43392E+02 -0.75276E+02 -0.48024E+02  0.00000E+00  0.00000E+00  0.00000E+00  0.43674E+02  0.14526E+04  0.39559E+03   3351  0.00000E+00      0.000
    3350.0000 -0.31646E+00  0.31056E+00 -0.31646E+00  0.30235E+00 -0.14111E-01 -0.10602E+04  0.10403E+04 -0.10602E+04  0.10155E+04 -0.43533E+02 -0.75276E+02 -0.48024E+02  0.00000E+00  0.00000E+00  0.00000E+00  0.43674E+02  0.14569E+04  0.39677E+03   3361  0.00000E+00      0.000
    3360.0000 -0.31646E+00  0.31056E+00 -0.31646E+00  0.30234E+00 -0.14119E-01 -0.10633E+04  0.10434E+04 -0.10633E+04  0.10185E+04 -0.43674E+02 -0.75276E+02 -0.48024E+02  0.00000E+00  0.00000E+00  0.00000E+00  0.43674E+02  0.14613E+04  0.39795E+03   3371  0.00000E+00      0.000
    3370.0000 -0.31646E+00  0.31056E+00 -0.31646E+00  0.30233E+00 -0.14126E-01 -0.10665E+04  0.10466E+04 -0.10665E+04  0.10215E+04 -0.43815E+02 -0.75276E+02 -0.48024E+02  0.00000E+00  0.00000E+00  0.00000E+00  0.43674E+02  0.14656E+04  0.39914E+03   3381  0.00000E+00      0.000
    3380.0000 -0.31646E+00  0.31056E+00 -0.31646E+00  0.30233E+00 -0.14133E-01 -0.10696E+04  0.10497E+04 -0.10696E+04  0.10246E+04 -0.43957E+02 -0.75276E+02 -0.48024E+02  0.00000E+00  0.00000E+00  0.00000E+00  0.43674E+02  0.14700E+04  0.40032E+03   3391  0.00000E+00      0.000
    3390.0000 -0.31646E+00  0.31056E+00 -0.31646E+00  0.30232E+00 -0.14140E-01 -0.10728E+04  0.10528E+04 -0.10728E+04  0.10276E+04 -0.44098E+02 -0.75276E+02 -0.48024E+02  0.00000E+00  0.00000E+00  0.00000E+00  0.43674E+02  0.14743E+04  0.40151E+03   3401  0.00000E+00      0.000
    3400.0000 -0.31646E+00  0.31056E+00 -0.31646E+00  0.30231E+00 -0.14147E-01 -0.10760E+04  0.10559E+04 -0.10760E+04  0.10306E+04 -0.44239E+02 -0.75276E+02 -0.48024E+02  0.00000E+00  0.00000E+00  0.00000E+00  0.43674E+02  0.14787E+04  0.40269E+03   3411  0.00000E+00      0.000
    3410.0000 -0.31646E+00  0.31056E+00 -0.31646E+00  0.30231E+00 -0.14155E-01 -0.10791E+04  0.10590E+04 -0.10791E+04  0.10336E+04 -0.44381E+02 -0.75276E+02 -0.48024E+02  0.00000E+00  0.00000E+00  0.00000E+00  0.43674E+02  0.14830E+04  0.40388E+03   3421  0.00000E+00      0.000
    3420.0000 -0.31646E+00  0.31056E+00 -0.31646E+00  0.30230E+00 -0.14161E-01 -0.10823E+04  0.10621E+04 -0.10823E+04  0.10366E+04 -0.44523E+02 -0.75276E+02 -0.48024E+02  0.00000E+00  0.00000E+00  0.00000E+00  0.43674E+02  0.14874E+04  0.40506E+03   3431  0.00000E+00      0.000
    3430.0000 -0.31646E+00  0.31056E+00 -0.31646E+00  0.30229E+00 -0.14168E-01 -0.10855E+04  0.10652E+04 -0.10855E+04  0.10397E+04 -0.44664E+02 -0.75276E+02 -0.48024E+02  0.00000E+00  0.00000E+00  0.00000E+00  0.43674E+02  0.14917E+04  0.40624E+03   3441  0.00000E+00      0.000
    3440.0000 -0.31646E+00  0.31056E+00 -0.31646E+00  0.30228E+00 -0.14175E-01 -0.10886E+04  0.10683E+04 -0.10886E+04  0.10427E+04 -0.44806E+02 -0.75276E+02 -0.48024E+02  0.00000E+00  0.00000E+00  0.00000E+00  0.43674E+02  0.14961E+04  0.40743E+03   3451  0.00000E+00      0.000
    3450.0000 -0.31646E+00  0.31056E+00 -0.31646E+00  0.30228E+00 -0.14183E-01 -0.10918E+04  0.10714E+04 -0.10918E+04  0.10457E+04 -0.44948E+02 -0.75276E+02 -0.48024E+02  0.00000E+00  0.00000E+00  0.00000E+00  0.43674E+02  0.15004E+04  0.40861E+03   3461  0.00000E+00      0.000
    3460.0000 -0.31646E+00  0.31056E+00 -0.31646E+00  0.30227E+00 -0.14190E-01 -0.10950E+04  0.10745E+04 -0.10950E+04  0.10487E+04 -0.45090E+02 -0.75276E+02 -0.48024E+02  0.00000E+00  0.00000E+00  0.00000E+00  0.43674E+02  0.15048E+04  0.40980E+03   3471  0.00000E+00      0.000
    3470.0000 -0.31646E+00  0.31056E+00 -0.31646E+00  0.30226E+00 -0.14197E-01 -0.10981E+04  0.10776E+04 -0.10981E+04  0.10518E+04 -0.45231E+02 -0.75276E+02 -0.48024E+02  0.00000E+00  0.00000E+00  0.00000E+00  0.43674E+02  0.15091E+04  0.41098E+03   3481  0.00000E+00      0.000
    3480.0000 -0.31646E+00  0.31056E+00 -0.31646E+00  0.30226E+00 -0.14203E-01 -0.11013E+04  0.10807E+04 -0.11013E+04  0.10548E+04 -0.45373E+02 -0.75276E+02 -0.48024E+02  0.00000E+00  0.00000E+00  0.00000E+00  0.43674E+02  0.15135E+04  0.41217E+03   3491  0.00000E+00      0.000
    3490.0000 -0.31646E+00  0.31056E+00 -0.31646E+00  0.30225E+00 -0.14211E-01 -0.11045E+04  0.10838E+04 -0.11045E+04  0.10578E+04 -0.45516E+02 -0.75276E+02 -0.48024E+02  0.00000E+00  0.00000E+00  0.00000E+00  0.43674E+02  0.15178E+04  0.41335E+03   3501  0.00000E+00      0.000
    3500.0000 -0.31646E+00  0.31056E+00 -0.31646E+00  0.30224E+00 -0.14218E-01 -0.11076E+04  0.10869E+04 -0.11076E+04  0.10608E+04 -0.45658E+02 -0.75276E+02 -0.48024E+02  0.00000E+00  0.00000E+00  0.00000E+00  0.43674E+02  0.15222E+04  0.41454E+03   3511  0.00000E+00      0.000
    3510.0000 -0.31646E+00  0.31056E+00 -0.31646E+00  0.30224E+00 -0.14224E-01 -0.11108E+04  0.10900E+04 -0.11108E+04  0.10638E+04 -0.45800E+02 -0.75276E+02 -0.48024E+02  0.00000E+00  0.00000E+00  0.00000E+00  0.43674E+02  0.15265E+04  0.41572E+03   3521  0.00000E+00      0.000
    3520.0000 -0.31646E+00  0.31056E+00 -0.31646E+00  0.30223E+00 -0.14231E-01 -0.11139E+04  0.10931E+04 -0.11139E+04  0.10669E+04 -0.45942E+02 -0.75276E+02 -0.48024E+02  0.00000E+00  0.00000E+00  0.00000E+00  0.43674E+02  0.15309E+04  0.41690E+03   3531  0.00000E+00      0.000
    3530.0000 -0.31646E+00  0.31056E+00 -0.31646E+00  0.30222E+00 -0.14238E-01 -0.11171E+04  0.10962E+04 -0.11171E+04  0.10699E+04 -0.46085E+02 -0.75276E+02 -0.48023E+02  0.00000E+00  0.00000E+00  0.00000E+00  0.43674E+02  0.15352E+04  0.41809E+03   3541  0.00000E+00      0.000
    3540.0000 -0.31646E+00  0.31056E+00 -0.31646E+00  0.30221E+00 -0.14245E-01 -0.11203E+04  0.10993E+04 -0.11203E+04  0.10729E+04 -0.46227E+02 -0.75276E+02 -0.48023E+02  0.00000E+00  0.00000E+00  0.00000E+00  0.43674E+02  0.15396E+04  0.41927E+03   3551  0.00000E+00      0.000
    3550.0000 -0.31646E+00  0.31056E+00 -0.31646E+00  0.30221E+00 -0.14252E-01 -0.11234E+04  0.11025E+04 -0.11234E+04  0.10759E+04 -0.46369E+02 -0.75276E+02 -0.48023E+02  0.00000E+00  0.00000E+00  0.00000E+00  0.43674E+02  0.15439E+04  0.42046E+03   3561  0.00000E+00      0.000
    3560.0000 -0.31646E+00  0.31056E+00 -0.31646E+00  0.30220E+00 -0.14259E-01 -0.11266E+04  0.11056E+04 -0.11266E+04  0.10790E+04 -0.46512E+02 -0.75276E+02 -0.48023E+02  0.00000E+00  0.00000E+00  0.00000E+00  0.43674E+02  0.15483E+04  0.42164E+03   3571  0.00000E+00      0.000
    3570.0000 -0.31646E+00  0.31056E+00 -0.31646E+00  0.30219E+00 -0.14266E-01 -0.11298E+04  0.11087E+04 -0.11298E+04  0.10820E+04 -0.46655E+02 -0.75276E+02 -0.48023E+02  0.00000E+00  0.00000E+00  0.00000E+00  0.43674E+02  0.15526E+04  0.42283E+03   3581  0.00000E+00      0.000
    3580.0000 -0.31646E+00  0.31056E+00 -0.31646E+00  0.30219E+00 -0.14272E-01 -0.11329E+04  0.11118E+04 -0.11329E+04  0.10850E+04 -0.46797E+02 -0.75276E+02 -0.48023E+02  0.00000E+00  0.00000E+00  0.00000E+00  0.43674E+02  0.15570E+04  0.42401E+03   3591  0.00000E+00      0.000
    3590.0000 -0.31646E+00  0.31056E+00 -0.31646E+00  0.30218E+00 -0.14278E-01 -0.11361E+04  0.11149E+04 -0.11361E+04  0.10880E+04 -0.46940E+02 -0.75276E+02 -0.48023E+02  0.00000E+00  0.00000E+00  0.00000E+00  0.43674E+02  0.15613E+04  0.42520E+03   3601  0.00000E+00      0.000
    3600.0000 -0.31646E+00  0.31056E+00 -0.31646E+00  0.30217E+00 -0.14286E-01 -0.11393E+04  0.11180E+04 -0.11393E+04  0.10910E+04 -0.47083E+02 -0.75276E+02 -0.48023E+02  0.00000E+00  0.00000E+00  0.00000E+00  0.43674E+02  0.15657E+04  0.42638E+03   3611  0.00000E+00      0.000
    3610.0000 -0.31646E+00  0.31056E+00 -0.31646E+00  0.30217E+00 -0.14292E-01 -0.11424E+04  0.11211E+04 -0.11424E+04  0.10941E+04 -0.47226E+02 -0.75276E+02 -0.48023E+02  0.00000E+00  0.00000E+00  0.00000E+00  0.43674E+02  0.15700E+04  0.42756E+03   3621  0.00000E+00      0.000
    3620.0000 -0.31646E+00  0.31056E+00 -0.31646E+00  0.30216E+00 -0.14299E-01 -0.11456E+04  0.11242E+04 -0.11456E+04  0.10971E+04 -0.47369E+02 -0.75276E+02 -0.48023E+02  0.00000E+00  0.00000E+00  0.00000E+00  0.43674E+02  0.15744E+04  0.42875E+03   3631  0.00000E+00      0.000
    3630.0000 -0.31646E+00  0.31056E+00 -0.31646E+00  0.30215E+00 -0.14306E-01 -0.11487E+04  0.11273E+04 -0.11487E+04  0.11001E+04 -0.47512E+02 -0.75276E+02 -0.48023E+02  0.00000E+00  0.00000E+00  0.00000E+00  0.43674E+02  0.15787E+04  0.42993E+03   3641  0.00000E+00      0.000
    3640.0000 -0.31646E+00  0.31056E+00 -0.31646E+00  0.30215E+00 -0.14313E-01 -0.11519E+04  0.11304E+04 -0.11519E+04  0.11031E+04 -0.47655E+02 -0.75276E+02 -0.48023E+02  0.00000E+00  0.00000E+00  0.00000E+00  0.43674E+02  0.15831E+04  0.43112E+03   3651  0.00000E+00      0.000
    3650.0000 -0.31646E+00  0.31056E+00 -0.31646E+00  0.30214E+00 -0.14319E-01 -0.11551E+04  0.11335E+04 -0.11551E+04  0.11062E+04 -0.47798E+02 -0.75276E+02 -0.48023E+02  0.00000E+00  0.00000E+00  0.00000E+00  0.43674E+02  0.15874E+04  0.43230E+03   3661  0.00000E+00      0.000
    3660.0000 -0.31646E+00  0.31056E+00 -0.31646E+00  0.30213E+00 -0.14326E-01 -0.11582E+04  0.11366E+04 -0.11582E+04  0.11092E+04 -0.47941E+02 -0.75276E+02 -0.48023E+02  0.00000E+00  0.00000E+00  0.00000E+00  0.43674E+02  0.15918E+04  0.43349E+03   3671  0.00000E+00      0.000
    3670.0000 -0.31646E+00  0.31056E+00 -0.31646E+00  0.30213E+00 -0.14332E-01 -0.11614E+04  0.11397E+04 -0.11614E+04  0.11122E+04 -0.48085E+02 -0.75276E+02 -0.48023E+02  0.00000E+00  0.00000E+00  0.00000E+00  0.43674E+02  0.15961E+04  0.43467E+03   3681  0.00000E+00      0.000
    3680.0000 -0.31646E+00  0.31056E+00 -0.31646E+00  0.30212E+00 -0.14339E-01 -0.11646E+04  0.11428E+04 -0.11646E+04  0.11152E+04 -0.48228E+02 -0.75276E+02 -0.48023E+02  0.00000E+00  0.00000E+00  0.00000E+00  0.43674E+02  0.16005E+04  0.43585E+03   3691  0.00000E+00      0.000
    3690.0000 -0.31646E+00  0.31056E+00 -0.31646E+00  0.30211E+00 -0.14346E-01 -0.11677E+04  0.11459E+04 -0.11677E+04  0.11182E+04 -0.48371E+02 -0.75276E+02 -0.48023E+02  0.00000E+00  0.00000E+00  0.00000E+00  0.43674E+02  0.16048E+04  0.43704E+03   3701  0.00000E+00      0.000
    3700.0000 -0.31646E+00  0.31056E+00 -0.31646E+00  0.30211E+00 -0.14352E-01 -0.11709E+04  0.11490E+04 -0.11709E+04  0.11213E+04 -0.48515E+02 -0.75276E+02 -0.48023E+02  0.00000E+00  0.00000E+00  0.00000E+00  0.43674E+02  0.16092E+04  0.43822E+03   3711  0.00000E+00      0.000
    3710.0000 -0.31646E+00  0.31056E+00 -0.31646E+00  0.30210E+00 -0.14358E-01 -0.11741E+04  0.11521E+04 -0.11741E+04  0.11243E+04 -0.48658E+02 -0.75276E+02 -0.48023E+02  0.00000E+00  0.00000E+00  0.00000E+00  0.43674E+02  0.16135E+04  0.43941E+03   3721  0.00000E+00      0.000
    3720.0000 -0.31646E+00  0.31056E+00 -0.31646E+00  0.30209E+00 -0.14365E-01 -0.11772E+04  0.11552E+04 -0.11772E+04  0.11273E+04 -0.48802E+02 -0.75276E+02 -0.48023E+02  0.00000E+00  0.00000E+00  0.00000E+00  0.43674E+02  0.16179E+04  0.44059E+03   3731  0.00000E+00      0.000
    3730.0000 -0.31646E+00  0.31056E+00 -0.31646E+00  0.30209E+00 -0.14372E-01 -0.11804E+04  0.11584E+04 -0.11804E+04  0.11303E+04 -0.48946E+02 -0.75276E+02 -0.48023E+02  0.00000E+00  0.00000E+00  0.00000E+00  0.43674E+02  0.16222E+04  0.44178E+03   3741  0.00000E+00      0.000
    3740.0000 -0.31646E+00  0.31056E+00 -0.31646E+00  0.30208E+00 -0.14379E-01 -0.11836E+04  0.11615E+04 -0.11836E+04  0.11333E+04 -0.49089E+02 -0.75276E+02 -0.48022E+02  0.00000E+00  0.00000E+00  0.00000E+00  0.43674E+02  0.16266E+04  0.44296E+03   3751  0.00000E+00      0.000
    3750.0000 -0.31646E+00  0.31056E+00 -0.31646E+00  0.30207E+00 -0.14387E-01 -0.11867E+04  0.11646E+04 -0.11867E+04  0.11364E+04 -0.49233E+02 -0.75276E+02 -0.48022E+02  0.00000E+00  0.00000E+00  0.00000E+00  0.43674E+02  0.16309E+04  0.44415E+03   3761  0.00000E+00      0.000
    3760.0000 -0.31646E+00  0.31056E+00 -0.31646E+00  0.30206E+00 -0.14395E-01 -0.11899E+04  0.11677E+04 -0.11899E+04  0.11394E+04 -0.49377E+02 -0.75276E+02 -0.48022E+02  0.00000E+00  0.00000E+00  0.00000E+00  0.43674E+02  0.16353E+04  0.44533E+03   3771  0.00000E+00      0.000
    3770.0000 -0.31646E+00  0.31056E+00 -0.31646E+00  0.30206E+00 -0.14403E-01 -0.11930E+04  0.11708E+04 -0.11930E+04  0.11424E+04 -0.49521E+02 -0.75275E+02 -0.48022E+02  0.00000E+00  0.00000E+00  0.00000E+00  0.43674E+02  0.16396E+04  0.44651E+03   3781  0.00000E+00      0.000
    3780.0000 -0.31646E+00  0.31056E+00 -0.31646E+00  0.30205E+00 -0.14410E-01 -0.11962E+04  0.11739E+04 -0.11962E+04  0.11454E+04 -0.49665E+02 -0.75275E+02 -0.48022E+02  0.00000E+00  0.00000E+00  0.00000E+00  0.43674E+02  0.16440E+04  0.44770E+03   3791  0.00000E+00      0.000
    3790.0000 -0.31646E+00  0.31056E+00 -0.31646E+00  0.30204E+00 -0.14418E-01 -0.11994E+04  0.11770E+04 -0.11994E+04  0.11484E+04 -0.49809E+02 -0.75275E+02 -0.48022E+02  0.00000E+00  0.00000E+00  0.00000E+00  0.43674E+02  0.16483E+04  0.44888E+03   3801  0.00000E+00      0.000
    3800.0000 -0.31646E+00  0.31056E+00 -0.31646E+00  0.30203E+00 -0.14426E-01 -0.12025E+04  0.11801E+04 -0.12025E+04  0.11515E+04 -0.49954E+02 -0.75275E+02 -0.48022E+02  0.00000E+00  0.00000E+00  0.00000E+00  0.43674E+02  0.16526E+04  0.45007E+03   3811  0.00000E+00      0.000
    3810.0000 -0.31646E+00  0.31056E+00 -0.31646E+00  0.30203E+00 -0.14434E-01 -0.12057E+04  0.11832E+04 -0.12057E+04  0.11545E+04 -0.50098E+02 -0.75275E+02 -0.48022E+02  0.00000E+00  0.00000E+00  0.00000E+00  0.43674E+02  0.16570E+04  0.45125E+03   3821  0.00000E+00      0.000
    3820.0000 -0.31646E+00  0.31056E+00 -0.31646E+00  0.30202E+00 -0.14441E-01 -0.12089E+04  0.11863E+04 -0.12089E+04  0.11575E+04 -0.50242E+02 -0.75275E+02 -0.48022E+02  0.00000E+00  0.00000E+00  0.00000E+00  0.43674E+02  0.16613E+04  0.45244E+03   3831  0.00000E+00      0.000
    3830.0000 -0.31646E+00  0.31056E+00 -0.31646E+00  0.30201E+00 -0.14449E-01 -0.12120E+04  0.11894E+04 -0.12120E+04  0.11605E+04 -0.50387E+02 -0.75275E+02 -0.48022E+02  0.00000E+00  0.00000E+00  0.00000E+00  0.43674E+02  0.16657E+04  0.45362E+03   3841  0.00000E+00      0.000
    3840.0000 -0.31646E+00  0.31056E+00 -0.31646E+00  0.30200E+00 -0.14456E-01 -0.12152E+04  0.11925E+04 -0.12152E+04  0.11635E+04 -0.50531E+02 -0.75275E+02 -0.48022E+02  0.00000E+00  0.00000E+00  0.00000E+00  0.43674E+02  0.16700E+04  0.45480E+03   3851  0.00000E+00      0.000
    3850.0000 -0.31646E+00  0.31056E+00 -0.31646E+00  0.30200E+00 -0.14464E-01 -0.12184E+04  0.11956E+04 -0.12184E+04  0.11666E+04 -0.50676E+02 -0.75275E+02 -0.48022E+02  0.00000E+00  0.00000E+00  0.00000E+00  0.43674E+02  0.16744E+04  0.45599E+03   3861  0.00000E+00      0.000
    3860.0000 -0.31646E+00  0.31056E+00 -0.31646E+00  0.30199E+00 -0.14472E-01 -0.12215E+04  0.11987E+04 -0.12215E+04  0.11696E+04 -0.50821E+02 -0.75275E+02 -0.48022E+02  0.00000E+00  0.00000E+00  0.00000E+00  0.43674E+02  0.16787E+04  0.45717E+03   3871  0.00000E+00      0.000
    3870.0000 -0.31646E+00  0.31056E+00 -0.31646E+00  0.30198E+00 -0.14479E-01 -0.12247E+04  0.12018E+04 -0.12247E+04  0.11726E+04 -0.50965E+02 -0.75275E+02 -0.48022E+02  0.00000E+00  0.00000E+00  0.00000E+00  0.43674E+02  0.16831E+04  0.45836E+03   3881  0.00000E+00      0.000
    3880.0000 -0.31646E+00  0.31056E+00 -0.31646E+00  0.30197E+00 -0.14487E-01 -0.12279E+04  0.12049E+04 -0.12279E+04  0.11756E+04 -0.51110E+02 -0.75275E+02 -0.48022E+02  0.00000E+00  0.00000E+00  0.00000E+00  0.43674E+02  0.16874E+04  0.45954E+03   3891  0.00000E+00      0.000
    3890.0000 -0.31646E+00  0.31056E+00 -0.31646E+00  0.30197E+00 -0.14495E-01 -0.12310E+04  0.12080E+04 -0.12310E+04  0.11786E+04 -0.51255E+02 -0.75275E+02 -0.48022E+02  0.00000E+00  0.00000E+00  0.00000E+00  0.43674E+02  0.16918E+04  0.46073E+03   3901  0.00000E+00      0.000
    3900.0000 -0.31646E+00  0.31056E+00 -0.31646E+00  0.30196E+00 -0.14502E-01 -0.12342E+04  0.12111E+04 -0.12342E+04  0.11817E+04 -0.51400E+02 -0.75275E+02 -0.48021E+02  0.00000E+00  0.00000E+00  0.00000E+00  0.43674E+02  0.16961E+04  0.46191E+03   3911  0.00000E+00      0.000
    3910.0000 -0.31646E+00  0.31056E+00 -0.31646E+00  0.30195E+00 -0.14510E-01 -0.12373E+04  0.12143E+04 -0.12373E+04  0.11847E+04 -0.51545E+02 -0.75275E+02 -0.48021E+02  0.00000E+00  0.00000E+00  0.00000E+00  0.43674E+02  0.17005E+04  0.46310E+03   3921  0.00000E+00      0.000
    3920.0000 -0.31646E+00  0.31056E+00 -0.31646E+00  0.30194E+00 -0.14518E-01 -0.12405E+04  0.12174E+04 -0.12405E+04  0.11877E+04 -0.51690E+02 -0.75275E+02 -0.48021E+02  0.00000E+00  0.00000E+00  0.00000E+00  0.43674E+02  0.17048E+04  0.46428E+03   3931  0.00000E+00      0.000
    3930.0000 -0.31646E+00  0.31056E+00 -0.31646E+00  0.30194E+00 -0.14524E-01 -0.12437E+04  0.12205E+04 -0.12437E+04  0.11907E+04 -0.51835E+02 -0.75275E+02 -0.48021E+02  0.00000E+00  0.00000E+00  0.00000E+00  0.43674E+02  0.17092E+04  0.46546E+03   3941  0.00000E+00      0.000
    3940.0000 -0.31646E+00  0.31056E+00 -0.31646E+00  0.30193E+00 -0.14532E-01 -0.12468E+04  0.12236E+04 -0.12468E+04  0.11937E+04 -0.51981E+02 -0.75275E+02 -0.48021E+02  0.00000E+00  0.00000E+00  0.00000E+00  0.43674E+02  0.17135E+04  0.46665E+03   3951  0.00000E+00      0.000
    3950.0000 -0.31646E+00  0.31056E+00 -0.31646E+00  0.30192E+00 -0.14539E-01 -0.12500E+04  0.12267E+04 -0.12500E+04  0.11968E+04 -0.52126E+02 -0.75275E+02 -0.48021E+02  0.00000E+00  0.00000E+00  0.00000E+00  0.43674E+02  0.17179E+04  0.46783E+03   3961  0.00000E+00      0.000
    3960.0000 -0.31646E+00  0.31056E+00 -0.31646E+00  0.30191E+00 -0.14546E-01 -0.12532E+04  0.12298E+04 -0.12532E+04  0.11998E+04 -0.52272E+02 -0.75275E+02 -0.48021E+02  0.00000E+00  0.00000E+00  0.00000E+00  0.43674E+02  0.17222E+04  0.46902E+03   3971  0.00000E+00      0.000
    3970.0000 -0.31646E+00  0.31056E+00 -0.31646E+00  0.30191E+00 -0.14554E-01 -0.12563E+04  0.12329E+04 -0.12563E+04  0.12028E+04 -0.52417E+02 -0.75275E+02 -0.48021E+02  0.00000E+00  0.00000E+00  0.00000E+00  0.43674E+02  0.17266E+04  0.47020E+03   3981  0.00000E+00      0.000
    3980.0000 -0.31646E+00  0.31056E+00 -0.31646E+00  0.30190E+00 -0.14561E-01 -0.12595E+04  0.12360E+04 -0.12595E+04  0.12058E+04 -0.52563E+02 -0.75275E+02 -0.48021E+02  0.00000E+00  0.00000E+00  0.00000E+00  0.43674E+02  0.17309E+04  0.47139E+03   3991  0.00000E+00      0.000
    3990.0000 -0.31646E+00  0.31056E+00 -0.31646E+00  0.30189E+00 -0.14569E-01 -0.12627E+04  0.12391E+04 -0.12627E+04  0.12088E+04 -0.52708E+02 -0.75275E+02 -0.48021E+02  0.00000E+00  0.00000E+00  0.00000E+00  0.43674E+02  0.17353E+04  0.47257E+03   4001  0.00000E+00      0.000
    4000.0000 -0.31646E+00  0.31056E+00 -0.31646E+00  0.30188E+00 -0.14576E-01 -0.12658E+04  0.12422E+04 -0.12658E+04  0.12119E+04 -0.52854E+02 -0.75275E+02 -0.48021E+02  0.00000E+00  0.00000E+00  0.00000E+00  0.43674E+02  0.17396E+04  0.47375E+03   4011  0.00000E+00      0.000
    4010.0000 -0.31646E+00  0.31056E+00 -0.31646E+00  0.30188E+00 -0.14582E-01 -0.12690E+04  0.12453E+04 -0.12690E+04  0.12149E+04 -0.53000E+02 -0.75275E+02 -0.48021E+02  0.00000E+00  0.00000E+00  0.00000E+00  0.43674E+02  0.17440E+04  0.47494E+03   4021  0.00000E+00      0.000
    4015.0000 -0.31646E+00  0.31056E+00 -0.31646E+00  0.30187E+00 -0.14586E-01 -0.12706E+04  0.12469E+04 -0.12706E+04  0.12164E+04 -0.53073E+02 -0.75275E+02 -0.48021E+02  0.00000E+00  0.00000E+00  0.00000E+00  0.43674E+02  0.17462E+04  0.47553E+03   4026  0.00000E+00      0.000
    4020.0000 -0.31646E+00  0.31056E+00 -0.31646E+00  0.30187E+00 -0.14590E-01 -0.12721E+04  0.12484E+04 -0.12721E+04  0.12179E+04 -0.53146E+02 -0.75275E+02 -0.48021E+02  0.00000E+00  0.00000E+00  0.00000E+00  0.43674E+02  0.17483E+04  0.47612E+03   4031  0.00000E+00      0.000
    4030.0000 -0.31646E+00  0.31056E+00 -0.31646E+00  0.30186E+00 -0.14597E-01 -0.12753E+04  0.12515E+04 -0.12753E+04  0.12209E+04 -0.53292E+02 -0.75275E+02 -0.48021E+02  0.00000E+00  0.00000E+00  0.00000E+00  0.43674E+02  0.17527E+04  0.47731E+03   4041  0.00000E+00      0.000
    4040.0000 -0.31646E+00  0.31056E+00 -0.31646E+00  0.30185E+00 -0.14605E-01 -0.12785E+04  0.12546E+04 -0.12785E+04  0.12239E+04 -0.53438E+02 -0.75275E+02 -0.48021E+02  0.00000E+00  0.00000E+00  0.00000E+00  0.43674E+02  0.17570E+04  0.47849E+03   4051  0.00000E+00      0.000
    4050.0000 -0.31646E+00  0.31056E+00 -0.31646E+00  0.30185E+00 -0.14613E-01 -0.12816E+04  0.12577E+04 -0.12816E+04  0.12270E+04 -0.53584E+02 -0.75275E+02 -0.48021E+02  0.00000E+00  0.00000E+00  0.00000E+00  0.43674E+02  0.17614E+04  0.47968E+03   4061  0.00000E+00      0.000
    4060.0000 -0.31646E+00  0.31056E+00 -0.31646E+00  0.30184E+00 -0.14619E-01 -0.12848E+04  0.12608E+04 -0.12848E+04  0.12300E+04 -0.53730E+02 -0.75275E+02 -0.48021E+02  0.00000E+00  0.00000E+00  0.00000E+00  0.43674E+02  0.17657E+04  0.48086E+03   4071  0.00000E+00      0.000
    4070.0000 -0.31646E+00  0.31056E+00 -0.31646E+00  0.30183E+00 -0.14627E-01 -0.12880E+04  0.12639E+04 -0.12880E+04  0.12330E+04 -0.53876E+02 -0.75275E+02 -0.48021E+02  0.00000E+00  0.00000E+00  0.00000E+00  0.43674E+02  0.17701E+04  0.48205E+03   4081  0.00000E+00      0.000
    4080.0000 -0.31646E+00  0.31056E+00 -0.31646E+00  0.30183E+00 -0.14633E-01 -0.12911E+04  0.12670E+04 -0.12911E+04  0.12360E+04 -0.54022E+02 -0.75275E+02 -0.48021E+02  0.00000E+00  0.00000E+00  0.00000E+00  0.43674E+02  0.17744E+04  0.48323E+03   4091  0.00000E+00      0.000
    4090.0000 -0.31646E+00  0.31056E+00 -0.31646E+00  0.30182E+00 -0.14640E-01 -0.12943E+04  0.12701E+04 -0.12943E+04  0.12390E+04 -0.54169E+02 -0.75275E+02 -0.48020E+02  0.00000E+00  0.00000E+00  0.00000E+00  0.43674E+02  0.17788E+04  0.48441E+03   4101  0.00000E+00      0.000
    4100.0000 -0.31646E+00  0.31056E+00 -0.31646E+00  0.30181E+00 -0.14648E-01 -0.12975E+04  0.12733E+04 -0.12975E+04  0.12420E+04 -0.54315E+02 -0.75275E+02 -0.48020E+02  0.00000E+00  0.00000E+00  0.00000E+00  0.43674E+02  0.17831E+04  0.48560E+03   4111  0.00000E+00      0.000
    4110.0000 -0.31646E+00  0.31056E+00 -0.31646E+00  0.30180E+00 -0.14655E-01 -0.13006E+04  0.12764E+04 -0.13006E+04  0.12451E+04 -0.54462E+02 -0.75275E+02 -0.48020E+02  0.00000E+00  0.00000E+00  0.00000E+00  0.43674E+02  0.17875E+04  0.48678E+03   4121  0.00000E+00      0.000
    4120.0000 -0.31646E+00  0.31056E+00 -0.31646E+00  0.30180E+00 -0.14662E-01 -0.13038E+04  0.12795E+04 -0.13038E+04  0.12481E+04 -0.54608E+02 -0.75275E+02 -0.48020E+02  0.00000E+00  0.00000E+00  0.00000E+00  0.43674E+02  0.17918E+04  0.48797E+03   4131  0.00000E+00      0.000
    4130.0000 -0.31646E+00  0.31056E+00 -0.31646E+00  0.30179E+00 -0.14670E-01 -0.13070E+04  0.12826E+04 -0.13070E+04  0.12511E+04 -0.54755E+02 -0.75275E+02 -0.48020E+02  0.00000E+00  0.00000E+00  0.00000E+00  0.43674E+02  0.17962E+04  0.48915E+03   4141  0.00000E+00      0.000
    4140.0000 -0.31646E+00  0.31056E+00 -0.31646E+00  0.30178E+00 -0.14677E-01 -0.13101E+04  0.12857E+04 -0.13101E+04  0.12541E+04 -0.54902E+02 -0.75275E+02 -0.48020E+02  0.00000E+00  0.00000E+00  0.00000E+00  0.43674E+02  0.18005E+04  0.49034E+03   4151  0.00000E+00      0.000
    4150.0000 -0.31646E+00  0.31056E+00 -0.31646E+00  0.30178E+00 -0.14683E-01 -0.13133E+04  0.12888E+04 -0.13133E+04  0.12571E+04 -0.55049E+02 -0.75275E+02 -0.48020E+02  0.00000E+00  0.00000E+00  0.00000E+00  0.43674E+02  0.18049E+04  0.49152E+03   4161  0.00000E+00      0.000
    4160.0000 -0.31646E+00  0.31056E+00 -0.31646E+00  0.30177E+00 -0.14690E-01 -0.13164E+04  0.12919E+04 -0.13164E+04  0.12602E+04 -0.55195E+02 -0.75275E+02 -0.48020E+02  0.00000E+00  0.00000E+00  0.00000E+00  0.43674E+02  0.18092E+04  0.49271E+03   4171  0.00000E+00      0.000
    4170.0000 -0.31646E+00  0.31056E+00 -0.31646E+00  0.30176E+00 -0.14697E-01 -0.13196E+04  0.12950E+04 -0.13196E+04  0.12632E+04 -0.55342E+02 -0.75275E+02 -0.48020E+02  0.00000E+00  0.00000E+00  0.00000E+00  0.43674E+02  0.18136E+04  0.49389E+03   4181  0.00000E+00      0.000
    4180.0000 -0.31646E+00  0.31056E+00 -0.31646E+00  0.30176E+00 -0.14704E-01 -0.13228E+04  0.12981E+04 -0.13228E+04  0.12662E+04 -0.55489E+02 -0.75275E+02 -0.48020E+02  0.00000E+00  0.00000E+00  0.00000E+00  0.43674E+02  0.18179E+04  0.49507E+03   4191  0.00000E+00      0.000
    4190.0000 -0.31646E+00  0.31056E+00 -0.31646E+00  0.30175E+00 -0.14710E-01 -0.13259E+04  0.13012E+04 -0.13259E+04  0.12692E+04 -0.55636E+02 -0.75275E+02 -0.48020E+02  0.00000E+00  0.00000E+00  0.00000E+00  0.43674E+02  0.18223E+04  0.49626E+03   4201  0.00000E+00      0.000
    4200.0000 -0.31646E+00  0.31056E+00 -0.31646E+00  0.30174E+00 -0.14718E-01 -0.13291E+04  0.13043E+04 -0.13291E+04  0.12722E+04 -0.55784E+02 -0.75275E+02 -0.48020E+02  0.00000E+00  0.00000E+00  0.00000E+00  0.43674E+02  0.18266E+04  0.49744E+03   4211  0.00000E+00      0.000
    4210.0000 -0.31646E+00  0.31056E+00 -0.31646E+00  0.30173E+00 -0.14725E-01 -0.13323E+04  0.13074E+04 -0.13323E+04  0.12752E+04 -0.55931E+02 -0.75275E+02 -0.48020E+02  0.00000E+00  0.00000E+00  0.00000E+00  0.43674E+02  0.18310E+04  0.49863E+03   4221  0.00000E+00      0.000
    4220.0000 -0.31646E+00  0.31056E+00 -0.31646E+00  0.30173E+00 -0.14732E-01 -0.13354E+04  0.13105E+04 -0.13354E+04  0.12783E+04 -0.56078E+02 -0.75274E+02 -0.48020E+02  0.00000E+00  0.00000E+00  0.00000E+00  0.43674E+02  0.18353E+04  0.49981E+03   4231  0.00000E+00      0.000
    4230.0000 -0.31646E+00  0.31056E+00 -0.31646E+00  0.30172E+00 -0.14740E-01 -0.13386E+04  0.13136E+04 -0.13386E+04  0.12813E+04 -0.56225E+02 -0.75274E+02 -0.48020E+02  0.00000E+00  0.00000E+00  0.00000E+00  0.43674E+02  0.18397E+04  0.50100E+03   4241  0.00000E+00      0.000
    4240.0000 -0.31646E+00  0.31056E+00 -0.31646E+00  0.30171E+00 -0.14748E-01 -0.13418E+04  0.13167E+04 -0.13418E+04  0.12843E+04 -0.56373E+02 -0.75274E+02 -0.48020E+02  0.00000E+00  0.00000E+00  0.00000E+00  0.43674E+02  0.18440E+04  0.50218E+03   4251  0.00000E+00      0.000
    4250.0000 -0.31646E+00  0.31056E+00 -0.31646E+00  0.30170E+00 -0.14757E-01 -0.13449E+04  0.13198E+04 -0.13449E+04  0.12873E+04 -0.56520E+02 -0.75274E+02 -0.48020E+02  0.00000E+00  0.00000E+00  0.00000E+00  0.43674E+02  0.18484E+04  0.50336E+03   4261  0.00000E+00      0.000
    4260.0000 -0.31646E+00  0.31056E+00 -0.31646E+00  0.30169E+00 -0.14764E-01 -0.13481E+04  0.13229E+04 -0.13481E+04  0.12903E+04 -0.56668E+02 -0.75274E+02 -0.48019E+02  0.00000E+00  0.00000E+00  0.00000E+00  0.43674E+02  0.18527E+04  0.50455E+03   4271  0.00000E+00      0.000
    4270.0000 -0.31646E+00  0.31056E+00 -0.31646E+00  0.30169E+00 -0.14773E-01 -0.13512E+04  0.13260E+04 -0.13512E+04  0.12933E+04 -0.56816E+02 -0.75274E+02 -0.48019E+02  0.00000E+00  0.00000E+00  0.00000E+00  0.43674E+02  0.18571E+04  0.50573E+03   4281  0.00000E+00      0.000
    4280.0000 -0.31646E+00  0.31056E+00 -0.31646E+00  0.30168E+00 -0.14781E-01 -0.13544E+04  0.13292E+04 -0.13544E+04  0.12964E+04 -0.56964E+02 -0.75274E+02 -0.48019E+02  0.00000E+00  0.00000E+00  0.00000E+00  0.43674E+02  0.18614E+04  0.50692E+03   4291  0.00000E+00      0.000
    4290.0000 -0.31646E+00  0.31056E+00 -0.31646E+00  0.30167E+00 -0.14789E-01 -0.13576E+04  0.13323E+04 -0.13576E+04  0.12994E+04 -0.57111E+02 -0.75274E+02 -0.48019E+02  0.00000E+00  0.00000E+00  0.00000E+00  0.43674E+02  0.18658E+04  0.50810E+03   4301  0.00000E+00      0.000
    4300.0000 -0.31646E+00  0.31056E+00 -0.31646E+00  0.30166E+00 -0.14797E-01 -0.13607E+04  0.13354E+04 -0.13607E+04  0.13024E+04 -0.57259E+02 -0.75274E+02 -0.48019E+02  0.00000E+00  0.00000E+00  0.00000E+00  0.43674E+02  0.18701E+04  0.50929E+03   4311  0.00000E+00      0.000
    4310.0000 -0.31646E+00  0.31056E+00 -0.31646E+00  0.30165E+00 -0.14805E-01 -0.13639E+04  0.13385E+04 -0.13639E+04  0.13054E+04 -0.57407E+02 -0.75274E+02 -0.48019E+02  0.00000E+00  0.00000E+00  0.00000E+00  0.43674E+02  0.18745E+04  0.51047E+03   4321  0.00000E+00      0.000
    4320.0000 -0.31646E+00  0.31056E+00 -0.31646E+00  0.30165E+00 -0.14814E-01 -0.13671E+04  0.13416E+04 -0.13671E+04  0.13084E+04 -0.57555E+02 -0.75274E+02 -0.48019E+02  0.00000E+00  0.00000E+00  0.00000E+00  0.43674E+02  0.18788E+04  0.51166E+03   4331  0.00000E+00      0.000
    4330.0000 -0.31646E+00  0.31056E+00 -0.31646E+00  0.30164E+00 -0.14821E-01 -0.13702E+04  0.13447E+04 -0.13702E+04  0.13114E+04 -0.57704E+02 -0.75274E+02 -0.48019E+02  0.00000E+00  0.00000E+00  0.00000E+00  0.43674E+02  0.18832E+04  0.51284E+03   4341  0.00000E+00      0.000
    4340.0000 -0.31646E+00  0.31056E+00 -0.31646E+00  0.30163E+00 -0.14829E-01 -0.13734E+04  0.13478E+04 -0.13734E+04  0.13145E+04 -0.57852E+02 -0.75274E+02 -0.48019E+02  0.00000E+00  0.00000E+00  0.00000E+00  0.43674E+02  0.18875E+04  0.51402E+03   4351  0.00000E+00      0.000
    4350.0000 -0.31646E+00  0.31056E+00 -0.31646E+00  0.30162E+00 -0.14837E-01 -0.13766E+04  0.13509E+04 -0.13766E+04  0.13175E+04 -0.58000E+02 -0.75274E+02 -0.48019E+02  0.00000E+00  0.00000E+00  0.00000E+00  0.43674E+02  0.18919E+04  0.51521E+03   4361  0.00000E+00      0.000
    4360.0000 -0.31646E+00  0.31056E+00 -0.31646E+00  0.30161E+00 -0.14845E-01 -0.13797E+04  0.13540E+04 -0.13797E+04  0.13205E+04 -0.58149E+02 -0.75274E+02 -0.48019E+02  0.00000E+00  0.00000E+00  0.00000E+00  0.43674E+02  0.18962E+04  0.51639E+03   4371  0.00000E+00      0.000
    4370.0000 -0.31646E+00  0.31056E+00 -0.31646E+00  0.30161E+00 -0.14853E-01 -0.13829E+04  0.13571E+04 -0.13829E+04  0.13235E+04 -0.58297E+02 -0.75274E+02 -0.48019E+02  0.00000E+00  0.00000E+00  0.00000E+00  0.43674E+02  0.19006E+04  0.51758E+03   4381  0.00000E+00      0.000
    4380.0000 -0.31646E+00  0.31056E+00 -0.31646E+00  0.30160E+00 -0.14861E-01 -0.13861E+04  0.13602E+04 -0.13861E+04  0.13265E+04 -0.58446E+02 -0.75274E+02 -0.48019E+02  0.00000E+00  0.00000E+00  0.00000E+00  0.43674E+02  0.19049E+04  0.51876E+03   4391  0.00000E+00      0.000
    4390.0000 -0.31646E+00  0.31056E+00 -0.31646E+00  0.30159E+00 -0.14869E-01 -0.13892E+04  0.13633E+04 -0.13892E+04  0.13295E+04 -0.58594E+02 -0.75274E+02 -0.48019E+02  0.00000E+00  0.00000E+00  0.00000E+00  0.43674E+02  0.19093E+04  0.51995E+03   4401  0.00000E+00      0.000
    4400.0000 -0.31646E+00  0.31056E+00 -0.31646E+00  0.30158E+00 -0.14877E-01 -0.13924E+04  0.13664E+04 -0.13924E+04  0.13326E+04 -0.58743E+02 -0.75274E+02 -0.48019E+02  0.00000E+00  0.00000E+00  0.00000E+00  0.43674E+02  0.19136E+04  0.52113E+03   4411  0.00000E+00      0.000
    4410.0000 -0.31646E+00  0.31056E+00 -0.31646E+00  0.30157E+00 -0.14885E-01 -0.13955E+04  0.13695E+04 -0.13955E+04  0.13356E+04 -0.58892E+02 -0.75274E+02 -0.48018E+02  0.00000E+00  0.00000E+00  0.00000E+00  0.43674E+02  0.19180E+04  0.52232E+03   4421  0.00000E+00      0.000
    4420.0000 -0.31646E+00  0.31056E+00 -0.31646E+00  0.30157E+00 -0.14893E-01 -0.13987E+04  0.13726E+04 -0.13987E+04  0.13386E+04 -0.59041E+02 -0.75274E+02 -0.48018E+02  0.00000E+00  0.00000E+00  0.00000E+00  0.43674E+02  0.19223E+04  0.52350E+03   4431  0.00000E+00      0.000
    4430.0000 -0.31646E+00  0.31056E+00 -0.31646E+00  0.30156E+00 -0.14900E-01 -0.14019E+04  0.13757E+04 -0.14019E+04  0.13416E+04 -0.59190E+02 -0.75274E+02 -0.48018E+02  0.00000E+00  0.00000E+00  0.00000E+00  0.43674E+02  0.19267E+04  0.52469E+03   4441  0.00000E+00      0.000
    4440.0000 -0.31646E+00  0.31056E+00 -0.31646E+00  0.30155E+00 -0.14908E-01 -0.14050E+04  0.13788E+04 -0.14050E+04  0.13446E+04 -0.59339E+02 -0.75274E+02 -0.48018E+02  0.00000E+00  0.00000E+00  0.00000E+00  0.43674E+02  0.19310E+04  0.52587E+03   4451  0.00000E+00      0.000
    4450.0000 -0.31646E+00  0.31056E+00 -0.31646E+00  0.30154E+00 -0.14916E-01 -0.14082E+04  0.13819E+04 -0.14082E+04  0.13476E+04 -0.59488E+02 -0.75274E+02 -0.48018E+02  0.00000E+00  0.00000E+00  0.00000E+00  0.43674E+02  0.19354E+04  0.52706E+03   4461  0.00000E+00      0.000
    4460.0000 -0.31646E+00  0.31056E+00 -0.31646E+00  0.30154E+00 -0.14924E-01 -0.14114E+04  0.13851E+04 -0.14114E+04  0.13506E+04 -0.59637E+02 -0.75274E+02 -0.48018E+02  0.00000E+00  0.00000E+00  0.00000E+00  0.43674E+02  0.19397E+04  0.52824E+03   4471  0.00000E+00      0.000
    4470.0000 -0.31646E+00  0.31056E+00 -0.31646E+00  0.30153E+00 -0.14931E-01 -0.14145E+04  0.13882E+04 -0.14145E+04  0.13537E+04 -0.59786E+02 -0.75274E+02 -0.48018E+02  0.00000E+00  0.00000E+00  0.00000E+00  0.43674E+02  0.19441E+04  0.52943E+03   4481  0.00000E+00      0.000
    4480.0000 -0.31646E+00  0.31056E+00 -0.31646E+00  0.30152E+00 -0.14940E-01 -0.14177E+04  0.13913E+04 -0.14177E+04  0.13567E+04 -0.59936E+02 -0.75274E+02 -0.48018E+02  0.00000E+00  0.00000E+00  0.00000E+00  0.43674E+02  0.19484E+04  0.53061E+03   4491  0.00000E+00      0.000
    4490.0000 -0.31646E+00  0.31056E+00 -0.31646E+00  0.30151E+00 -0.14947E-01 -0.14209E+04  0.13944E+04 -0.14209E+04  0.13597E+04 -0.60085E+02 -0.75274E+02 -0.48018E+02  0.00000E+00  0.00000E+00  0.00000E+00  0.43674E+02  0.19528E+04  0.53179E+03   4501  0.00000E+00      0.000
    4500.0000 -0.31646E+00  0.31056E+00 -0.31646E+00  0.30150E+00 -0.14956E-01 -0.14240E+04  0.13975E+04 -0.14240E+04  0.13627E+04 -0.60235E+02 -0.75274E+02 -0.48018E+02  0.00000E+00  0.00000E+00  0.00000E+00  0.43674E+02  0.19571E+04  0.53298E+03   4511  0.00000E+00      0.000
    4510.0000 -0.31646E+00  0.31056E+00 -0.31646E+00  0.30150E+00 -0.14962E-01 -0.14272E+04  0.14006E+04 -0.14272E+04  0.13657E+04 -0.60384E+02 -0.75274E+02 -0.48018E+02  0.00000E+00  0.00000E+00  0.00000E+00  0.43674E+02  0.19615E+04  0.53416E+03   4521  0.00000E+00      0.000
    4520.0000 -0.31646E+00  0.31056E+00 -0.31646E+00  0.30149E+00 -0.14970E-01 -0.14304E+04  0.14037E+04 -0.14304E+04  0.13687E+04 -0.60534E+02 -0.75274E+02 -0.48018E+02  0.00000E+00  0.00000E+00  0.00000E+00  0.43674E+02  0.19658E+04  0.53535E+03   4531  0.00000E+00      0.000
    4530.0000 -0.31646E+00  0.31056E+00 -0.31646E+00  0.30148E+00 -0.14977E-01 -0.14335E+04  0.14068E+04 -0.14335E+04  0.13718E+04 -0.60684E+02 -0.75274E+02 -0.48018E+02  0.00000E+00  0.00000E+00  0.00000E+00  0.43674E+02  0.19702E+04  0.53653E+03   4541  0.00000E+00      0.000
    4540.0000 -0.31646E+00  0.31056E+00 -0.31646E+00  0.30147E+00 -0.14986E-01 -0.14367E+04  0.14099E+04 -0.14367E+04  0.13748E+04 -0.60834E+02 -0.75274E+02 -0.48018E+02  0.00000E+00  0.00000E+00  0.00000E+00  0.43674E+02  0.19745E+04  0.53772E+03   4551  0.00000E+00      0.000
    4550.0000 -0.31646E+00  0.31056E+00 -0.31646E+00  0.30147E+00 -0.14993E-01 -0.14398E+04  0.14130E+04 -0.14398E+04  0.13778E+04 -0.60983E+02 -0.75274E+02 -0.48018E+02  0.00000E+00  0.00000E+00  0.00000E+00  0.43674E+02  0.19789E+04  0.53890E+03   4561  0.00000E+00      0.000
    4560.0000 -0.31646E+00  0.31056E+00 -0.31646E+00  0.30146E+00 -0.15001E-01 -0.14430E+04  0.14161E+04 -0.14430E+04  0.13808E+04 -0.61133E+02 -0.75274E+02 -0.48018E+02  0.00000E+00  0.00000E+00  0.00000E+00  0.43674E+02  0.19832E+04  0.54009E+03   4571  0.00000E+00      0.000
    4570.0000 -0.31646E+00  0.31056E+00 -0.31646E+00  0.30145E+00 -0.15008E-01 -0.14462E+04  0.14192E+04 -0.14462E+04  0.13838E+04 -0.61283E+02 -0.75274E+02 -0.48017E+02  0.00000E+00  0.00000E+00  0.00000E+00  0.43674E+02  0.19875E+04  0.54127E+03   4581  0.00000E+00      0.000
    4580.0000 -0.31646E+00  0.31056E+00 -0.31646E+00  0.30144E+00 -0.15016E-01 -0.14493E+04  0.14223E+04 -0.14493E+04  0.13868E+04 -0.61434E+02 -0.75274E+02 -0.48017E+02  0.00000E+00  0.00000E+00  0.00000E+00  0.43674E+02  0.19919E+04  0.54246E+03   4591  0.00000E+00      0.000
    4590.0000 -0.31646E+00  0.31056E+00 -0.31646E+00  0.30144E+00 -0.15022E-01 -0.14525E+04  0.14254E+04 -0.14525E+04  0.13898E+04 -0.61584E+02 -0.75274E+02 -0.48017E+02  0.00000E+00  0.00000E+00  0.00000E+00  0.43674E+02  0.19962E+04  0.54364E+03   4601  0.00000E+00      0.000
    4600.0000 -0.31646E+00  0.31056E+00 -0.31646E+00  0.30143E+00 -0.15030E-01 -0.14557E+04  0.14285E+04 -0.14557E+04  0.13929E+04 -0.61734E+02 -0.75274E+02 -0.48017E+02  0.00000E+00  0.00000E+00  0.00000E+00  0.43674E+02  0.20006E+04  0.54483E+03   4611  0.00000E+00      0.000
    4610.0000 -0.31646E+00  0.31056E+00 -0.31646E+00  0.30142E+00 -0.15037E-01 -0.14588E+04  0.14316E+04 -0.14588E+04  0.13959E+04 -0.61884E+02 -0.75274E+02 -0.48017E+02  0.00000E+00  0.00000E+00  0.00000E+00  0.43674E+02  0.20049E+04  0.54601E+03   4621  0.00000E+00      0.000
    4620.0000 -0.31646E+00  0.31056E+00 -0.31646E+00  0.30141E+00 -0.15045E-01 -0.14620E+04  0.14347E+04 -0.14620E+04  0.13989E+04 -0.62035E+02 -0.75273E+02 -0.48017E+02  0.00000E+00  0.00000E+00  0.00000E+00  0.43674E+02  0.20093E+04  0.54720E+03   4631  0.00000E+00      0.000
    4630.0000 -0.31646E+00  0.31056E+00 -0.31646E+00  0.30141E+00 -0.15053E-01 -0.14652E+04  0.14378E+04 -0.14652E+04  0.14019E+04 -0.62185E+02 -0.75273E+02 -0.48017E+02  0.00000E+00  0.00000E+00  0.00000E+00  0.43674E+02  0.20136E+04  0.54838E+03   4641  0.00000E+00      0.000
    4640.0000 -0.31646E+00  0.31056E+00 -0.31646E+00  0.30140E+00 -0.15060E-01 -0.14683E+04  0.14409E+04 -0.14683E+04  0.14049E+04 -0.62336E+02 -0.75273E+02 -0.48017E+02  0.00000E+00  0.00000E+00  0.00000E+00  0.43674E+02  0.20180E+04  0.54957E+03   4651  0.00000E+00      0.000
    4650.0000 -0.31646E+00  0.31056E+00 -0.31646E+00  0.30139E+00 -0.15067E-01 -0.14715E+04  0.14441E+04 -0.14715E+04  0.14079E+04 -0.62486E+02 -0.75273E+02 -0.48017E+02  0.00000E+00  0.00000E+00  0.00000E+00  0.43674E+02  0.20223E+04  0.55075E+03   4661  0.00000E+00      0.000
    4660.0000 -0.31646E+00  0.31056E+00 -0.31646E+00  0.30139E+00 -0.15075E-01 -0.14746E+04  0.14472E+04 -0.14746E+04  0.14109E+04 -0.62637E+02 -0.75273E+02 -0.48017E+02  0.00000E+00  0.00000E+00  0.00000E+00  0.43675E+02  0.20267E+04  0.55193E+03   4671  0.00000E+00      0.000
    4670.0000 -0.31646E+00  0.31056E+00 -0.31646E+00  0.30138E+00 -0.15081E-01 -0.14778E+04  0.14503E+04 -0.14778E+04  0.14140E+04 -0.62788E+02 -0.75273E+02 -0.48017E+02  0.00000E+00  0.00000E+00  0.00000E+00  0.43675E+02  0.20310E+04  0.55312E+03   4681  0.00000E+00      0.000
    4680.0000 -0.31646E+00  0.31056E+00 -0.31646E+00  0.30137E+00 -0.15088E-01 -0.14810E+04  0.14534E+04 -0.14810E+04  0.14170E+04 -0.62939E+02 -0.75273E+02 -0.48017E+02  0.00000E+00  0.00000E+00  0.00000E+00  0.43675E+02  0.20354E+04  0.55430E+03   4691  0.00000E+00      0.000
    4690.0000 -0.31646E+00  0.31056E+00 -0.31646E+00  0.30136E+00 -0.15095E-01 -0.14841E+04  0.14565E+04 -0.14841E+04  0.14200E+04 -0.63090E+02 -0.75273E+02 -0.48017E+02  0.00000E+00  0.00000E+00  0.00000E+00  0.43675E+02  0.20397E+04  0.55549E+03   4701  0.00000E+00      0.000
    4700.0000 -0.31646E+00  0.31056E+00 -0.31646E+00  0.30136E+00 -0.15103E-01 -0.14873E+04  0.14596E+04 -0.14873E+04  0.14230E+04 -0.63241E+02 -0.75273E+02 -0.48017E+02  0.00000E+00  0.00000E+00  0.00000E+00  0.43675E+02  0.20441E+04  0.55667E+03   4711  0.00000E+00      0.000
    4710.0000 -0.31646E+00  0.31056E+00 -0.31646E+00  0.30135E+00 -0.15111E-01 -0.14905E+04  0.14627E+04 -0.14905E+04  0.14260E+04 -0.63392E+02 -0.75273E+02 -0.48017E+02  0.00000E+00  0.00000E+00  0.00000E+00  0.43675E+02  0.20484E+04  0.55786E+03   4721  0.00000E+00      0.000
    4720.0000 -0.31646E+00  0.31056E+00 -0.31646E+00  0.30134E+00 -0.15118E-01 -0.14936E+04  0.14658E+04 -0.14936E+04  0.14290E+04 -0.63543E+02 -0.75273E+02 -0.48017E+02  0.00000E+00  0.00000E+00  0.00000E+00  0.43675E+02  0.20528E+04  0.55904E+03   4731  0.00000E+00      0.000
    4730.0000 -0.31646E+00  0.31056E+00 -0.31646E+00  0.30133E+00 -0.15125E-01 -0.14968E+04  0.14689E+04 -0.14968E+04  0.14320E+04 -0.63694E+02 -0.75273E+02 -0.48016E+02  0.00000E+00  0.00000E+00  0.00000E+00  0.43675E+02  0.20571E+04  0.56023E+03   4741  0.00000E+00      0.000
    4740.0000 -0.31646E+00  0.31056E+00 -0.31646E+00  0.30133E+00 -0.15133E-01 -0.15000E+04  0.14720E+04 -0.15000E+04  0.14351E+04 -0.63846E+02 -0.75273E+02 -0.48016E+02  0.00000E+00  0.00000E+00  0.00000E+00  0.43675E+02  0.20615E+04  0.56141E+03   4751  0.00000E+00      0.000
    4745.0000 -0.31646E+00  0.31056E+00 -0.31646E+00  0.30132E+00 -0.15135E-01 -0.15015E+04  0.14736E+04 -0.15015E+04  0.14366E+04 -0.63921E+02 -0.75273E+02 -0.48016E+02  0.00000E+00  0.00000E+00  0.00000E+00  0.43675E+02  0.20637E+04  0.56200E+03   4756  0.00000E+00      0.000
    4750.0000 -0.31646E+00  0.31056E+00 -0.31646E+00  0.30132E+00 -0.15139E-01 -0.15031E+04  0.14751E+04 -0.15031E+04  0.14381E+04 -0.63997E+02 -0.75273E+02 -0.48016E+02  0.00000E+00  0.00000E+00  0.00000E+00  0.43675E+02  0.20658E+04  0.56260E+03   4761  0.00000E+00      0.000
    4760.0000 -0.31646E+00  0.31056E+00 -0.31646E+00  0.30131E+00 -0.15146E-01 -0.15063E+04  0.14782E+04 -0.15063E+04  0.14411E+04 -0.64148E+02 -0.75273E+02 -0.48016E+02  0.00000E+00  0.00000E+00  0.00000E+00  0.43675E+02  0.20702E+04  0.56378E+03   4771  0.00000E+00      0.000
    4770.0000 -0.31646E+00  0.31056E+00 -0.31646E+00  0.30130E+00 -0.15154E-01 -0.15095E+04  0.14813E+04 -0.15095E+04  0.14441E+04 -0.64300E+02 -0.75273E+02 -0.48016E+02  0.00000E+00  0.00000E+00  0.00000E+00  0.43675E+02  0.20745E+04  0.56497E+03   4781  0.00000E+00      0.000
    4780.0000 -0.31646E+00  0.31056E+00 -0.31646E+00  0.30130E+00 -0.15163E-01 -0.15126E+04  0.14844E+04 -0.15126E+04  0.14471E+04 -0.64451E+02 -0.75273E+02 -0.48016E+02  0.00000E+00  0.00000E+00  0.00000E+00  0.43675E+02  0.20789E+04  0.56615E+03   4791  0.00000E+00      0.000
    4790.0000 -0.31646E+00  0.31056E+00 -0.31646E+00  0.30129E+00 -0.15172E-01 -0.15158E+04  0.14875E+04 -0.15158E+04  0.14501E+04 -0.64603E+02 -0.75273E+02 -0.48016E+02  0.00000E+00  0.00000E+00  0.00000E+00  0.43675E+02  0.20832E+04  0.56734E+03   4801  0.00000E+00      0.000
    4800.0000 -0.31646E+00  0.31056E+00 -0.31646E+00  0.30128E+00 -0.15180E-01 -0.15189E+04  0.14906E+04 -0.15189E+04  0.14531E+04 -0.64755E+02 -0.75273E+02 -0.48016E+02  0.00000E+00  0.00000E+00  0.00000E+00  0.43675E+02  0.20876E+04  0.56852E+03   4811  0.00000E+00      0.000
    4810.0000 -0.31646E+00  0.31056E+00 -0.31646E+00  0.30127E+00 -0.15188E-01 -0.15221E+04  0.14937E+04 -0.15221E+04  0.14561E+04 -0.64907E+02 -0.75273E+02 -0.48016E+02  0.00000E+00  0.00000E+00  0.00000E+00  0.43675E+02  0.20919E+04  0.56971E+03   4821  0.00000E+00      0.000
    4820.0000 -0.31646E+00  0.31056E+00 -0.31646E+00  0.30126E+00 -0.15196E-01 -0.15253E+04  0.14968E+04 -0.15253E+04  0.14592E+04 -0.65059E+02 -0.75273E+02 -0.48016E+02  0.00000E+00  0.00000E+00  0.00000E+00  0.43675E+02  0.20963E+04  0.57089E+03   4831  0.00000E+00      0.000
    4830.0000 -0.31646E+00  0.31056E+00 -0.31646E+00  0.30125E+00 -0.15204E-01 -0.15284E+04  0.15000E+04 -0.15284E+04  0.14622E+04 -0.65211E+02 -0.75273E+02 -0.48016E+02  0.00000E+00  0.00000E+00  0.00000E+00  0.43675E+02  0.21006E+04  0.57207E+03   4841  0.00000E+00      0.000
    4840.0000 -0.31646E+00  0.31056E+00 -0.31646E+00  0.30125E+00 -0.15213E-01 -0.15316E+04  0.15031E+04 -0.15316E+04  0.14652E+04 -0.65363E+02 -0.75273E+02 -0.48016E+02  0.00000E+00  0.00000E+00  0.00000E+00  0.43675E+02  0.21050E+04  0.57326E+03   4851  0.00000E+00      0.000
    4850.0000 -0.31646E+00  0.31056E+00 -0.31646E+00  0.30124E+00 -0.15220E-01 -0.15348E+04  0.15062E+04 -0.15348E+04  0.14682E+04 -0.65515E+02 -0.75273E+02 -0.48016E+02  0.00000E+00  0.00000E+00  0.00000E+00  0.43675E+02  0.21093E+04  0.57444E+03   4861  0.00000E+00      0.000
    4860.0000 -0.31646E+00  0.31056E+00 -0.31646E+00  0.30123E+00 -0.15229E-01 -0.15379E+04  0.15093E+04 -0.15379E+04  0.14712E+04 -0.65667E+02 -0.75273E+02 -0.48016E+02  0.00000E+00  0.00000E+00  0.00000E+00  0.43675E+02  0.21137E+04  0.57563E+03   4871  0.00000E+00      0.000
    4870.0000 -0.31646E+00  0.31056E+00 -0.31646E+00  0.30122E+00 -0.15237E-01 -0.15411E+04  0.15124E+04 -0.15411E+04  0.14742E+04 -0.65819E+02 -0.75273E+02 -0.48016E+02  0.00000E+00  0.00000E+00  0.00000E+00  0.43675E+02  0.21180E+04  0.57681E+03   4881  0.00000E+00      0.000
    4880.0000 -0.31646E+00  0.31056E+00 -0.31646E+00  0.30121E+00 -0.15245E-01 -0.15443E+04  0.15155E+04 -0.15443E+04  0.14772E+04 -0.65972E+02 -0.75273E+02 -0.48015E+02  0.00000E+00  0.00000E+00  0.00000E+00  0.43675E+02  0.21224E+04  0.57800E+03   4891  0.00000E+00      0.000
    4890.0000 -0.31646E+00  0.31056E+00 -0.31646E+00  0.30121E+00 -0.15254E-01 -0.15474E+04  0.15186E+04 -0.15474E+04  0.14802E+04 -0.66124E+02 -0.75273E+02 -0.48015E+02  0.00000E+00  0.00000E+00  0.00000E+00  0.43675E+02  0.21267E+04  0.57918E+03   4901  0.00000E+00      0.000
    4900.0000 -0.31646E+00  0.31056E+00 -0.31646E+00  0.30120E+00 -0.15261E-01 -0.15506E+04  0.15217E+04 -0.15506E+04  0.14833E+04 -0.66277E+02 -0.75273E+02 -0.48015E+02  0.00000E+00  0.00000E+00  0.00000E+00  0.43675E+02  0.21311E+04  0.58037E+03   4911  0.00000E+00      0.000
    4910.0000 -0.31646E+00  0.31056E+00 -0.31646E+00  0.30119E+00 -0.15269E-01 -0.15537E+04  0.15248E+04 -0.15537E+04  0.14863E+04 -0.66430E+02 -0.75273E+02 -0.48015E+02  0.00000E+00  0.00000E+00  0.00000E+00  0.43675E+02  0.21354E+04  0.58155E+03   4921  0.00000E+00      0.000
    4920.0000 -0.31646E+00  0.31056E+00 -0.31646E+00  0.30118E+00 -0.15278E-01 -0.15569E+04  0.15279E+04 -0.15569E+04  0.14893E+04 -0.66582E+02 -0.75273E+02 -0.48015E+02  0.00000E+00  0.00000E+00  0.00000E+00  0.43675E+02  0.21398E+04  0.58274E+03   4931  0.00000E+00      0.000
    4930.0000 -0.31646E+00  0.31056E+00 -0.31646E+00  0.30117E+00 -0.15285E-01 -0.15601E+04  0.15310E+04 -0.15601E+04  0.14923E+04 -0.66735E+02 -0.75273E+02 -0.48015E+02  0.00000E+00  0.00000E+00  0.00000E+00  0.43675E+02  0.21441E+04  0.58392E+03   4941  0.00000E+00      0.000
    4940.0000 -0.31646E+00  0.31056E+00 -0.31646E+00  0.30117E+00 -0.15294E-01 -0.15632E+04  0.15341E+04 -0.15632E+04  0.14953E+04 -0.66888E+02 -0.75273E+02 -0.48015E+02  0.00000E+00  0.00000E+00  0.00000E+00  0.43675E+02  0.21484E+04  0.58511E+03   4951  0.00000E+00      0.000
    4950.0000 -0.31646E+00  0.31056E+00 -0.31646E+00  0.30116E+00 -0.15302E-01 -0.15664E+04  0.15372E+04 -0.15664E+04  0.14983E+04 -0.67041E+02 -0.75273E+02 -0.48015E+02  0.00000E+00  0.00000E+00  0.00000E+00  0.43675E+02  0.21528E+04  0.58629E+03   4961  0.00000E+00      0.000
    4960.0000 -0.31646E+00  0.31056E+00 -0.31646E+00  0.30115E+00 -0.15310E-01 -0.15696E+04  0.15403E+04 -0.15696E+04  0.15013E+04 -0.67194E+02 -0.75273E+02 -0.48015E+02  0.00000E+00  0.00000E+00  0.00000E+00  0.43675E+02  0.21571E+04  0.58748E+03   4971  0.00000E+00      0.000
    4970.0000 -0.31646E+00  0.31056E+00 -0.31646E+00  0.30114E+00 -0.15318E-01 -0.15727E+04  0.15434E+04 -0.15727E+04  0.15043E+04 -0.67347E+02 -0.75273E+02 -0.48015E+02  0.00000E+00  0.00000E+00  0.00000E+00  0.43675E+02  0.21615E+04  0.58866E+03   4981  0.00000E+00      0.000
    4980.0000 -0.31646E+00  0.31056E+00 -0.31646E+00  0.30113E+00 -0.15326E-01 -0.15759E+04  0.15465E+04 -0.15759E+04  0.15073E+04 -0.67500E+02 -0.75273E+02 -0.48015E+02  0.00000E+00  0.00000E+00  0.00000E+00  0.43675E+02  0.21658E+04  0.58984E+03   4991  0.00000E+00      0.000
    4990.0000 -0.31646E+00  0.31056E+00 -0.31646E+00  0.30113E+00 -0.15333E-01 -0.15791E+04  0.15496E+04 -0.15791E+04  0.15104E+04 -0.67654E+02 -0.75272E+02 -0.48015E+02  0.00000E+00  0.00000E+00  0.00000E+00  0.43675E+02  0.21702E+04  0.59103E+03   5001  0.00000E+00      0.000
    5000.0000 -0.31646E+00  0.31056E+00 -0.31646E+00  0.30112E+00 -0.15342E-01 -0.15822E+04  0.15527E+04 -0.15822E+04  0.15134E+04 -0.67807E+02 -0.75272E+02 -0.48015E+02  0.00000E+00  0.00000E+00  0.00000E+00  0.43675E+02  0.21745E+04  0.59221E+03   5011  0.00000E+00      0.000
    5010.0000 -0.31646E+00  0.31056E+00 -0.31646E+00  0.30111E+00 -0.15349E-01 -0.15854E+04  0.15559E+04 -0.15854E+04  0.15164E+04 -0.67961E+02 -0.75272E+02 -0.48015E+02  0.00000E+00  0.00000E+00  0.00000E+00  0.43675E+02  0.21789E+04  0.59340E+03   5021  0.00000E+00      0.000
    5020.0000 -0.31646E+00  0.31056E+00 -0.31646E+00  0.30110E+00 -0.15357E-01 -0.15886E+04  0.15590E+04 -0.15886E+04  0.15194E+04 -0.68114E+02 -0.75272E+02 -0.48014E+02  0.00000E+00  0.00000E+00  0.00000E+00  0.43675E+02  0.21832E+04  0.59458E+03   5031  0.00000E+00      0.000
    5030.0000 -0.31646E+00  0.31056E+00 -0.31646E+00  0.30109E+00 -0.15365E-01 -0.15917E+04  0.15621E+04 -0.15917E+04  0.15224E+04 -0.68268E+02 -0.75272E+02 -0.48014E+02  0.00000E+00  0.00000E+00  0.00000E+00  0.43675E+02  0.21876E+04  0.59577E+03   5041  0.00000E+00      0.000
    5040.0000 -0.31646E+00  0.31056E+00 -0.31646E+00  0.30109E+00 -0.15374E-01 -0.15949E+04  0.15652E+04 -0.15949E+04  0.15254E+04 -0.68421E+02 -0.75272E+02 -0.48014E+02  0.00000E+00  0.00000E+00  0.00000E+00  0.43675E+02  0.21919E+04  0.59695E+03   5051  0.00000E+00      0.000
    5050.0000 -0.31646E+00  0.31056E+00 -0.31646E+00  0.30108E+00 -0.15381E-01 -0.15980E+04  0.15683E+04 -0.15980E+04  0.15284E+04 -0.68575E+02 -0.75272E+02 -0.48014E+02  0.00000E+00  0.00000E+00  0.00000E+00  0.43675E+02  0.21963E+04  0.59814E+03   5061  0.00000E+00      0.000
    5060.0000 -0.31646E+00  0.31056E+00 -0.31646E+00  0.30107E+00 -0.15388E-01 -0.16012E+04  0.15714E+04 -0.16012E+04  0.15314E+04 -0.68729E+02 -0.75272E+02 -0.48014E+02  0.00000E+00  0.00000E+00  0.00000E+00  0.43675E+02  0.22006E+04  0.59932E+03   5071  0.00000E+00      0.000
    5070.0000 -0.31646E+00  0.31056E+00 -0.31646E+00  0.30106E+00 -0.15397E-01 -0.16044E+04  0.15745E+04 -0.16044E+04  0.15344E+04 -0.68883E+02 -0.75272E+02 -0.48014E+02  0.00000E+00  0.00000E+00  0.00000E+00  0.43675E+02  0.22050E+04  0.60051E+03   5081  0.00000E+00      0.000
    5080.0000 -0.31646E+00  0.31056E+00 -0.31646E+00  0.30106E+00 -0.15404E-01 -0.16075E+04  0.15776E+04 -0.16075E+04  0.15375E+04 -0.69037E+02 -0.75272E+02 -0.48014E+02  0.00000E+00  0.00000E+00  0.00000E+00  0.43675E+02  0.22093E+04  0.60169E+03   5091  0.00000E+00      0.000
    5090.0000 -0.31646E+00  0.31056E+00 -0.31646E+00  0.30105E+00 -0.15412E-01 -0.16107E+04  0.15807E+04 -0.16107E+04  0.15405E+04 -0.69191E+02 -0.75272E+02 -0.48014E+02  0.00000E+00  0.00000E+00  0.00000E+00  0.43675E+02  0.22137E+04  0.60288E+03   5101  0.00000E+00      0.000
    5100.0000 -0.31646E+00  0.31056E+00 -0.31646E+00  0.30104E+00 -0.15419E-01 -0.16139E+04  0.15838E+04 -0.16139E+04  0.15435E+04 -0.69345E+02 -0.75272E+02 -0.48014E+02  0.00000E+00  0.00000E+00  0.00000E+00  0.43675E+02  0.22180E+04  0.60406E+03   5111  0.00000E+00      0.000
    5110.0000 -0.31646E+00  0.31056E+00 -0.31646E+00  0.30103E+00 -0.15428E-01 -0.16170E+04  0.15869E+04 -0.16170E+04  0.15465E+04 -0.69500E+02 -0.75272E+02 -0.48014E+02  0.00000E+00  0.00000E+00  0.00000E+00  0.43675E+02  0.22224E+04  0.60525E+03   5121  0.00000E+00      0.000
    5120.0000 -0.31646E+00  0.31056E+00 -0.31646E+00  0.30102E+00 -0.15436E-01 -0.16202E+04  0.15900E+04 -0.16202E+04  0.15495E+04 -0.69654E+02 -0.75272E+02 -0.48014E+02  0.00000E+00  0.00000E+00  0.00000E+00  0.43675E+02  0.22267E+04  0.60643E+03   5131  0.00000E+00      0.000
    5130.0000 -0.31646E+00  0.31056E+00 -0.31646E+00  0.30102E+00 -0.15443E-01 -0.16234E+04  0.15931E+04 -0.16234E+04  0.15525E+04 -0.69808E+02 -0.75272E+02 -0.48014E+02  0.00000E+00  0.00000E+00  0.00000E+00  0.43675E+02  0.22311E+04  0.60762E+03   5141  0.00000E+00      0.000
    5140.0000 -0.31646E+00  0.31056E+00 -0.31646E+00  0.30101E+00 -0.15451E-01 -0.16265E+04  0.15962E+04 -0.16265E+04  0.15555E+04 -0.69963E+02 -0.75272E+02 -0.48014E+02  0.00000E+00  0.00000E+00  0.00000E+00  0.43675E+02  0.22354E+04  0.60880E+03   5151  0.00000E+00      0.000
    5150.0000 -0.31646E+00  0.31056E+00 -0.31646E+00  0.30100E+00 -0.15458E-01 -0.16297E+04  0.15993E+04 -0.16297E+04  0.15585E+04 -0.70117E+02 -0.75272E+02 -0.48014E+02  0.00000E+00  0.00000E+00  0.00000E+00  0.43675E+02  0.22398E+04  0.60998E+03   5161  0.00000E+00      0.000
    5160.0000 -0.31646E+00  0.31056E+00 -0.31646E+00  0.30099E+00 -0.15465E-01 -0.16329E+04  0.16024E+04 -0.16329E+04  0.15615E+04 -0.70272E+02 -0.75272E+02 -0.48014E+02  0.00000E+00  0.00000E+00  0.00000E+00  0.43675E+02  0.22441E+04  0.61117E+03   5171  0.00000E+00      0.000
    5170.0000 -0.31646E+00  0.31056E+00 -0.31646E+00  0.30099E+00 -0.15474E-01 -0.16360E+04  0.16055E+04 -0.16360E+04  0.15645E+04 -0.70427E+02 -0.75272E+02 -0.48013E+02  0.00000E+00  0.00000E+00  0.00000E+00  0.43675E+02  0.22485E+04  0.61235E+03   5181  0.00000E+00      0.000
    5180.0000 -0.31646E+00  0.31056E+00 -0.31646E+00  0.30098E+00 -0.15482E-01 -0.16392E+04  0.16086E+04 -0.16392E+04  0.15676E+04 -0.70581E+02 -0.75272E+02 -0.48013E+02  0.00000E+00  0.00000E+00  0.00000E+00  0.43675E+02  0.22528E+04  0.61354E+03   5191  0.00000E+00      0.000
    5190.0000 -0.31646E+00  0.31056E+00 -0.31646E+00  0.30097E+00 -0.15489E-01 -0.16423E+04  0.16118E+04 -0.16423E+04  0.15706E+04 -0.70736E+02 -0.75272E+02 -0.48013E+02  0.00000E+00  0.00000E+00  0.00000E+00  0.43675E+02  0.22572E+04  0.61472E+03   5201  0.00000E+00      0.000
    5200.0000 -0.31646E+00  0.31056E+00 -0.31646E+00  0.30096E+00 -0.15496E-01 -0.16455E+04  0.16149E+04 -0.16455E+04  0.15736E+04 -0.70891E+02 -0.75272E+02 -0.48013E+02  0.00000E+00  0.00000E+00  0.00000E+00  0.43675E+02  0.22615E+04  0.61591E+03   5211  0.00000E+00      0.000
    5210.0000 -0.31646E+00  0.31056E+00 -0.31646E+00  0.30096E+00 -0.15504E-01 -0.16487E+04  0.16180E+04 -0.16487E+04  0.15766E+04 -0.71046E+02 -0.75272E+02 -0.48013E+02  0.00000E+00  0.00000E+00  0.00000E+00  0.43675E+02  0.22658E+04  0.61709E+03   5221  0.00000E+00      0.000
    5220.0000 -0.31646E+00  0.31056E+00 -0.31646E+00  0.30095E+00 -0.15510E-01 -0.16518E+04  0.16211E+04 -0.16518E+04  0.15796E+04 -0.71201E+02 -0.75272E+02 -0.48013E+02  0.00000E+00  0.00000E+00  0.00000E+00  0.43675E+02  0.22702E+04  0.61828E+03   5231  0.00000E+00      0.000
    5230.0000 -0.31646E+00  0.31056E+00 -0.31646E+00  0.30094E+00 -0.15518E-01 -0.16550E+04  0.16242E+04 -0.16550E+04  0.15826E+04 -0.71356E+02 -0.75272E+02 -0.48013E+02  0.00000E+00  0.00000E+00  0.00000E+00  0.43675E+02  0.22745E+04  0.61946E+03   5241  0.00000E+00      0.000
    5240.0000 -0.31646E+00  0.31056E+00 -0.31646E+00  0.30093E+00 -0.15526E-01 -0.16582E+04  0.16273E+04 -0.16582E+04  0.15856E+04 -0.71512E+02 -0.75272E+02 -0.48013E+02  0.00000E+00  0.00000E+00  0.00000E+00  0.43675E+02  0.22789E+04  0.62065E+03   5251  0.00000E+00      0.000
    5250.0000 -0.31646E+00  0.31056E+00 -0.31646E+00  0.30093E+00 -0.15534E-01 -0.16613E+04  0.16304E+04 -0.16613E+04  0.15886E+04 -0.71667E+02 -0.75272E+02 -0.48013E+02  0.00000E+00  0.00000E+00  0.00000E+00  0.43675E+02  0.22832E+04  0.62183E+03   5261  0.00000E+00      0.000
    5260.0000 -0.31646E+00  0.31056E+00 -0.31646E+00  0.30092E+00 -0.15541E-01 -0.16645E+04  0.16335E+04 -0.16645E+04  0.15916E+04 -0.71822E+02 -0.75272E+02 -0.48013E+02  0.00000E+00  0.00000E+00  0.00000E+00  0.43675E+02  0.22876E+04  0.62302E+03   5271  0.00000E+00      0.000
    5270.0000 -0.31646E+00  0.31056E+00 -0.31646E+00  0.30091E+00 -0.15549E-01 -0.16677E+04  0.16366E+04 -0.16677E+04  0.15946E+04 -0.71978E+02 -0.75272E+02 -0.48013E+02  0.00000E+00  0.00000E+00  0.00000E+00  0.43675E+02  0.22919E+04  0.62420E+03   5281  0.00000E+00      0.000
    5280.0000 -0.31646E+00  0.31056E+00 -0.31646E+00  0.30090E+00 -0.15556E-01 -0.16708E+04  0.16397E+04 -0.16708E+04  0.15976E+04 -0.72133E+02 -0.75272E+02 -0.48013E+02  0.00000E+00  0.00000E+00  0.00000E+00  0.43675E+02  0.22963E+04  0.62539E+03   5291  0.00000E+00      0.000
    5290.0000 -0.31646E+00  0.31056E+00 -0.31646E+00  0.30090E+00 -0.15563E-01 -0.16740E+04  0.16428E+04 -0.16740E+04  0.16007E+04 -0.72289E+02 -0.75272E+02 -0.48013E+02  0.00000E+00  0.00000E+00  0.00000E+00  0.43675E+02  0.23006E+04  0.62657E+03   5301  0.00000E+00      0.000
    5300.0000 -0.31646E+00  0.31056E+00 -0.31646E+00  0.30089E+00 -0.15570E-01 -0.16771E+04  0.16459E+04 -0.16771E+04  0.16037E+04 -0.72444E+02 -0.75272E+02 -0.48013E+02  0.00000E+00  0.00000E+00  0.00000E+00  0.43675E+02  0.23050E+04  0.62776E+03   5311  0.00000E+00      0.000
    5310.0000 -0.31646E+00  0.31056E+00 -0.31646E+00  0.30088E+00 -0.15577E-01 -0.16803E+04  0.16490E+04 -0.16803E+04  0.16067E+04 -0.72600E+02 -0.75272E+02 -0.48013E+02  0.00000E+00  0.00000E+00  0.00000E+00  0.43675E+02  0.23093E+04  0.62894E+03   5321  0.00000E+00      0.000
    5320.0000 -0.31646E+00  0.31056E+00 -0.31646E+00  0.30087E+00 -0.15586E-01 -0.16835E+04  0.16521E+04 -0.16835E+04  0.16097E+04 -0.72756E+02 -0.75272E+02 -0.48012E+02  0.00000E+00  0.00000E+00  0.00000E+00  0.43675E+02  0.23137E+04  0.63012E+03   5331  0.00000E+00      0.000
    5330.0000 -0.31646E+00  0.31056E+00 -0.31646E+00  0.30087E+00 -0.15592E-01 -0.16866E+04  0.16552E+04 -0.16866E+04  0.16127E+04 -0.72912E+02 -0.75272E+02 -0.48012E+02  0.00000E+00  0.00000E+00  0.00000E+00  0.43675E+02  0.23180E+04  0.63131E+03   5341  0.00000E+00      0.000
    5340.0000 -0.31646E+00  0.31056E+00 -0.31646E+00  0.30086E+00 -0.15600E-01 -0.16898E+04  0.16583E+04 -0.16898E+04  0.16157E+04 -0.73068E+02 -0.75272E+02 -0.48012E+02  0.00000E+00  0.00000E+00  0.00000E+00  0.43675E+02  0.23224E+04  0.63249E+03   5351  0.00000E+00      0.000
    5350.0000 -0.31646E+00  0.31056E+00 -0.31646E+00  0.30085E+00 -0.15607E-01 -0.16930E+04  0.16614E+04 -0.16930E+04  0.16187E+04 -0.73224E+02 -0.75272E+02 -0.48012E+02  0.00000E+00  0.00000E+00  0.00000E+00  0.43675E+02  0.23267E+04  0.63368E+03   5361  0.00000E+00      0.000
    5360.0000 -0.31646E+00  0.31056E+00 -0.31646E+00  0.30084E+00 -0.15614E-01 -0.16961E+04  0.16645E+04 -0.16961E+04  0.16217E+04 -0.73380E+02 -0.75272E+02 -0.48012E+02  0.00000E+00  0.00000E+00  0.00000E+00  0.43675E+02  0.23311E+04  0.63486E+03   5371  0.00000E+00      0.000
    5370.0000 -0.31646E+00  0.31056E+00 -0.31646E+00  0.30084E+00 -0.15623E-01 -0.16993E+04  0.16676E+04 -0.16993E+04  0.16247E+04 -0.73536E+02 -0.75271E+02 -0.48012E+02  0.00000E+00  0.00000E+00  0.00000E+00  0.43675E+02  0.23354E+04  0.63605E+03   5381  0.00000E+00      0.000
    5380.0000 -0.31646E+00  0.31056E+00 -0.31646E+00  0.30083E+00 -0.15631E-01 -0.17025E+04  0.16708E+04 -0.17025E+04  0.16277E+04 -0.73693E+02 -0.75271E+02 -0.48012E+02  0.00000E+00  0.00000E+00  0.00000E+00  0.43675E+02  0.23398E+04  0.63723E+03   5391  0.00000E+00      0.000
    5390.0000 -0.31646E+00  0.31056E+00 -0.31646E+00  0.30082E+00 -0.15640E-01 -0.17056E+04  0.16739E+04 -0.17056E+04  0.16307E+04 -0.73849E+02 -0.75271E+02 -0.48012E+02  0.00000E+00  0.00000E+00  0.00000E+00  0.43675E+02  0.23441E+04  0.63842E+03   5401  0.00000E+00      0.000
    5400.0000 -0.31646E+00  0.31056E+00 -0.31646E+00  0.30081E+00 -0.15648E-01 -0.17088E+04  0.16770E+04 -0.17088E+04  0.16338E+04 -0.74005E+02 -0.75271E+02 -0.48012E+02  0.00000E+00  0.00000E+00  0.00000E+00  0.43675E+02  0.23485E+04  0.63960E+03   5411  0.00000E+00      0.000
    5410.0000 -0.31646E+00  0.31056E+00 -0.31646E+00  0.30080E+00 -0.15656E-01 -0.17120E+04  0.16801E+04 -0.17120E+04  0.16368E+04 -0.74162E+02 -0.75271E+02 -0.48012E+02  0.00000E+00  0.00000E+00  0.00000E+00  0.43675E+02  0.23528E+04  0.64079E+03   5421  0.00000E+00      0.000
    5420.0000 -0.31646E+00  0.31056E+00 -0.31646E+00  0.30079E+00 -0.15665E-01 -0.17151E+04  0.16832E+04 -0.17151E+04  0.16398E+04 -0.74318E+02 -0.75271E+02 -0.48012E+02  0.00000E+00  0.00000E+00  0.00000E+00  0.43675E+02  0.23572E+04  0.64197E+03   5431  0.00000E+00      0.000
    5430.0000 -0.31646E+00  0.31056E+00 -0.31646E+00  0.30079E+00 -0.15672E-01 -0.17183E+04  0.16863E+04 -0.17183E+04  0.16428E+04 -0.74475E+02 -0.75271E+02 -0.48012E+02  0.00000E+00  0.00000E+00  0.00000E+00  0.43675E+02  0.23615E+04  0.64316E+03   5441  0.00000E+00      0.000
    5440.0000 -0.31646E+00  0.31056E+00 -0.31646E+00  0.30078E+00 -0.15681E-01 -0.17214E+04  0.16894E+04 -0.17214E+04  0.16458E+04 -0.74632E+02 -0.75271E+02 -0.48012E+02  0.00000E+00  0.00000E+00  0.00000E+00  0.43675E+02  0.23659E+04  0.64434E+03   5451  0.00000E+00      0.000
    5450.0000 -0.31646E+00  0.31056E+00 -0.31646E+00  0.30077E+00 -0.15689E-01 -0.17246E+04  0.16925E+04 -0.17246E+04  0.16488E+04 -0.74789E+02 -0.75271E+02 -0.48011E+02  0.00000E+00  0.00000E+00  0.00000E+00  0.43675E+02  0.23702E+04  0.64553E+03   5461  0.00000E+00      0.000
    5460.0000 -0.31646E+00  0.31056E+00 -0.31646E+00  0.30076E+00 -0.15697E-01 -0.17278E+04  0.16956E+04 -0.17278E+04  0.16518E+04 -0.74946E+02 -0.75271E+02 -0.48011E+02  0.00000E+00  0.00000E+00  0.00000E+00  0.43675E+02  0.23746E+04  0.64671E+03   5471  0.00000E+00      0.000
    5470.0000 -0.31646E+00  0.31056E+00 -0.31646E+00  0.30075E+00 -0.15705E-01 -0.17309E+04  0.16987E+04 -0.17309E+04  0.16548E+04 -0.75103E+02 -0.75271E+02 -0.48011E+02  0.00000E+00  0.00000E+00  0.00000E+00  0.43675E+02  0.23789E+04  0.64789E+03   5481  0.00000E+00      0.000
    5475.0000 -0.31646E+00  0.31056E+00 -0.31646E+00  0.30075E+00 -0.15709E-01 -0.17325E+04  0.17003E+04 -0.17325E+04  0.16563E+04 -0.75181E+02 -0.75271E+02 -0.48011E+02  0.00000E+00  0.00000E+00  0.00000E+00  0.43675E+02  0.23811E+04  0.64849E+03   5486  0.00000E+00      0.000
    5480.0000 -0.31646E+00  0.31056E+00 -0.31646E+00  0.30075E+00 -0.15714E-01 -0.17341E+04  0.17018E+04 -0.17341E+04  0.16578E+04 -0.75260E+02 -0.75271E+02 -0.48011E+02  0.00000E+00  0.00000E+00  0.00000E+00  0.43675E+02  0.23832E+04  0.64908E+03   5491  0.00000E+00      0.000
    5490.0000 -0.31646E+00  0.31056E+00 -0.31646E+00  0.30074E+00 -0.15721E-01 -0.17373E+04  0.17049E+04 -0.17373E+04  0.16608E+04 -0.75417E+02 -0.75271E+02 -0.48011E+02  0.00000E+00  0.00000E+00  0.00000E+00  0.43675E+02  0.23876E+04  0.65026E+03   5501  0.00000E+00      0.000
    5500.0000 -0.31646E+00  0.31056E+00 -0.31646E+00  0.30073E+00 -0.15729E-01 -0.17404E+04  0.17080E+04 -0.17404E+04  0.16638E+04 -0.75574E+02 -0.75271E+02 -0.48011E+02  0.00000E+00  0.00000E+00  0.00000E+00  0.43675E+02  0.23919E+04  0.65145E+03   5511  0.00000E+00      0.000
    5510.0000 -0.31646E+00  0.31056E+00 -0.31646E+00  0.30072E+00 -0.15738E-01 -0.17436E+04  0.17111E+04 -0.17436E+04  0.16668E+04 -0.75732E+02 -0.75271E+02 -0.48011E+02  0.00000E+00  0.00000E+00  0.00000E+00  0.43675E+02  0.23963E+04  0.65263E+03   5521  0.00000E+00      0.000
    5520.0000 -0.31646E+00  0.31056E+00 -0.31646E+00  0.30071E+00 -0.15745E-01 -0.17468E+04  0.17142E+04 -0.17468E+04  0.16698E+04 -0.75889E+02 -0.75271E+02 -0.48011E+02  0.00000E+00  0.00000E+00  0.00000E+00  0.43675E+02  0.24006E+04  0.65382E+03   5531  0.00000E+00      0.000
    5530.0000 -0.31646E+00  0.31056E+00 -0.31646E+00  0.30071E+00 -0.15754E-01 -0.17499E+04  0.17173E+04 -0.17499E+04  0.16729E+04 -0.76047E+02 -0.75271E+02 -0.48011E+02  0.00000E+00  0.00000E+00  0.00000E+00  0.43675E+02  0.24050E+04  0.65500E+03   5541  0.00000E+00      0.000
    5540.0000 -0.31646E+00  0.31056E+00 -0.31646E+00  0.30070E+00 -0.15762E-01 -0.17531E+04  0.17204E+04 -0.17531E+04  0.16759E+04 -0.76204E+02 -0.75271E+02 -0.48011E+02  0.00000E+00  0.00000E+00  0.00000E+00  0.43675E+02  0.24093E+04  0.65619E+03   5551  0.00000E+00      0.000
    5550.0000 -0.31646E+00  0.31056E+00 -0.31646E+00  0.30069E+00 -0.15770E-01 -0.17562E+04  0.17235E+04 -0.17562E+04  0.16789E+04 -0.76362E+02 -0.75271E+02 -0.48011E+02  0.00000E+00  0.00000E+00  0.00000E+00  0.43675E+02  0.24137E+04  0.65737E+03   5561  0.00000E+00      0.000
    5560.0000 -0.31646E+00  0.31056E+00 -0.31646E+00  0.30068E+00 -0.15779E-01 -0.17594E+04  0.17267E+04 -0.17594E+04  0.16819E+04 -0.76520E+02 -0.75271E+02 -0.48011E+02  0.00000E+00  0.00000E+00  0.00000E+00  0.43675E+02  0.24180E+04  0.65856E+03   5571  0.00000E+00      0.000
    5570.0000 -0.31646E+00  0.31056E+00 -0.31646E+00  0.30067E+00 -0.15787E-01 -0.17626E+04  0.17298E+04 -0.17626E+04  0.16849E+04 -0.76677E+02 -0.75271E+02 -0.48011E+02  0.00000E+00  0.00000E+00  0.00000E+00  0.43675E+02  0.24224E+04  0.65974E+03   5581  0.00000E+00      0.000
    5580.0000 -0.31646E+00  0.31056E+00 -0.31646E+00  0.30067E+00 -0.15794E-01 -0.17657E+04  0.17329E+04 -0.17657E+04  0.16879E+04 -0.76835E+02 -0.75271E+02 -0.48011E+02  0.00000E+00  0.00000E+00  0.00000E+00  0.43675E+02  0.24267E+04  0.66093E+03   5591  0.00000E+00      0.000
    5590.0000 -0.31646E+00  0.31056E+00 -0.31646E+00  0.30066E+00 -0.15802E-01 -0.17689E+04  0.17360E+04 -0.17689E+04  0.16909E+04 -0.76993E+02 -0.75271E+02 -0.48010E+02  0.00000E+00  0.00000E+00  0.00000E+00  0.43675E+02  0.24311E+04  0.66211E+03   5601  0.00000E+00      0.000
    5600.0000 -0.31646E+00  0.31056E+00 -0.31646E+00  0.30065E+00 -0.15810E-01 -0.17721E+04  0.17391E+04 -0.17721E+04  0.16939E+04 -0.77151E+02 -0.75271E+02 -0.48010E+02  0.00000E+00  0.00000E+00  0.00000E+00  0.43675E+02  0.24354E+04  0.66330E+03   5611  0.00000E+00      0.000
    5610.0000 -0.31646E+00  0.31056E+00 -0.31646E+00  0.30064E+00 -0.15818E-01 -0.17752E+04  0.17422E+04 -0.17752E+04  0.16969E+04 -0.77309E+02 -0.75271E+02 -0.48010E+02  0.00000E+00  0.00000E+00  0.00000E+00  0.43675E+02  0.24398E+04  0.66448E+03   5621  0.00000E+00      0.000
    5620.0000 -0.31646E+00  0.31056E+00 -0.31646E+00  0.30063E+00 -0.15827E-01 -0.17784E+04  0.17453E+04 -0.17784E+04  0.16999E+04 -0.77468E+02 -0.75271E+02 -0.48010E+02  0.00000E+00  0.00000E+00  0.00000E+00  0.43675E+02  0.24441E+04  0.66567E+03   5631  0.00000E+00      0.000
    5630.0000 -0.31646E+00  0.31056E+00 -0.31646E+00  0.30063E+00 -0.15834E-01 -0.17816E+04  0.17484E+04 -0.17816E+04  0.17029E+04 -0.77626E+02 -0.75271E+02 -0.48010E+02  0.00000E+00  0.00000E+00  0.00000E+00  0.43675E+02  0.24485E+04  0.66685E+03   5641  0.00000E+00      0.000
    5640.0000 -0.31646E+00  0.31056E+00 -0.31646E+00  0.30062E+00 -0.15842E-01 -0.17847E+04  0.17515E+04 -0.17847E+04  0.17059E+04 -0.77784E+02 -0.75271E+02 -0.48010E+02  0.00000E+00  0.00000E+00  0.00000E+00  0.43675E+02  0.24528E+04  0.66803E+03   5651  0.00000E+00      0.000
    5650.0000 -0.31646E+00  0.31056E+00 -0.31646E+00  0.30061E+00 -0.15849E-01 -0.17879E+04  0.17546E+04 -0.17879E+04  0.17089E+04 -0.77943E+02 -0.75271E+02 -0.48010E+02  0.00000E+00  0.00000E+00  0.00000E+00  0.43675E+02  0.24572E+04  0.66922E+03   5661  0.00000E+00      0.000
    5660.0000 -0.31646E+00  0.31056E+00 -0.31646E+00  0.30060E+00 -0.15857E-01 -0.17911E+04  0.17577E+04 -0.17911E+04  0.17119E+04 -0.78101E+02 -0.75271E+02 -0.48010E+02  0.00000E+00  0.00000E+00  0.00000E+00  0.43675E+02  0.24615E+04  0.67040E+03   5671  0.00000E+00      0.000
    5670.0000 -0.31646E+00  0.31056E+00 -0.31646E+00  0.30059E+00 -0.15865E-01 -0.17942E+04  0.17608E+04 -0.17942E+04  0.17149E+04 -0.78260E+02 -0.75271E+02 -0.48010E+02  0.00000E+00  0.00000E+00  0.00000E+00  0.43675E+02  0.24659E+04  0.67159E+03   5681  0.00000E+00      0.000
    5680.0000 -0.31646E+00  0.31056E+00 -0.31646E+00  0.30059E+00 -0.15873E-01 -0.17974E+04  0.17639E+04 -0.17974E+04  0.17179E+04 -0.78419E+02 -0.75271E+02 -0.48010E+02  0.00000E+00  0.00000E+00  0.00000E+00  0.43675E+02  0.24702E+04  0.67277E+03   5691  0.00000E+00      0.000
    5690.0000 -0.31646E+00  0.31056E+00 -0.31646E+00  0.30058E+00 -0.15881E-01 -0.18005E+04  0.17670E+04 -0.18005E+04  0.17210E+04 -0.78577E+02 -0.75271E+02 -0.48010E+02  0.00000E+00  0.00000E+00  0.00000E+00  0.43675E+02  0.24746E+04  0.67396E+03   5701  0.00000E+00      0.000
    5700.0000 -0.31646E+00  0.31056E+00 -0.31646E+00  0.30057E+00 -0.15889E-01 -0.18037E+04  0.17701E+04 -0.18037E+04  0.17240E+04 -0.78736E+02 -0.75270E+02 -0.48010E+02  0.00000E+00  0.00000E+00  0.00000E+00  0.43675E+02  0.24789E+04  0.67514E+03   5711  0.00000E+00      0.000
    5710.0000 -0.31646E+00  0.31056E+00 -0.31646E+00  0.30056E+00 -0.15897E-01 -0.18069E+04  0.17732E+04 -0.18069E+04  0.17270E+04 -0.78895E+02 -0.75270E+02 -0.48010E+02  0.00000E+00  0.00000E+00  0.00000E+00  0.43675E+02  0.24833E+04  0.67633E+03   5721  0.00000E+00      0.000
    5720.0000 -0.31646E+00  0.31056E+00 -0.31646E+00  0.30056E+00 -0.15904E-01 -0.18100E+04  0.17763E+04 -0.18100E+04  0.17300E+04 -0.79054E+02 -0.75270E+02 -0.48009E+02  0.00000E+00  0.00000E+00  0.00000E+00  0.43675E+02  0.24876E+04  0.67751E+03   5731  0.00000E+00      0.000
    5730.0000 -0.31646E+00  0.31056E+00 -0.31646E+00  0.30055E+00 -0.15912E-01 -0.18132E+04  0.17794E+04 -0.18132E+04  0.17330E+04 -0.79213E+02 -0.75270E+02 -0.48009E+02  0.00000E+00  0.00000E+00  0.00000E+00  0.43675E+02  0.24920E+04  0.67870E+03   5741  0.00000E+00      0.000
    5740.0000 -0.31646E+00  0.31056E+00 -0.31646E+00  0.30054E+00 -0.15920E-01 -0.18164E+04  0.17826E+04 -0.18164E+04  0.17360E+04 -0.79372E+02 -0.75270E+02 -0.48009E+02  0.00000E+00  0.00000E+00  0.00000E+00  0.43675E+02  0.24963E+04  0.67988E+03   5751  0.00000E+00      0.000
    5750.0000 -0.31646E+00  0.31056E+00 -0.31646E+00  0.30053E+00 -0.15927E-01 -0.18195E+04  0.17857E+04 -0.18195E+04  0.17390E+04 -0.79532E+02 -0.75270E+02 -0.48009E+02  0.00000E+00  0.00000E+00  0.00000E+00  0.43675E+02  0.25006E+04  0.68107E+03   5761  0.00000E+00      0.000
    5760.0000 -0.31646E+00  0.31056E+00 -0.31646E+00  0.30052E+00 -0.15935E-01 -0.18227E+04  0.17888E+04 -0.18227E+04  0.17420E+04 -0.79691E+02 -0.75270E+02 -0.48009E+02  0.00000E+00  0.00000E+00  0.00000E+00  0.43675E+02  0.25050E+04  0.68225E+03   5771  0.00000E+00      0.000
    5770.0000 -0.31646E+00  0.31056E+00 -0.31646E+00  0.30052E+00 -0.15942E-01 -0.18259E+04  0.17919E+04 -0.18259E+04  0.17450E+04 -0.79850E+02 -0.75270E+02 -0.48009E+02  0.00000E+00  0.00000E+00  0.00000E+00  0.43675E+02  0.25093E+04  0.68344E+03   5781  0.00000E+00      0.000
    5780.0000 -0.31646E+00  0.31056E+00 -0.31646E+00  0.30051E+00 -0.15950E-01 -0.18290E+04  0.17950E+04 -0.18290E+04  0.17480E+04 -0.80010E+02 -0.75270E+02 -0.48009E+02  0.00000E+00  0.00000E+00  0.00000E+00  0.43675E+02  0.25137E+04  0.68462E+03   5791  0.00000E+00      0.000
    5790.0000 -0.31646E+00  0.31056E+00 -0.31646E+00  0.30050E+00 -0.15958E-01 -0.18322E+04  0.17981E+04 -0.18322E+04  0.17510E+04 -0.80169E+02 -0.75270E+02 -0.48009E+02  0.00000E+00  0.00000E+00  0.00000E+00  0.43675E+02  0.25180E+04  0.68580E+03   5801  0.00000E+00      0.000
    5800.0000 -0.31646E+00  0.31056E+00 -0.31646E+00  0.30049E+00 -0.15965E-01 -0.18354E+04  0.18012E+04 -0.18354E+04  0.17540E+04 -0.80329E+02 -0.75270E+02 -0.48009E+02  0.00000E+00  0.00000E+00  0.00000E+00  0.43675E+02  0.25224E+04  0.68699E+03   5811  0.00000E+00      0.000
    5810.0000 -0.31646E+00  0.31056E+00 -0.31646E+00  0.30049E+00 -0.15973E-01 -0.18385E+04  0.18043E+04 -0.18385E+04  0.17570E+04 -0.80489E+02 -0.75270E+02 -0.48009E+02  0.00000E+00  0.00000E+00  0.00000E+00  0.43675E+02  0.25267E+04  0.68817E+03   5821  0.00000E+00      0.000
    5820.0000 -0.31646E+00  0.31056E+00 -0.31646E+00  0.30048E+00 -0.15981E-01 -0.18417E+04  0.18074E+04 -0.18417E+04  0.17600E+04 -0.80649E+02 -0.75270E+02 -0.48009E+02  0.00000E+00  0.00000E+00  0.00000E+00  0.43675E+02  0.25311E+04  0.68936E+03   5831  0.00000E+00      0.000
    5830.0000 -0.31646E+00  0.31056E+00 -0.31646E+00  0.30047E+00 -0.15988E-01 -0.18448E+04  0.18105E+04 -0.18448E+04  0.17630E+04 -0.80808E+02 -0.75270E+02 -0.48009E+02  0.00000E+00  0.00000E+00  0.00000E+00  0.43675E+02  0.25354E+04  0.69054E+03   5841  0.00000E+00      0.000
    5840.0000 -0.31646E+00  0.31056E+00 -0.31646E+00  0.30046E+00 -0.15996E-01 -0.18480E+04  0.18136E+04 -0.18480E+04  0.17660E+04 -0.80968E+02 -0.75270E+02 -0.48009E+02  0.00000E+00  0.00000E+00  0.00000E+00  0.43675E+02  0.25398E+04  0.69173E+03   5851  0.00000E+00      0.000
    5850.0000 -0.31646E+00  0.31056E+00 -0.31646E+00  0.30046E+00 -0.16003E-01 -0.18512E+04  0.18167E+04 -0.18512E+04  0.17690E+04 -0.81128E+02 -0.75270E+02 -0.48009E+02  0.00000E+00  0.00000E+00  0.00000E+00  0.43675E+02  0.25441E+04  0.69291E+03   5861  0.00000E+00      0.000
    5860.0000 -0.31646E+00  0.31056E+00 -0.31646E+00  0.30045E+00 -0.16010E-01 -0.18543E+04  0.18198E+04 -0.18543E+04  0.17720E+04 -0.81288E+02 -0.75270E+02 -0.48008E+02  0.00000E+00  0.00000E+00  0.00000E+00  0.43675E+02  0.25485E+04  0.69410E+03   5871  0.00000E+00      0.000
    5870.0000 -0.31646E+00  0.31056E+00 -0.31646E+00  0.30044E+00 -0.16017E-01 -0.18575E+04  0.18229E+04 -0.18575E+04  0.17750E+04 -0.81449E+02 -0.75270E+02 -0.48008E+02  0.00000E+00  0.00000E+00  0.00000E+00  0.43675E+02  0.25528E+04  0.69528E+03   5881  0.00000E+00      0.000
    5880.0000 -0.31646E+00  0.31056E+00 -0.31646E+00  0.30043E+00 -0.16026E-01 -0.18607E+04  0.18260E+04 -0.18607E+04  0.17780E+04 -0.81609E+02 -0.75270E+02 -0.48008E+02  0.00000E+00  0.00000E+00  0.00000E+00  0.43675E+02  0.25572E+04  0.69647E+03   5891  0.00000E+00      0.000
    5890.0000 -0.31646E+00  0.31056E+00 -0.31646E+00  0.30043E+00 -0.16034E-01 -0.18638E+04  0.18291E+04 -0.18638E+04  0.17811E+04 -0.81769E+02 -0.75270E+02 -0.48008E+02  0.00000E+00  0.00000E+00  0.00000E+00  0.43676E+02  0.25615E+04  0.69765E+03   5901  0.00000E+00      0.000
    5900.0000 -0.31646E+00  0.31056E+00 -0.31646E+00  0.30042E+00 -0.16040E-01 -0.18670E+04  0.18322E+04 -0.18670E+04  0.17841E+04 -0.81929E+02 -0.75270E+02 -0.48008E+02  0.00000E+00  0.00000E+00  0.00000E+00  0.43676E+02  0.25659E+04  0.69884E+03   5911  0.00000E+00      0.000
    5910.0000 -0.31646E+00  0.31056E+00 -0.31646E+00  0.30041E+00 -0.16047E-01 -0.18702E+04  0.18353E+04 -0.18702E+04  0.17871E+04 -0.82090E+02 -0.75270E+02 -0.48008E+02  0.00000E+00  0.00000E+00  0.00000E+00  0.43676E+02  0.25702E+04  0.70002E+03   5921  0.00000E+00      0.000
    5920.0000 -0.31646E+00  0.31056E+00 -0.31646E+00  0.30040E+00 -0.16056E-01 -0.18733E+04  0.18384E+04 -0.18733E+04  0.17901E+04 -0.82250E+02 -0.75270E+02 -0.48008E+02  0.00000E+00  0.00000E+00  0.00000E+00  0.43676E+02  0.25746E+04  0.70121E+03   5931  0.00000E+00      0.000
    5930.0000 -0.31646E+00  0.31056E+00 -0.31646E+00  0.30040E+00 -0.16063E-01 -0.18765E+04  0.18416E+04 -0.18765E+04  0.17931E+04 -0.82411E+02 -0.75270E+02 -0.48008E+02  0.00000E+00  0.00000E+00  0.00000E+00  0.43676E+02  0.25789E+04  0.70239E+03   5941  0.00000E+00      0.000
    5940.0000 -0.31646E+00  0.31056E+00 -0.31646E+00  0.30039E+00 -0.16070E-01 -0.18796E+04  0.18447E+04 -0.18796E+04  0.17961E+04 -0.82572E+02 -0.75270E+02 -0.48008E+02  0.00000E+00  0.00000E+00  0.00000E+00  0.43676E+02  0.25833E+04  0.70358E+03   5951  0.00000E+00      0.000
    5950.0000 -0.31646E+00  0.31056E+00 -0.31646E+00  0.30038E+00 -0.16078E-01 -0.18828E+04  0.18478E+04 -0.18828E+04  0.17991E+04 -0.82732E+02 -0.75270E+02 -0.48008E+02  0.00000E+00  0.00000E+00  0.00000E+00  0.43676E+02  0.25876E+04  0.70476E+03   5961  0.00000E+00      0.000
    5960.0000 -0.31646E+00  0.31056E+00 -0.31646E+00  0.30037E+00 -0.16085E-01 -0.18860E+04  0.18509E+04 -0.18860E+04  0.18021E+04 -0.82893E+02 -0.75270E+02 -0.48008E+02  0.00000E+00  0.00000E+00  0.00000E+00  0.43676E+02  0.25920E+04  0.70594E+03   5971  0.00000E+00      0.000
    5970.0000 -0.31646E+00  0.31056E+00 -0.31646E+00  0.30037E+00 -0.16092E-01 -0.18891E+04  0.18540E+04 -0.18891E+04  0.18051E+04 -0.83054E+02 -0.75270E+02 -0.48008E+02  0.00000E+00  0.00000E+00  0.00000E+00  0.43676E+02  0.25963E+04  0.70713E+03   5981  0.00000E+00      0.000
    5980.0000 -0.31646E+00  0.31056E+00 -0.31646E+00  0.30036E+00 -0.16100E-01 -0.18923E+04  0.18571E+04 -0.18923E+04  0.18081E+04 -0.83215E+02 -0.75270E+02 -0.48008E+02  0.00000E+00  0.00000E+00  0.00000E+00  0.43676E+02  0.26007E+04  0.70831E+03   5991  0.00000E+00      0.000
    5990.0000 -0.31646E+00  0.31056E+00 -0.31646E+00  0.30035E+00 -0.16107E-01 -0.18955E+04  0.18602E+04 -0.18955E+04  0.18111E+04 -0.83376E+02 -0.75270E+02 -0.48008E+02  0.00000E+00  0.00000E+00  0.00000E+00  0.43676E+02  0.26050E+04  0.70950E+03   6001  0.00000E+00      0.000
    6000.0000 -0.31646E+00  0.31056E+00 -0.31646E+00  0.30035E+00 -0.16114E-01 -0.18986E+04  0.18633E+04 -0.18986E+04  0.18141E+04 -0.83537E+02 -0.75270E+02 -0.48007E+02  0.00000E+00  0.00000E+00  0.00000E+00  0.43676E+02  0.26094E+04  0.71068E+03   6011  0.00000E+00      0.000
    6010.0000 -0.31646E+00  0.31056E+00 -0.31646E+00  0.30034E+00 -0.16122E-01 -0.19018E+04  0.18664E+04 -0.19018E+04  0.18171E+04 -0.83698E+02 -0.75270E+02 -0.48007E+02  0.00000E+00  0.00000E+00  0.00000E+00  0.43676E+02  0.26137E+04  0.71187E+03   6021  0.00000E+00      0.000
    6020.0000 -0.31646E+00  0.31056E+00 -0.31646E+00  0.30033E+00 -0.16129E-01 -0.19050E+04  0.18695E+04 -0.19050E+04  0.18201E+04 -0.83860E+02 -0.75270E+02 -0.48007E+02  0.00000E+00  0.00000E+00  0.00000E+00  0.43676E+02  0.26180E+04  0.71305E+03   6031  0.00000E+00      0.000
    6030.0000 -0.31646E+00  0.31056E+00 -0.31646E+00  0.30032E+00 -0.16136E-01 -0.19081E+04  0.18726E+04 -0.19081E+04  0.18231E+04 -0.84021E+02 -0.75270E+02 -0.48007E+02  0.00000E+00  0.00000E+00  0.00000E+00  0.43676E+02  0.26224E+04  0.71424E+03   6041  0.00000E+00      0.000
    6040.0000 -0.31646E+00  0.31056E+00 -0.31646E+00  0.30031E+00 -0.16145E-01 -0.19113E+04  0.18757E+04 -0.19113E+04  0.18261E+04 -0.84182E+02 -0.75270E+02 -0.48007E+02  0.00000E+00  0.00000E+00  0.00000E+00  0.43676E+02  0.26267E+04  0.71542E+03   6051  0.00000E+00      0.000
    6050.0000 -0.31646E+00  0.31056E+00 -0.31646E+00  0.30031E+00 -0.16151E-01 -0.19145E+04  0.18788E+04 -0.19145E+04  0.18291E+04 -0.84344E+02 -0.75270E+02 -0.48007E+02  0.00000E+00  0.00000E+00  0.00000E+00  0.43676E+02  0.26311E+04  0.71661E+03   6061  0.00000E+00      0.000
    6060.0000 -0.31646E+00  0.31056E+00 -0.31646E+00  0.30030E+00 -0.16160E-01 -0.19176E+04  0.18819E+04 -0.19176E+04  0.18321E+04 -0.84505E+02 -0.75269E+02 -0.48007E+02  0.00000E+00  0.00000E+00  0.00000E+00  0.43676E+02  0.26354E+04  0.71779E+03   6071  0.00000E+00      0.000
    6070.0000 -0.31646E+00  0.31056E+00 -0.31646E+00  0.30029E+00 -0.16169E-01 -0.19208E+04  0.18850E+04 -0.19208E+04  0.18351E+04 -0.84667E+02 -0.75269E+02 -0.48007E+02  0.00000E+00  0.00000E+00  0.00000E+00  0.43676E+02  0.26398E+04  0.71898E+03   6081  0.00000E+00      0.000
    6080.0000 -0.31646E+00  0.31056E+00 -0.31646E+00  0.30028E+00 -0.16176E-01 -0.19239E+04  0.18881E+04 -0.19239E+04  0.18381E+04 -0.84829E+02 -0.75269E+02 -0.48007E+02  0.00000E+00  0.00000E+00  0.00000E+00  0.43676E+02  0.26441E+04  0.72016E+03   6091  0.00000E+00      0.000
    6090.0000 -0.31646E+00  0.31056E+00 -0.31646E+00  0.30027E+00 -0.16185E-01 -0.19271E+04  0.18912E+04 -0.19271E+04  0.18411E+04 -0.84991E+02 -0.75269E+02 -0.48007E+02  0.00000E+00  0.00000E+00  0.00000E+00  0.43676E+02  0.26485E+04  0.72135E+03   6101  0.00000E+00      0.000
    6100.0000 -0.31646E+00  0.31056E+00 -0.31646E+00  0.30027E+00 -0.16193E-01 -0.19303E+04  0.18943E+04 -0.19303E+04  0.18441E+04 -0.85153E+02 -0.75269E+02 -0.48007E+02  0.00000E+00  0.00000E+00  0.00000E+00  0.43676E+02  0.26528E+04  0.72253E+03   6111  0.00000E+00      0.000
    6110.0000 -0.31646E+00  0.31056E+00 -0.31646E+00  0.30026E+00 -0.16200E-01 -0.19334E+04  0.18975E+04 -0.19334E+04  0.18471E+04 -0.85314E+02 -0.75269E+02 -0.48007E+02  0.00000E+00  0.00000E+00  0.00000E+00  0.43676E+02  0.26572E+04  0.72372E+03   6121  0.00000E+00      0.000
    6120.0000 -0.31646E+00  0.31056E+00 -0.31646E+00  0.30025E+00 -0.16209E-01 -0.19366E+04  0.19006E+04 -0.19366E+04  0.18501E+04 -0.85477E+02 -0.75269E+02 -0.48007E+02  0.00000E+00  0.00000E+00  0.00000E+00  0.43676E+02  0.26615E+04  0.72490E+03   6131  0.00000E+00      0.000
    6130.0000 -0.31646E+00  0.31056E+00 -0.31646E+00  0.30024E+00 -0.16216E-01 -0.19398E+04  0.19037E+04 -0.19398E+04  0.18531E+04 -0.85639E+02 -0.75269E+02 -0.48006E+02  0.00000E+00  0.00000E+00  0.00000E+00  0.43676E+02  0.26659E+04  0.72608E+03   6141  0.00000E+00      0.000
    6140.0000 -0.31646E+00  0.31056E+00 -0.31646E+00  0.30023E+00 -0.16225E-01 -0.19429E+04  0.19068E+04 -0.19429E+04  0.18561E+04 -0.85801E+02 -0.75269E+02 -0.48006E+02  0.00000E+00  0.00000E+00  0.00000E+00  0.43676E+02  0.26702E+04  0.72727E+03   6151  0.00000E+00      0.000
    6150.0000 -0.31646E+00  0.31056E+00 -0.31646E+00  0.30023E+00 -0.16231E-01 -0.19461E+04  0.19099E+04 -0.19461E+04  0.18591E+04 -0.85963E+02 -0.75269E+02 -0.48006E+02  0.00000E+00  0.00000E+00  0.00000E+00  0.43676E+02  0.26746E+04  0.72845E+03   6161  0.00000E+00      0.000
    6160.0000 -0.31646E+00  0.31056E+00 -0.31646E+00  0.30022E+00 -0.16241E-01 -0.19493E+04  0.19130E+04 -0.19493E+04  0.18621E+04 -0.86125E+02 -0.75269E+02 -0.48006E+02  0.00000E+00  0.00000E+00  0.00000E+00  0.43676E+02  0.26789E+04  0.72964E+03   6171  0.00000E+00      0.000
    6170.0000 -0.31646E+00  0.31056E+00 -0.31646E+00  0.30021E+00 -0.16248E-01 -0.19524E+04  0.19161E+04 -0.19524E+04  0.18651E+04 -0.86288E+02 -0.75269E+02 -0.48006E+02  0.00000E+00  0.00000E+00  0.00000E+00  0.43676E+02  0.26833E+04  0.73082E+03   6181  0.00000E+00      0.000
    6180.0000 -0.31646E+00  0.31056E+00 -0.31646E+00  0.30020E+00 -0.16256E-01 -0.19556E+04  0.19192E+04 -0.19556E+04  0.18681E+04 -0.86450E+02 -0.75269E+02 -0.48006E+02  0.00000E+00  0.00000E+00  0.00000E+00  0.43676E+02  0.26876E+04  0.73201E+03   6191  0.00000E+00      0.000
    6190.0000 -0.31646E+00  0.31056E+00 -0.31646E+00  0.30020E+00 -0.16265E-01 -0.19587E+04  0.19223E+04 -0.19587E+04  0.18711E+04 -0.86613E+02 -0.75269E+02 -0.48006E+02  0.00000E+00  0.00000E+00  0.00000E+00  0.43676E+02  0.26920E+04  0.73319E+03   6201  0.00000E+00      0.000
    6200.0000 -0.31646E+00  0.31056E+00 -0.31646E+00  0.30019E+00 -0.16272E-01 -0.19619E+04  0.19254E+04 -0.19619E+04  0.18741E+04 -0.86776E+02 -0.75269E+02 -0.48006E+02  0.00000E+00  0.00000E+00  0.00000E+00  0.43676E+02  0.26963E+04  0.73438E+03   6211  0.00000E+00      0.000
    6205.0000 -0.31646E+00  0.31056E+00 -0.31646E+00  0.30018E+00 -0.16275E-01 -0.19635E+04  0.19270E+04 -0.19635E+04  0.18757E+04 -0.86857E+02 -0.75269E+02 -0.48006E+02  0.00000E+00  0.00000E+00  0.00000E+00  0.43676E+02  0.26985E+04  0.73497E+03   6216  0.00000E+00      0.000
    6210.0000 -0.31646E+00  0.31056E+00 -0.31646E+00  0.30018E+00 -0.16279E-01 -0.19651E+04  0.19285E+04 -0.19651E+04  0.18772E+04 -0.86939E+02 -0.75269E+02 -0.48006E+02  0.00000E+00  0.00000E+00  0.00000E+00  0.43676E+02  0.27007E+04  0.73556E+03   6221  0.00000E+00      0.000
    6220.0000 -0.31646E+00  0.31056E+00 -0.31646E+00  0.30017E+00 -0.16288E-01 -0.19682E+04  0.19316E+04 -0.19682E+04  0.18802E+04 -0.87101E+02 -0.75269E+02 -0.48006E+02  0.00000E+00  0.00000E+00  0.00000E+00  0.43676E+02  0.27050E+04  0.73675E+03   6231  0.00000E+00      0.000
    6230.0000 -0.31646E+00  0.31056E+00 -0.31646E+00  0.30016E+00 -0.16295E-01 -0.19714E+04  0.19347E+04 -0.19714E+04  0.18832E+04 -0.87264E+02 -0.75269E+02 -0.48006E+02  0.00000E+00  0.00000E+00  0.00000E+00  0.43676E+02  0.27094E+04  0.73793E+03   6241  0.00000E+00      0.000
    6240.0000 -0.31646E+00  0.31056E+00 -0.31646E+00  0.30016E+00 -0.16303E-01 -0.19746E+04  0.19378E+04 -0.19746E+04  0.18862E+04 -0.87427E+02 -0.75269E+02 -0.48006E+02  0.00000E+00  0.00000E+00  0.00000E+00  0.43676E+02  0.27137E+04  0.73912E+03   6251  0.00000E+00      0.000
    6250.0000 -0.31646E+00  0.31056E+00 -0.31646E+00  0.30015E+00 -0.16311E-01 -0.19777E+04  0.19409E+04 -0.19777E+04  0.18892E+04 -0.87590E+02 -0.75269E+02 -0.48006E+02  0.00000E+00  0.00000E+00  0.00000E+00  0.43676E+02  0.27181E+04  0.74030E+03   6261  0.00000E+00      0.000
    6260.0000 -0.31646E+00  0.31056E+00 -0.31646E+00  0.30014E+00 -0.16318E-01 -0.19809E+04  0.19440E+04 -0.19809E+04  0.18922E+04 -0.87753E+02 -0.75269E+02 -0.48005E+02  0.00000E+00  0.00000E+00  0.00000E+00  0.43676E+02  0.27224E+04  0.74149E+03   6271  0.00000E+00      0.000
    6270.0000 -0.31646E+00  0.31056E+00 -0.31646E+00  0.30013E+00 -0.16326E-01 -0.19841E+04  0.19471E+04 -0.19841E+04  0.18952E+04 -0.87917E+02 -0.75269E+02 -0.48005E+02  0.00000E+00  0.00000E+00  0.00000E+00  0.43676E+02  0.27268E+04  0.74267E+03   6281  0.00000E+00      0.000
    6280.0000 -0.31646E+00  0.31056E+00 -0.31646E+00  0.30013E+00 -0.16335E-01 -0.19872E+04  0.19502E+04 -0.19872E+04  0.18982E+04 -0.88080E+02 -0.75269E+02 -0.48005E+02  0.00000E+00  0.00000E+00  0.00000E+00  0.43676E+02  0.27311E+04  0.74385E+03   6291  0.00000E+00      0.000
    6290.0000 -0.31646E+00  0.31056E+00 -0.31646E+00  0.30012E+00 -0.16341E-01 -0.19904E+04  0.19534E+04 -0.19904E+04  0.19012E+04 -0.88243E+02 -0.75269E+02 -0.48005E+02  0.00000E+00  0.00000E+00  0.00000E+00  0.43676E+02  0.27354E+04  0.74504E+03   6301  0.00000E+00      0.000
    6300.0000 -0.31646E+00  0.31056E+00 -0.31646E+00  0.30011E+00 -0.16349E-01 -0.19936E+04  0.19565E+04 -0.19936E+04  0.19042E+04 -0.88407E+02 -0.75269E+02 -0.48005E+02  0.00000E+00  0.00000E+00  0.00000E+00  0.43676E+02  0.27398E+04  0.74622E+03   6311  0.00000E+00      0.000
    6310.0000 -0.31646E+00  0.31056E+00 -0.31646E+00  0.30010E+00 -0.16356E-01 -0.19967E+04  0.19596E+04 -0.19967E+04  0.19072E+04 -0.88570E+02 -0.75269E+02 -0.48005E+02  0.00000E+00  0.00000E+00  0.00000E+00  0.43676E+02  0.27441E+04  0.74741E+03   6321  0.00000E+00      0.000
    6320.0000 -0.31646E+00  0.31056E+00 -0.31646E+00  0.30009E+00 -0.16364E-01 -0.19999E+04  0.19627E+04 -0.19999E+04  0.19102E+04 -0.88734E+02 -0.75269E+02 -0.48005E+02  0.00000E+00  0.00000E+00  0.00000E+00  0.43676E+02  0.27485E+04  0.74859E+03   6331  0.00000E+00      0.000
    6330.0000 -0.31646E+00  0.31056E+00 -0.31646E+00  0.30009E+00 -0.16372E-01 -0.20030E+04  0.19658E+04 -0.20030E+04  0.19132E+04 -0.88898E+02 -0.75269E+02 -0.48005E+02  0.00000E+00  0.00000E+00  0.00000E+00  0.43676E+02  0.27528E+04  0.74978E+03   6341  0.00000E+00      0.000
    6340.0000 -0.31646E+00  0.31056E+00 -0.31646E+00  0.30008E+00 -0.16380E-01 -0.20062E+04  0.19689E+04 -0.20062E+04  0.19162E+04 -0.89061E+02 -0.75269E+02 -0.48005E+02  0.00000E+00  0.00000E+00  0.00000E+00  0.43676E+02  0.27572E+04  0.75096E+03   6351  0.00000E+00      0.000
    6350.0000 -0.31646E+00  0.31056E+00 -0.31646E+00  0.30007E+00 -0.16387E-01 -0.20094E+04  0.19720E+04 -0.20094E+04  0.19192E+04 -0.89225E+02 -0.75269E+02 -0.48005E+02  0.00000E+00  0.00000E+00  0.00000E+00  0.43676E+02  0.27615E+04  0.75215E+03   6361  0.00000E+00      0.000
    6360.0000 -0.31646E+00  0.31056E+00 -0.31646E+00  0.30006E+00 -0.16394E-01 -0.20125E+04  0.19751E+04 -0.20125E+04  0.19222E+04 -0.89389E+02 -0.75269E+02 -0.48005E+02  0.00000E+00  0.00000E+00  0.00000E+00  0.43676E+02  0.27659E+04  0.75333E+03   6371  0.00000E+00      0.000
    6370.0000 -0.31646E+00  0.31056E+00 -0.31646E+00  0.30006E+00 -0.16402E-01 -0.20157E+04  0.19782E+04 -0.20157E+04  0.19252E+04 -0.89553E+02 -0.75268E+02 -0.48005E+02  0.00000E+00  0.00000E+00  0.00000E+00  0.43676E+02  0.27702E+04  0.75452E+03   6381  0.00000E+00      0.000
    6380.0000 -0.31646E+00  0.31056E+00 -0.31646E+00  0.30005E+00 -0.16410E-01 -0.20189E+04  0.19813E+04 -0.20189E+04  0.19282E+04 -0.89717E+02 -0.75268E+02 -0.48005E+02  0.00000E+00  0.00000E+00  0.00000E+00  0.43676E+02  0.27746E+04  0.75570E+03   6391  0.00000E+00      0.000
    6390.0000 -0.31646E+00  0.31056E+00 -0.31646E+00  0.30004E+00 -0.16417E-01 -0.20220E+04  0.19844E+04 -0.20220E+04  0.19312E+04 -0.89881E+02 -0.75268E+02 -0.48004E+02  0.00000E+00  0.00000E+00  0.00000E+00  0.43676E+02  0.27789E+04  0.75689E+03   6401  0.00000E+00      0.000
    6400.0000 -0.31646E+00  0.31056E+00 -0.31646E+00  0.30003E+00 -0.16426E-01 -0.20252E+04  0.19875E+04 -0.20252E+04  0.19342E+04 -0.90046E+02 -0.75268E+02 -0.48004E+02  0.00000E+00  0.00000E+00  0.00000E+00  0.43676E+02  0.27833E+04  0.75807E+03   6411  0.00000E+00      0.000
    6410.0000 -0.31646E+00  0.31056E+00 -0.31646E+00  0.30003E+00 -0.16433E-01 -0.20284E+04  0.19906E+04 -0.20284E+04  0.19372E+04 -0.90210E+02 -0.75268E+02 -0.48004E+02  0.00000E+00  0.00000E+00  0.00000E+00  0.43676E+02  0.27876E+04  0.75926E+03   6421  0.00000E+00      0.000
    6420.0000 -0.31646E+00  0.31056E+00 -0.31646E+00  0.30002E+00 -0.16440E-01 -0.20315E+04  0.19937E+04 -0.20315E+04  0.19402E+04 -0.90374E+02 -0.75268E+02 -0.48004E+02  0.00000E+00  0.00000E+00  0.00000E+00  0.43676E+02  0.27920E+04  0.76044E+03   6431  0.00000E+00      0.000
    6430.0000 -0.31646E+00  0.31056E+00 -0.31646E+00  0.30001E+00 -0.16447E-01 -0.20347E+04  0.19968E+04 -0.20347E+04  0.19432E+04 -0.90539E+02 -0.75268E+02 -0.48004E+02  0.00000E+00  0.00000E+00  0.00000E+00  0.43676E+02  0.27963E+04  0.76163E+03   6441  0.00000E+00      0.000
    6440.0000 -0.31646E+00  0.31056E+00 -0.31646E+00  0.30000E+00 -0.16455E-01 -0.20379E+04  0.19999E+04 -0.20379E+04  0.19462E+04 -0.90703E+02 -0.75268E+02 -0.48004E+02  0.00000E+00  0.00000E+00  0.00000E+00  0.43676E+02  0.28007E+04  0.76281E+03   6451  0.00000E+00      0.000
    6450.0000 -0.31646E+00  0.31056E+00 -0.31646E+00  0.30000E+00 -0.16463E-01 -0.20410E+04  0.20030E+04 -0.20410E+04  0.19492E+04 -0.90868E+02 -0.75268E+02 -0.48004E+02  0.00000E+00  0.00000E+00  0.00000E+00  0.43676E+02  0.28050E+04  0.76399E+03   6461  0.00000E+00      0.000
    6460.0000 -0.31646E+00  0.31056E+00 -0.31646E+00  0.29999E+00 -0.16469E-01 -0.20442E+04  0.20061E+04 -0.20442E+04  0.19522E+04 -0.91033E+02 -0.75268E+02 -0.48004E+02  0.00000E+00  0.00000E+00  0.00000E+00  0.43676E+02  0.28094E+04  0.76518E+03   6471  0.00000E+00      0.000
    6470.0000 -0.31646E+00  0.31056E+00 -0.31646E+00  0.29998E+00 -0.16477E-01 -0.20473E+04  0.20093E+04 -0.20473E+04  0.19552E+04 -0.91197E+02 -0.75268E+02 -0.48004E+02  0.00000E+00  0.00000E+00  0.00000E+00  0.43676E+02  0.28137E+04  0.76636E+03   6481  0.00000E+00      0.000
    6480.0000 -0.31646E+00  0.31056E+00 -0.31646E+00  0.29997E+00 -0.16484E-01 -0.20505E+04  0.20124E+04 -0.20505E+04  0.19582E+04 -0.91362E+02 -0.75268E+02 -0.48004E+02  0.00000E+00  0.00000E+00  0.00000E+00  0.43676E+02  0.28181E+04  0.76755E+03   6491  0.00000E+00      0.000
    6490.0000 -0.31646E+00  0.31056E+00 -0.31646E+00  0.29997E+00 -0.16492E-01 -0.20537E+04  0.20155E+04 -0.20537E+04  0.19612E+04 -0.91527E+02 -0.75268E+02 -0.48004E+02  0.00000E+00  0.00000E+00  0.00000E+00  0.43676E+02  0.28224E+04  0.76873E+03   6501  0.00000E+00      0.000
    6500.0000 -0.31646E+00  0.31056E+00 -0.31646E+00  0.29996E+00 -0.16500E-01 -0.20568E+04  0.20186E+04 -0.20568E+04  0.19642E+04 -0.91692E+02 -0.75268E+02 -0.48004E+02  0.00000E+00  0.00000E+00  0.00000E+00  0.43676E+02  0.28268E+04  0.76992E+03   6511  0.00000E+00      0.000
    6510.0000 -0.31646E+00  0.31056E+00 -0.31646E+00  0.29995E+00 -0.16508E-01 -0.20600E+04  0.20217E+04 -0.20600E+04  0.19672E+04 -0.91857E+02 -0.75268E+02 -0.48004E+02  0.00000E+00  0.00000E+00  0.00000E+00  0.43676E+02  0.28311E+04  0.77110E+03   6521  0.00000E+00      0.000
    6520.0000 -0.31646E+00  0.31056E+00 -0.31646E+00  0.29995E+00 -0.16514E-01 -0.20632E+04  0.20248E+04 -0.20632E+04  0.19702E+04 -0.92022E+02 -0.75268E+02 -0.48004E+02  0.00000E+00  0.00000E+00  0.00000E+00  0.43676E+02  0.28355E+04  0.77229E+03   6531  0.00000E+00      0.000
    6530.0000 -0.31646E+00  0.31056E+00 -0.31646E+00  0.29994E+00 -0.16522E-01 -0.20663E+04  0.20279E+04 -0.20663E+04  0.19732E+04 -0.92187E+02 -0.75268E+02 -0.48003E+02  0.00000E+00  0.00000E+00  0.00000E+00  0.43676E+02  0.28398E+04  0.77347E+03   6541  0.00000E+00      0.000
    6540.0000 -0.31646E+00  0.31056E+00 -0.31646E+00  0.29993E+00 -0.16529E-01 -0.20695E+04  0.20310E+04 -0.20695E+04  0.19762E+04 -0.92353E+02 -0.75268E+02 -0.48003E+02  0.00000E+00  0.00000E+00  0.00000E+00  0.43676E+02  0.28442E+04  0.77466E+03   6551  0.00000E+00      0.000
    6550.0000 -0.31646E+00  0.31056E+00 -0.31646E+00  0.29992E+00 -0.16536E-01 -0.20727E+04  0.20341E+04 -0.20727E+04  0.19792E+04 -0.92518E+02 -0.75268E+02 -0.48003E+02  0.00000E+00  0.00000E+00  0.00000E+00  0.43676E+02  0.28485E+04  0.77584E+03   6561  0.00000E+00      0.000
    6560.0000 -0.31646E+00  0.31056E+00 -0.31646E+00  0.29992E+00 -0.16544E-01 -0.20758E+04  0.20372E+04 -0.20758E+04  0.19822E+04 -0.92683E+02 -0.75268E+02 -0.48003E+02  0.00000E+00  0.00000E+00  0.00000E+00  0.43676E+02  0.28528E+04  0.77703E+03   6571  0.00000E+00      0.000
    6570.0000 -0.31646E+00  0.31056E+00 -0.31646E+00  0.29991E+00 -0.16551E-01 -0.20790E+04  0.20403E+04 -0.20790E+04  0.19852E+04 -0.92849E+02 -0.75268E+02 -0.48003E+02  0.00000E+00  0.00000E+00  0.00000E+00  0.43676E+02  0.28572E+04  0.77821E+03   6581  0.00000E+00      0.000
    6580.0000 -0.31646E+00  0.31056E+00 -0.31646E+00  0.29990E+00 -0.16558E-01 -0.20821E+04  0.20434E+04 -0.20821E+04  0.19882E+04 -0.93014E+02 -0.75268E+02 -0.48003E+02  0.00000E+00  0.00000E+00  0.00000E+00  0.43676E+02  0.28615E+04  0.77940E+03   6591  0.00000E+00      0.000
    6590.0000 -0.31646E+00  0.31056E+00 -0.31646E+00  0.29989E+00 -0.16565E-01 -0.20853E+04  0.20465E+04 -0.20853E+04  0.19912E+04 -0.93180E+02 -0.75268E+02 -0.48003E+02  0.00000E+00  0.00000E+00  0.00000E+00  0.43676E+02  0.28659E+04  0.78058E+03   6601  0.00000E+00      0.000
    6600.0000 -0.31646E+00  0.31056E+00 -0.31646E+00  0.29989E+00 -0.16572E-01 -0.20885E+04  0.20496E+04 -0.20885E+04  0.19942E+04 -0.93346E+02 -0.75268E+02 -0.48003E+02  0.00000E+00  0.00000E+00  0.00000E+00  0.43676E+02  0.28702E+04  0.78177E+03   6611  0.00000E+00      0.000
    6610.0000 -0.31646E+00  0.31056E+00 -0.31646E+00  0.29988E+00 -0.16579E-01 -0.20916E+04  0.20527E+04 -0.20916E+04  0.19972E+04 -0.93511E+02 -0.75268E+02 -0.48003E+02  0.00000E+00  0.00000E+00  0.00000E+00  0.43676E+02  0.28746E+04  0.78295E+03   6621  0.00000E+00      0.000
    6620.0000 -0.31646E+00  0.31056E+00 -0.31646E+00  0.29987E+00 -0.16587E-01 -0.20948E+04  0.20558E+04 -0.20948E+04  0.20002E+04 -0.93677E+02 -0.75268E+02 -0.48003E+02  0.00000E+00  0.00000E+00  0.00000E+00  0.43676E+02  0.28789E+04  0.78413E+03   6631  0.00000E+00      0.000
    6630.0000 -0.31646E+00  0.31056E+00 -0.31646E+00  0.29987E+00 -0.16594E-01 -0.20980E+04  0.20589E+04 -0.20980E+04  0.20032E+04 -0.93843E+02 -0.75268E+02 -0.48003E+02  0.00000E+00  0.00000E+00  0.00000E+00  0.43676E+02  0.28833E+04  0.78532E+03   6641  0.00000E+00      0.000
    6640.0000 -0.31646E+00  0.31056E+00 -0.31646E+00  0.29986E+00 -0.16601E-01 -0.21011E+04  0.20620E+04 -0.21011E+04  0.20062E+04 -0.94009E+02 -0.75268E+02 -0.48003E+02  0.00000E+00  0.00000E+00  0.00000E+00  0.43676E+02  0.28876E+04  0.78650E+03   6651  0.00000E+00      0.000
    6650.0000 -0.31646E+00  0.31056E+00 -0.31646E+00  0.29985E+00 -0.16608E-01 -0.21043E+04  0.20651E+04 -0.21043E+04  0.20092E+04 -0.94175E+02 -0.75268E+02 -0.48003E+02  0.00000E+00  0.00000E+00  0.00000E+00  0.43676E+02  0.28920E+04  0.78769E+03   6661  0.00000E+00      0.000
    6660.0000 -0.31646E+00  0.31056E+00 -0.31646E+00  0.29984E+00 -0.16615E-01 -0.21075E+04  0.20683E+04 -0.21075E+04  0.20122E+04 -0.94341E+02 -0.75268E+02 -0.48003E+02  0.00000E+00  0.00000E+00  0.00000E+00  0.43676E+02  0.28963E+04  0.78887E+03   6671  0.00000E+00      0.000
    6670.0000 -0.31646E+00  0.31056E+00 -0.31646E+00  0.29984E+00 -0.16622E-01 -0.21106E+04  0.20714E+04 -0.21106E+04  0.20152E+04 -0.94507E+02 -0.75268E+02 -0.48002E+02  0.00000E+00  0.00000E+00  0.00000E+00  0.43676E+02  0.29007E+04  0.79006E+03   6681  0.00000E+00      0.000
    6680.0000 -0.31646E+00  0.31056E+00 -0.31646E+00  0.29983E+00 -0.16629E-01 -0.21138E+04  0.20745E+04 -0.21138E+04  0.20182E+04 -0.94674E+02 -0.75268E+02 -0.48002E+02  0.00000E+00  0.00000E+00  0.00000E+00  0.43676E+02  0.29050E+04  0.79124E+03   6691  0.00000E+00      0.000
    6690.0000 -0.31646E+00  0.31056E+00 -0.31646E+00  0.29982E+00 -0.16636E-01 -0.21170E+04  0.20776E+04 -0.21170E+04  0.20212E+04 -0.94840E+02 -0.75268E+02 -0.48002E+02  0.00000E+00  0.00000E+00  0.00000E+00  0.43676E+02  0.29094E+04  0.79243E+03   6701  0.00000E+00      0.000
    6700.0000 -0.31646E+00  0.31056E+00 -0.31646E+00  0.29982E+00 -0.16643E-01 -0.21201E+04  0.20807E+04 -0.21201E+04  0.20241E+04 -0.95006E+02 -0.75267E+02 -0.48002E+02  0.00000E+00  0.00000E+00  0.00000E+00  0.43676E+02  0.29137E+04  0.79361E+03   6711  0.00000E+00      0.000
    6710.0000 -0.31646E+00  0.31056E+00 -0.31646E+00  0.29981E+00 -0.16651E-01 -0.21233E+04  0.20838E+04 -0.21233E+04  0.20271E+04 -0.95173E+02 -0.75267E+02 -0.48002E+02  0.00000E+00  0.00000E+00  0.00000E+00  0.43676E+02  0.29181E+04  0.79480E+03   6721  0.00000E+00      0.000
    6720.0000 -0.31646E+00  0.31056E+00 -0.31646E+00  0.29980E+00 -0.16657E-01 -0.21264E+04  0.20869E+04 -0.21264E+04  0.20301E+04 -0.95339E+02 -0.75267E+02 -0.48002E+02  0.00000E+00  0.00000E+00  0.00000E+00  0.43676E+02  0.29224E+04  0.79598E+03   6731  0.00000E+00      0.000
    6730.0000 -0.31646E+00  0.31056E+00 -0.31646E+00  0.29979E+00 -0.16664E-01 -0.21296E+04  0.20900E+04 -0.21296E+04  0.20331E+04 -0.95506E+02 -0.75267E+02 -0.48002E+02  0.00000E+00  0.00000E+00  0.00000E+00  0.43676E+02  0.29268E+04  0.79717E+03   6741  0.00000E+00      0.000
    6740.0000 -0.31646E+00  0.31056E+00 -0.31646E+00  0.29979E+00 -0.16671E-01 -0.21328E+04  0.20931E+04 -0.21328E+04  0.20361E+04 -0.95673E+02 -0.75267E+02 -0.48002E+02  0.00000E+00  0.00000E+00  0.00000E+00  0.43676E+02  0.29311E+04  0.79835E+03   6751  0.00000E+00      0.000
    6750.0000 -0.31646E+00  0.31056E+00 -0.31646E+00  0.29978E+00 -0.16678E-01 -0.21359E+04  0.20962E+04 -0.21359E+04  0.20391E+04 -0.95839E+02 -0.75267E+02 -0.48002E+02  0.00000E+00  0.00000E+00  0.00000E+00  0.43676E+02  0.29355E+04  0.79954E+03   6761  0.00000E+00      0.000
    6760.0000 -0.31646E+00  0.31056E+00 -0.31646E+00  0.29977E+00 -0.16685E-01 -0.21391E+04  0.20993E+04 -0.21391E+04  0.20421E+04 -0.96006E+02 -0.75267E+02 -0.48002E+02  0.00000E+00  0.00000E+00  0.00000E+00  0.43676E+02  0.29398E+04  0.80072E+03   6771  0.00000E+00      0.000
    6770.0000 -0.31646E+00  0.31056E+00 -0.31646E+00  0.29977E+00 -0.16692E-01 -0.21423E+04  0.21024E+04 -0.21423E+04  0.20451E+04 -0.96173E+02 -0.75267E+02 -0.48002E+02  0.00000E+00  0.00000E+00  0.00000E+00  0.43676E+02  0.29442E+04  0.80190E+03   6781  0.00000E+00      0.000
    6780.0000 -0.31646E+00  0.31056E+00 -0.31646E+00  0.29976E+00 -0.16700E-01 -0.21454E+04  0.21055E+04 -0.21454E+04  0.20481E+04 -0.96340E+02 -0.75267E+02 -0.48002E+02  0.00000E+00  0.00000E+00  0.00000E+00  0.43676E+02  0.29485E+04  0.80309E+03   6791  0.00000E+00      0.000
    6790.0000 -0.31646E+00  0.31056E+00 -0.31646E+00  0.29975E+00 -0.16707E-01 -0.21486E+04  0.21086E+04 -0.21486E+04  0.20511E+04 -0.96507E+02 -0.75267E+02 -0.48002E+02  0.00000E+00  0.00000E+00  0.00000E+00  0.43676E+02  0.29529E+04  0.80427E+03   6801  0.00000E+00      0.000
    6800.0000 -0.31646E+00  0.31056E+00 -0.31646E+00  0.29974E+00 -0.16715E-01 -0.21518E+04  0.21117E+04 -0.21518E+04  0.20541E+04 -0.96674E+02 -0.75267E+02 -0.48002E+02  0.00000E+00  0.00000E+00  0.00000E+00  0.43676E+02  0.29572E+04  0.80546E+03   6811  0.00000E+00      0.000
    6810.0000 -0.31646E+00  0.31056E+00 -0.31646E+00  0.29974E+00 -0.16723E-01 -0.21549E+04  0.21148E+04 -0.21549E+04  0.20571E+04 -0.96842E+02 -0.75267E+02 -0.48001E+02  0.00000E+00  0.00000E+00  0.00000E+00  0.43676E+02  0.29616E+04  0.80664E+03   6821  0.00000E+00      0.000
    6820.0000 -0.31646E+00  0.31056E+00 -0.31646E+00  0.29973E+00 -0.16731E-01 -0.21581E+04  0.21179E+04 -0.21581E+04  0.20601E+04 -0.97009E+02 -0.75267E+02 -0.48001E+02  0.00000E+00  0.00000E+00  0.00000E+00  0.43676E+02  0.29659E+04  0.80783E+03   6831  0.00000E+00      0.000
    6830.0000 -0.31646E+00  0.31056E+00 -0.31646E+00  0.29972E+00 -0.16739E-01 -0.21612E+04  0.21210E+04 -0.21612E+04  0.20631E+04 -0.97176E+02 -0.75267E+02 -0.48001E+02  0.00000E+00  0.00000E+00  0.00000E+00  0.43676E+02  0.29702E+04  0.80901E+03   6841  0.00000E+00      0.000
    6840.0000 -0.31646E+00  0.31056E+00 -0.31646E+00  0.29971E+00 -0.16746E-01 -0.21644E+04  0.21242E+04 -0.21644E+04  0.20661E+04 -0.97344E+02 -0.75267E+02 -0.48001E+02  0.00000E+00  0.00000E+00  0.00000E+00  0.43676E+02  0.29746E+04  0.81020E+03   6851  0.00000E+00      0.000
    6850.0000 -0.31646E+00  0.31056E+00 -0.31646E+00  0.29971E+00 -0.16755E-01 -0.21676E+04  0.21273E+04 -0.21676E+04  0.20691E+04 -0.97511E+02 -0.75267E+02 -0.48001E+02  0.00000E+00  0.00000E+00  0.00000E+00  0.43676E+02  0.29789E+04  0.81138E+03   6861  0.00000E+00      0.000
    6860.0000 -0.31646E+00  0.31056E+00 -0.31646E+00  0.29970E+00 -0.16762E-01 -0.21707E+04  0.21304E+04 -0.21707E+04  0.20721E+04 -0.97679E+02 -0.75267E+02 -0.48001E+02  0.00000E+00  0.00000E+00  0.00000E+00  0.43676E+02  0.29833E+04  0.81257E+03   6871  0.00000E+00      0.000
    6870.0000 -0.31646E+00  0.31056E+00 -0.31646E+00  0.29969E+00 -0.16770E-01 -0.21739E+04  0.21335E+04 -0.21739E+04  0.20751E+04 -0.97846E+02 -0.75267E+02 -0.48001E+02  0.00000E+00  0.00000E+00  0.00000E+00  0.43676E+02  0.29876E+04  0.81375E+03   6881  0.00000E+00      0.000
    6880.0000 -0.31646E+00  0.31056E+00 -0.31646E+00  0.29968E+00 -0.16777E-01 -0.21771E+04  0.21366E+04 -0.21771E+04  0.20781E+04 -0.98014E+02 -0.75267E+02 -0.48001E+02  0.00000E+00  0.00000E+00  0.00000E+00  0.43676E+02  0.29920E+04  0.81494E+03   6891  0.00000E+00      0.000
    6890.0000 -0.31646E+00  0.31056E+00 -0.31646E+00  0.29967E+00 -0.16785E-01 -0.21802E+04  0.21397E+04 -0.21802E+04  0.20811E+04 -0.98182E+02 -0.75267E+02 -0.48001E+02  0.00000E+00  0.00000E+00  0.00000E+00  0.43676E+02  0.29963E+04  0.81612E+03   6901  0.00000E+00      0.000
    6900.0000 -0.31646E+00  0.31056E+00 -0.31646E+00  0.29967E+00 -0.16792E-01 -0.21834E+04  0.21428E+04 -0.21834E+04  0.20841E+04 -0.98350E+02 -0.75267E+02 -0.48001E+02  0.00000E+00  0.00000E+00  0.00000E+00  0.43676E+02  0.30007E+04  0.81731E+03   6911  0.00000E+00      0.000
    6910.0000 -0.31646E+00  0.31056E+00 -0.31646E+00  0.29966E+00 -0.16800E-01 -0.21866E+04  0.21459E+04 -0.21866E+04  0.20871E+04 -0.98518E+02 -0.75267E+02 -0.48001E+02  0.00000E+00  0.00000E+00  0.00000E+00  0.43676E+02  0.30050E+04  0.81849E+03   6921  0.00000E+00      0.000
    6920.0000 -0.31646E+00  0.31056E+00 -0.31646E+00  0.29965E+00 -0.16807E-01 -0.21897E+04  0.21490E+04 -0.21897E+04  0.20901E+04 -0.98686E+02 -0.75267E+02 -0.48001E+02  0.00000E+00  0.00000E+00  0.00000E+00  0.43676E+02  0.30094E+04  0.81968E+03   6931  0.00000E+00      0.000
    6930.0000 -0.31646E+00  0.31056E+00 -0.31646E+00  0.29964E+00 -0.16816E-01 -0.21929E+04  0.21521E+04 -0.21929E+04  0.20931E+04 -0.98854E+02 -0.75267E+02 -0.48000E+02  0.00000E+00  0.00000E+00  0.00000E+00  0.43676E+02  0.30137E+04  0.82086E+03   6941  0.00000E+00      0.000
    6935.0000 -0.31646E+00  0.31056E+00 -0.31646E+00  0.29964E+00 -0.16819E-01 -0.21945E+04  0.21537E+04 -0.21945E+04  0.20946E+04 -0.98938E+02 -0.75267E+02 -0.48000E+02  0.00000E+00  0.00000E+00  0.00000E+00  0.43676E+02  0.30159E+04  0.82145E+03   6946  0.00000E+00      0.000
    6940.0000 -0.31646E+00  0.31056E+00 -0.31646E+00  0.29964E+00 -0.16822E-01 -0.21961E+04  0.21552E+04 -0.21961E+04  0.20961E+04 -0.99022E+02 -0.75267E+02 -0.48000E+02  0.00000E+00  0.00000E+00  0.00000E+00  0.43676E+02  0.30181E+04  0.82204E+03   6951  0.00000E+00      0.000
    6950.0000 -0.31646E+00  0.31056E+00 -0.31646E+00  0.29963E+00 -0.16830E-01 -0.21992E+04  0.21583E+04 -0.21992E+04  0.20991E+04 -0.99190E+02 -0.75267E+02 -0.48000E+02  0.00000E+00  0.00000E+00  0.00000E+00  0.43676E+02  0.30224E+04  0.82323E+03   6961  0.00000E+00      0.000
    6960.0000 -0.31646E+00  0.31056E+00 -0.31646E+00  0.29962E+00 -0.16838E-01 -0.22024E+04  0.21614E+04 -0.22024E+04  0.21021E+04 -0.99359E+02 -0.75267E+02 -0.48000E+02  0.00000E+00  0.00000E+00  0.00000E+00  0.43676E+02  0.30268E+04  0.82441E+03   6971  0.00000E+00      0.000
    6970.0000 -0.31646E+00  0.31056E+00 -0.31646E+00  0.29961E+00 -0.16844E-01 -0.22055E+04  0.21645E+04 -0.22055E+04  0.21051E+04 -0.99527E+02 -0.75267E+02 -0.48000E+02  0.00000E+00  0.00000E+00  0.00000E+00  0.43676E+02  0.30311E+04  0.82560E+03   6981  0.00000E+00      0.000
    6980.0000 -0.31646E+00  0.31056E+00 -0.31646E+00  0.29961E+00 -0.16853E-01 -0.22087E+04  0.21676E+04 -0.22087E+04  0.21081E+04 -0.99696E+02 -0.75267E+02 -0.48000E+02  0.00000E+00  0.00000E+00  0.00000E+00  0.43676E+02  0.30355E+04  0.82678E+03   6991  0.00000E+00      0.000
    6990.0000 -0.31646E+00  0.31056E+00 -0.31646E+00  0.29960E+00 -0.16860E-01 -0.22119E+04  0.21707E+04 -0.22119E+04  0.21111E+04 -0.99864E+02 -0.75267E+02 -0.48000E+02  0.00000E+00  0.00000E+00  0.00000E+00  0.43676E+02  0.30398E+04  0.82797E+03   7001  0.00000E+00      0.000
    7000.0000 -0.31646E+00  0.31056E+00 -0.31646E+00  0.29959E+00 -0.16868E-01 -0.22150E+04  0.21738E+04 -0.22150E+04  0.21141E+04 -0.10003E+03 -0.75267E+02 -0.48000E+02  0.00000E+00  0.00000E+00  0.00000E+00  0.43676E+02  0.30442E+04  0.82915E+03   7011  0.00000E+00      0.000
    7010.0000 -0.31646E+00  0.31056E+00 -0.31646E+00  0.29958E+00 -0.16875E-01 -0.22182E+04  0.21769E+04 -0.22182E+04  0.21171E+04 -0.10020E+03 -0.75267E+02 -0.48000E+02  0.00000E+00  0.00000E+00  0.00000E+00  0.43676E+02  0.30485E+04  0.83034E+03   7021  0.00000E+00      0.000
    7020.0000 -0.31646E+00  0.31056E+00 -0.31646E+00  0.29958E+00 -0.16883E-01 -0.22214E+04  0.21801E+04 -0.22214E+04  0.21201E+04 -0.10037E+03 -0.75266E+02 -0.48000E+02  0.00000E+00  0.00000E+00  0.00000E+00  0.43676E+02  0.30529E+04  0.83152E+03   7031  0.00000E+00      0.000
    7030.0000 -0.31646E+00  0.31056E+00 -0.31646E+00  0.29957E+00 -0.16890E-01 -0.22245E+04  0.21832E+04 -0.22245E+04  0.21230E+04 -0.10054E+03 -0.75266E+02 -0.48000E+02  0.00000E+00  0.00000E+00  0.00000E+00  0.43676E+02  0.30572E+04  0.83271E+03   7041  0.00000E+00      0.000
    7040.0000 -0.31646E+00  0.31056E+00 -0.31646E+00  0.29956E+00 -0.16897E-01 -0.22277E+04  0.21863E+04 -0.22277E+04  0.21260E+04 -0.10071E+03 -0.75266E+02 -0.48000E+02  0.00000E+00  0.00000E+00  0.00000E+00  0.43676E+02  0.30616E+04  0.83389E+03   7051  0.00000E+00      0.000
    7050.0000 -0.31646E+00  0.31056E+00 -0.31646E+00  0.29955E+00 -0.16905E-01 -0.22309E+04  0.21894E+04 -0.22309E+04  0.21290E+04 -0.10088E+03 -0.75266E+02 -0.48000E+02  0.00000E+00  0.00000E+00  0.00000E+00  0.43677E+02  0.30659E+04  0.83508E+03   7061  0.00000E+00      0.000
    7060.0000 -0.31646E+00  0.31056E+00 -0.31646E+00  0.29955E+00 -0.16913E-01 -0.22340E+04  0.21925E+04 -0.22340E+04  0.21320E+04 -0.10105E+03 -0.75266E+02 -0.47999E+02  0.00000E+00  0.00000E+00  0.00000E+00  0.43677E+02  0.30703E+04  0.83626E+03   7071  0.00000E+00      0.000
    7070.0000 -0.31646E+00  0.31056E+00 -0.31646E+00  0.29954E+00 -0.16920E-01 -0.22372E+04  0.21956E+04 -0.22372E+04  0.21350E+04 -0.10122E+03 -0.75266E+02 -0.47999E+02  0.00000E+00  0.00000E+00  0.00000E+00  0.43677E+02  0.30746E+04  0.83745E+03   7081  0.00000E+00      0.000
    7080.0000 -0.31646E+00  0.31056E+00 -0.31646E+00  0.29953E+00 -0.16927E-01 -0.22404E+04  0.21987E+04 -0.22404E+04  0.21380E+04 -0.10138E+03 -0.75266E+02 -0.47999E+02  0.00000E+00  0.00000E+00  0.00000E+00  0.43677E+02  0.30790E+04  0.83863E+03   7091  0.00000E+00      0.000
    7090.0000 -0.31646E+00  0.31056E+00 -0.31646E+00  0.29953E+00 -0.16934E-01 -0.22435E+04  0.22018E+04 -0.22435E+04  0.21410E+04 -0.10155E+03 -0.75266E+02 -0.47999E+02  0.00000E+00  0.00000E+00  0.00000E+00  0.43677E+02  0.30833E+04  0.83982E+03   7101  0.00000E+00      0.000
    7100.0000 -0.31646E+00  0.31056E+00 -0.31646E+00  0.29952E+00 -0.16942E-01 -0.22467E+04  0.22049E+04 -0.22467E+04  0.21440E+04 -0.10172E+03 -0.75266E+02 -0.47999E+02  0.00000E+00  0.00000E+00  0.00000E+00  0.43677E+02  0.30876E+04  0.84100E+03   7111  0.00000E+00      0.000
    7110.0000 -0.31646E+00  0.31056E+00 -0.31646E+00  0.29951E+00 -0.16949E-01 -0.22498E+04  0.22080E+04 -0.22498E+04  0.21470E+04 -0.10189E+03 -0.75266E+02 -0.47999E+02  0.00000E+00  0.00000E+00  0.00000E+00  0.43677E+02  0.30920E+04  0.84218E+03   7121  0.00000E+00      0.000
    7120.0000 -0.31646E+00  0.31056E+00 -0.31646E+00  0.29950E+00 -0.16956E-01 -0.22530E+04  0.22111E+04 -0.22530E+04  0.21500E+04 -0.10206E+03 -0.75266E+02 -0.47999E+02  0.00000E+00  0.00000E+00  0.00000E+00  0.43677E+02  0.30963E+04  0.84337E+03   7131  0.00000E+00      0.000
    7130.0000 -0.31646E+00  0.31056E+00 -0.31646E+00  0.29950E+00 -0.16963E-01 -0.22562E+04  0.22142E+04 -0.22562E+04  0.21530E+04 -0.10223E+03 -0.75266E+02 -0.47999E+02  0.00000E+00  0.00000E+00  0.00000E+00  0.43677E+02  0.31007E+04  0.84455E+03   7141  0.00000E+00      0.000
    7140.0000 -0.31646E+00  0.31056E+00 -0.31646E+00  0.29949E+00 -0.16971E-01 -0.22593E+04  0.22173E+04 -0.22593E+04  0.21560E+04 -0.10240E+03 -0.75266E+02 -0.47999E+02  0.00000E+00  0.00000E+00  0.00000E+00  0.43677E+02  0.31050E+04  0.84574E+03   7151  0.00000E+00      0.000
    7150.0000 -0.31646E+00  0.31056E+00 -0.31646E+00  0.29948E+00 -0.16978E-01 -0.22625E+04  0.22204E+04 -0.22625E+04  0.21590E+04 -0.10257E+03 -0.75266E+02 -0.47999E+02  0.00000E+00  0.00000E+00  0.00000E+00  0.43677E+02  0.31094E+04  0.84692E+03   7161  0.00000E+00      0.000
    7160.0000 -0.31646E+00  0.31056E+00 -0.31646E+00  0.29947E+00 -0.16985E-01 -0.22657E+04  0.22235E+04 -0.22657E+04  0.21620E+04 -0.10274E+03 -0.75266E+02 -0.47999E+02  0.00000E+00  0.00000E+00  0.00000E+00  0.43677E+02  0.31137E+04  0.84811E+03   7171  0.00000E+00      0.000
    7170.0000 -0.31646E+00  0.31056E+00 -0.31646E+00  0.29947E+00 -0.16992E-01 -0.22688E+04  0.22266E+04 -0.22688E+04  0.21650E+04 -0.10291E+03 -0.75266E+02 -0.47999E+02  0.00000E+00  0.00000E+00  0.00000E+00  0.43677E+02  0.31181E+04  0.84929E+03   7181  0.00000E+00      0.000
    7180.0000 -0.31646E+00  0.31056E+00 -0.31646E+00  0.29946E+00 -0.17000E-01 -0.22720E+04  0.22297E+04 -0.22720E+04  0.21680E+04 -0.10308E+03 -0.75266E+02 -0.47999E+02  0.00000E+00  0.00000E+00  0.00000E+00  0.43677E+02  0.31224E+04  0.85048E+03   7191  0.00000E+00      0.000
    7190.0000 -0.31646E+00  0.31056E+00 -0.31646E+00  0.29945E+00 -0.17007E-01 -0.22752E+04  0.22328E+04 -0.22752E+04  0.21710E+04 -0.10325E+03 -0.75266E+02 -0.47998E+02  0.00000E+00  0.00000E+00  0.00000E+00  0.43677E+02  0.31268E+04  0.85166E+03   7201  0.00000E+00      0.000
    7200.0000 -0.31646E+00  0.31056E+00 -0.31646E+00  0.29945E+00 -0.17014E-01 -0.22783E+04  0.22359E+04 -0.22783E+04  0.21740E+04 -0.10342E+03 -0.75266E+02 -0.47998E+02  0.00000E+00  0.00000E+00  0.00000E+00  0.43677E+02  0.31311E+04  0.85285E+03   7211  0.00000E+00      0.000
    7210.0000 -0.31646E+00  0.31056E+00 -0.31646E+00  0.29944E+00 -0.17020E-01 -0.22815E+04  0.22391E+04 -0.22815E+04  0.21770E+04 -0.10359E+03 -0.75266E+02 -0.47998E+02  0.00000E+00  0.00000E+00  0.00000E+00  0.43677E+02  0.31355E+04  0.85403E+03   7221  0.00000E+00      0.000
    7220.0000 -0.31646E+00  0.31056E+00 -0.31646E+00  0.29943E+00 -0.17028E-01 -0.22846E+04  0.22422E+04 -0.22846E+04  0.21800E+04 -0.10376E+03 -0.75266E+02 -0.47998E+02  0.00000E+00  0.00000E+00  0.00000E+00  0.43677E+02  0.31398E+04  0.85522E+03   7231  0.00000E+00      0.000
    7230.0000 -0.31646E+00  0.31056E+00 -0.31646E+00  0.29942E+00 -0.17036E-01 -0.22878E+04  0.22453E+04 -0.22878E+04  0.21830E+04 -0.10393E+03 -0.75266E+02 -0.47998E+02  0.00000E+00  0.00000E+00  0.00000E+00  0.43677E+02  0.31442E+04  0.85640E+03   7241  0.00000E+00      0.000
    7240.0000 -0.31646E+00  0.31056E+00 -0.31646E+00  0.29942E+00 -0.17043E-01 -0.22910E+04  0.22484E+04 -0.22910E+04  0.21859E+04 -0.10410E+03 -0.75266E+02 -0.47998E+02  0.00000E+00  0.00000E+00  0.00000E+00  0.43677E+02  0.31485E+04  0.85759E+03   7251  0.00000E+00      0.000
    7250.0000 -0.31646E+00  0.31056E+00 -0.31646E+00  0.29941E+00 -0.17050E-01 -0.22941E+04  0.22515E+04 -0.22941E+04  0.21889E+04 -0.10427E+03 -0.75266E+02 -0.47998E+02  0.00000E+00  0.00000E+00  0.00000E+00  0.43677E+02  0.31529E+04  0.85877E+03   7261  0.00000E+00      0.000
    7260.0000 -0.31646E+00  0.31056E+00 -0.31646E+00  0.29940E+00 -0.17057E-01 -0.22973E+04  0.22546E+04 -0.22973E+04  0.21919E+04 -0.10444E+03 -0.75266E+02 -0.47998E+02  0.00000E+00  0.00000E+00  0.00000E+00  0.43677E+02  0.31572E+04  0.85995E+03   7271  0.00000E+00      0.000
    7270.0000 -0.31646E+00  0.31056E+00 -0.31646E+00  0.29940E+00 -0.17063E-01 -0.23005E+04  0.22577E+04 -0.23005E+04  0.21949E+04 -0.10461E+03 -0.75266E+02 -0.47998E+02  0.00000E+00  0.00000E+00  0.00000E+00  0.43677E+02  0.31616E+04  0.86114E+03   7281  0.00000E+00      0.000
    7280.0000 -0.31646E+00  0.31056E+00 -0.31646E+00  0.29939E+00 -0.17071E-01 -0.23036E+04  0.22608E+04 -0.23036E+04  0.21979E+04 -0.10478E+03 -0.75266E+02 -0.47998E+02  0.00000E+00  0.00000E+00  0.00000E+00  0.43677E+02  0.31659E+04  0.86232E+03   7291  0.00000E+00      0.000
    7290.0000 -0.31646E+00  0.31056E+00 -0.31646E+00  0.29938E+00 -0.17078E-01 -0.23068E+04  0.22639E+04 -0.23068E+04  0.22009E+04 -0.10496E+03 -0.75266E+02 -0.47998E+02  0.00000E+00  0.00000E+00  0.00000E+00  0.43677E+02  0.31703E+04  0.86351E+03   7301  0.00000E+00      0.000
    7300.0000 -0.31646E+00  0.31056E+00 -0.31646E+00  0.29937E+00 -0.17085E-01 -0.23100E+04  0.22670E+04 -0.23100E+04  0.22039E+04 -0.10513E+03 -0.75266E+02 -0.47998E+02  0.00000E+00  0.00000E+00  0.00000E+00  0.43677E+02  0.31746E+04  0.86469E+03   7311  0.00000E+00      0.000
end
