 ******* Program HYDRUS
 ******* 
 Welcome to HYDRUS-1D                                                    
 Date:  26. 3.2026    Time:   6:18:19
 Units: L = cm   , T = days , M = micro


 Time:        0.0000


 Node      Depth      Head Moisture       K          C         Flux        Sink         Kappa   v/KsTop   Temp   Conc(1..NS) Sorb(1...NS)
           [L]        [L]    [-]        [L/T]      [1/L]      [L/T]        [1/T]         [-]      [-]      [C]      [M/L*3]

   1     0.0000    -172.000 0.2981   0.2813E+00  0.4796E-03 -0.2912E-02  0.3386E-02      -1  -0.191E-03    0.00  0.0000E+00  0.0000E+00
   2    -1.7200    -170.280 0.2990   0.2881E+00  0.4833E-03  0.2060E-06  0.3336E-02      -1   0.135E-07    0.00  0.0000E+00  0.0000E+00
   3    -3.4400    -168.560 0.2998   0.2948E+00  0.4870E-03  0.2286E-06  0.3285E-02      -1   0.150E-07    0.00  0.0000E+00  0.0000E+00
   4    -5.1600    -166.840 0.3006   0.3015E+00  0.4908E-03  0.2153E-06  0.3234E-02      -1   0.141E-07    0.00  0.0000E+00  0.0000E+00
   5    -6.8800    -165.120 0.3014   0.3083E+00  0.4945E-03  0.1837E-06  0.3184E-02      -1   0.121E-07    0.00  0.0000E+00  0.0000E+00
   6    -8.6000    -163.400 0.3023   0.3150E+00  0.4983E-03  0.2636E-06  0.3133E-02      -1   0.173E-07    0.00  0.0000E+00  0.0000E+00
   7   -10.3200    -161.680 0.3031   0.3217E+00  0.5020E-03 -0.1186E-05  0.3082E-02      -1  -0.778E-07    0.00  0.0000E+00  0.0000E+00
   8   -12.0400    -159.960 0.3039   0.3284E+00  0.5057E-03 -0.1257E-05  0.3032E-02      -1  -0.825E-07    0.00  0.0000E+00  0.0000E+00
   9   -13.7600    -158.240 0.3047   0.3352E+00  0.5095E-03  0.2805E-06  0.2981E-02      -1   0.184E-07    0.00  0.0000E+00  0.0000E+00
  10   -15.4800    -156.520 0.3055   0.3419E+00  0.5132E-03  0.1816E-06  0.2930E-02      -1   0.119E-07    0.00  0.0000E+00  0.0000E+00
  11   -17.2000    -154.800 0.3064   0.3486E+00  0.5169E-03  0.1888E-06  0.2880E-02      -1   0.124E-07    0.00  0.0000E+00  0.0000E+00
  12   -18.9200    -153.080 0.3072   0.3554E+00  0.5207E-03  0.3819E-06  0.2829E-02      -1   0.251E-07    0.00  0.0000E+00  0.0000E+00
  13   -20.6400    -151.360 0.3081   0.3645E+00  0.5246E-03  0.1931E-06  0.2779E-02      -1   0.127E-07    0.00  0.0000E+00  0.0000E+00
  14   -22.3600    -149.640 0.3090   0.3777E+00  0.5289E-03  0.2062E-06  0.2728E-02      -1   0.135E-07    0.00  0.0000E+00  0.0000E+00
  15   -24.0800    -147.920 0.3100   0.3909E+00  0.5332E-03  0.4194E-06  0.2677E-02      -1   0.275E-07    0.00  0.0000E+00  0.0000E+00
  16   -25.8000    -146.200 0.3110   0.4041E+00  0.5374E-03  0.2133E-06  0.2627E-02      -1   0.140E-07    0.00  0.0000E+00  0.0000E+00
  17   -27.5200    -144.480 0.3119   0.4174E+00  0.5417E-03  0.2274E-06  0.2576E-02      -1   0.149E-07    0.00  0.0000E+00  0.0000E+00
  18   -29.2400    -142.760 0.3129   0.4306E+00  0.5460E-03  0.4620E-06  0.2525E-02      -1   0.303E-07    0.00  0.0000E+00  0.0000E+00
  19   -30.9600    -141.040 0.3139   0.4438E+00  0.5503E-03 -0.1766E-05  0.2475E-02      -1  -0.116E-06    0.00  0.0000E+00  0.0000E+00
  20   -32.6800    -139.320 0.3148   0.4571E+00  0.5545E-03 -0.2000E-05  0.2424E-02      -1  -0.131E-06    0.00  0.0000E+00  0.0000E+00
  21   -34.4000    -137.600 0.3158   0.4703E+00  0.5588E-03  0.5401E-06  0.2373E-02      -1   0.354E-07    0.00  0.0000E+00  0.0000E+00
  22   -36.1200    -135.880 0.3168   0.4835E+00  0.5631E-03  0.5401E-06  0.2323E-02      -1   0.354E-07    0.00  0.0000E+00  0.0000E+00
  23   -37.8400    -134.160 0.3177   0.4967E+00  0.5674E-03  0.0000E+00  0.2272E-02      -1   0.000E+00    0.00  0.0000E+00  0.0000E+00
  24   -39.5600    -132.440 0.3187   0.5100E+00  0.5716E-03  0.5850E-06  0.2221E-02      -1   0.384E-07    0.00  0.0000E+00  0.0000E+00
  25   -41.2800    -130.720 0.3197   0.5232E+00  0.5759E-03  0.5850E-06  0.2171E-02      -1   0.384E-07    0.00  0.0000E+00  0.0000E+00
  26   -43.0000    -129.000 0.3206   0.5364E+00  0.5802E-03  0.0000E+00  0.2120E-02      -1   0.000E+00    0.00  0.0000E+00  0.0000E+00
  27   -44.7200    -127.280 0.3216   0.5496E+00  0.5845E-03  0.6299E-06  0.2069E-02      -1   0.413E-07    0.00  0.0000E+00  0.0000E+00
  28   -46.4400    -125.560 0.3226   0.5629E+00  0.5887E-03  0.6299E-06  0.2019E-02      -1   0.413E-07    0.00  0.0000E+00  0.0000E+00
  29   -48.1600    -123.840 0.3235   0.5761E+00  0.5930E-03 -0.1285E-05  0.1968E-02      -1  -0.843E-07    0.00  0.0000E+00  0.0000E+00
  30   -49.8800    -122.120 0.3245   0.5893E+00  0.5973E-03 -0.9016E-06  0.1918E-02      -1  -0.592E-07    0.00  0.0000E+00  0.0000E+00
  31   -51.6000    -120.400 0.2814   0.8787E-01  0.5745E-03  0.3835E-06  0.1867E-02      -1   0.252E-07    0.00  0.0000E+00  0.0000E+00
  32   -53.3200    -118.680 0.2824   0.9247E-01  0.5837E-03  0.0000E+00  0.1816E-02      -1   0.000E+00    0.00  0.0000E+00  0.0000E+00
  33   -55.0400    -116.960 0.2835   0.9707E-01  0.5928E-03  0.1125E-06  0.1766E-02      -1   0.738E-08    0.00  0.0000E+00  0.0000E+00
  34   -56.7600    -115.240 0.2846   0.1017E+00  0.6020E-03  0.1125E-06  0.1715E-02      -1   0.738E-08    0.00  0.0000E+00  0.0000E+00
  35   -58.4800    -113.520 0.2857   0.1063E+00  0.6112E-03 -0.2394E-06  0.1664E-02      -1  -0.157E-07    0.00  0.0000E+00  0.0000E+00
  36   -60.2000    -111.800 0.2868   0.1109E+00  0.6203E-03 -0.1113E-06  0.1614E-02      -1  -0.730E-08    0.00  0.0000E+00  0.0000E+00
  37   -61.9200    -110.080 0.2879   0.1155E+00  0.6295E-03  0.1282E-06  0.1563E-02      -1   0.841E-08    0.00  0.0000E+00  0.0000E+00
  38   -63.6400    -108.360 0.2890   0.1201E+00  0.6386E-03  0.0000E+00  0.1512E-02      -1   0.000E+00    0.00  0.0000E+00  0.0000E+00
  39   -65.3600    -106.640 0.2901   0.1247E+00  0.6478E-03  0.0000E+00  0.1462E-02      -1   0.000E+00    0.00  0.0000E+00  0.0000E+00
  40   -67.0800    -104.920 0.2912   0.1293E+00  0.6570E-03  0.0000E+00  0.1411E-02      -1   0.000E+00    0.00  0.0000E+00  0.0000E+00
  41   -68.8000    -103.200 0.2923   0.1339E+00  0.6661E-03  0.0000E+00  0.1360E-02      -1   0.000E+00    0.00  0.0000E+00  0.0000E+00
  42   -70.5200    -101.480 0.2934   0.1385E+00  0.6753E-03  0.0000E+00  0.1310E-02      -1   0.000E+00    0.00  0.0000E+00  0.0000E+00
  43   -72.2400     -99.760 0.2945   0.1431E+00  0.6845E-03  0.0000E+00  0.1259E-02      -1   0.000E+00    0.00  0.0000E+00  0.0000E+00
  44   -73.9600     -98.040 0.2956   0.1477E+00  0.6936E-03  0.0000E+00  0.1208E-02      -1   0.000E+00    0.00  0.0000E+00  0.0000E+00
  45   -75.6800     -96.320 0.2967   0.1523E+00  0.7028E-03  0.0000E+00  0.1158E-02      -1   0.000E+00    0.00  0.0000E+00  0.0000E+00
  46   -77.4000     -94.600 0.2979   0.1592E+00  0.7134E-03  0.0000E+00  0.1107E-02      -1   0.000E+00    0.00  0.0000E+00  0.0000E+00
  47   -79.1200     -92.880 0.2992   0.1686E+00  0.7254E-03  0.0000E+00  0.1057E-02      -1   0.000E+00    0.00  0.0000E+00  0.0000E+00
  48   -80.8400     -91.160 0.3006   0.1780E+00  0.7374E-03  0.0000E+00  0.1006E-02      -1   0.000E+00    0.00  0.0000E+00  0.0000E+00
  49   -82.5600     -89.440 0.3019   0.1874E+00  0.7494E-03  0.0000E+00  0.9552E-03      -1   0.000E+00    0.00  0.0000E+00  0.0000E+00
  50   -84.2800     -87.720 0.3032   0.1968E+00  0.7614E-03  0.0000E+00  0.9046E-03      -1   0.000E+00    0.00  0.0000E+00  0.0000E+00
  51   -86.0000     -86.000 0.3046   0.2062E+00  0.7734E-03  0.0000E+00  0.8539E-03      -1   0.000E+00    0.00  0.0000E+00  0.0000E+00
  52   -87.7200     -84.280 0.3059   0.2155E+00  0.7855E-03  0.0000E+00  0.8033E-03      -1   0.000E+00    0.00  0.0000E+00  0.0000E+00
  53   -89.4400     -82.560 0.3072   0.2249E+00  0.7975E-03  0.0000E+00  0.7526E-03      -1   0.000E+00    0.00  0.0000E+00  0.0000E+00
  54   -91.1600     -80.840 0.3086   0.2343E+00  0.8095E-03  0.0000E+00  0.7020E-03      -1   0.000E+00    0.00  0.0000E+00  0.0000E+00
  55   -92.8800     -79.120 0.3099   0.2437E+00  0.8215E-03  0.0000E+00  0.6513E-03      -1   0.000E+00    0.00  0.0000E+00  0.0000E+00
  56   -94.6000     -77.400 0.3112   0.2531E+00  0.8335E-03  0.0000E+00  0.6007E-03      -1   0.000E+00    0.00  0.0000E+00  0.0000E+00
  57   -96.3200     -75.680 0.3126   0.2624E+00  0.8455E-03  0.0000E+00  0.5501E-03      -1   0.000E+00    0.00  0.0000E+00  0.0000E+00
  58   -98.0400     -73.960 0.3141   0.2804E+00  0.8600E-03  0.0000E+00  0.4994E-03      -1   0.000E+00    0.00  0.0000E+00  0.0000E+00
  59   -99.7600     -72.240 0.3157   0.2986E+00  0.8745E-03  0.0000E+00  0.4488E-03      -1   0.000E+00    0.00  0.0000E+00  0.0000E+00
  60  -101.4800     -70.520 0.3172   0.3167E+00  0.8890E-03  0.0000E+00  0.3981E-03      -1   0.000E+00    0.00  0.0000E+00  0.0000E+00
  61  -103.2000     -68.800 0.3188   0.3348E+00  0.9036E-03  0.0000E+00  0.3475E-03      -1   0.000E+00    0.00  0.0000E+00  0.0000E+00
  62  -104.9200     -67.080 0.3204   0.3530E+00  0.9181E-03  0.0000E+00  0.2968E-03      -1   0.000E+00    0.00  0.0000E+00  0.0000E+00
  63  -106.6400     -65.360 0.3219   0.3711E+00  0.9326E-03  0.0000E+00  0.2462E-03      -1   0.000E+00    0.00  0.0000E+00  0.0000E+00
  64  -108.3600     -63.640 0.3235   0.3893E+00  0.9472E-03  0.0000E+00  0.1955E-03      -1   0.000E+00    0.00  0.0000E+00  0.0000E+00
  65  -110.0800     -61.920 0.3251   0.4074E+00  0.9617E-03 -0.4592E-06  0.1449E-03      -1  -0.301E-07    0.00  0.0000E+00  0.0000E+00
  66  -111.8000     -60.200 0.3266   0.4256E+00  0.9762E-03  0.5134E-06  0.9423E-04      -1   0.337E-07    0.00  0.0000E+00  0.0000E+00
  67  -113.5200     -58.480 0.3284   0.4565E+00  0.9919E-03  0.9726E-06  0.4358E-04      -1   0.638E-07    0.00  0.0000E+00  0.0000E+00
  68  -115.2400     -56.760 0.3302   0.4896E+00  0.1008E-02 -0.5581E-06  0.0000E+00      -1  -0.366E-07    0.00  0.0000E+00  0.0000E+00
  69  -116.9600     -55.040 0.3320   0.5227E+00  0.1024E-02 -0.5581E-06  0.0000E+00      -1  -0.366E-07    0.00  0.0000E+00  0.0000E+00
  70  -118.6800     -53.320 0.3337   0.5558E+00  0.1040E-02  0.0000E+00  0.0000E+00      -1   0.000E+00    0.00  0.0000E+00  0.0000E+00
  71  -120.4000     -51.600 0.3355   0.5890E+00  0.1055E-02 -0.6677E-06  0.0000E+00      -1  -0.438E-07    0.00  0.0000E+00  0.0000E+00
  72  -122.1200     -49.880 0.3373   0.6221E+00  0.1071E-02  0.7407E-06  0.0000E+00      -1   0.486E-07    0.00  0.0000E+00  0.0000E+00
  73  -123.8400     -48.160 0.3391   0.6552E+00  0.1087E-02  0.1408E-05  0.0000E+00      -1   0.924E-07    0.00  0.0000E+00  0.0000E+00
  74  -125.5600     -46.440 0.3410   0.7031E+00  0.1103E-02 -0.8067E-06  0.0000E+00      -1  -0.529E-07    0.00  0.0000E+00  0.0000E+00
  75  -127.2800     -44.720 0.3429   0.7601E+00  0.1118E-02 -0.8067E-06  0.0000E+00      -1  -0.529E-07    0.00  0.0000E+00  0.0000E+00
  76  -129.0000     -43.000 0.3449   0.8171E+00  0.1133E-02  0.0000E+00  0.0000E+00      -1   0.000E+00    0.00  0.0000E+00  0.0000E+00
  77  -130.7200     -41.280 0.3468   0.8740E+00  0.1149E-02 -0.9952E-06  0.0000E+00      -1  -0.653E-07    0.00  0.0000E+00  0.0000E+00
  78  -132.4400     -39.560 0.3488   0.9310E+00  0.1164E-02 -0.9952E-06  0.0000E+00      -1  -0.653E-07    0.00  0.0000E+00  0.0000E+00
  79  -134.1600     -37.840 0.3508   0.9880E+00  0.1179E-02  0.0000E+00  0.0000E+00      -1   0.000E+00    0.00  0.0000E+00  0.0000E+00
  80  -135.8800     -36.120 0.3528   0.1076E+01  0.1191E-02 -0.1238E-05  0.0000E+00      -1  -0.812E-07    0.00  0.0000E+00  0.0000E+00
  81  -137.6000     -34.400 0.3549   0.1169E+01  0.1203E-02 -0.1238E-05  0.0000E+00      -1  -0.812E-07    0.00  0.0000E+00  0.0000E+00
  82  -139.3200     -32.680 0.3570   0.1261E+01  0.1215E-02  0.5768E-05  0.0000E+00      -1   0.378E-06    0.00  0.0000E+00  0.0000E+00
  83  -141.0400     -30.960 0.3591   0.1354E+01  0.1227E-02  0.4970E-05  0.0000E+00      -1   0.326E-06    0.00  0.0000E+00  0.0000E+00
  84  -142.7600     -29.240 0.3612   0.1463E+01  0.1237E-02 -0.1667E-05  0.0000E+00      -1  -0.109E-06    0.00  0.0000E+00  0.0000E+00
  85  -144.4800     -27.520 0.3633   0.1606E+01  0.1242E-02 -0.8689E-06  0.0000E+00      -1  -0.570E-07    0.00  0.0000E+00  0.0000E+00
  86  -146.2000     -25.800 0.3655   0.1748E+01  0.1247E-02 -0.1030E-05  0.0000E+00      -1  -0.676E-07    0.00  0.0000E+00  0.0000E+00
  87  -147.9200     -24.080 0.3676   0.1890E+01  0.1253E-02 -0.2154E-05  0.0000E+00      -1  -0.141E-06    0.00  0.0000E+00  0.0000E+00
  88  -149.6400     -22.360 0.3698   0.2081E+01  0.1251E-02 -0.1124E-05  0.0000E+00      -1  -0.738E-07    0.00  0.0000E+00  0.0000E+00
  89  -151.3600     -20.640 0.3719   0.2289E+01  0.1247E-02 -0.1355E-05  0.0000E+00      -1  -0.889E-07    0.00  0.0000E+00  0.0000E+00
  90  -153.0800     -18.920 0.3741   0.2496E+01  0.1244E-02 -0.2848E-05  0.0000E+00      -1  -0.187E-06    0.00  0.0000E+00  0.0000E+00
  91  -154.8000     -17.200 0.3762   0.2779E+01  0.1229E-02 -0.1493E-05  0.0000E+00      -1  -0.980E-07    0.00  0.0000E+00  0.0000E+00
  92  -156.5200     -15.480 0.3783   0.3070E+01  0.1213E-02 -0.1839E-05  0.0000E+00      -1  -0.121E-06    0.00  0.0000E+00  0.0000E+00
  93  -158.2400     -13.760 0.3803   0.3426E+01  0.1188E-02 -0.2811E-05  0.0000E+00      -1  -0.184E-06    0.00  0.0000E+00  0.0000E+00
  94  -159.9600     -12.040 0.3824   0.3819E+01  0.1158E-02  0.1600E-04  0.0000E+00      -1   0.105E-05    0.00  0.0000E+00  0.0000E+00
  95  -161.6800     -10.320 0.3843   0.4317E+01  0.1114E-02  0.1437E-04  0.0000E+00      -1   0.943E-06    0.00  0.0000E+00  0.0000E+00
  96  -163.4000      -8.600 0.3862   0.4895E+01  0.1061E-02 -0.4016E-05  0.0000E+00      -1  -0.264E-06    0.00  0.0000E+00  0.0000E+00
  97  -165.1200      -6.880 0.3880   0.5607E+01  0.9914E-03 -0.3034E-05  0.0000E+00      -1  -0.199E-06    0.00  0.0000E+00  0.0000E+00
  98  -166.8400      -5.160 0.3896   0.6518E+01  0.9002E-03 -0.4601E-05  0.0000E+00      -1  -0.302E-06    0.00  0.0000E+00  0.0000E+00
  99  -168.5600      -3.440 0.3911   0.7743E+01  0.7773E-03 -0.6080E-05  0.0000E+00      -1  -0.399E-06    0.00  0.0000E+00  0.0000E+00
 100  -170.2800      -1.720 0.3923   0.9622E+01  0.5940E-03 -0.7803E-05  0.0000E+00      -1  -0.512E-06    0.00  0.0000E+00  0.0000E+00
 101  -172.0000       0.000 0.3930   0.1665E+02  0.0000E+00 -0.9396E-05  0.0000E+00      -1  -0.617E-06    0.00  0.0000E+00  0.0000E+00
end


 Time:      365.0000


 Node      Depth      Head Moisture       K          C         Flux        Sink         Kappa   v/KsTop   Temp   Conc(1..NS) Sorb(1...NS)
           [L]        [L]    [-]        [L/T]      [1/L]      [L/T]        [1/T]         [-]      [-]      [C]      [M/L*3]

   1     0.0000    -148.332 0.3098   0.3877E+00  0.5321E-03 -0.1988E+00  0.3386E-02      -1  -0.130E-01    0.00  0.0000E+00  0.0000E+00
   2    -1.7200    -147.474 0.3102   0.3943E+00  0.5343E-03 -0.1930E+00  0.3336E-02      -1  -0.127E-01    0.00  0.0000E+00  0.0000E+00
   3    -3.4400    -146.576 0.3108   0.4013E+00  0.5365E-03 -0.1873E+00  0.3285E-02      -1  -0.123E-01    0.00  0.0000E+00  0.0000E+00
   4    -5.1600    -145.640 0.3113   0.4084E+00  0.5388E-03 -0.1817E+00  0.3234E-02      -1  -0.119E-01    0.00  0.0000E+00  0.0000E+00
   5    -6.8800    -144.667 0.3118   0.4159E+00  0.5412E-03 -0.1762E+00  0.3184E-02      -1  -0.116E-01    0.00  0.0000E+00  0.0000E+00
   6    -8.6000    -143.658 0.3124   0.4237E+00  0.5438E-03 -0.1708E+00  0.3133E-02      -1  -0.112E-01    0.00  0.0000E+00  0.0000E+00
   7   -10.3200    -142.614 0.3130   0.4317E+00  0.5464E-03 -0.1654E+00  0.3082E-02      -1  -0.109E-01    0.00  0.0000E+00  0.0000E+00
   8   -12.0400    -141.536 0.3136   0.4400E+00  0.5490E-03 -0.1602E+00  0.3032E-02      -1  -0.105E-01    0.00  0.0000E+00  0.0000E+00
   9   -13.7600    -140.426 0.3142   0.4485E+00  0.5518E-03 -0.1550E+00  0.2981E-02      -1  -0.102E-01    0.00  0.0000E+00  0.0000E+00
  10   -15.4800    -139.285 0.3148   0.4573E+00  0.5546E-03 -0.1499E+00  0.2930E-02      -1  -0.984E-02    0.00  0.0000E+00  0.0000E+00
  11   -17.2000    -138.114 0.3155   0.4663E+00  0.5575E-03 -0.1449E+00  0.2880E-02      -1  -0.951E-02    0.00  0.0000E+00  0.0000E+00
  12   -18.9200    -136.914 0.3162   0.4756E+00  0.5605E-03 -0.1400E+00  0.2829E-02      -1  -0.919E-02    0.00  0.0000E+00  0.0000E+00
  13   -20.6400    -135.687 0.3169   0.4850E+00  0.5636E-03 -0.1352E+00  0.2779E-02      -1  -0.887E-02    0.00  0.0000E+00  0.0000E+00
  14   -22.3600    -134.433 0.3176   0.4946E+00  0.5667E-03 -0.1305E+00  0.2728E-02      -1  -0.856E-02    0.00  0.0000E+00  0.0000E+00
  15   -24.0800    -133.154 0.3183   0.5045E+00  0.5699E-03 -0.1258E+00  0.2677E-02      -1  -0.826E-02    0.00  0.0000E+00  0.0000E+00
  16   -25.8000    -131.851 0.3190   0.5145E+00  0.5731E-03 -0.1213E+00  0.2627E-02      -1  -0.796E-02    0.00  0.0000E+00  0.0000E+00
  17   -27.5200    -130.525 0.3198   0.5247E+00  0.5764E-03 -0.1168E+00  0.2576E-02      -1  -0.766E-02    0.00  0.0000E+00  0.0000E+00
  18   -29.2400    -129.177 0.3205   0.5350E+00  0.5797E-03 -0.1124E+00  0.2525E-02      -1  -0.737E-02    0.00  0.0000E+00  0.0000E+00
  19   -30.9600    -127.808 0.3213   0.5456E+00  0.5831E-03 -0.1081E+00  0.2475E-02      -1  -0.709E-02    0.00  0.0000E+00  0.0000E+00
  20   -32.6800    -126.419 0.3221   0.5563E+00  0.5866E-03 -0.1039E+00  0.2424E-02      -1  -0.682E-02    0.00  0.0000E+00  0.0000E+00
  21   -34.4000    -125.010 0.3229   0.5671E+00  0.5901E-03 -0.9975E-01  0.2373E-02      -1  -0.655E-02    0.00  0.0000E+00  0.0000E+00
  22   -36.1200    -123.584 0.3237   0.5781E+00  0.5936E-03 -0.9571E-01  0.2323E-02      -1  -0.628E-02    0.00  0.0000E+00  0.0000E+00
  23   -37.8400    -122.140 0.3245   0.5892E+00  0.5972E-03 -0.9176E-01  0.2272E-02      -1  -0.602E-02    0.00  0.0000E+00  0.0000E+00
  24   -39.5600    -120.680 0.3253   0.6004E+00  0.6009E-03 -0.8790E-01  0.2221E-02      -1  -0.577E-02    0.00  0.0000E+00  0.0000E+00
  25   -41.2800    -119.202 0.3262   0.6197E+00  0.6045E-03 -0.8412E-01  0.2171E-02      -1  -0.552E-02    0.00  0.0000E+00  0.0000E+00
  26   -43.0000    -117.707 0.3272   0.6408E+00  0.6082E-03 -0.8043E-01  0.2120E-02      -1  -0.528E-02    0.00  0.0000E+00  0.0000E+00
  27   -44.7200    -116.194 0.3281   0.6620E+00  0.6119E-03 -0.7683E-01  0.2069E-02      -1  -0.504E-02    0.00  0.0000E+00  0.0000E+00
  28   -46.4400    -114.666 0.3291   0.6835E+00  0.6156E-03 -0.7331E-01  0.2019E-02      -1  -0.481E-02    0.00  0.0000E+00  0.0000E+00
  29   -48.1600    -113.124 0.3301   0.7052E+00  0.6194E-03 -0.6988E-01  0.1968E-02      -1  -0.459E-02    0.00  0.0000E+00  0.0000E+00
  30   -49.8800    -111.567 0.3311   0.7271E+00  0.6233E-03 -0.6654E-01  0.1918E-02      -1  -0.437E-02    0.00  0.0000E+00  0.0000E+00
  31   -51.6000    -110.112 0.2879   0.1154E+00  0.6293E-03 -0.6329E-01  0.1867E-02      -1  -0.415E-02    0.00  0.0000E+00  0.0000E+00
  32   -53.3200    -109.303 0.2884   0.1175E+00  0.6336E-03 -0.6012E-01  0.1816E-02      -1  -0.394E-02    0.00  0.0000E+00  0.0000E+00
  33   -55.0400    -108.432 0.2890   0.1199E+00  0.6383E-03 -0.5704E-01  0.1766E-02      -1  -0.374E-02    0.00  0.0000E+00  0.0000E+00
  34   -56.7600    -107.500 0.2896   0.1224E+00  0.6432E-03 -0.5404E-01  0.1715E-02      -1  -0.355E-02    0.00  0.0000E+00  0.0000E+00
  35   -58.4800    -106.511 0.2902   0.1250E+00  0.6485E-03 -0.5114E-01  0.1664E-02      -1  -0.336E-02    0.00  0.0000E+00  0.0000E+00
  36   -60.2000    -105.467 0.2909   0.1278E+00  0.6541E-03 -0.4832E-01  0.1614E-02      -1  -0.317E-02    0.00  0.0000E+00  0.0000E+00
  37   -61.9200    -104.372 0.2916   0.1307E+00  0.6599E-03 -0.4559E-01  0.1563E-02      -1  -0.299E-02    0.00  0.0000E+00  0.0000E+00
  38   -63.6400    -103.227 0.2923   0.1338E+00  0.6660E-03 -0.4294E-01  0.1512E-02      -1  -0.282E-02    0.00  0.0000E+00  0.0000E+00
  39   -65.3600    -102.036 0.2931   0.1370E+00  0.6723E-03 -0.4038E-01  0.1462E-02      -1  -0.265E-02    0.00  0.0000E+00  0.0000E+00
  40   -67.0800    -100.801 0.2938   0.1403E+00  0.6789E-03 -0.3791E-01  0.1411E-02      -1  -0.249E-02    0.00  0.0000E+00  0.0000E+00
  41   -68.8000     -99.526 0.2947   0.1437E+00  0.6857E-03 -0.3553E-01  0.1360E-02      -1  -0.233E-02    0.00  0.0000E+00  0.0000E+00
  42   -70.5200     -98.212 0.2955   0.1472E+00  0.6927E-03 -0.3323E-01  0.1310E-02      -1  -0.218E-02    0.00  0.0000E+00  0.0000E+00
  43   -72.2400     -96.863 0.2964   0.1508E+00  0.6999E-03 -0.3102E-01  0.1259E-02      -1  -0.204E-02    0.00  0.0000E+00  0.0000E+00
  44   -73.9600     -95.480 0.2972   0.1545E+00  0.7073E-03 -0.2890E-01  0.1208E-02      -1  -0.190E-02    0.00  0.0000E+00  0.0000E+00
  45   -75.6800     -94.063 0.2983   0.1622E+00  0.7171E-03 -0.2687E-01  0.1158E-02      -1  -0.176E-02    0.00  0.0000E+00  0.0000E+00
  46   -77.4000     -92.611 0.2995   0.1701E+00  0.7273E-03 -0.2492E-01  0.1107E-02      -1  -0.164E-02    0.00  0.0000E+00  0.0000E+00
  47   -79.1200     -91.128 0.3006   0.1782E+00  0.7376E-03 -0.2306E-01  0.1057E-02      -1  -0.151E-02    0.00  0.0000E+00  0.0000E+00
  48   -80.8400     -89.617 0.3018   0.1864E+00  0.7482E-03 -0.2129E-01  0.1006E-02      -1  -0.140E-02    0.00  0.0000E+00  0.0000E+00
  49   -82.5600     -88.081 0.3030   0.1948E+00  0.7589E-03 -0.1960E-01  0.9552E-03      -1  -0.129E-02    0.00  0.0000E+00  0.0000E+00
  50   -84.2800     -86.523 0.3042   0.2033E+00  0.7698E-03 -0.1800E-01  0.9046E-03      -1  -0.118E-02    0.00  0.0000E+00  0.0000E+00
  51   -86.0000     -84.946 0.3054   0.2119E+00  0.7808E-03 -0.1649E-01  0.8539E-03      -1  -0.108E-02    0.00  0.0000E+00  0.0000E+00
  52   -87.7200     -83.351 0.3066   0.2206E+00  0.7919E-03 -0.1506E-01  0.8033E-03      -1  -0.988E-03    0.00  0.0000E+00  0.0000E+00
  53   -89.4400     -81.741 0.3079   0.2294E+00  0.8032E-03 -0.1372E-01  0.7526E-03      -1  -0.901E-03    0.00  0.0000E+00  0.0000E+00
  54   -91.1600     -80.117 0.3091   0.2382E+00  0.8145E-03 -0.1247E-01  0.7020E-03      -1  -0.818E-03    0.00  0.0000E+00  0.0000E+00
  55   -92.8800     -78.481 0.3104   0.2472E+00  0.8260E-03 -0.1131E-01  0.6513E-03      -1  -0.742E-03    0.00  0.0000E+00  0.0000E+00
  56   -94.6000     -76.835 0.3117   0.2561E+00  0.8375E-03 -0.1023E-01  0.6007E-03      -1  -0.671E-03    0.00  0.0000E+00  0.0000E+00
  57   -96.3200     -75.178 0.3130   0.2676E+00  0.8497E-03 -0.9242E-02  0.5501E-03      -1  -0.606E-03    0.00  0.0000E+00  0.0000E+00
  58   -98.0400     -73.513 0.3145   0.2851E+00  0.8638E-03 -0.8340E-02  0.4994E-03      -1  -0.547E-03    0.00  0.0000E+00  0.0000E+00
  59   -99.7600     -71.839 0.3160   0.3028E+00  0.8779E-03 -0.7525E-02  0.4488E-03      -1  -0.494E-03    0.00  0.0000E+00  0.0000E+00
  60  -101.4800     -70.159 0.3176   0.3205E+00  0.8921E-03 -0.6796E-02  0.3981E-03      -1  -0.446E-03    0.00  0.0000E+00  0.0000E+00
  61  -103.2000     -68.472 0.3191   0.3383E+00  0.9063E-03 -0.6155E-02  0.3475E-03      -1  -0.404E-03    0.00  0.0000E+00  0.0000E+00
  62  -104.9200     -66.781 0.3207   0.3561E+00  0.9206E-03 -0.5601E-02  0.2968E-03      -1  -0.367E-03    0.00  0.9108E-29  0.0000E+00
  63  -106.6400     -65.087 0.3222   0.3740E+00  0.9349E-03 -0.5134E-02  0.2462E-03      -1  -0.337E-03    0.00  0.2746E-27  0.0000E+00
  64  -108.3600     -63.389 0.3237   0.3919E+00  0.9493E-03 -0.4754E-02  0.1955E-03      -1  -0.312E-03    0.00  0.4238E-26  0.0000E+00
  65  -110.0800     -61.688 0.3253   0.4099E+00  0.9636E-03 -0.4461E-02  0.1449E-03      -1  -0.293E-03    0.00  0.6274E-25  0.0000E+00
  66  -111.8000     -59.986 0.3268   0.4278E+00  0.9780E-03 -0.4255E-02  0.9423E-04      -1  -0.279E-03    0.00  0.9068E-24  0.0000E+00
  67  -113.5200     -58.282 0.3286   0.4603E+00  0.9937E-03 -0.4137E-02  0.4358E-04      -1  -0.271E-03    0.00  0.1272E-22  0.0000E+00
  68  -115.2400     -56.577 0.3304   0.4931E+00  0.1009E-02 -0.4099E-02  0.0000E+00      -1  -0.269E-03    0.00  0.1722E-21  0.0000E+00
  69  -116.9600     -54.871 0.3321   0.5260E+00  0.1025E-02 -0.4100E-02  0.0000E+00      -1  -0.269E-03    0.00  0.2237E-20  0.0000E+00
  70  -118.6800     -53.164 0.3339   0.5588E+00  0.1041E-02 -0.4100E-02  0.0000E+00      -1  -0.269E-03    0.00  0.2785E-19  0.0000E+00
  71  -120.4000     -51.456 0.3357   0.5917E+00  0.1057E-02 -0.4099E-02  0.0000E+00      -1  -0.269E-03    0.00  0.3321E-18  0.0000E+00
  72  -122.1200     -49.748 0.3374   0.6246E+00  0.1073E-02 -0.4099E-02  0.0000E+00      -1  -0.269E-03    0.00  0.3788E-17  0.0000E+00
  73  -123.8400     -48.039 0.3392   0.6575E+00  0.1088E-02 -0.4100E-02  0.0000E+00      -1  -0.269E-03    0.00  0.4129E-16  0.0000E+00
  74  -125.5600     -46.329 0.3411   0.7068E+00  0.1104E-02 -0.4099E-02  0.0000E+00      -1  -0.269E-03    0.00  0.4296E-15  0.0000E+00
  75  -127.2800     -44.619 0.3430   0.7634E+00  0.1119E-02 -0.4099E-02  0.0000E+00      -1  -0.269E-03    0.00  0.4258E-14  0.0000E+00
  76  -129.0000     -42.908 0.3450   0.8201E+00  0.1134E-02 -0.4100E-02  0.0000E+00      -1  -0.269E-03    0.00  0.4017E-13  0.0000E+00
  77  -130.7200     -41.196 0.3469   0.8768E+00  0.1149E-02 -0.4100E-02  0.0000E+00      -1  -0.269E-03    0.00  0.3601E-12  0.0000E+00
  78  -132.4400     -39.484 0.3489   0.9335E+00  0.1164E-02 -0.4100E-02  0.0000E+00      -1  -0.269E-03    0.00  0.3064E-11  0.0000E+00
  79  -134.1600     -37.771 0.3508   0.9903E+00  0.1180E-02 -0.4100E-02  0.0000E+00      -1  -0.269E-03    0.00  0.2471E-10  0.0000E+00
  80  -135.8800     -36.058 0.3529   0.1080E+01  0.1192E-02 -0.4100E-02  0.0000E+00      -1  -0.269E-03    0.00  0.1885E-09  0.0000E+00
  81  -137.6000     -34.344 0.3550   0.1172E+01  0.1204E-02 -0.4099E-02  0.0000E+00      -1  -0.269E-03    0.00  0.1358E-08  0.0000E+00
  82  -139.3200     -32.630 0.3570   0.1264E+01  0.1215E-02 -0.4098E-02  0.0000E+00      -1  -0.269E-03    0.00  0.9223E-08  0.0000E+00
  83  -141.0400     -30.915 0.3591   0.1356E+01  0.1227E-02 -0.4099E-02  0.0000E+00      -1  -0.269E-03    0.00  0.5893E-07  0.0000E+00
  84  -142.7600     -29.200 0.3612   0.1467E+01  0.1237E-02 -0.4099E-02  0.0000E+00      -1  -0.269E-03    0.00  0.3536E-06  0.0000E+00
  85  -144.4800     -27.485 0.3634   0.1608E+01  0.1242E-02 -0.4099E-02  0.0000E+00      -1  -0.269E-03    0.00  0.1988E-05  0.0000E+00
  86  -146.2000     -25.769 0.3655   0.1750E+01  0.1248E-02 -0.4099E-02  0.0000E+00      -1  -0.269E-03    0.00  0.1044E-04  0.0000E+00
  87  -147.9200     -24.053 0.3676   0.1892E+01  0.1253E-02 -0.4100E-02  0.0000E+00      -1  -0.269E-03    0.00  0.5117E-04  0.0000E+00
  88  -149.6400     -22.337 0.3698   0.2084E+01  0.1251E-02 -0.4100E-02  0.0000E+00      -1  -0.269E-03    0.00  0.2332E-03  0.0000E+00
  89  -151.3600     -20.620 0.3719   0.2291E+01  0.1247E-02 -0.4100E-02  0.0000E+00      -1  -0.269E-03    0.00  0.9855E-03  0.0000E+00
  90  -153.0800     -18.903 0.3741   0.2498E+01  0.1243E-02 -0.4101E-02  0.0000E+00      -1  -0.269E-03    0.00  0.3852E-02  0.0000E+00
  91  -154.8000     -17.185 0.3762   0.2781E+01  0.1229E-02 -0.4100E-02  0.0000E+00      -1  -0.269E-03    0.00  0.1388E-01  0.0000E+00
  92  -156.5200     -15.468 0.3783   0.3072E+01  0.1213E-02 -0.4099E-02  0.0000E+00      -1  -0.269E-03    0.00  0.4598E-01  0.0000E+00
  93  -158.2400     -13.750 0.3804   0.3428E+01  0.1188E-02 -0.4100E-02  0.0000E+00      -1  -0.269E-03    0.00  0.1395E+00  0.0000E+00
  94  -159.9600     -12.032 0.3824   0.3821E+01  0.1158E-02 -0.4100E-02  0.0000E+00      -1  -0.269E-03    0.00  0.3865E+00  0.0000E+00
  95  -161.6800     -10.314 0.3843   0.4319E+01  0.1114E-02 -0.4100E-02  0.0000E+00      -1  -0.269E-03    0.00  0.9749E+00  0.0000E+00
  96  -163.4000      -8.595 0.3862   0.4896E+01  0.1061E-02 -0.4100E-02  0.0000E+00      -1  -0.269E-03    0.00  0.2232E+01  0.0000E+00
  97  -165.1200      -6.877 0.3880   0.5608E+01  0.9913E-03 -0.4099E-02  0.0000E+00      -1  -0.269E-03    0.00  0.4628E+01  0.0000E+00
  98  -166.8400      -5.158 0.3896   0.6520E+01  0.9000E-03 -0.4099E-02  0.0000E+00      -1  -0.269E-03    0.00  0.8681E+01  0.0000E+00
  99  -168.5600      -3.439 0.3911   0.7745E+01  0.7771E-03 -0.4099E-02  0.0000E+00      -1  -0.269E-03    0.00  0.1474E+02  0.0000E+00
 100  -170.2800      -1.719 0.3923   0.9623E+01  0.5939E-03 -0.4099E-02  0.0000E+00      -1  -0.269E-03    0.00  0.2270E+02  0.0000E+00
 101  -172.0000       0.000 0.3930   0.1665E+02  0.0000E+00 -0.4099E-02  0.0000E+00      -1  -0.269E-03    0.00  0.3190E+02  0.0000E+00
end


 Time:      730.0000


 Node      Depth      Head Moisture       K          C         Flux        Sink         Kappa   v/KsTop   Temp   Conc(1..NS) Sorb(1...NS)
           [L]        [L]    [-]        [L/T]      [1/L]      [L/T]        [1/T]         [-]      [-]      [C]      [M/L*3]

   1     0.0000    -148.332 0.3098   0.3877E+00  0.5321E-03 -0.1988E+00  0.3386E-02      -1  -0.130E-01    0.00  0.0000E+00  0.0000E+00
   2    -1.7200    -147.474 0.3102   0.3943E+00  0.5343E-03 -0.1930E+00  0.3336E-02      -1  -0.127E-01    0.00  0.0000E+00  0.0000E+00
   3    -3.4400    -146.576 0.3108   0.4013E+00  0.5365E-03 -0.1873E+00  0.3285E-02      -1  -0.123E-01    0.00  0.0000E+00  0.0000E+00
   4    -5.1600    -145.640 0.3113   0.4084E+00  0.5388E-03 -0.1817E+00  0.3234E-02      -1  -0.119E-01    0.00  0.0000E+00  0.0000E+00
   5    -6.8800    -144.667 0.3118   0.4159E+00  0.5412E-03 -0.1762E+00  0.3184E-02      -1  -0.116E-01    0.00  0.0000E+00  0.0000E+00
   6    -8.6000    -143.658 0.3124   0.4237E+00  0.5438E-03 -0.1708E+00  0.3133E-02      -1  -0.112E-01    0.00  0.0000E+00  0.0000E+00
   7   -10.3200    -142.614 0.3130   0.4317E+00  0.5464E-03 -0.1654E+00  0.3082E-02      -1  -0.109E-01    0.00  0.0000E+00  0.0000E+00
   8   -12.0400    -141.536 0.3136   0.4400E+00  0.5490E-03 -0.1602E+00  0.3032E-02      -1  -0.105E-01    0.00  0.0000E+00  0.0000E+00
   9   -13.7600    -140.426 0.3142   0.4485E+00  0.5518E-03 -0.1550E+00  0.2981E-02      -1  -0.102E-01    0.00  0.0000E+00  0.0000E+00
  10   -15.4800    -139.285 0.3148   0.4573E+00  0.5546E-03 -0.1499E+00  0.2930E-02      -1  -0.984E-02    0.00  0.0000E+00  0.0000E+00
  11   -17.2000    -138.114 0.3155   0.4663E+00  0.5575E-03 -0.1449E+00  0.2880E-02      -1  -0.951E-02    0.00  0.0000E+00  0.0000E+00
  12   -18.9200    -136.914 0.3162   0.4756E+00  0.5605E-03 -0.1400E+00  0.2829E-02      -1  -0.919E-02    0.00  0.0000E+00  0.0000E+00
  13   -20.6400    -135.687 0.3169   0.4850E+00  0.5636E-03 -0.1352E+00  0.2779E-02      -1  -0.887E-02    0.00  0.0000E+00  0.0000E+00
  14   -22.3600    -134.433 0.3176   0.4946E+00  0.5667E-03 -0.1305E+00  0.2728E-02      -1  -0.856E-02    0.00  0.0000E+00  0.0000E+00
  15   -24.0800    -133.154 0.3183   0.5045E+00  0.5699E-03 -0.1258E+00  0.2677E-02      -1  -0.826E-02    0.00  0.0000E+00  0.0000E+00
  16   -25.8000    -131.851 0.3190   0.5145E+00  0.5731E-03 -0.1213E+00  0.2627E-02      -1  -0.796E-02    0.00  0.0000E+00  0.0000E+00
  17   -27.5200    -130.525 0.3198   0.5247E+00  0.5764E-03 -0.1168E+00  0.2576E-02      -1  -0.766E-02    0.00  0.0000E+00  0.0000E+00
  18   -29.2400    -129.177 0.3205   0.5350E+00  0.5797E-03 -0.1124E+00  0.2525E-02      -1  -0.737E-02    0.00  0.0000E+00  0.0000E+00
  19   -30.9600    -127.808 0.3213   0.5456E+00  0.5831E-03 -0.1081E+00  0.2475E-02      -1  -0.709E-02    0.00  0.0000E+00  0.0000E+00
  20   -32.6800    -126.419 0.3221   0.5563E+00  0.5866E-03 -0.1039E+00  0.2424E-02      -1  -0.682E-02    0.00  0.0000E+00  0.0000E+00
  21   -34.4000    -125.010 0.3229   0.5671E+00  0.5901E-03 -0.9975E-01  0.2373E-02      -1  -0.655E-02    0.00  0.0000E+00  0.0000E+00
  22   -36.1200    -123.584 0.3237   0.5781E+00  0.5936E-03 -0.9571E-01  0.2323E-02      -1  -0.628E-02    0.00  0.0000E+00  0.0000E+00
  23   -37.8400    -122.140 0.3245   0.5892E+00  0.5972E-03 -0.9176E-01  0.2272E-02      -1  -0.602E-02    0.00  0.0000E+00  0.0000E+00
  24   -39.5600    -120.680 0.3253   0.6004E+00  0.6009E-03 -0.8790E-01  0.2221E-02      -1  -0.577E-02    0.00  0.0000E+00  0.0000E+00
  25   -41.2800    -119.202 0.3262   0.6197E+00  0.6045E-03 -0.8412E-01  0.2171E-02      -1  -0.552E-02    0.00  0.0000E+00  0.0000E+00
  26   -43.0000    -117.707 0.3272   0.6408E+00  0.6082E-03 -0.8043E-01  0.2120E-02      -1  -0.528E-02    0.00  0.0000E+00  0.0000E+00
  27   -44.7200    -116.194 0.3281   0.6620E+00  0.6119E-03 -0.7683E-01  0.2069E-02      -1  -0.504E-02    0.00  0.0000E+00  0.0000E+00
  28   -46.4400    -114.666 0.3291   0.6835E+00  0.6156E-03 -0.7331E-01  0.2019E-02      -1  -0.481E-02    0.00  0.0000E+00  0.0000E+00
  29   -48.1600    -113.124 0.3301   0.7052E+00  0.6194E-03 -0.6988E-01  0.1968E-02      -1  -0.459E-02    0.00  0.0000E+00  0.0000E+00
  30   -49.8800    -111.567 0.3311   0.7271E+00  0.6233E-03 -0.6654E-01  0.1918E-02      -1  -0.437E-02    0.00  0.0000E+00  0.0000E+00
  31   -51.6000    -110.112 0.2879   0.1154E+00  0.6293E-03 -0.6329E-01  0.1867E-02      -1  -0.415E-02    0.00  0.0000E+00  0.0000E+00
  32   -53.3200    -109.303 0.2884   0.1175E+00  0.6336E-03 -0.6012E-01  0.1816E-02      -1  -0.394E-02    0.00  0.0000E+00  0.0000E+00
  33   -55.0400    -108.432 0.2890   0.1199E+00  0.6383E-03 -0.5704E-01  0.1766E-02      -1  -0.374E-02    0.00  0.0000E+00  0.0000E+00
  34   -56.7600    -107.500 0.2896   0.1224E+00  0.6432E-03 -0.5404E-01  0.1715E-02      -1  -0.355E-02    0.00  0.0000E+00  0.0000E+00
  35   -58.4800    -106.511 0.2902   0.1250E+00  0.6485E-03 -0.5114E-01  0.1664E-02      -1  -0.336E-02    0.00  0.0000E+00  0.0000E+00
  36   -60.2000    -105.467 0.2909   0.1278E+00  0.6541E-03 -0.4832E-01  0.1614E-02      -1  -0.317E-02    0.00  0.0000E+00  0.0000E+00
  37   -61.9200    -104.372 0.2916   0.1307E+00  0.6599E-03 -0.4559E-01  0.1563E-02      -1  -0.299E-02    0.00  0.0000E+00  0.0000E+00
  38   -63.6400    -103.227 0.2923   0.1338E+00  0.6660E-03 -0.4294E-01  0.1512E-02      -1  -0.282E-02    0.00  0.0000E+00  0.0000E+00
  39   -65.3600    -102.036 0.2931   0.1370E+00  0.6723E-03 -0.4038E-01  0.1462E-02      -1  -0.265E-02    0.00  0.0000E+00  0.0000E+00
  40   -67.0800    -100.801 0.2938   0.1403E+00  0.6789E-03 -0.3791E-01  0.1411E-02      -1  -0.249E-02    0.00  0.0000E+00  0.0000E+00
  41   -68.8000     -99.526 0.2947   0.1437E+00  0.6857E-03 -0.3553E-01  0.1360E-02      -1  -0.233E-02    0.00  0.0000E+00  0.0000E+00
  42   -70.5200     -98.212 0.2955   0.1472E+00  0.6927E-03 -0.3323E-01  0.1310E-02      -1  -0.218E-02    0.00  0.0000E+00  0.0000E+00
  43   -72.2400     -96.863 0.2964   0.1508E+00  0.6999E-03 -0.3102E-01  0.1259E-02      -1  -0.204E-02    0.00  0.0000E+00  0.0000E+00
  44   -73.9600     -95.480 0.2972   0.1545E+00  0.7073E-03 -0.2890E-01  0.1208E-02      -1  -0.190E-02    0.00  0.0000E+00  0.0000E+00
  45   -75.6800     -94.063 0.2983   0.1622E+00  0.7171E-03 -0.2687E-01  0.1158E-02      -1  -0.176E-02    0.00  0.0000E+00  0.0000E+00
  46   -77.4000     -92.611 0.2995   0.1701E+00  0.7273E-03 -0.2492E-01  0.1107E-02      -1  -0.164E-02    0.00  0.0000E+00  0.0000E+00
  47   -79.1200     -91.128 0.3006   0.1782E+00  0.7376E-03 -0.2306E-01  0.1057E-02      -1  -0.151E-02    0.00  0.0000E+00  0.0000E+00
  48   -80.8400     -89.617 0.3018   0.1864E+00  0.7482E-03 -0.2129E-01  0.1006E-02      -1  -0.140E-02    0.00  0.0000E+00  0.0000E+00
  49   -82.5600     -88.081 0.3030   0.1948E+00  0.7589E-03 -0.1960E-01  0.9552E-03      -1  -0.129E-02    0.00  0.0000E+00  0.0000E+00
  50   -84.2800     -86.523 0.3042   0.2033E+00  0.7698E-03 -0.1800E-01  0.9046E-03      -1  -0.118E-02    0.00  0.0000E+00  0.0000E+00
  51   -86.0000     -84.946 0.3054   0.2119E+00  0.7808E-03 -0.1649E-01  0.8539E-03      -1  -0.108E-02    0.00  0.0000E+00  0.0000E+00
  52   -87.7200     -83.351 0.3066   0.2206E+00  0.7919E-03 -0.1506E-01  0.8033E-03      -1  -0.988E-03    0.00  0.6367E-28  0.0000E+00
  53   -89.4400     -81.741 0.3079   0.2294E+00  0.8032E-03 -0.1372E-01  0.7526E-03      -1  -0.901E-03    0.00  0.5117E-27  0.0000E+00
  54   -91.1600     -80.117 0.3091   0.2382E+00  0.8145E-03 -0.1247E-01  0.7020E-03      -1  -0.818E-03    0.00  0.3695E-26  0.0000E+00
  55   -92.8800     -78.481 0.3104   0.2472E+00  0.8260E-03 -0.1131E-01  0.6513E-03      -1  -0.742E-03    0.00  0.2679E-25  0.0000E+00
  56   -94.6000     -76.835 0.3117   0.2561E+00  0.8375E-03 -0.1023E-01  0.6007E-03      -1  -0.671E-03    0.00  0.1975E-24  0.0000E+00
  57   -96.3200     -75.178 0.3130   0.2676E+00  0.8497E-03 -0.9242E-02  0.5501E-03      -1  -0.606E-03    0.00  0.1481E-23  0.0000E+00
  58   -98.0400     -73.513 0.3145   0.2851E+00  0.8638E-03 -0.8340E-02  0.4994E-03      -1  -0.547E-03    0.00  0.1126E-22  0.0000E+00
  59   -99.7600     -71.839 0.3160   0.3028E+00  0.8779E-03 -0.7525E-02  0.4488E-03      -1  -0.494E-03    0.00  0.8658E-22  0.0000E+00
  60  -101.4800     -70.159 0.3176   0.3205E+00  0.8921E-03 -0.6796E-02  0.3981E-03      -1  -0.446E-03    0.00  0.6701E-21  0.0000E+00
  61  -103.2000     -68.472 0.3191   0.3383E+00  0.9063E-03 -0.6155E-02  0.3475E-03      -1  -0.404E-03    0.00  0.5202E-20  0.0000E+00
  62  -104.9200     -66.781 0.3207   0.3561E+00  0.9206E-03 -0.5601E-02  0.2968E-03      -1  -0.367E-03    0.00  0.4030E-19  0.0000E+00
  63  -106.6400     -65.087 0.3222   0.3740E+00  0.9349E-03 -0.5134E-02  0.2462E-03      -1  -0.337E-03    0.00  0.3102E-18  0.0000E+00
  64  -108.3600     -63.389 0.3237   0.3919E+00  0.9493E-03 -0.4754E-02  0.1955E-03      -1  -0.312E-03    0.00  0.2359E-17  0.0000E+00
  65  -110.0800     -61.688 0.3253   0.4099E+00  0.9636E-03 -0.4461E-02  0.1449E-03      -1  -0.293E-03    0.00  0.1762E-16  0.0000E+00
  66  -111.8000     -59.986 0.3268   0.4278E+00  0.9780E-03 -0.4255E-02  0.9423E-04      -1  -0.279E-03    0.00  0.1286E-15  0.0000E+00
  67  -113.5200     -58.282 0.3286   0.4603E+00  0.9937E-03 -0.4137E-02  0.4358E-04      -1  -0.271E-03    0.00  0.9111E-15  0.0000E+00
  68  -115.2400     -56.577 0.3304   0.4931E+00  0.1009E-02 -0.4099E-02  0.0000E+00      -1  -0.269E-03    0.00  0.6228E-14  0.0000E+00
  69  -116.9600     -54.871 0.3321   0.5260E+00  0.1025E-02 -0.4100E-02  0.0000E+00      -1  -0.269E-03    0.00  0.4093E-13  0.0000E+00
  70  -118.6800     -53.164 0.3339   0.5588E+00  0.1041E-02 -0.4100E-02  0.0000E+00      -1  -0.269E-03    0.00  0.2582E-12  0.0000E+00
  71  -120.4000     -51.456 0.3357   0.5917E+00  0.1057E-02 -0.4099E-02  0.0000E+00      -1  -0.269E-03    0.00  0.1564E-11  0.0000E+00
  72  -122.1200     -49.748 0.3374   0.6246E+00  0.1073E-02 -0.4099E-02  0.0000E+00      -1  -0.269E-03    0.00  0.9079E-11  0.0000E+00
  73  -123.8400     -48.039 0.3392   0.6575E+00  0.1088E-02 -0.4100E-02  0.0000E+00      -1  -0.269E-03    0.00  0.5052E-10  0.0000E+00
  74  -125.5600     -46.329 0.3411   0.7068E+00  0.1104E-02 -0.4099E-02  0.0000E+00      -1  -0.269E-03    0.00  0.2690E-09  0.0000E+00
  75  -127.2800     -44.619 0.3430   0.7634E+00  0.1119E-02 -0.4099E-02  0.0000E+00      -1  -0.269E-03    0.00  0.1370E-08  0.0000E+00
  76  -129.0000     -42.908 0.3450   0.8201E+00  0.1134E-02 -0.4100E-02  0.0000E+00      -1  -0.269E-03    0.00  0.6660E-08  0.0000E+00
  77  -130.7200     -41.196 0.3469   0.8768E+00  0.1149E-02 -0.4100E-02  0.0000E+00      -1  -0.269E-03    0.00  0.3091E-07  0.0000E+00
  78  -132.4400     -39.484 0.3489   0.9335E+00  0.1164E-02 -0.4100E-02  0.0000E+00      -1  -0.269E-03    0.00  0.1368E-06  0.0000E+00
  79  -134.1600     -37.771 0.3508   0.9903E+00  0.1180E-02 -0.4100E-02  0.0000E+00      -1  -0.269E-03    0.00  0.5768E-06  0.0000E+00
  80  -135.8800     -36.058 0.3529   0.1080E+01  0.1192E-02 -0.4100E-02  0.0000E+00      -1  -0.269E-03    0.00  0.2314E-05  0.0000E+00
  81  -137.6000     -34.344 0.3550   0.1172E+01  0.1204E-02 -0.4099E-02  0.0000E+00      -1  -0.269E-03    0.00  0.8828E-05  0.0000E+00
  82  -139.3200     -32.630 0.3570   0.1264E+01  0.1215E-02 -0.4098E-02  0.0000E+00      -1  -0.269E-03    0.00  0.3198E-04  0.0000E+00
  83  -141.0400     -30.915 0.3591   0.1356E+01  0.1227E-02 -0.4099E-02  0.0000E+00      -1  -0.269E-03    0.00  0.1099E-03  0.0000E+00
  84  -142.7600     -29.200 0.3612   0.1467E+01  0.1237E-02 -0.4099E-02  0.0000E+00      -1  -0.269E-03    0.00  0.3582E-03  0.0000E+00
  85  -144.4800     -27.485 0.3634   0.1608E+01  0.1242E-02 -0.4099E-02  0.0000E+00      -1  -0.269E-03    0.00  0.1105E-02  0.0000E+00
  86  -146.2000     -25.769 0.3655   0.1750E+01  0.1248E-02 -0.4099E-02  0.0000E+00      -1  -0.269E-03    0.00  0.3227E-02  0.0000E+00
  87  -147.9200     -24.053 0.3676   0.1892E+01  0.1253E-02 -0.4100E-02  0.0000E+00      -1  -0.269E-03    0.00  0.8907E-02  0.0000E+00
  88  -149.6400     -22.337 0.3698   0.2084E+01  0.1251E-02 -0.4100E-02  0.0000E+00      -1  -0.269E-03    0.00  0.2322E-01  0.0000E+00
  89  -151.3600     -20.620 0.3719   0.2291E+01  0.1247E-02 -0.4100E-02  0.0000E+00      -1  -0.269E-03    0.00  0.5715E-01  0.0000E+00
  90  -153.0800     -18.903 0.3741   0.2498E+01  0.1243E-02 -0.4101E-02  0.0000E+00      -1  -0.269E-03    0.00  0.1327E+00  0.0000E+00
  91  -154.8000     -17.185 0.3762   0.2781E+01  0.1229E-02 -0.4100E-02  0.0000E+00      -1  -0.269E-03    0.00  0.2905E+00  0.0000E+00
  92  -156.5200     -15.468 0.3783   0.3072E+01  0.1213E-02 -0.4099E-02  0.0000E+00      -1  -0.269E-03    0.00  0.5997E+00  0.0000E+00
  93  -158.2400     -13.750 0.3804   0.3428E+01  0.1188E-02 -0.4100E-02  0.0000E+00      -1  -0.269E-03    0.00  0.1167E+01  0.0000E+00
  94  -159.9600     -12.032 0.3824   0.3821E+01  0.1158E-02 -0.4100E-02  0.0000E+00      -1  -0.269E-03    0.00  0.2142E+01  0.0000E+00
  95  -161.6800     -10.314 0.3843   0.4319E+01  0.1114E-02 -0.4100E-02  0.0000E+00      -1  -0.269E-03    0.00  0.3708E+01  0.0000E+00
  96  -163.4000      -8.595 0.3862   0.4896E+01  0.1061E-02 -0.4100E-02  0.0000E+00      -1  -0.269E-03    0.00  0.6061E+01  0.0000E+00
  97  -165.1200      -6.877 0.3880   0.5608E+01  0.9913E-03 -0.4099E-02  0.0000E+00      -1  -0.269E-03    0.00  0.9370E+01  0.0000E+00
  98  -166.8400      -5.158 0.3896   0.6520E+01  0.9000E-03 -0.4099E-02  0.0000E+00      -1  -0.269E-03    0.00  0.1372E+02  0.0000E+00
  99  -168.5600      -3.439 0.3911   0.7745E+01  0.7771E-03 -0.4099E-02  0.0000E+00      -1  -0.269E-03    0.00  0.1907E+02  0.0000E+00
 100  -170.2800      -1.719 0.3923   0.9623E+01  0.5939E-03 -0.4099E-02  0.0000E+00      -1  -0.269E-03    0.00  0.2523E+02  0.0000E+00
 101  -172.0000       0.000 0.3930   0.1665E+02  0.0000E+00 -0.4099E-02  0.0000E+00      -1  -0.269E-03    0.00  0.3190E+02  0.0000E+00
end


 Time:     1095.0000


 Node      Depth      Head Moisture       K          C         Flux        Sink         Kappa   v/KsTop   Temp   Conc(1..NS) Sorb(1...NS)
           [L]        [L]    [-]        [L/T]      [1/L]      [L/T]        [1/T]         [-]      [-]      [C]      [M/L*3]

   1     0.0000    -148.332 0.3098   0.3877E+00  0.5321E-03 -0.1988E+00  0.3386E-02      -1  -0.130E-01    0.00  0.0000E+00  0.0000E+00
   2    -1.7200    -147.474 0.3102   0.3943E+00  0.5343E-03 -0.1930E+00  0.3336E-02      -1  -0.127E-01    0.00  0.0000E+00  0.0000E+00
   3    -3.4400    -146.576 0.3108   0.4013E+00  0.5365E-03 -0.1873E+00  0.3285E-02      -1  -0.123E-01    0.00  0.0000E+00  0.0000E+00
   4    -5.1600    -145.640 0.3113   0.4084E+00  0.5388E-03 -0.1817E+00  0.3234E-02      -1  -0.119E-01    0.00  0.0000E+00  0.0000E+00
   5    -6.8800    -144.667 0.3118   0.4159E+00  0.5412E-03 -0.1762E+00  0.3184E-02      -1  -0.116E-01    0.00  0.0000E+00  0.0000E+00
   6    -8.6000    -143.658 0.3124   0.4237E+00  0.5438E-03 -0.1708E+00  0.3133E-02      -1  -0.112E-01    0.00  0.0000E+00  0.0000E+00
   7   -10.3200    -142.614 0.3130   0.4317E+00  0.5464E-03 -0.1654E+00  0.3082E-02      -1  -0.109E-01    0.00  0.0000E+00  0.0000E+00
   8   -12.0400    -141.536 0.3136   0.4400E+00  0.5490E-03 -0.1602E+00  0.3032E-02      -1  -0.105E-01    0.00  0.0000E+00  0.0000E+00
   9   -13.7600    -140.426 0.3142   0.4485E+00  0.5518E-03 -0.1550E+00  0.2981E-02      -1  -0.102E-01    0.00  0.0000E+00  0.0000E+00
  10   -15.4800    -139.285 0.3148   0.4573E+00  0.5546E-03 -0.1499E+00  0.2930E-02      -1  -0.984E-02    0.00  0.0000E+00  0.0000E+00
  11   -17.2000    -138.114 0.3155   0.4663E+00  0.5575E-03 -0.1449E+00  0.2880E-02      -1  -0.951E-02    0.00  0.0000E+00  0.0000E+00
  12   -18.9200    -136.914 0.3162   0.4756E+00  0.5605E-03 -0.1400E+00  0.2829E-02      -1  -0.919E-02    0.00  0.0000E+00  0.0000E+00
  13   -20.6400    -135.687 0.3169   0.4850E+00  0.5636E-03 -0.1352E+00  0.2779E-02      -1  -0.887E-02    0.00  0.0000E+00  0.0000E+00
  14   -22.3600    -134.433 0.3176   0.4946E+00  0.5667E-03 -0.1305E+00  0.2728E-02      -1  -0.856E-02    0.00  0.0000E+00  0.0000E+00
  15   -24.0800    -133.154 0.3183   0.5045E+00  0.5699E-03 -0.1258E+00  0.2677E-02      -1  -0.826E-02    0.00  0.0000E+00  0.0000E+00
  16   -25.8000    -131.851 0.3190   0.5145E+00  0.5731E-03 -0.1213E+00  0.2627E-02      -1  -0.796E-02    0.00  0.0000E+00  0.0000E+00
  17   -27.5200    -130.525 0.3198   0.5247E+00  0.5764E-03 -0.1168E+00  0.2576E-02      -1  -0.766E-02    0.00  0.0000E+00  0.0000E+00
  18   -29.2400    -129.177 0.3205   0.5350E+00  0.5797E-03 -0.1124E+00  0.2525E-02      -1  -0.737E-02    0.00  0.0000E+00  0.0000E+00
  19   -30.9600    -127.808 0.3213   0.5456E+00  0.5831E-03 -0.1081E+00  0.2475E-02      -1  -0.709E-02    0.00  0.0000E+00  0.0000E+00
  20   -32.6800    -126.419 0.3221   0.5563E+00  0.5866E-03 -0.1039E+00  0.2424E-02      -1  -0.682E-02    0.00  0.0000E+00  0.0000E+00
  21   -34.4000    -125.010 0.3229   0.5671E+00  0.5901E-03 -0.9975E-01  0.2373E-02      -1  -0.655E-02    0.00  0.0000E+00  0.0000E+00
  22   -36.1200    -123.584 0.3237   0.5781E+00  0.5936E-03 -0.9571E-01  0.2323E-02      -1  -0.628E-02    0.00  0.0000E+00  0.0000E+00
  23   -37.8400    -122.140 0.3245   0.5892E+00  0.5972E-03 -0.9176E-01  0.2272E-02      -1  -0.602E-02    0.00  0.0000E+00  0.0000E+00
  24   -39.5600    -120.680 0.3253   0.6004E+00  0.6009E-03 -0.8790E-01  0.2221E-02      -1  -0.577E-02    0.00  0.0000E+00  0.0000E+00
  25   -41.2800    -119.202 0.3262   0.6197E+00  0.6045E-03 -0.8412E-01  0.2171E-02      -1  -0.552E-02    0.00  0.0000E+00  0.0000E+00
  26   -43.0000    -117.707 0.3272   0.6408E+00  0.6082E-03 -0.8043E-01  0.2120E-02      -1  -0.528E-02    0.00  0.0000E+00  0.0000E+00
  27   -44.7200    -116.194 0.3281   0.6620E+00  0.6119E-03 -0.7683E-01  0.2069E-02      -1  -0.504E-02    0.00  0.0000E+00  0.0000E+00
  28   -46.4400    -114.666 0.3291   0.6835E+00  0.6156E-03 -0.7331E-01  0.2019E-02      -1  -0.481E-02    0.00  0.0000E+00  0.0000E+00
  29   -48.1600    -113.124 0.3301   0.7052E+00  0.6194E-03 -0.6988E-01  0.1968E-02      -1  -0.459E-02    0.00  0.0000E+00  0.0000E+00
  30   -49.8800    -111.567 0.3311   0.7271E+00  0.6233E-03 -0.6654E-01  0.1918E-02      -1  -0.437E-02    0.00  0.0000E+00  0.0000E+00
  31   -51.6000    -110.112 0.2879   0.1154E+00  0.6293E-03 -0.6329E-01  0.1867E-02      -1  -0.415E-02    0.00  0.0000E+00  0.0000E+00
  32   -53.3200    -109.303 0.2884   0.1175E+00  0.6336E-03 -0.6012E-01  0.1816E-02      -1  -0.394E-02    0.00  0.0000E+00  0.0000E+00
  33   -55.0400    -108.432 0.2890   0.1199E+00  0.6383E-03 -0.5704E-01  0.1766E-02      -1  -0.374E-02    0.00  0.0000E+00  0.0000E+00
  34   -56.7600    -107.500 0.2896   0.1224E+00  0.6432E-03 -0.5404E-01  0.1715E-02      -1  -0.355E-02    0.00  0.0000E+00  0.0000E+00
  35   -58.4800    -106.511 0.2902   0.1250E+00  0.6485E-03 -0.5114E-01  0.1664E-02      -1  -0.336E-02    0.00  0.0000E+00  0.0000E+00
  36   -60.2000    -105.467 0.2909   0.1278E+00  0.6541E-03 -0.4832E-01  0.1614E-02      -1  -0.317E-02    0.00  0.0000E+00  0.0000E+00
  37   -61.9200    -104.372 0.2916   0.1307E+00  0.6599E-03 -0.4559E-01  0.1563E-02      -1  -0.299E-02    0.00  0.0000E+00  0.0000E+00
  38   -63.6400    -103.227 0.2923   0.1338E+00  0.6660E-03 -0.4294E-01  0.1512E-02      -1  -0.282E-02    0.00  0.0000E+00  0.0000E+00
  39   -65.3600    -102.036 0.2931   0.1370E+00  0.6723E-03 -0.4038E-01  0.1462E-02      -1  -0.265E-02    0.00  0.0000E+00  0.0000E+00
  40   -67.0800    -100.801 0.2938   0.1403E+00  0.6789E-03 -0.3791E-01  0.1411E-02      -1  -0.249E-02    0.00  0.0000E+00  0.0000E+00
  41   -68.8000     -99.526 0.2947   0.1437E+00  0.6857E-03 -0.3553E-01  0.1360E-02      -1  -0.233E-02    0.00  0.5208E-29  0.0000E+00
  42   -70.5200     -98.212 0.2955   0.1472E+00  0.6927E-03 -0.3323E-01  0.1310E-02      -1  -0.218E-02    0.00  0.6565E-28  0.0000E+00
  43   -72.2400     -96.863 0.2964   0.1508E+00  0.6999E-03 -0.3102E-01  0.1259E-02      -1  -0.204E-02    0.00  0.2965E-27  0.0000E+00
  44   -73.9600     -95.480 0.2972   0.1545E+00  0.7073E-03 -0.2890E-01  0.1208E-02      -1  -0.190E-02    0.00  0.1227E-26  0.0000E+00
  45   -75.6800     -94.063 0.2983   0.1622E+00  0.7171E-03 -0.2687E-01  0.1158E-02      -1  -0.176E-02    0.00  0.5056E-26  0.0000E+00
  46   -77.4000     -92.611 0.2995   0.1701E+00  0.7273E-03 -0.2492E-01  0.1107E-02      -1  -0.164E-02    0.00  0.2117E-25  0.0000E+00
  47   -79.1200     -91.128 0.3006   0.1782E+00  0.7376E-03 -0.2306E-01  0.1057E-02      -1  -0.151E-02    0.00  0.9047E-25  0.0000E+00
  48   -80.8400     -89.617 0.3018   0.1864E+00  0.7482E-03 -0.2129E-01  0.1006E-02      -1  -0.140E-02    0.00  0.3950E-24  0.0000E+00
  49   -82.5600     -88.081 0.3030   0.1948E+00  0.7589E-03 -0.1960E-01  0.9552E-03      -1  -0.129E-02    0.00  0.1763E-23  0.0000E+00
  50   -84.2800     -86.523 0.3042   0.2033E+00  0.7698E-03 -0.1800E-01  0.9046E-03      -1  -0.118E-02    0.00  0.8037E-23  0.0000E+00
  51   -86.0000     -84.946 0.3054   0.2119E+00  0.7808E-03 -0.1649E-01  0.8539E-03      -1  -0.108E-02    0.00  0.3743E-22  0.0000E+00
  52   -87.7200     -83.351 0.3066   0.2206E+00  0.7919E-03 -0.1506E-01  0.8033E-03      -1  -0.988E-03    0.00  0.1780E-21  0.0000E+00
  53   -89.4400     -81.741 0.3079   0.2294E+00  0.8032E-03 -0.1372E-01  0.7526E-03      -1  -0.901E-03    0.00  0.8631E-21  0.0000E+00
  54   -91.1600     -80.117 0.3091   0.2382E+00  0.8145E-03 -0.1247E-01  0.7020E-03      -1  -0.818E-03    0.00  0.4265E-20  0.0000E+00
  55   -92.8800     -78.481 0.3104   0.2472E+00  0.8260E-03 -0.1131E-01  0.6513E-03      -1  -0.742E-03    0.00  0.2145E-19  0.0000E+00
  56   -94.6000     -76.835 0.3117   0.2561E+00  0.8375E-03 -0.1023E-01  0.6007E-03      -1  -0.671E-03    0.00  0.1095E-18  0.0000E+00
  57   -96.3200     -75.178 0.3130   0.2676E+00  0.8497E-03 -0.9242E-02  0.5501E-03      -1  -0.606E-03    0.00  0.5672E-18  0.0000E+00
  58   -98.0400     -73.513 0.3145   0.2851E+00  0.8638E-03 -0.8340E-02  0.4994E-03      -1  -0.547E-03    0.00  0.2968E-17  0.0000E+00
  59   -99.7600     -71.839 0.3160   0.3028E+00  0.8779E-03 -0.7525E-02  0.4488E-03      -1  -0.494E-03    0.00  0.1565E-16  0.0000E+00
  60  -101.4800     -70.159 0.3176   0.3205E+00  0.8921E-03 -0.6796E-02  0.3981E-03      -1  -0.446E-03    0.00  0.8282E-16  0.0000E+00
  61  -103.2000     -68.472 0.3191   0.3383E+00  0.9063E-03 -0.6155E-02  0.3475E-03      -1  -0.404E-03    0.00  0.4385E-15  0.0000E+00
  62  -104.9200     -66.781 0.3207   0.3561E+00  0.9206E-03 -0.5601E-02  0.2968E-03      -1  -0.367E-03    0.00  0.2312E-14  0.0000E+00
  63  -106.6400     -65.087 0.3222   0.3740E+00  0.9349E-03 -0.5134E-02  0.2462E-03      -1  -0.337E-03    0.00  0.1209E-13  0.0000E+00
  64  -108.3600     -63.389 0.3237   0.3919E+00  0.9493E-03 -0.4754E-02  0.1955E-03      -1  -0.312E-03    0.00  0.6239E-13  0.0000E+00
  65  -110.0800     -61.688 0.3253   0.4099E+00  0.9636E-03 -0.4461E-02  0.1449E-03      -1  -0.293E-03    0.00  0.3161E-12  0.0000E+00
  66  -111.8000     -59.986 0.3268   0.4278E+00  0.9780E-03 -0.4255E-02  0.9423E-04      -1  -0.279E-03    0.00  0.1564E-11  0.0000E+00
  67  -113.5200     -58.282 0.3286   0.4603E+00  0.9937E-03 -0.4137E-02  0.4358E-04      -1  -0.271E-03    0.00  0.7520E-11  0.0000E+00
  68  -115.2400     -56.577 0.3304   0.4931E+00  0.1009E-02 -0.4099E-02  0.0000E+00      -1  -0.269E-03    0.00  0.3493E-10  0.0000E+00
  69  -116.9600     -54.871 0.3321   0.5260E+00  0.1025E-02 -0.4100E-02  0.0000E+00      -1  -0.269E-03    0.00  0.1564E-09  0.0000E+00
  70  -118.6800     -53.164 0.3339   0.5588E+00  0.1041E-02 -0.4100E-02  0.0000E+00      -1  -0.269E-03    0.00  0.6739E-09  0.0000E+00
  71  -120.4000     -51.456 0.3357   0.5917E+00  0.1057E-02 -0.4099E-02  0.0000E+00      -1  -0.269E-03    0.00  0.2795E-08  0.0000E+00
  72  -122.1200     -49.748 0.3374   0.6246E+00  0.1073E-02 -0.4099E-02  0.0000E+00      -1  -0.269E-03    0.00  0.1115E-07  0.0000E+00
  73  -123.8400     -48.039 0.3392   0.6575E+00  0.1088E-02 -0.4100E-02  0.0000E+00      -1  -0.269E-03    0.00  0.4281E-07  0.0000E+00
  74  -125.5600     -46.329 0.3411   0.7068E+00  0.1104E-02 -0.4099E-02  0.0000E+00      -1  -0.269E-03    0.00  0.1578E-06  0.0000E+00
  75  -127.2800     -44.619 0.3430   0.7634E+00  0.1119E-02 -0.4099E-02  0.0000E+00      -1  -0.269E-03    0.00  0.5588E-06  0.0000E+00
  76  -129.0000     -42.908 0.3450   0.8201E+00  0.1134E-02 -0.4100E-02  0.0000E+00      -1  -0.269E-03    0.00  0.1899E-05  0.0000E+00
  77  -130.7200     -41.196 0.3469   0.8768E+00  0.1149E-02 -0.4100E-02  0.0000E+00      -1  -0.269E-03    0.00  0.6187E-05  0.0000E+00
  78  -132.4400     -39.484 0.3489   0.9335E+00  0.1164E-02 -0.4100E-02  0.0000E+00      -1  -0.269E-03    0.00  0.1934E-04  0.0000E+00
  79  -134.1600     -37.771 0.3508   0.9903E+00  0.1180E-02 -0.4100E-02  0.0000E+00      -1  -0.269E-03    0.00  0.5792E-04  0.0000E+00
  80  -135.8800     -36.058 0.3529   0.1080E+01  0.1192E-02 -0.4100E-02  0.0000E+00      -1  -0.269E-03    0.00  0.1662E-03  0.0000E+00
  81  -137.6000     -34.344 0.3550   0.1172E+01  0.1204E-02 -0.4099E-02  0.0000E+00      -1  -0.269E-03    0.00  0.4565E-03  0.0000E+00
  82  -139.3200     -32.630 0.3570   0.1264E+01  0.1215E-02 -0.4098E-02  0.0000E+00      -1  -0.269E-03    0.00  0.1200E-02  0.0000E+00
  83  -141.0400     -30.915 0.3591   0.1356E+01  0.1227E-02 -0.4099E-02  0.0000E+00      -1  -0.269E-03    0.00  0.3020E-02  0.0000E+00
  84  -142.7600     -29.200 0.3612   0.1467E+01  0.1237E-02 -0.4099E-02  0.0000E+00      -1  -0.269E-03    0.00  0.7271E-02  0.0000E+00
  85  -144.4800     -27.485 0.3634   0.1608E+01  0.1242E-02 -0.4099E-02  0.0000E+00      -1  -0.269E-03    0.00  0.1674E-01  0.0000E+00
  86  -146.2000     -25.769 0.3655   0.1750E+01  0.1248E-02 -0.4099E-02  0.0000E+00      -1  -0.269E-03    0.00  0.3686E-01  0.0000E+00
  87  -147.9200     -24.053 0.3676   0.1892E+01  0.1253E-02 -0.4100E-02  0.0000E+00      -1  -0.269E-03    0.00  0.7762E-01  0.0000E+00
  88  -149.6400     -22.337 0.3698   0.2084E+01  0.1251E-02 -0.4100E-02  0.0000E+00      -1  -0.269E-03    0.00  0.1563E+00  0.0000E+00
  89  -151.3600     -20.620 0.3719   0.2291E+01  0.1247E-02 -0.4100E-02  0.0000E+00      -1  -0.269E-03    0.00  0.3012E+00  0.0000E+00
  90  -153.0800     -18.903 0.3741   0.2498E+01  0.1243E-02 -0.4101E-02  0.0000E+00      -1  -0.269E-03    0.00  0.5553E+00  0.0000E+00
  91  -154.8000     -17.185 0.3762   0.2781E+01  0.1229E-02 -0.4100E-02  0.0000E+00      -1  -0.269E-03    0.00  0.9800E+00  0.0000E+00
  92  -156.5200     -15.468 0.3783   0.3072E+01  0.1213E-02 -0.4099E-02  0.0000E+00      -1  -0.269E-03    0.00  0.1657E+01  0.0000E+00
  93  -158.2400     -13.750 0.3804   0.3428E+01  0.1188E-02 -0.4100E-02  0.0000E+00      -1  -0.269E-03    0.00  0.2684E+01  0.0000E+00
  94  -159.9600     -12.032 0.3824   0.3821E+01  0.1158E-02 -0.4100E-02  0.0000E+00      -1  -0.269E-03    0.00  0.4172E+01  0.0000E+00
  95  -161.6800     -10.314 0.3843   0.4319E+01  0.1114E-02 -0.4100E-02  0.0000E+00      -1  -0.269E-03    0.00  0.6227E+01  0.0000E+00
  96  -163.4000      -8.595 0.3862   0.4896E+01  0.1061E-02 -0.4100E-02  0.0000E+00      -1  -0.269E-03    0.00  0.8937E+01  0.0000E+00
  97  -165.1200      -6.877 0.3880   0.5608E+01  0.9913E-03 -0.4099E-02  0.0000E+00      -1  -0.269E-03    0.00  0.1235E+02  0.0000E+00
  98  -166.8400      -5.158 0.3896   0.6520E+01  0.9000E-03 -0.4099E-02  0.0000E+00      -1  -0.269E-03    0.00  0.1645E+02  0.0000E+00
  99  -168.5600      -3.439 0.3911   0.7745E+01  0.7771E-03 -0.4099E-02  0.0000E+00      -1  -0.269E-03    0.00  0.2118E+02  0.0000E+00
 100  -170.2800      -1.719 0.3923   0.9623E+01  0.5939E-03 -0.4099E-02  0.0000E+00      -1  -0.269E-03    0.00  0.2639E+02  0.0000E+00
 101  -172.0000       0.000 0.3930   0.1665E+02  0.0000E+00 -0.4099E-02  0.0000E+00      -1  -0.269E-03    0.00  0.3190E+02  0.0000E+00
end


 Time:     1460.0000


 Node      Depth      Head Moisture       K          C         Flux        Sink         Kappa   v/KsTop   Temp   Conc(1..NS) Sorb(1...NS)
           [L]        [L]    [-]        [L/T]      [1/L]      [L/T]        [1/T]         [-]      [-]      [C]      [M/L*3]

   1     0.0000    -148.332 0.3098   0.3877E+00  0.5321E-03 -0.1988E+00  0.3386E-02      -1  -0.130E-01    0.00  0.0000E+00  0.0000E+00
   2    -1.7200    -147.474 0.3102   0.3943E+00  0.5343E-03 -0.1930E+00  0.3336E-02      -1  -0.127E-01    0.00  0.0000E+00  0.0000E+00
   3    -3.4400    -146.576 0.3108   0.4013E+00  0.5365E-03 -0.1873E+00  0.3285E-02      -1  -0.123E-01    0.00  0.0000E+00  0.0000E+00
   4    -5.1600    -145.640 0.3113   0.4084E+00  0.5388E-03 -0.1817E+00  0.3234E-02      -1  -0.119E-01    0.00  0.0000E+00  0.0000E+00
   5    -6.8800    -144.667 0.3118   0.4159E+00  0.5412E-03 -0.1762E+00  0.3184E-02      -1  -0.116E-01    0.00  0.0000E+00  0.0000E+00
   6    -8.6000    -143.658 0.3124   0.4237E+00  0.5438E-03 -0.1708E+00  0.3133E-02      -1  -0.112E-01    0.00  0.0000E+00  0.0000E+00
   7   -10.3200    -142.614 0.3130   0.4317E+00  0.5464E-03 -0.1654E+00  0.3082E-02      -1  -0.109E-01    0.00  0.0000E+00  0.0000E+00
   8   -12.0400    -141.536 0.3136   0.4400E+00  0.5490E-03 -0.1602E+00  0.3032E-02      -1  -0.105E-01    0.00  0.0000E+00  0.0000E+00
   9   -13.7600    -140.426 0.3142   0.4485E+00  0.5518E-03 -0.1550E+00  0.2981E-02      -1  -0.102E-01    0.00  0.0000E+00  0.0000E+00
  10   -15.4800    -139.285 0.3148   0.4573E+00  0.5546E-03 -0.1499E+00  0.2930E-02      -1  -0.984E-02    0.00  0.0000E+00  0.0000E+00
  11   -17.2000    -138.114 0.3155   0.4663E+00  0.5575E-03 -0.1449E+00  0.2880E-02      -1  -0.951E-02    0.00  0.0000E+00  0.0000E+00
  12   -18.9200    -136.914 0.3162   0.4756E+00  0.5605E-03 -0.1400E+00  0.2829E-02      -1  -0.919E-02    0.00  0.0000E+00  0.0000E+00
  13   -20.6400    -135.687 0.3169   0.4850E+00  0.5636E-03 -0.1352E+00  0.2779E-02      -1  -0.887E-02    0.00  0.0000E+00  0.0000E+00
  14   -22.3600    -134.433 0.3176   0.4946E+00  0.5667E-03 -0.1305E+00  0.2728E-02      -1  -0.856E-02    0.00  0.0000E+00  0.0000E+00
  15   -24.0800    -133.154 0.3183   0.5045E+00  0.5699E-03 -0.1258E+00  0.2677E-02      -1  -0.826E-02    0.00  0.0000E+00  0.0000E+00
  16   -25.8000    -131.851 0.3190   0.5145E+00  0.5731E-03 -0.1213E+00  0.2627E-02      -1  -0.796E-02    0.00  0.0000E+00  0.0000E+00
  17   -27.5200    -130.525 0.3198   0.5247E+00  0.5764E-03 -0.1168E+00  0.2576E-02      -1  -0.766E-02    0.00  0.0000E+00  0.0000E+00
  18   -29.2400    -129.177 0.3205   0.5350E+00  0.5797E-03 -0.1124E+00  0.2525E-02      -1  -0.737E-02    0.00  0.0000E+00  0.0000E+00
  19   -30.9600    -127.808 0.3213   0.5456E+00  0.5831E-03 -0.1081E+00  0.2475E-02      -1  -0.709E-02    0.00  0.0000E+00  0.0000E+00
  20   -32.6800    -126.419 0.3221   0.5563E+00  0.5866E-03 -0.1039E+00  0.2424E-02      -1  -0.682E-02    0.00  0.0000E+00  0.0000E+00
  21   -34.4000    -125.010 0.3229   0.5671E+00  0.5901E-03 -0.9975E-01  0.2373E-02      -1  -0.655E-02    0.00  0.0000E+00  0.0000E+00
  22   -36.1200    -123.584 0.3237   0.5781E+00  0.5936E-03 -0.9571E-01  0.2323E-02      -1  -0.628E-02    0.00  0.0000E+00  0.0000E+00
  23   -37.8400    -122.140 0.3245   0.5892E+00  0.5972E-03 -0.9176E-01  0.2272E-02      -1  -0.602E-02    0.00  0.0000E+00  0.0000E+00
  24   -39.5600    -120.680 0.3253   0.6004E+00  0.6009E-03 -0.8790E-01  0.2221E-02      -1  -0.577E-02    0.00  0.0000E+00  0.0000E+00
  25   -41.2800    -119.202 0.3262   0.6197E+00  0.6045E-03 -0.8412E-01  0.2171E-02      -1  -0.552E-02    0.00  0.0000E+00  0.0000E+00
  26   -43.0000    -117.707 0.3272   0.6408E+00  0.6082E-03 -0.8043E-01  0.2120E-02      -1  -0.528E-02    0.00  0.0000E+00  0.0000E+00
  27   -44.7200    -116.194 0.3281   0.6620E+00  0.6119E-03 -0.7683E-01  0.2069E-02      -1  -0.504E-02    0.00  0.0000E+00  0.0000E+00
  28   -46.4400    -114.666 0.3291   0.6835E+00  0.6156E-03 -0.7331E-01  0.2019E-02      -1  -0.481E-02    0.00  0.0000E+00  0.0000E+00
  29   -48.1600    -113.124 0.3301   0.7052E+00  0.6194E-03 -0.6988E-01  0.1968E-02      -1  -0.459E-02    0.00  0.0000E+00  0.0000E+00
  30   -49.8800    -111.567 0.3311   0.7271E+00  0.6233E-03 -0.6654E-01  0.1918E-02      -1  -0.437E-02    0.00  0.1133E-28  0.0000E+00
  31   -51.6000    -110.112 0.2879   0.1154E+00  0.6293E-03 -0.6329E-01  0.1867E-02      -1  -0.415E-02    0.00  0.5687E-28  0.0000E+00
  32   -53.3200    -109.303 0.2884   0.1175E+00  0.6336E-03 -0.6012E-01  0.1816E-02      -1  -0.394E-02    0.00  0.1776E-27  0.0000E+00
  33   -55.0400    -108.432 0.2890   0.1199E+00  0.6383E-03 -0.5704E-01  0.1766E-02      -1  -0.374E-02    0.00  0.5031E-27  0.0000E+00
  34   -56.7600    -107.500 0.2896   0.1224E+00  0.6432E-03 -0.5404E-01  0.1715E-02      -1  -0.355E-02    0.00  0.1402E-26  0.0000E+00
  35   -58.4800    -106.511 0.2902   0.1250E+00  0.6485E-03 -0.5114E-01  0.1664E-02      -1  -0.336E-02    0.00  0.3924E-26  0.0000E+00
  36   -60.2000    -105.467 0.2909   0.1278E+00  0.6541E-03 -0.4832E-01  0.1614E-02      -1  -0.317E-02    0.00  0.1111E-25  0.0000E+00
  37   -61.9200    -104.372 0.2916   0.1307E+00  0.6599E-03 -0.4559E-01  0.1563E-02      -1  -0.299E-02    0.00  0.3192E-25  0.0000E+00
  38   -63.6400    -103.227 0.2923   0.1338E+00  0.6660E-03 -0.4294E-01  0.1512E-02      -1  -0.282E-02    0.00  0.9316E-25  0.0000E+00
  39   -65.3600    -102.036 0.2931   0.1370E+00  0.6723E-03 -0.4038E-01  0.1462E-02      -1  -0.265E-02    0.00  0.2765E-24  0.0000E+00
  40   -67.0800    -100.801 0.2938   0.1403E+00  0.6789E-03 -0.3791E-01  0.1411E-02      -1  -0.249E-02    0.00  0.8346E-24  0.0000E+00
  41   -68.8000     -99.526 0.2947   0.1437E+00  0.6857E-03 -0.3553E-01  0.1360E-02      -1  -0.233E-02    0.00  0.2564E-23  0.0000E+00
  42   -70.5200     -98.212 0.2955   0.1472E+00  0.6927E-03 -0.3323E-01  0.1310E-02      -1  -0.218E-02    0.00  0.8017E-23  0.0000E+00
  43   -72.2400     -96.863 0.2964   0.1508E+00  0.6999E-03 -0.3102E-01  0.1259E-02      -1  -0.204E-02    0.00  0.2553E-22  0.0000E+00
  44   -73.9600     -95.480 0.2972   0.1545E+00  0.7073E-03 -0.2890E-01  0.1208E-02      -1  -0.190E-02    0.00  0.8282E-22  0.0000E+00
  45   -75.6800     -94.063 0.2983   0.1622E+00  0.7171E-03 -0.2687E-01  0.1158E-02      -1  -0.176E-02    0.00  0.2737E-21  0.0000E+00
  46   -77.4000     -92.611 0.2995   0.1701E+00  0.7273E-03 -0.2492E-01  0.1107E-02      -1  -0.164E-02    0.00  0.9215E-21  0.0000E+00
  47   -79.1200     -91.128 0.3006   0.1782E+00  0.7376E-03 -0.2306E-01  0.1057E-02      -1  -0.151E-02    0.00  0.3161E-20  0.0000E+00
  48   -80.8400     -89.617 0.3018   0.1864E+00  0.7482E-03 -0.2129E-01  0.1006E-02      -1  -0.140E-02    0.00  0.1105E-19  0.0000E+00
  49   -82.5600     -88.081 0.3030   0.1948E+00  0.7589E-03 -0.1960E-01  0.9552E-03      -1  -0.129E-02    0.00  0.3935E-19  0.0000E+00
  50   -84.2800     -86.523 0.3042   0.2033E+00  0.7698E-03 -0.1800E-01  0.9046E-03      -1  -0.118E-02    0.00  0.1427E-18  0.0000E+00
  51   -86.0000     -84.946 0.3054   0.2119E+00  0.7808E-03 -0.1649E-01  0.8539E-03      -1  -0.108E-02    0.00  0.5272E-18  0.0000E+00
  52   -87.7200     -83.351 0.3066   0.2206E+00  0.7919E-03 -0.1506E-01  0.8033E-03      -1  -0.988E-03    0.00  0.1981E-17  0.0000E+00
  53   -89.4400     -81.741 0.3079   0.2294E+00  0.8032E-03 -0.1372E-01  0.7526E-03      -1  -0.901E-03    0.00  0.7571E-17  0.0000E+00
  54   -91.1600     -80.117 0.3091   0.2382E+00  0.8145E-03 -0.1247E-01  0.7020E-03      -1  -0.818E-03    0.00  0.2939E-16  0.0000E+00
  55   -92.8800     -78.481 0.3104   0.2472E+00  0.8260E-03 -0.1131E-01  0.6513E-03      -1  -0.742E-03    0.00  0.1157E-15  0.0000E+00
  56   -94.6000     -76.835 0.3117   0.2561E+00  0.8375E-03 -0.1023E-01  0.6007E-03      -1  -0.671E-03    0.00  0.4615E-15  0.0000E+00
  57   -96.3200     -75.178 0.3130   0.2676E+00  0.8497E-03 -0.9242E-02  0.5501E-03      -1  -0.606E-03    0.00  0.1860E-14  0.0000E+00
  58   -98.0400     -73.513 0.3145   0.2851E+00  0.8638E-03 -0.8340E-02  0.4994E-03      -1  -0.547E-03    0.00  0.7560E-14  0.0000E+00
  59   -99.7600     -71.839 0.3160   0.3028E+00  0.8779E-03 -0.7525E-02  0.4488E-03      -1  -0.494E-03    0.00  0.3087E-13  0.0000E+00
  60  -101.4800     -70.159 0.3176   0.3205E+00  0.8921E-03 -0.6796E-02  0.3981E-03      -1  -0.446E-03    0.00  0.1263E-12  0.0000E+00
  61  -103.2000     -68.472 0.3191   0.3383E+00  0.9063E-03 -0.6155E-02  0.3475E-03      -1  -0.404E-03    0.00  0.5162E-12  0.0000E+00
  62  -104.9200     -66.781 0.3207   0.3561E+00  0.9206E-03 -0.5601E-02  0.2968E-03      -1  -0.367E-03    0.00  0.2098E-11  0.0000E+00
  63  -106.6400     -65.087 0.3222   0.3740E+00  0.9349E-03 -0.5134E-02  0.2462E-03      -1  -0.337E-03    0.00  0.8447E-11  0.0000E+00
  64  -108.3600     -63.389 0.3237   0.3919E+00  0.9493E-03 -0.4754E-02  0.1955E-03      -1  -0.312E-03    0.00  0.3354E-10  0.0000E+00
  65  -110.0800     -61.688 0.3253   0.4099E+00  0.9636E-03 -0.4461E-02  0.1449E-03      -1  -0.293E-03    0.00  0.1308E-09  0.0000E+00
  66  -111.8000     -59.986 0.3268   0.4278E+00  0.9780E-03 -0.4255E-02  0.9423E-04      -1  -0.279E-03    0.00  0.4983E-09  0.0000E+00
  67  -113.5200     -58.282 0.3286   0.4603E+00  0.9937E-03 -0.4137E-02  0.4358E-04      -1  -0.271E-03    0.00  0.1847E-08  0.0000E+00
  68  -115.2400     -56.577 0.3304   0.4931E+00  0.1009E-02 -0.4099E-02  0.0000E+00      -1  -0.269E-03    0.00  0.6629E-08  0.0000E+00
  69  -116.9600     -54.871 0.3321   0.5260E+00  0.1025E-02 -0.4100E-02  0.0000E+00      -1  -0.269E-03    0.00  0.2299E-07  0.0000E+00
  70  -118.6800     -53.164 0.3339   0.5588E+00  0.1041E-02 -0.4100E-02  0.0000E+00      -1  -0.269E-03    0.00  0.7697E-07  0.0000E+00
  71  -120.4000     -51.456 0.3357   0.5917E+00  0.1057E-02 -0.4099E-02  0.0000E+00      -1  -0.269E-03    0.00  0.2489E-06  0.0000E+00
  72  -122.1200     -49.748 0.3374   0.6246E+00  0.1073E-02 -0.4099E-02  0.0000E+00      -1  -0.269E-03    0.00  0.7770E-06  0.0000E+00
  73  -123.8400     -48.039 0.3392   0.6575E+00  0.1088E-02 -0.4100E-02  0.0000E+00      -1  -0.269E-03    0.00  0.2342E-05  0.0000E+00
  74  -125.5600     -46.329 0.3411   0.7068E+00  0.1104E-02 -0.4099E-02  0.0000E+00      -1  -0.269E-03    0.00  0.6807E-05  0.0000E+00
  75  -127.2800     -44.619 0.3430   0.7634E+00  0.1119E-02 -0.4099E-02  0.0000E+00      -1  -0.269E-03    0.00  0.1908E-04  0.0000E+00
  76  -129.0000     -42.908 0.3450   0.8201E+00  0.1134E-02 -0.4100E-02  0.0000E+00      -1  -0.269E-03    0.00  0.5158E-04  0.0000E+00
  77  -130.7200     -41.196 0.3469   0.8768E+00  0.1149E-02 -0.4100E-02  0.0000E+00      -1  -0.269E-03    0.00  0.1344E-03  0.0000E+00
  78  -132.4400     -39.484 0.3489   0.9335E+00  0.1164E-02 -0.4100E-02  0.0000E+00      -1  -0.269E-03    0.00  0.3375E-03  0.0000E+00
  79  -134.1600     -37.771 0.3508   0.9903E+00  0.1180E-02 -0.4100E-02  0.0000E+00      -1  -0.269E-03    0.00  0.8171E-03  0.0000E+00
  80  -135.8800     -36.058 0.3529   0.1080E+01  0.1192E-02 -0.4100E-02  0.0000E+00      -1  -0.269E-03    0.00  0.1906E-02  0.0000E+00
  81  -137.6000     -34.344 0.3550   0.1172E+01  0.1204E-02 -0.4099E-02  0.0000E+00      -1  -0.269E-03    0.00  0.4284E-02  0.0000E+00
  82  -139.3200     -32.630 0.3570   0.1264E+01  0.1215E-02 -0.4098E-02  0.0000E+00      -1  -0.269E-03    0.00  0.9279E-02  0.0000E+00
  83  -141.0400     -30.915 0.3591   0.1356E+01  0.1227E-02 -0.4099E-02  0.0000E+00      -1  -0.269E-03    0.00  0.1937E-01  0.0000E+00
  84  -142.7600     -29.200 0.3612   0.1467E+01  0.1237E-02 -0.4099E-02  0.0000E+00      -1  -0.269E-03    0.00  0.3896E-01  0.0000E+00
  85  -144.4800     -27.485 0.3634   0.1608E+01  0.1242E-02 -0.4099E-02  0.0000E+00      -1  -0.269E-03    0.00  0.7554E-01  0.0000E+00
  86  -146.2000     -25.769 0.3655   0.1750E+01  0.1248E-02 -0.4099E-02  0.0000E+00      -1  -0.269E-03    0.00  0.1412E+00  0.0000E+00
  87  -147.9200     -24.053 0.3676   0.1892E+01  0.1253E-02 -0.4100E-02  0.0000E+00      -1  -0.269E-03    0.00  0.2547E+00  0.0000E+00
  88  -149.6400     -22.337 0.3698   0.2084E+01  0.1251E-02 -0.4100E-02  0.0000E+00      -1  -0.269E-03    0.00  0.4431E+00  0.0000E+00
  89  -151.3600     -20.620 0.3719   0.2291E+01  0.1247E-02 -0.4100E-02  0.0000E+00      -1  -0.269E-03    0.00  0.7441E+00  0.0000E+00
  90  -153.0800     -18.903 0.3741   0.2498E+01  0.1243E-02 -0.4101E-02  0.0000E+00      -1  -0.269E-03    0.00  0.1207E+01  0.0000E+00
  91  -154.8000     -17.185 0.3762   0.2781E+01  0.1229E-02 -0.4100E-02  0.0000E+00      -1  -0.269E-03    0.00  0.1892E+01  0.0000E+00
  92  -156.5200     -15.468 0.3783   0.3072E+01  0.1213E-02 -0.4099E-02  0.0000E+00      -1  -0.269E-03    0.00  0.2869E+01  0.0000E+00
  93  -158.2400     -13.750 0.3804   0.3428E+01  0.1188E-02 -0.4100E-02  0.0000E+00      -1  -0.269E-03    0.00  0.4211E+01  0.0000E+00
  94  -159.9600     -12.032 0.3824   0.3821E+01  0.1158E-02 -0.4100E-02  0.0000E+00      -1  -0.269E-03    0.00  0.5988E+01  0.0000E+00
  95  -161.6800     -10.314 0.3843   0.4319E+01  0.1114E-02 -0.4100E-02  0.0000E+00      -1  -0.269E-03    0.00  0.8257E+01  0.0000E+00
  96  -163.4000      -8.595 0.3862   0.4896E+01  0.1061E-02 -0.4100E-02  0.0000E+00      -1  -0.269E-03    0.00  0.1105E+02  0.0000E+00
  97  -165.1200      -6.877 0.3880   0.5608E+01  0.9913E-03 -0.4099E-02  0.0000E+00      -1  -0.269E-03    0.00  0.1438E+02  0.0000E+00
  98  -166.8400      -5.158 0.3896   0.6520E+01  0.9000E-03 -0.4099E-02  0.0000E+00      -1  -0.269E-03    0.00  0.1822E+02  0.0000E+00
  99  -168.5600      -3.439 0.3911   0.7745E+01  0.7771E-03 -0.4099E-02  0.0000E+00      -1  -0.269E-03    0.00  0.2248E+02  0.0000E+00
 100  -170.2800      -1.719 0.3923   0.9623E+01  0.5939E-03 -0.4099E-02  0.0000E+00      -1  -0.269E-03    0.00  0.2709E+02  0.0000E+00
 101  -172.0000       0.000 0.3930   0.1665E+02  0.0000E+00 -0.4099E-02  0.0000E+00      -1  -0.269E-03    0.00  0.3190E+02  0.0000E+00
end


 Time:     1825.0000


 Node      Depth      Head Moisture       K          C         Flux        Sink         Kappa   v/KsTop   Temp   Conc(1..NS) Sorb(1...NS)
           [L]        [L]    [-]        [L/T]      [1/L]      [L/T]        [1/T]         [-]      [-]      [C]      [M/L*3]

   1     0.0000    -148.332 0.3098   0.3877E+00  0.5321E-03 -0.1988E+00  0.3386E-02      -1  -0.130E-01    0.00  0.0000E+00  0.0000E+00
   2    -1.7200    -147.474 0.3102   0.3943E+00  0.5343E-03 -0.1930E+00  0.3336E-02      -1  -0.127E-01    0.00  0.0000E+00  0.0000E+00
   3    -3.4400    -146.576 0.3108   0.4013E+00  0.5365E-03 -0.1873E+00  0.3285E-02      -1  -0.123E-01    0.00  0.0000E+00  0.0000E+00
   4    -5.1600    -145.640 0.3113   0.4084E+00  0.5388E-03 -0.1817E+00  0.3234E-02      -1  -0.119E-01    0.00  0.0000E+00  0.0000E+00
   5    -6.8800    -144.667 0.3118   0.4159E+00  0.5412E-03 -0.1762E+00  0.3184E-02      -1  -0.116E-01    0.00  0.0000E+00  0.0000E+00
   6    -8.6000    -143.658 0.3124   0.4237E+00  0.5438E-03 -0.1708E+00  0.3133E-02      -1  -0.112E-01    0.00  0.0000E+00  0.0000E+00
   7   -10.3200    -142.614 0.3130   0.4317E+00  0.5464E-03 -0.1654E+00  0.3082E-02      -1  -0.109E-01    0.00  0.0000E+00  0.0000E+00
   8   -12.0400    -141.536 0.3136   0.4400E+00  0.5490E-03 -0.1602E+00  0.3032E-02      -1  -0.105E-01    0.00  0.0000E+00  0.0000E+00
   9   -13.7600    -140.426 0.3142   0.4485E+00  0.5518E-03 -0.1550E+00  0.2981E-02      -1  -0.102E-01    0.00  0.0000E+00  0.0000E+00
  10   -15.4800    -139.285 0.3148   0.4573E+00  0.5546E-03 -0.1499E+00  0.2930E-02      -1  -0.984E-02    0.00  0.0000E+00  0.0000E+00
  11   -17.2000    -138.114 0.3155   0.4663E+00  0.5575E-03 -0.1449E+00  0.2880E-02      -1  -0.951E-02    0.00  0.0000E+00  0.0000E+00
  12   -18.9200    -136.914 0.3162   0.4756E+00  0.5605E-03 -0.1400E+00  0.2829E-02      -1  -0.919E-02    0.00  0.0000E+00  0.0000E+00
  13   -20.6400    -135.687 0.3169   0.4850E+00  0.5636E-03 -0.1352E+00  0.2779E-02      -1  -0.887E-02    0.00  0.0000E+00  0.0000E+00
  14   -22.3600    -134.433 0.3176   0.4946E+00  0.5667E-03 -0.1305E+00  0.2728E-02      -1  -0.856E-02    0.00  0.0000E+00  0.0000E+00
  15   -24.0800    -133.154 0.3183   0.5045E+00  0.5699E-03 -0.1258E+00  0.2677E-02      -1  -0.826E-02    0.00  0.0000E+00  0.0000E+00
  16   -25.8000    -131.851 0.3190   0.5145E+00  0.5731E-03 -0.1213E+00  0.2627E-02      -1  -0.796E-02    0.00  0.0000E+00  0.0000E+00
  17   -27.5200    -130.525 0.3198   0.5247E+00  0.5764E-03 -0.1168E+00  0.2576E-02      -1  -0.766E-02    0.00  0.0000E+00  0.0000E+00
  18   -29.2400    -129.177 0.3205   0.5350E+00  0.5797E-03 -0.1124E+00  0.2525E-02      -1  -0.737E-02    0.00  0.6871E-29  0.0000E+00
  19   -30.9600    -127.808 0.3213   0.5456E+00  0.5831E-03 -0.1081E+00  0.2475E-02      -1  -0.709E-02    0.00  0.3031E-28  0.0000E+00
  20   -32.6800    -126.419 0.3221   0.5563E+00  0.5866E-03 -0.1039E+00  0.2424E-02      -1  -0.682E-02    0.00  0.8295E-28  0.0000E+00
  21   -34.4000    -125.010 0.3229   0.5671E+00  0.5901E-03 -0.9975E-01  0.2373E-02      -1  -0.655E-02    0.00  0.1996E-27  0.0000E+00
  22   -36.1200    -123.584 0.3237   0.5781E+00  0.5936E-03 -0.9571E-01  0.2323E-02      -1  -0.628E-02    0.00  0.4618E-27  0.0000E+00
  23   -37.8400    -122.140 0.3245   0.5892E+00  0.5972E-03 -0.9176E-01  0.2272E-02      -1  -0.602E-02    0.00  0.1057E-26  0.0000E+00
  24   -39.5600    -120.680 0.3253   0.6004E+00  0.6009E-03 -0.8790E-01  0.2221E-02      -1  -0.577E-02    0.00  0.2420E-26  0.0000E+00
  25   -41.2800    -119.202 0.3262   0.6197E+00  0.6045E-03 -0.8412E-01  0.2171E-02      -1  -0.552E-02    0.00  0.5576E-26  0.0000E+00
  26   -43.0000    -117.707 0.3272   0.6408E+00  0.6082E-03 -0.8043E-01  0.2120E-02      -1  -0.528E-02    0.00  0.1295E-25  0.0000E+00
  27   -44.7200    -116.194 0.3281   0.6620E+00  0.6119E-03 -0.7683E-01  0.2069E-02      -1  -0.504E-02    0.00  0.3037E-25  0.0000E+00
  28   -46.4400    -114.666 0.3291   0.6835E+00  0.6156E-03 -0.7331E-01  0.2019E-02      -1  -0.481E-02    0.00  0.7194E-25  0.0000E+00
  29   -48.1600    -113.124 0.3301   0.7052E+00  0.6194E-03 -0.6988E-01  0.1968E-02      -1  -0.459E-02    0.00  0.1722E-24  0.0000E+00
  30   -49.8800    -111.567 0.3311   0.7271E+00  0.6233E-03 -0.6654E-01  0.1918E-02      -1  -0.437E-02    0.00  0.4169E-24  0.0000E+00
  31   -51.6000    -110.112 0.2879   0.1154E+00  0.6293E-03 -0.6329E-01  0.1867E-02      -1  -0.415E-02    0.00  0.1035E-23  0.0000E+00
  32   -53.3200    -109.303 0.2884   0.1175E+00  0.6336E-03 -0.6012E-01  0.1816E-02      -1  -0.394E-02    0.00  0.2475E-23  0.0000E+00
  33   -55.0400    -108.432 0.2890   0.1199E+00  0.6383E-03 -0.5704E-01  0.1766E-02      -1  -0.374E-02    0.00  0.5903E-23  0.0000E+00
  34   -56.7600    -107.500 0.2896   0.1224E+00  0.6432E-03 -0.5404E-01  0.1715E-02      -1  -0.355E-02    0.00  0.1421E-22  0.0000E+00
  35   -58.4800    -106.511 0.2902   0.1250E+00  0.6485E-03 -0.5114E-01  0.1664E-02      -1  -0.336E-02    0.00  0.3465E-22  0.0000E+00
  36   -60.2000    -105.467 0.2909   0.1278E+00  0.6541E-03 -0.4832E-01  0.1614E-02      -1  -0.317E-02    0.00  0.8564E-22  0.0000E+00
  37   -61.9200    -104.372 0.2916   0.1307E+00  0.6599E-03 -0.4559E-01  0.1563E-02      -1  -0.299E-02    0.00  0.2146E-21  0.0000E+00
  38   -63.6400    -103.227 0.2923   0.1338E+00  0.6660E-03 -0.4294E-01  0.1512E-02      -1  -0.282E-02    0.00  0.5455E-21  0.0000E+00
  39   -65.3600    -102.036 0.2931   0.1370E+00  0.6723E-03 -0.4038E-01  0.1462E-02      -1  -0.265E-02    0.00  0.1407E-20  0.0000E+00
  40   -67.0800    -100.801 0.2938   0.1403E+00  0.6789E-03 -0.3791E-01  0.1411E-02      -1  -0.249E-02    0.00  0.3684E-20  0.0000E+00
  41   -68.8000     -99.526 0.2947   0.1437E+00  0.6857E-03 -0.3553E-01  0.1360E-02      -1  -0.233E-02    0.00  0.9793E-20  0.0000E+00
  42   -70.5200     -98.212 0.2955   0.1472E+00  0.6927E-03 -0.3323E-01  0.1310E-02      -1  -0.218E-02    0.00  0.2644E-19  0.0000E+00
  43   -72.2400     -96.863 0.2964   0.1508E+00  0.6999E-03 -0.3102E-01  0.1259E-02      -1  -0.204E-02    0.00  0.7253E-19  0.0000E+00
  44   -73.9600     -95.480 0.2972   0.1545E+00  0.7073E-03 -0.2890E-01  0.1208E-02      -1  -0.190E-02    0.00  0.2022E-18  0.0000E+00
  45   -75.6800     -94.063 0.2983   0.1622E+00  0.7171E-03 -0.2687E-01  0.1158E-02      -1  -0.176E-02    0.00  0.5728E-18  0.0000E+00
  46   -77.4000     -92.611 0.2995   0.1701E+00  0.7273E-03 -0.2492E-01  0.1107E-02      -1  -0.164E-02    0.00  0.1649E-17  0.0000E+00
  47   -79.1200     -91.128 0.3006   0.1782E+00  0.7376E-03 -0.2306E-01  0.1057E-02      -1  -0.151E-02    0.00  0.4827E-17  0.0000E+00
  48   -80.8400     -89.617 0.3018   0.1864E+00  0.7482E-03 -0.2129E-01  0.1006E-02      -1  -0.140E-02    0.00  0.1436E-16  0.0000E+00
  49   -82.5600     -88.081 0.3030   0.1948E+00  0.7589E-03 -0.1960E-01  0.9552E-03      -1  -0.129E-02    0.00  0.4339E-16  0.0000E+00
  50   -84.2800     -86.523 0.3042   0.2033E+00  0.7698E-03 -0.1800E-01  0.9046E-03      -1  -0.118E-02    0.00  0.1333E-15  0.0000E+00
  51   -86.0000     -84.946 0.3054   0.2119E+00  0.7808E-03 -0.1649E-01  0.8539E-03      -1  -0.108E-02    0.00  0.4156E-15  0.0000E+00
  52   -87.7200     -83.351 0.3066   0.2206E+00  0.7919E-03 -0.1506E-01  0.8033E-03      -1  -0.988E-03    0.00  0.1316E-14  0.0000E+00
  53   -89.4400     -81.741 0.3079   0.2294E+00  0.8032E-03 -0.1372E-01  0.7526E-03      -1  -0.901E-03    0.00  0.4224E-14  0.0000E+00
  54   -91.1600     -80.117 0.3091   0.2382E+00  0.8145E-03 -0.1247E-01  0.7020E-03      -1  -0.818E-03    0.00  0.1374E-13  0.0000E+00
  55   -92.8800     -78.481 0.3104   0.2472E+00  0.8260E-03 -0.1131E-01  0.6513E-03      -1  -0.742E-03    0.00  0.4525E-13  0.0000E+00
  56   -94.6000     -76.835 0.3117   0.2561E+00  0.8375E-03 -0.1023E-01  0.6007E-03      -1  -0.671E-03    0.00  0.1506E-12  0.0000E+00
  57   -96.3200     -75.178 0.3130   0.2676E+00  0.8497E-03 -0.9242E-02  0.5501E-03      -1  -0.606E-03    0.00  0.5053E-12  0.0000E+00
  58   -98.0400     -73.513 0.3145   0.2851E+00  0.8638E-03 -0.8340E-02  0.4994E-03      -1  -0.547E-03    0.00  0.1706E-11  0.0000E+00
  59   -99.7600     -71.839 0.3160   0.3028E+00  0.8779E-03 -0.7525E-02  0.4488E-03      -1  -0.494E-03    0.00  0.5780E-11  0.0000E+00
  60  -101.4800     -70.159 0.3176   0.3205E+00  0.8921E-03 -0.6796E-02  0.3981E-03      -1  -0.446E-03    0.00  0.1959E-10  0.0000E+00
  61  -103.2000     -68.472 0.3191   0.3383E+00  0.9063E-03 -0.6155E-02  0.3475E-03      -1  -0.404E-03    0.00  0.6621E-10  0.0000E+00
  62  -104.9200     -66.781 0.3207   0.3561E+00  0.9206E-03 -0.5601E-02  0.2968E-03      -1  -0.367E-03    0.00  0.2224E-09  0.0000E+00
  63  -106.6400     -65.087 0.3222   0.3740E+00  0.9349E-03 -0.5134E-02  0.2462E-03      -1  -0.337E-03    0.00  0.7399E-09  0.0000E+00
  64  -108.3600     -63.389 0.3237   0.3919E+00  0.9493E-03 -0.4754E-02  0.1955E-03      -1  -0.312E-03    0.00  0.2427E-08  0.0000E+00
  65  -110.0800     -61.688 0.3253   0.4099E+00  0.9636E-03 -0.4461E-02  0.1449E-03      -1  -0.293E-03    0.00  0.7821E-08  0.0000E+00
  66  -111.8000     -59.986 0.3268   0.4278E+00  0.9780E-03 -0.4255E-02  0.9423E-04      -1  -0.279E-03    0.00  0.2466E-07  0.0000E+00
  67  -113.5200     -58.282 0.3286   0.4603E+00  0.9937E-03 -0.4137E-02  0.4358E-04      -1  -0.271E-03    0.00  0.7575E-07  0.0000E+00
  68  -115.2400     -56.577 0.3304   0.4931E+00  0.1009E-02 -0.4099E-02  0.0000E+00      -1  -0.269E-03    0.00  0.2258E-06  0.0000E+00
  69  -116.9600     -54.871 0.3321   0.5260E+00  0.1025E-02 -0.4100E-02  0.0000E+00      -1  -0.269E-03    0.00  0.6521E-06  0.0000E+00
  70  -118.6800     -53.164 0.3339   0.5588E+00  0.1041E-02 -0.4100E-02  0.0000E+00      -1  -0.269E-03    0.00  0.1824E-05  0.0000E+00
  71  -120.4000     -51.456 0.3357   0.5917E+00  0.1057E-02 -0.4099E-02  0.0000E+00      -1  -0.269E-03    0.00  0.4942E-05  0.0000E+00
  72  -122.1200     -49.748 0.3374   0.6246E+00  0.1073E-02 -0.4099E-02  0.0000E+00      -1  -0.269E-03    0.00  0.1297E-04  0.0000E+00
  73  -123.8400     -48.039 0.3392   0.6575E+00  0.1088E-02 -0.4100E-02  0.0000E+00      -1  -0.269E-03    0.00  0.3298E-04  0.0000E+00
  74  -125.5600     -46.329 0.3411   0.7068E+00  0.1104E-02 -0.4099E-02  0.0000E+00      -1  -0.269E-03    0.00  0.8121E-04  0.0000E+00
  75  -127.2800     -44.619 0.3430   0.7634E+00  0.1119E-02 -0.4099E-02  0.0000E+00      -1  -0.269E-03    0.00  0.1936E-03  0.0000E+00
  76  -129.0000     -42.908 0.3450   0.8201E+00  0.1134E-02 -0.4100E-02  0.0000E+00      -1  -0.269E-03    0.00  0.4468E-03  0.0000E+00
  77  -130.7200     -41.196 0.3469   0.8768E+00  0.1149E-02 -0.4100E-02  0.0000E+00      -1  -0.269E-03    0.00  0.9984E-03  0.0000E+00
  78  -132.4400     -39.484 0.3489   0.9335E+00  0.1164E-02 -0.4100E-02  0.0000E+00      -1  -0.269E-03    0.00  0.2160E-02  0.0000E+00
  79  -134.1600     -37.771 0.3508   0.9903E+00  0.1180E-02 -0.4100E-02  0.0000E+00      -1  -0.269E-03    0.00  0.4527E-02  0.0000E+00
  80  -135.8800     -36.058 0.3529   0.1080E+01  0.1192E-02 -0.4100E-02  0.0000E+00      -1  -0.269E-03    0.00  0.9188E-02  0.0000E+00
  81  -137.6000     -34.344 0.3550   0.1172E+01  0.1204E-02 -0.4099E-02  0.0000E+00      -1  -0.269E-03    0.00  0.1806E-01  0.0000E+00
  82  -139.3200     -32.630 0.3570   0.1264E+01  0.1215E-02 -0.4098E-02  0.0000E+00      -1  -0.269E-03    0.00  0.3438E-01  0.0000E+00
  83  -141.0400     -30.915 0.3591   0.1356E+01  0.1227E-02 -0.4099E-02  0.0000E+00      -1  -0.269E-03    0.00  0.6344E-01  0.0000E+00
  84  -142.7600     -29.200 0.3612   0.1467E+01  0.1237E-02 -0.4099E-02  0.0000E+00      -1  -0.269E-03    0.00  0.1135E+00  0.0000E+00
  85  -144.4800     -27.485 0.3634   0.1608E+01  0.1242E-02 -0.4099E-02  0.0000E+00      -1  -0.269E-03    0.00  0.1967E+00  0.0000E+00
  86  -146.2000     -25.769 0.3655   0.1750E+01  0.1248E-02 -0.4099E-02  0.0000E+00      -1  -0.269E-03    0.00  0.3309E+00  0.0000E+00
  87  -147.9200     -24.053 0.3676   0.1892E+01  0.1253E-02 -0.4100E-02  0.0000E+00      -1  -0.269E-03    0.00  0.5400E+00  0.0000E+00
  88  -149.6400     -22.337 0.3698   0.2084E+01  0.1251E-02 -0.4100E-02  0.0000E+00      -1  -0.269E-03    0.00  0.8557E+00  0.0000E+00
  89  -151.3600     -20.620 0.3719   0.2291E+01  0.1247E-02 -0.4100E-02  0.0000E+00      -1  -0.269E-03    0.00  0.1317E+01  0.0000E+00
  90  -153.0800     -18.903 0.3741   0.2498E+01  0.1243E-02 -0.4101E-02  0.0000E+00      -1  -0.269E-03    0.00  0.1970E+01  0.0000E+00
  91  -154.8000     -17.185 0.3762   0.2781E+01  0.1229E-02 -0.4100E-02  0.0000E+00      -1  -0.269E-03    0.00  0.2867E+01  0.0000E+00
  92  -156.5200     -15.468 0.3783   0.3072E+01  0.1213E-02 -0.4099E-02  0.0000E+00      -1  -0.269E-03    0.00  0.4061E+01  0.0000E+00
  93  -158.2400     -13.750 0.3804   0.3428E+01  0.1188E-02 -0.4100E-02  0.0000E+00      -1  -0.269E-03    0.00  0.5603E+01  0.0000E+00
  94  -159.9600     -12.032 0.3824   0.3821E+01  0.1158E-02 -0.4100E-02  0.0000E+00      -1  -0.269E-03    0.00  0.7535E+01  0.0000E+00
  95  -161.6800     -10.314 0.3843   0.4319E+01  0.1114E-02 -0.4100E-02  0.0000E+00      -1  -0.269E-03    0.00  0.9888E+01  0.0000E+00
  96  -163.4000      -8.595 0.3862   0.4896E+01  0.1061E-02 -0.4100E-02  0.0000E+00      -1  -0.269E-03    0.00  0.1267E+02  0.0000E+00
  97  -165.1200      -6.877 0.3880   0.5608E+01  0.9913E-03 -0.4099E-02  0.0000E+00      -1  -0.269E-03    0.00  0.1588E+02  0.0000E+00
  98  -166.8400      -5.158 0.3896   0.6520E+01  0.9000E-03 -0.4099E-02  0.0000E+00      -1  -0.269E-03    0.00  0.1947E+02  0.0000E+00
  99  -168.5600      -3.439 0.3911   0.7745E+01  0.7771E-03 -0.4099E-02  0.0000E+00      -1  -0.269E-03    0.00  0.2339E+02  0.0000E+00
 100  -170.2800      -1.719 0.3923   0.9623E+01  0.5939E-03 -0.4099E-02  0.0000E+00      -1  -0.269E-03    0.00  0.2756E+02  0.0000E+00
 101  -172.0000       0.000 0.3930   0.1665E+02  0.0000E+00 -0.4099E-02  0.0000E+00      -1  -0.269E-03    0.00  0.3190E+02  0.0000E+00
end


 Time:     2190.0000


 Node      Depth      Head Moisture       K          C         Flux        Sink         Kappa   v/KsTop   Temp   Conc(1..NS) Sorb(1...NS)
           [L]        [L]    [-]        [L/T]      [1/L]      [L/T]        [1/T]         [-]      [-]      [C]      [M/L*3]

   1     0.0000    -148.332 0.3098   0.3877E+00  0.5321E-03 -0.1988E+00  0.3386E-02      -1  -0.130E-01    0.00  0.0000E+00  0.0000E+00
   2    -1.7200    -147.474 0.3102   0.3943E+00  0.5343E-03 -0.1930E+00  0.3336E-02      -1  -0.127E-01    0.00  0.0000E+00  0.0000E+00
   3    -3.4400    -146.576 0.3108   0.4013E+00  0.5365E-03 -0.1873E+00  0.3285E-02      -1  -0.123E-01    0.00  0.0000E+00  0.0000E+00
   4    -5.1600    -145.640 0.3113   0.4084E+00  0.5388E-03 -0.1817E+00  0.3234E-02      -1  -0.119E-01    0.00  0.0000E+00  0.0000E+00
   5    -6.8800    -144.667 0.3118   0.4159E+00  0.5412E-03 -0.1762E+00  0.3184E-02      -1  -0.116E-01    0.00  0.9488E-29  0.0000E+00
   6    -8.6000    -143.658 0.3124   0.4237E+00  0.5438E-03 -0.1708E+00  0.3133E-02      -1  -0.112E-01    0.00  0.2640E-28  0.0000E+00
   7   -10.3200    -142.614 0.3130   0.4317E+00  0.5464E-03 -0.1654E+00  0.3082E-02      -1  -0.109E-01    0.00  0.5869E-28  0.0000E+00
   8   -12.0400    -141.536 0.3136   0.4400E+00  0.5490E-03 -0.1602E+00  0.3032E-02      -1  -0.105E-01    0.00  0.1191E-27  0.0000E+00
   9   -13.7600    -140.426 0.3142   0.4485E+00  0.5518E-03 -0.1550E+00  0.2981E-02      -1  -0.102E-01    0.00  0.2323E-27  0.0000E+00
  10   -15.4800    -139.285 0.3148   0.4573E+00  0.5546E-03 -0.1499E+00  0.2930E-02      -1  -0.984E-02    0.00  0.4454E-27  0.0000E+00
  11   -17.2000    -138.114 0.3155   0.4663E+00  0.5575E-03 -0.1449E+00  0.2880E-02      -1  -0.951E-02    0.00  0.8496E-27  0.0000E+00
  12   -18.9200    -136.914 0.3162   0.4756E+00  0.5605E-03 -0.1400E+00  0.2829E-02      -1  -0.919E-02    0.00  0.1621E-26  0.0000E+00
  13   -20.6400    -135.687 0.3169   0.4850E+00  0.5636E-03 -0.1352E+00  0.2779E-02      -1  -0.887E-02    0.00  0.3103E-26  0.0000E+00
  14   -22.3600    -134.433 0.3176   0.4946E+00  0.5667E-03 -0.1305E+00  0.2728E-02      -1  -0.856E-02    0.00  0.5970E-26  0.0000E+00
  15   -24.0800    -133.154 0.3183   0.5045E+00  0.5699E-03 -0.1258E+00  0.2677E-02      -1  -0.826E-02    0.00  0.1155E-25  0.0000E+00
  16   -25.8000    -131.851 0.3190   0.5145E+00  0.5731E-03 -0.1213E+00  0.2627E-02      -1  -0.796E-02    0.00  0.2251E-25  0.0000E+00
  17   -27.5200    -130.525 0.3198   0.5247E+00  0.5764E-03 -0.1168E+00  0.2576E-02      -1  -0.766E-02    0.00  0.4417E-25  0.0000E+00
  18   -29.2400    -129.177 0.3205   0.5350E+00  0.5797E-03 -0.1124E+00  0.2525E-02      -1  -0.737E-02    0.00  0.8731E-25  0.0000E+00
  19   -30.9600    -127.808 0.3213   0.5456E+00  0.5831E-03 -0.1081E+00  0.2475E-02      -1  -0.709E-02    0.00  0.1739E-24  0.0000E+00
  20   -32.6800    -126.419 0.3221   0.5563E+00  0.5866E-03 -0.1039E+00  0.2424E-02      -1  -0.682E-02    0.00  0.3490E-24  0.0000E+00
  21   -34.4000    -125.010 0.3229   0.5671E+00  0.5901E-03 -0.9975E-01  0.2373E-02      -1  -0.655E-02    0.00  0.7061E-24  0.0000E+00
  22   -36.1200    -123.584 0.3237   0.5781E+00  0.5936E-03 -0.9571E-01  0.2323E-02      -1  -0.628E-02    0.00  0.1440E-23  0.0000E+00
  23   -37.8400    -122.140 0.3245   0.5892E+00  0.5972E-03 -0.9176E-01  0.2272E-02      -1  -0.602E-02    0.00  0.2962E-23  0.0000E+00
  24   -39.5600    -120.680 0.3253   0.6004E+00  0.6009E-03 -0.8790E-01  0.2221E-02      -1  -0.577E-02    0.00  0.6144E-23  0.0000E+00
  25   -41.2800    -119.202 0.3262   0.6197E+00  0.6045E-03 -0.8412E-01  0.2171E-02      -1  -0.552E-02    0.00  0.1286E-22  0.0000E+00
  26   -43.0000    -117.707 0.3272   0.6408E+00  0.6082E-03 -0.8043E-01  0.2120E-02      -1  -0.528E-02    0.00  0.2714E-22  0.0000E+00
  27   -44.7200    -116.194 0.3281   0.6620E+00  0.6119E-03 -0.7683E-01  0.2069E-02      -1  -0.504E-02    0.00  0.5783E-22  0.0000E+00
  28   -46.4400    -114.666 0.3291   0.6835E+00  0.6156E-03 -0.7331E-01  0.2019E-02      -1  -0.481E-02    0.00  0.1243E-21  0.0000E+00
  29   -48.1600    -113.124 0.3301   0.7052E+00  0.6194E-03 -0.6988E-01  0.1968E-02      -1  -0.459E-02    0.00  0.2699E-21  0.0000E+00
  30   -49.8800    -111.567 0.3311   0.7271E+00  0.6233E-03 -0.6654E-01  0.1918E-02      -1  -0.437E-02    0.00  0.5917E-21  0.0000E+00
  31   -51.6000    -110.112 0.2879   0.1154E+00  0.6293E-03 -0.6329E-01  0.1867E-02      -1  -0.415E-02    0.00  0.1327E-20  0.0000E+00
  32   -53.3200    -109.303 0.2884   0.1175E+00  0.6336E-03 -0.6012E-01  0.1816E-02      -1  -0.394E-02    0.00  0.2889E-20  0.0000E+00
  33   -55.0400    -108.432 0.2890   0.1199E+00  0.6383E-03 -0.5704E-01  0.1766E-02      -1  -0.374E-02    0.00  0.6262E-20  0.0000E+00
  34   -56.7600    -107.500 0.2896   0.1224E+00  0.6432E-03 -0.5404E-01  0.1715E-02      -1  -0.355E-02    0.00  0.1367E-19  0.0000E+00
  35   -58.4800    -106.511 0.2902   0.1250E+00  0.6485E-03 -0.5114E-01  0.1664E-02      -1  -0.336E-02    0.00  0.3017E-19  0.0000E+00
  36   -60.2000    -105.467 0.2909   0.1278E+00  0.6541E-03 -0.4832E-01  0.1614E-02      -1  -0.317E-02    0.00  0.6737E-19  0.0000E+00
  37   -61.9200    -104.372 0.2916   0.1307E+00  0.6599E-03 -0.4559E-01  0.1563E-02      -1  -0.299E-02    0.00  0.1523E-18  0.0000E+00
  38   -63.6400    -103.227 0.2923   0.1338E+00  0.6660E-03 -0.4294E-01  0.1512E-02      -1  -0.282E-02    0.00  0.3487E-18  0.0000E+00
  39   -65.3600    -102.036 0.2931   0.1370E+00  0.6723E-03 -0.4038E-01  0.1462E-02      -1  -0.265E-02    0.00  0.8086E-18  0.0000E+00
  40   -67.0800    -100.801 0.2938   0.1403E+00  0.6789E-03 -0.3791E-01  0.1411E-02      -1  -0.249E-02    0.00  0.1900E-17  0.0000E+00
  41   -68.8000     -99.526 0.2947   0.1437E+00  0.6857E-03 -0.3553E-01  0.1360E-02      -1  -0.233E-02    0.00  0.4525E-17  0.0000E+00
  42   -70.5200     -98.212 0.2955   0.1472E+00  0.6927E-03 -0.3323E-01  0.1310E-02      -1  -0.218E-02    0.00  0.1093E-16  0.0000E+00
  43   -72.2400     -96.863 0.2964   0.1508E+00  0.6999E-03 -0.3102E-01  0.1259E-02      -1  -0.204E-02    0.00  0.2675E-16  0.0000E+00
  44   -73.9600     -95.480 0.2972   0.1545E+00  0.7073E-03 -0.2890E-01  0.1208E-02      -1  -0.190E-02    0.00  0.6644E-16  0.0000E+00
  45   -75.6800     -94.063 0.2983   0.1622E+00  0.7171E-03 -0.2687E-01  0.1158E-02      -1  -0.176E-02    0.00  0.1674E-15  0.0000E+00
  46   -77.4000     -92.611 0.2995   0.1701E+00  0.7273E-03 -0.2492E-01  0.1107E-02      -1  -0.164E-02    0.00  0.4277E-15  0.0000E+00
  47   -79.1200     -91.128 0.3006   0.1782E+00  0.7376E-03 -0.2306E-01  0.1057E-02      -1  -0.151E-02    0.00  0.1108E-14  0.0000E+00
  48   -80.8400     -89.617 0.3018   0.1864E+00  0.7482E-03 -0.2129E-01  0.1006E-02      -1  -0.140E-02    0.00  0.2914E-14  0.0000E+00
  49   -82.5600     -88.081 0.3030   0.1948E+00  0.7589E-03 -0.1960E-01  0.9552E-03      -1  -0.129E-02    0.00  0.7769E-14  0.0000E+00
  50   -84.2800     -86.523 0.3042   0.2033E+00  0.7698E-03 -0.1800E-01  0.9046E-03      -1  -0.118E-02    0.00  0.2100E-13  0.0000E+00
  51   -86.0000     -84.946 0.3054   0.2119E+00  0.7808E-03 -0.1649E-01  0.8539E-03      -1  -0.108E-02    0.00  0.5754E-13  0.0000E+00
  52   -87.7200     -83.351 0.3066   0.2206E+00  0.7919E-03 -0.1506E-01  0.8033E-03      -1  -0.988E-03    0.00  0.1597E-12  0.0000E+00
  53   -89.4400     -81.741 0.3079   0.2294E+00  0.8032E-03 -0.1372E-01  0.7526E-03      -1  -0.901E-03    0.00  0.4487E-12  0.0000E+00
  54   -91.1600     -80.117 0.3091   0.2382E+00  0.8145E-03 -0.1247E-01  0.7020E-03      -1  -0.818E-03    0.00  0.1275E-11  0.0000E+00
  55   -92.8800     -78.481 0.3104   0.2472E+00  0.8260E-03 -0.1131E-01  0.6513E-03      -1  -0.742E-03    0.00  0.3659E-11  0.0000E+00
  56   -94.6000     -76.835 0.3117   0.2561E+00  0.8375E-03 -0.1023E-01  0.6007E-03      -1  -0.671E-03    0.00  0.1059E-10  0.0000E+00
  57   -96.3200     -75.178 0.3130   0.2676E+00  0.8497E-03 -0.9242E-02  0.5501E-03      -1  -0.606E-03    0.00  0.3089E-10  0.0000E+00
  58   -98.0400     -73.513 0.3145   0.2851E+00  0.8638E-03 -0.8340E-02  0.4994E-03      -1  -0.547E-03    0.00  0.9047E-10  0.0000E+00
  59   -99.7600     -71.839 0.3160   0.3028E+00  0.8779E-03 -0.7525E-02  0.4488E-03      -1  -0.494E-03    0.00  0.2655E-09  0.0000E+00
  60  -101.4800     -70.159 0.3176   0.3205E+00  0.8921E-03 -0.6796E-02  0.3981E-03      -1  -0.446E-03    0.00  0.7789E-09  0.0000E+00
  61  -103.2000     -68.472 0.3191   0.3383E+00  0.9063E-03 -0.6155E-02  0.3475E-03      -1  -0.404E-03    0.00  0.2277E-08  0.0000E+00
  62  -104.9200     -66.781 0.3207   0.3561E+00  0.9206E-03 -0.5601E-02  0.2968E-03      -1  -0.367E-03    0.00  0.6613E-08  0.0000E+00
  63  -106.6400     -65.087 0.3222   0.3740E+00  0.9349E-03 -0.5134E-02  0.2462E-03      -1  -0.337E-03    0.00  0.1901E-07  0.0000E+00
  64  -108.3600     -63.389 0.3237   0.3919E+00  0.9493E-03 -0.4754E-02  0.1955E-03      -1  -0.312E-03    0.00  0.5392E-07  0.0000E+00
  65  -110.0800     -61.688 0.3253   0.4099E+00  0.9636E-03 -0.4461E-02  0.1449E-03      -1  -0.293E-03    0.00  0.1504E-06  0.0000E+00
  66  -111.8000     -59.986 0.3268   0.4278E+00  0.9780E-03 -0.4255E-02  0.9423E-04      -1  -0.279E-03    0.00  0.4107E-06  0.0000E+00
  67  -113.5200     -58.282 0.3286   0.4603E+00  0.9937E-03 -0.4137E-02  0.4358E-04      -1  -0.271E-03    0.00  0.1094E-05  0.0000E+00
  68  -115.2400     -56.577 0.3304   0.4931E+00  0.1009E-02 -0.4099E-02  0.0000E+00      -1  -0.269E-03    0.00  0.2837E-05  0.0000E+00
  69  -116.9600     -54.871 0.3321   0.5260E+00  0.1025E-02 -0.4100E-02  0.0000E+00      -1  -0.269E-03    0.00  0.7142E-05  0.0000E+00
  70  -118.6800     -53.164 0.3339   0.5588E+00  0.1041E-02 -0.4100E-02  0.0000E+00      -1  -0.269E-03    0.00  0.1746E-04  0.0000E+00
  71  -120.4000     -51.456 0.3357   0.5917E+00  0.1057E-02 -0.4099E-02  0.0000E+00      -1  -0.269E-03    0.00  0.4148E-04  0.0000E+00
  72  -122.1200     -49.748 0.3374   0.6246E+00  0.1073E-02 -0.4099E-02  0.0000E+00      -1  -0.269E-03    0.00  0.9576E-04  0.0000E+00
  73  -123.8400     -48.039 0.3392   0.6575E+00  0.1088E-02 -0.4100E-02  0.0000E+00      -1  -0.269E-03    0.00  0.2148E-03  0.0000E+00
  74  -125.5600     -46.329 0.3411   0.7068E+00  0.1104E-02 -0.4099E-02  0.0000E+00      -1  -0.269E-03    0.00  0.4682E-03  0.0000E+00
  75  -127.2800     -44.619 0.3430   0.7634E+00  0.1119E-02 -0.4099E-02  0.0000E+00      -1  -0.269E-03    0.00  0.9914E-03  0.0000E+00
  76  -129.0000     -42.908 0.3450   0.8201E+00  0.1134E-02 -0.4100E-02  0.0000E+00      -1  -0.269E-03    0.00  0.2040E-02  0.0000E+00
  77  -130.7200     -41.196 0.3469   0.8768E+00  0.1149E-02 -0.4100E-02  0.0000E+00      -1  -0.269E-03    0.00  0.4078E-02  0.0000E+00
  78  -132.4400     -39.484 0.3489   0.9335E+00  0.1164E-02 -0.4100E-02  0.0000E+00      -1  -0.269E-03    0.00  0.7925E-02  0.0000E+00
  79  -134.1600     -37.771 0.3508   0.9903E+00  0.1180E-02 -0.4100E-02  0.0000E+00      -1  -0.269E-03    0.00  0.1497E-01  0.0000E+00
  80  -135.8800     -36.058 0.3529   0.1080E+01  0.1192E-02 -0.4100E-02  0.0000E+00      -1  -0.269E-03    0.00  0.2751E-01  0.0000E+00
  81  -137.6000     -34.344 0.3550   0.1172E+01  0.1204E-02 -0.4099E-02  0.0000E+00      -1  -0.269E-03    0.00  0.4915E-01  0.0000E+00
  82  -139.3200     -32.630 0.3570   0.1264E+01  0.1215E-02 -0.4098E-02  0.0000E+00      -1  -0.269E-03    0.00  0.8543E-01  0.0000E+00
  83  -141.0400     -30.915 0.3591   0.1356E+01  0.1227E-02 -0.4099E-02  0.0000E+00      -1  -0.269E-03    0.00  0.1445E+00  0.0000E+00
  84  -142.7600     -29.200 0.3612   0.1467E+01  0.1237E-02 -0.4099E-02  0.0000E+00      -1  -0.269E-03    0.00  0.2380E+00  0.0000E+00
  85  -144.4800     -27.485 0.3634   0.1608E+01  0.1242E-02 -0.4099E-02  0.0000E+00      -1  -0.269E-03    0.00  0.3816E+00  0.0000E+00
  86  -146.2000     -25.769 0.3655   0.1750E+01  0.1248E-02 -0.4099E-02  0.0000E+00      -1  -0.269E-03    0.00  0.5963E+00  0.0000E+00
  87  -147.9200     -24.053 0.3676   0.1892E+01  0.1253E-02 -0.4100E-02  0.0000E+00      -1  -0.269E-03    0.00  0.9082E+00  0.0000E+00
  88  -149.6400     -22.337 0.3698   0.2084E+01  0.1251E-02 -0.4100E-02  0.0000E+00      -1  -0.269E-03    0.00  0.1349E+01  0.0000E+00
  89  -151.3600     -20.620 0.3719   0.2291E+01  0.1247E-02 -0.4100E-02  0.0000E+00      -1  -0.269E-03    0.00  0.1955E+01  0.0000E+00
  90  -153.0800     -18.903 0.3741   0.2498E+01  0.1243E-02 -0.4101E-02  0.0000E+00      -1  -0.269E-03    0.00  0.2767E+01  0.0000E+00
  91  -154.8000     -17.185 0.3762   0.2781E+01  0.1229E-02 -0.4100E-02  0.0000E+00      -1  -0.269E-03    0.00  0.3825E+01  0.0000E+00
  92  -156.5200     -15.468 0.3783   0.3072E+01  0.1213E-02 -0.4099E-02  0.0000E+00      -1  -0.269E-03    0.00  0.5170E+01  0.0000E+00
  93  -158.2400     -13.750 0.3804   0.3428E+01  0.1188E-02 -0.4100E-02  0.0000E+00      -1  -0.269E-03    0.00  0.6836E+01  0.0000E+00
  94  -159.9600     -12.032 0.3824   0.3821E+01  0.1158E-02 -0.4100E-02  0.0000E+00      -1  -0.269E-03    0.00  0.8849E+01  0.0000E+00
  95  -161.6800     -10.314 0.3843   0.4319E+01  0.1114E-02 -0.4100E-02  0.0000E+00      -1  -0.269E-03    0.00  0.1122E+02  0.0000E+00
  96  -163.4000      -8.595 0.3862   0.4896E+01  0.1061E-02 -0.4100E-02  0.0000E+00      -1  -0.269E-03    0.00  0.1396E+02  0.0000E+00
  97  -165.1200      -6.877 0.3880   0.5608E+01  0.9913E-03 -0.4099E-02  0.0000E+00      -1  -0.269E-03    0.00  0.1704E+02  0.0000E+00
  98  -166.8400      -5.158 0.3896   0.6520E+01  0.9000E-03 -0.4099E-02  0.0000E+00      -1  -0.269E-03    0.00  0.2042E+02  0.0000E+00
  99  -168.5600      -3.439 0.3911   0.7745E+01  0.7771E-03 -0.4099E-02  0.0000E+00      -1  -0.269E-03    0.00  0.2407E+02  0.0000E+00
 100  -170.2800      -1.719 0.3923   0.9623E+01  0.5939E-03 -0.4099E-02  0.0000E+00      -1  -0.269E-03    0.00  0.2792E+02  0.0000E+00
 101  -172.0000       0.000 0.3930   0.1665E+02  0.0000E+00 -0.4099E-02  0.0000E+00      -1  -0.269E-03    0.00  0.3190E+02  0.0000E+00
end


 Time:     2555.0000


 Node      Depth      Head Moisture       K          C         Flux        Sink         Kappa   v/KsTop   Temp   Conc(1..NS) Sorb(1...NS)
           [L]        [L]    [-]        [L/T]      [1/L]      [L/T]        [1/T]         [-]      [-]      [C]      [M/L*3]

   1     0.0000    -148.332 0.3098   0.3877E+00  0.5321E-03 -0.1988E+00  0.3386E-02      -1  -0.130E-01    0.00  0.7031E-26  0.0000E+00
   2    -1.7200    -147.474 0.3102   0.3943E+00  0.5343E-03 -0.1930E+00  0.3336E-02      -1  -0.127E-01    0.00  0.8560E-26  0.0000E+00
   3    -3.4400    -146.576 0.3108   0.4013E+00  0.5365E-03 -0.1873E+00  0.3285E-02      -1  -0.123E-01    0.00  0.1231E-25  0.0000E+00
   4    -5.1600    -145.640 0.3113   0.4084E+00  0.5388E-03 -0.1817E+00  0.3234E-02      -1  -0.119E-01    0.00  0.1951E-25  0.0000E+00
   5    -6.8800    -144.667 0.3118   0.4159E+00  0.5412E-03 -0.1762E+00  0.3184E-02      -1  -0.116E-01    0.00  0.3246E-25  0.0000E+00
   6    -8.6000    -143.658 0.3124   0.4237E+00  0.5438E-03 -0.1708E+00  0.3133E-02      -1  -0.112E-01    0.00  0.5526E-25  0.0000E+00
   7   -10.3200    -142.614 0.3130   0.4317E+00  0.5464E-03 -0.1654E+00  0.3082E-02      -1  -0.109E-01    0.00  0.9524E-25  0.0000E+00
   8   -12.0400    -141.536 0.3136   0.4400E+00  0.5490E-03 -0.1602E+00  0.3032E-02      -1  -0.105E-01    0.00  0.1655E-24  0.0000E+00
   9   -13.7600    -140.426 0.3142   0.4485E+00  0.5518E-03 -0.1550E+00  0.2981E-02      -1  -0.102E-01    0.00  0.2894E-24  0.0000E+00
  10   -15.4800    -139.285 0.3148   0.4573E+00  0.5546E-03 -0.1499E+00  0.2930E-02      -1  -0.984E-02    0.00  0.5090E-24  0.0000E+00
  11   -17.2000    -138.114 0.3155   0.4663E+00  0.5575E-03 -0.1449E+00  0.2880E-02      -1  -0.951E-02    0.00  0.9006E-24  0.0000E+00
  12   -18.9200    -136.914 0.3162   0.4756E+00  0.5605E-03 -0.1400E+00  0.2829E-02      -1  -0.919E-02    0.00  0.1603E-23  0.0000E+00
  13   -20.6400    -135.687 0.3169   0.4850E+00  0.5636E-03 -0.1352E+00  0.2779E-02      -1  -0.887E-02    0.00  0.2870E-23  0.0000E+00
  14   -22.3600    -134.433 0.3176   0.4946E+00  0.5667E-03 -0.1305E+00  0.2728E-02      -1  -0.856E-02    0.00  0.5170E-23  0.0000E+00
  15   -24.0800    -133.154 0.3183   0.5045E+00  0.5699E-03 -0.1258E+00  0.2677E-02      -1  -0.826E-02    0.00  0.9371E-23  0.0000E+00
  16   -25.8000    -131.851 0.3190   0.5145E+00  0.5731E-03 -0.1213E+00  0.2627E-02      -1  -0.796E-02    0.00  0.1709E-22  0.0000E+00
  17   -27.5200    -130.525 0.3198   0.5247E+00  0.5764E-03 -0.1168E+00  0.2576E-02      -1  -0.766E-02    0.00  0.3139E-22  0.0000E+00
  18   -29.2400    -129.177 0.3205   0.5350E+00  0.5797E-03 -0.1124E+00  0.2525E-02      -1  -0.737E-02    0.00  0.5802E-22  0.0000E+00
  19   -30.9600    -127.808 0.3213   0.5456E+00  0.5831E-03 -0.1081E+00  0.2475E-02      -1  -0.709E-02    0.00  0.1080E-21  0.0000E+00
  20   -32.6800    -126.419 0.3221   0.5563E+00  0.5866E-03 -0.1039E+00  0.2424E-02      -1  -0.682E-02    0.00  0.2024E-21  0.0000E+00
  21   -34.4000    -125.010 0.3229   0.5671E+00  0.5901E-03 -0.9975E-01  0.2373E-02      -1  -0.655E-02    0.00  0.3820E-21  0.0000E+00
  22   -36.1200    -123.584 0.3237   0.5781E+00  0.5936E-03 -0.9571E-01  0.2323E-02      -1  -0.628E-02    0.00  0.7262E-21  0.0000E+00
  23   -37.8400    -122.140 0.3245   0.5892E+00  0.5972E-03 -0.9176E-01  0.2272E-02      -1  -0.602E-02    0.00  0.1391E-20  0.0000E+00
  24   -39.5600    -120.680 0.3253   0.6004E+00  0.6009E-03 -0.8790E-01  0.2221E-02      -1  -0.577E-02    0.00  0.2685E-20  0.0000E+00
  25   -41.2800    -119.202 0.3262   0.6197E+00  0.6045E-03 -0.8412E-01  0.2171E-02      -1  -0.552E-02    0.00  0.5223E-20  0.0000E+00
  26   -43.0000    -117.707 0.3272   0.6408E+00  0.6082E-03 -0.8043E-01  0.2120E-02      -1  -0.528E-02    0.00  0.1024E-19  0.0000E+00
  27   -44.7200    -116.194 0.3281   0.6620E+00  0.6119E-03 -0.7683E-01  0.2069E-02      -1  -0.504E-02    0.00  0.2025E-19  0.0000E+00
  28   -46.4400    -114.666 0.3291   0.6835E+00  0.6156E-03 -0.7331E-01  0.2019E-02      -1  -0.481E-02    0.00  0.4035E-19  0.0000E+00
  29   -48.1600    -113.124 0.3301   0.7052E+00  0.6194E-03 -0.6988E-01  0.1968E-02      -1  -0.459E-02    0.00  0.8112E-19  0.0000E+00
  30   -49.8800    -111.567 0.3311   0.7271E+00  0.6233E-03 -0.6654E-01  0.1918E-02      -1  -0.437E-02    0.00  0.1645E-18  0.0000E+00
  31   -51.6000    -110.112 0.2879   0.1154E+00  0.6293E-03 -0.6329E-01  0.1867E-02      -1  -0.415E-02    0.00  0.3405E-18  0.0000E+00
  32   -53.3200    -109.303 0.2884   0.1175E+00  0.6336E-03 -0.6012E-01  0.1816E-02      -1  -0.394E-02    0.00  0.6887E-18  0.0000E+00
  33   -55.0400    -108.432 0.2890   0.1199E+00  0.6383E-03 -0.5704E-01  0.1766E-02      -1  -0.374E-02    0.00  0.1385E-17  0.0000E+00
  34   -56.7600    -107.500 0.2896   0.1224E+00  0.6432E-03 -0.5404E-01  0.1715E-02      -1  -0.355E-02    0.00  0.2800E-17  0.0000E+00
  35   -58.4800    -106.511 0.2902   0.1250E+00  0.6485E-03 -0.5114E-01  0.1664E-02      -1  -0.336E-02    0.00  0.5713E-17  0.0000E+00
  36   -60.2000    -105.467 0.2909   0.1278E+00  0.6541E-03 -0.4832E-01  0.1614E-02      -1  -0.317E-02    0.00  0.1178E-16  0.0000E+00
  37   -61.9200    -104.372 0.2916   0.1307E+00  0.6599E-03 -0.4559E-01  0.1563E-02      -1  -0.299E-02    0.00  0.2456E-16  0.0000E+00
  38   -63.6400    -103.227 0.2923   0.1338E+00  0.6660E-03 -0.4294E-01  0.1512E-02      -1  -0.282E-02    0.00  0.5177E-16  0.0000E+00
  39   -65.3600    -102.036 0.2931   0.1370E+00  0.6723E-03 -0.4038E-01  0.1462E-02      -1  -0.265E-02    0.00  0.1104E-15  0.0000E+00
  40   -67.0800    -100.801 0.2938   0.1403E+00  0.6789E-03 -0.3791E-01  0.1411E-02      -1  -0.249E-02    0.00  0.2382E-15  0.0000E+00
  41   -68.8000     -99.526 0.2947   0.1437E+00  0.6857E-03 -0.3553E-01  0.1360E-02      -1  -0.233E-02    0.00  0.5202E-15  0.0000E+00
  42   -70.5200     -98.212 0.2955   0.1472E+00  0.6927E-03 -0.3323E-01  0.1310E-02      -1  -0.218E-02    0.00  0.1150E-14  0.0000E+00
  43   -72.2400     -96.863 0.2964   0.1508E+00  0.6999E-03 -0.3102E-01  0.1259E-02      -1  -0.204E-02    0.00  0.2575E-14  0.0000E+00
  44   -73.9600     -95.480 0.2972   0.1545E+00  0.7073E-03 -0.2890E-01  0.1208E-02      -1  -0.190E-02    0.00  0.5836E-14  0.0000E+00
  45   -75.6800     -94.063 0.2983   0.1622E+00  0.7171E-03 -0.2687E-01  0.1158E-02      -1  -0.176E-02    0.00  0.1340E-13  0.0000E+00
  46   -77.4000     -92.611 0.2995   0.1701E+00  0.7273E-03 -0.2492E-01  0.1107E-02      -1  -0.164E-02    0.00  0.3115E-13  0.0000E+00
  47   -79.1200     -91.128 0.3006   0.1782E+00  0.7376E-03 -0.2306E-01  0.1057E-02      -1  -0.151E-02    0.00  0.7335E-13  0.0000E+00
  48   -80.8400     -89.617 0.3018   0.1864E+00  0.7482E-03 -0.2129E-01  0.1006E-02      -1  -0.140E-02    0.00  0.1749E-12  0.0000E+00
  49   -82.5600     -88.081 0.3030   0.1948E+00  0.7589E-03 -0.1960E-01  0.9552E-03      -1  -0.129E-02    0.00  0.4222E-12  0.0000E+00
  50   -84.2800     -86.523 0.3042   0.2033E+00  0.7698E-03 -0.1800E-01  0.9046E-03      -1  -0.118E-02    0.00  0.1032E-11  0.0000E+00
  51   -86.0000     -84.946 0.3054   0.2119E+00  0.7808E-03 -0.1649E-01  0.8539E-03      -1  -0.108E-02    0.00  0.2551E-11  0.0000E+00
  52   -87.7200     -83.351 0.3066   0.2206E+00  0.7919E-03 -0.1506E-01  0.8033E-03      -1  -0.988E-03    0.00  0.6380E-11  0.0000E+00
  53   -89.4400     -81.741 0.3079   0.2294E+00  0.8032E-03 -0.1372E-01  0.7526E-03      -1  -0.901E-03    0.00  0.1613E-10  0.0000E+00
  54   -91.1600     -80.117 0.3091   0.2382E+00  0.8145E-03 -0.1247E-01  0.7020E-03      -1  -0.818E-03    0.00  0.4115E-10  0.0000E+00
  55   -92.8800     -78.481 0.3104   0.2472E+00  0.8260E-03 -0.1131E-01  0.6513E-03      -1  -0.742E-03    0.00  0.1059E-09  0.0000E+00
  56   -94.6000     -76.835 0.3117   0.2561E+00  0.8375E-03 -0.1023E-01  0.6007E-03      -1  -0.671E-03    0.00  0.2748E-09  0.0000E+00
  57   -96.3200     -75.178 0.3130   0.2676E+00  0.8497E-03 -0.9242E-02  0.5501E-03      -1  -0.606E-03    0.00  0.7166E-09  0.0000E+00
  58   -98.0400     -73.513 0.3145   0.2851E+00  0.8638E-03 -0.8340E-02  0.4994E-03      -1  -0.547E-03    0.00  0.1875E-08  0.0000E+00
  59   -99.7600     -71.839 0.3160   0.3028E+00  0.8779E-03 -0.7525E-02  0.4488E-03      -1  -0.494E-03    0.00  0.4914E-08  0.0000E+00
  60  -101.4800     -70.159 0.3176   0.3205E+00  0.8921E-03 -0.6796E-02  0.3981E-03      -1  -0.446E-03    0.00  0.1286E-07  0.0000E+00
  61  -103.2000     -68.472 0.3191   0.3383E+00  0.9063E-03 -0.6155E-02  0.3475E-03      -1  -0.404E-03    0.00  0.3352E-07  0.0000E+00
  62  -104.9200     -66.781 0.3207   0.3561E+00  0.9206E-03 -0.5601E-02  0.2968E-03      -1  -0.367E-03    0.00  0.8678E-07  0.0000E+00
  63  -106.6400     -65.087 0.3222   0.3740E+00  0.9349E-03 -0.5134E-02  0.2462E-03      -1  -0.337E-03    0.00  0.2225E-06  0.0000E+00
  64  -108.3600     -63.389 0.3237   0.3919E+00  0.9493E-03 -0.4754E-02  0.1955E-03      -1  -0.312E-03    0.00  0.5628E-06  0.0000E+00
  65  -110.0800     -61.688 0.3253   0.4099E+00  0.9636E-03 -0.4461E-02  0.1449E-03      -1  -0.293E-03    0.00  0.1401E-05  0.0000E+00
  66  -111.8000     -59.986 0.3268   0.4278E+00  0.9780E-03 -0.4255E-02  0.9423E-04      -1  -0.279E-03    0.00  0.3420E-05  0.0000E+00
  67  -113.5200     -58.282 0.3286   0.4603E+00  0.9937E-03 -0.4137E-02  0.4358E-04      -1  -0.271E-03    0.00  0.8160E-05  0.0000E+00
  68  -115.2400     -56.577 0.3304   0.4931E+00  0.1009E-02 -0.4099E-02  0.0000E+00      -1  -0.269E-03    0.00  0.1897E-04  0.0000E+00
  69  -116.9600     -54.871 0.3321   0.5260E+00  0.1025E-02 -0.4100E-02  0.0000E+00      -1  -0.269E-03    0.00  0.4295E-04  0.0000E+00
  70  -118.6800     -53.164 0.3339   0.5588E+00  0.1041E-02 -0.4100E-02  0.0000E+00      -1  -0.269E-03    0.00  0.9465E-04  0.0000E+00
  71  -120.4000     -51.456 0.3357   0.5917E+00  0.1057E-02 -0.4099E-02  0.0000E+00      -1  -0.269E-03    0.00  0.2032E-03  0.0000E+00
  72  -122.1200     -49.748 0.3374   0.6246E+00  0.1073E-02 -0.4099E-02  0.0000E+00      -1  -0.269E-03    0.00  0.4250E-03  0.0000E+00
  73  -123.8400     -48.039 0.3392   0.6575E+00  0.1088E-02 -0.4100E-02  0.0000E+00      -1  -0.269E-03    0.00  0.8664E-03  0.0000E+00
  74  -125.5600     -46.329 0.3411   0.7068E+00  0.1104E-02 -0.4099E-02  0.0000E+00      -1  -0.269E-03    0.00  0.1721E-02  0.0000E+00
  75  -127.2800     -44.619 0.3430   0.7634E+00  0.1119E-02 -0.4099E-02  0.0000E+00      -1  -0.269E-03    0.00  0.3330E-02  0.0000E+00
  76  -129.0000     -42.908 0.3450   0.8201E+00  0.1134E-02 -0.4100E-02  0.0000E+00      -1  -0.269E-03    0.00  0.6280E-02  0.0000E+00
  77  -130.7200     -41.196 0.3469   0.8768E+00  0.1149E-02 -0.4100E-02  0.0000E+00      -1  -0.269E-03    0.00  0.1155E-01  0.0000E+00
  78  -132.4400     -39.484 0.3489   0.9335E+00  0.1164E-02 -0.4100E-02  0.0000E+00      -1  -0.269E-03    0.00  0.2070E-01  0.0000E+00
  79  -134.1600     -37.771 0.3508   0.9903E+00  0.1180E-02 -0.4100E-02  0.0000E+00      -1  -0.269E-03    0.00  0.3619E-01  0.0000E+00
  80  -135.8800     -36.058 0.3529   0.1080E+01  0.1192E-02 -0.4100E-02  0.0000E+00      -1  -0.269E-03    0.00  0.6173E-01  0.0000E+00
  81  -137.6000     -34.344 0.3550   0.1172E+01  0.1204E-02 -0.4099E-02  0.0000E+00      -1  -0.269E-03    0.00  0.1027E+00  0.0000E+00
  82  -139.3200     -32.630 0.3570   0.1264E+01  0.1215E-02 -0.4098E-02  0.0000E+00      -1  -0.269E-03    0.00  0.1669E+00  0.0000E+00
  83  -141.0400     -30.915 0.3591   0.1356E+01  0.1227E-02 -0.4099E-02  0.0000E+00      -1  -0.269E-03    0.00  0.2647E+00  0.0000E+00
  84  -142.7600     -29.200 0.3612   0.1467E+01  0.1237E-02 -0.4099E-02  0.0000E+00      -1  -0.269E-03    0.00  0.4102E+00  0.0000E+00
  85  -144.4800     -27.485 0.3634   0.1608E+01  0.1242E-02 -0.4099E-02  0.0000E+00      -1  -0.269E-03    0.00  0.6210E+00  0.0000E+00
  86  -146.2000     -25.769 0.3655   0.1750E+01  0.1248E-02 -0.4099E-02  0.0000E+00      -1  -0.269E-03    0.00  0.9193E+00  0.0000E+00
  87  -147.9200     -24.053 0.3676   0.1892E+01  0.1253E-02 -0.4100E-02  0.0000E+00      -1  -0.269E-03    0.00  0.1331E+01  0.0000E+00
  88  -149.6400     -22.337 0.3698   0.2084E+01  0.1251E-02 -0.4100E-02  0.0000E+00      -1  -0.269E-03    0.00  0.1885E+01  0.0000E+00
  89  -151.3600     -20.620 0.3719   0.2291E+01  0.1247E-02 -0.4100E-02  0.0000E+00      -1  -0.269E-03    0.00  0.2615E+01  0.0000E+00
  90  -153.0800     -18.903 0.3741   0.2498E+01  0.1243E-02 -0.4101E-02  0.0000E+00      -1  -0.269E-03    0.00  0.3553E+01  0.0000E+00
  91  -154.8000     -17.185 0.3762   0.2781E+01  0.1229E-02 -0.4100E-02  0.0000E+00      -1  -0.269E-03    0.00  0.4732E+01  0.0000E+00
  92  -156.5200     -15.468 0.3783   0.3072E+01  0.1213E-02 -0.4099E-02  0.0000E+00      -1  -0.269E-03    0.00  0.6181E+01  0.0000E+00
  93  -158.2400     -13.750 0.3804   0.3428E+01  0.1188E-02 -0.4100E-02  0.0000E+00      -1  -0.269E-03    0.00  0.7923E+01  0.0000E+00
  94  -159.9600     -12.032 0.3824   0.3821E+01  0.1158E-02 -0.4100E-02  0.0000E+00      -1  -0.269E-03    0.00  0.9973E+01  0.0000E+00
  95  -161.6800     -10.314 0.3843   0.4319E+01  0.1114E-02 -0.4100E-02  0.0000E+00      -1  -0.269E-03    0.00  0.1234E+02  0.0000E+00
  96  -163.4000      -8.595 0.3862   0.4896E+01  0.1061E-02 -0.4100E-02  0.0000E+00      -1  -0.269E-03    0.00  0.1501E+02  0.0000E+00
  97  -165.1200      -6.877 0.3880   0.5608E+01  0.9913E-03 -0.4099E-02  0.0000E+00      -1  -0.269E-03    0.00  0.1796E+02  0.0000E+00
  98  -166.8400      -5.158 0.3896   0.6520E+01  0.9000E-03 -0.4099E-02  0.0000E+00      -1  -0.269E-03    0.00  0.2117E+02  0.0000E+00
  99  -168.5600      -3.439 0.3911   0.7745E+01  0.7771E-03 -0.4099E-02  0.0000E+00      -1  -0.269E-03    0.00  0.2460E+02  0.0000E+00
 100  -170.2800      -1.719 0.3923   0.9623E+01  0.5939E-03 -0.4099E-02  0.0000E+00      -1  -0.269E-03    0.00  0.2819E+02  0.0000E+00
 101  -172.0000       0.000 0.3930   0.1665E+02  0.0000E+00 -0.4099E-02  0.0000E+00      -1  -0.269E-03    0.00  0.3190E+02  0.0000E+00
end


 Time:     2920.0000


 Node      Depth      Head Moisture       K          C         Flux        Sink         Kappa   v/KsTop   Temp   Conc(1..NS) Sorb(1...NS)
           [L]        [L]    [-]        [L/T]      [1/L]      [L/T]        [1/T]         [-]      [-]      [C]      [M/L*3]

   1     0.0000    -148.332 0.3098   0.3877E+00  0.5321E-03 -0.1988E+00  0.3386E-02      -1  -0.130E-01    0.00  0.2902E-23  0.0000E+00
   2    -1.7200    -147.474 0.3102   0.3943E+00  0.5343E-03 -0.1930E+00  0.3336E-02      -1  -0.127E-01    0.00  0.3470E-23  0.0000E+00
   3    -3.4400    -146.576 0.3108   0.4013E+00  0.5365E-03 -0.1873E+00  0.3285E-02      -1  -0.123E-01    0.00  0.4773E-23  0.0000E+00
   4    -5.1600    -145.640 0.3113   0.4084E+00  0.5388E-03 -0.1817E+00  0.3234E-02      -1  -0.119E-01    0.00  0.7178E-23  0.0000E+00
   5    -6.8800    -144.667 0.3118   0.4159E+00  0.5412E-03 -0.1762E+00  0.3184E-02      -1  -0.116E-01    0.00  0.1133E-22  0.0000E+00
   6    -8.6000    -143.658 0.3124   0.4237E+00  0.5438E-03 -0.1708E+00  0.3133E-02      -1  -0.112E-01    0.00  0.1833E-22  0.0000E+00
   7   -10.3200    -142.614 0.3130   0.4317E+00  0.5464E-03 -0.1654E+00  0.3082E-02      -1  -0.109E-01    0.00  0.3007E-22  0.0000E+00
   8   -12.0400    -141.536 0.3136   0.4400E+00  0.5490E-03 -0.1602E+00  0.3032E-02      -1  -0.105E-01    0.00  0.4974E-22  0.0000E+00
   9   -13.7600    -140.426 0.3142   0.4485E+00  0.5518E-03 -0.1550E+00  0.2981E-02      -1  -0.102E-01    0.00  0.8281E-22  0.0000E+00
  10   -15.4800    -139.285 0.3148   0.4573E+00  0.5546E-03 -0.1499E+00  0.2930E-02      -1  -0.984E-02    0.00  0.1387E-21  0.0000E+00
  11   -17.2000    -138.114 0.3155   0.4663E+00  0.5575E-03 -0.1449E+00  0.2880E-02      -1  -0.951E-02    0.00  0.2334E-21  0.0000E+00
  12   -18.9200    -136.914 0.3162   0.4756E+00  0.5605E-03 -0.1400E+00  0.2829E-02      -1  -0.919E-02    0.00  0.3951E-21  0.0000E+00
  13   -20.6400    -135.687 0.3169   0.4850E+00  0.5636E-03 -0.1352E+00  0.2779E-02      -1  -0.887E-02    0.00  0.6723E-21  0.0000E+00
  14   -22.3600    -134.433 0.3176   0.4946E+00  0.5667E-03 -0.1305E+00  0.2728E-02      -1  -0.856E-02    0.00  0.1150E-20  0.0000E+00
  15   -24.0800    -133.154 0.3183   0.5045E+00  0.5699E-03 -0.1258E+00  0.2677E-02      -1  -0.826E-02    0.00  0.1980E-20  0.0000E+00
  16   -25.8000    -131.851 0.3190   0.5145E+00  0.5731E-03 -0.1213E+00  0.2627E-02      -1  -0.796E-02    0.00  0.3426E-20  0.0000E+00
  17   -27.5200    -130.525 0.3198   0.5247E+00  0.5764E-03 -0.1168E+00  0.2576E-02      -1  -0.766E-02    0.00  0.5965E-20  0.0000E+00
  18   -29.2400    -129.177 0.3205   0.5350E+00  0.5797E-03 -0.1124E+00  0.2525E-02      -1  -0.737E-02    0.00  0.1045E-19  0.0000E+00
  19   -30.9600    -127.808 0.3213   0.5456E+00  0.5831E-03 -0.1081E+00  0.2475E-02      -1  -0.709E-02    0.00  0.1841E-19  0.0000E+00
  20   -32.6800    -126.419 0.3221   0.5563E+00  0.5866E-03 -0.1039E+00  0.2424E-02      -1  -0.682E-02    0.00  0.3265E-19  0.0000E+00
  21   -34.4000    -125.010 0.3229   0.5671E+00  0.5901E-03 -0.9975E-01  0.2373E-02      -1  -0.655E-02    0.00  0.5827E-19  0.0000E+00
  22   -36.1200    -123.584 0.3237   0.5781E+00  0.5936E-03 -0.9571E-01  0.2323E-02      -1  -0.628E-02    0.00  0.1047E-18  0.0000E+00
  23   -37.8400    -122.140 0.3245   0.5892E+00  0.5972E-03 -0.9176E-01  0.2272E-02      -1  -0.602E-02    0.00  0.1893E-18  0.0000E+00
  24   -39.5600    -120.680 0.3253   0.6004E+00  0.6009E-03 -0.8790E-01  0.2221E-02      -1  -0.577E-02    0.00  0.3448E-18  0.0000E+00
  25   -41.2800    -119.202 0.3262   0.6197E+00  0.6045E-03 -0.8412E-01  0.2171E-02      -1  -0.552E-02    0.00  0.6325E-18  0.0000E+00
  26   -43.0000    -117.707 0.3272   0.6408E+00  0.6082E-03 -0.8043E-01  0.2120E-02      -1  -0.528E-02    0.00  0.1168E-17  0.0000E+00
  27   -44.7200    -116.194 0.3281   0.6620E+00  0.6119E-03 -0.7683E-01  0.2069E-02      -1  -0.504E-02    0.00  0.2174E-17  0.0000E+00
  28   -46.4400    -114.666 0.3291   0.6835E+00  0.6156E-03 -0.7331E-01  0.2019E-02      -1  -0.481E-02    0.00  0.4076E-17  0.0000E+00
  29   -48.1600    -113.124 0.3301   0.7052E+00  0.6194E-03 -0.6988E-01  0.1968E-02      -1  -0.459E-02    0.00  0.7699E-17  0.0000E+00
  30   -49.8800    -111.567 0.3311   0.7271E+00  0.6233E-03 -0.6654E-01  0.1918E-02      -1  -0.437E-02    0.00  0.1466E-16  0.0000E+00
  31   -51.6000    -110.112 0.2879   0.1154E+00  0.6293E-03 -0.6329E-01  0.1867E-02      -1  -0.415E-02    0.00  0.2845E-16  0.0000E+00
  32   -53.3200    -109.303 0.2884   0.1175E+00  0.6336E-03 -0.6012E-01  0.1816E-02      -1  -0.394E-02    0.00  0.5418E-16  0.0000E+00
  33   -55.0400    -108.432 0.2890   0.1199E+00  0.6383E-03 -0.5704E-01  0.1766E-02      -1  -0.374E-02    0.00  0.1025E-15  0.0000E+00
  34   -56.7600    -107.500 0.2896   0.1224E+00  0.6432E-03 -0.5404E-01  0.1715E-02      -1  -0.355E-02    0.00  0.1949E-15  0.0000E+00
  35   -58.4800    -106.511 0.2902   0.1250E+00  0.6485E-03 -0.5114E-01  0.1664E-02      -1  -0.336E-02    0.00  0.3733E-15  0.0000E+00
  36   -60.2000    -105.467 0.2909   0.1278E+00  0.6541E-03 -0.4832E-01  0.1614E-02      -1  -0.317E-02    0.00  0.7218E-15  0.0000E+00
  37   -61.9200    -104.372 0.2916   0.1307E+00  0.6599E-03 -0.4559E-01  0.1563E-02      -1  -0.299E-02    0.00  0.1409E-14  0.0000E+00
  38   -63.6400    -103.227 0.2923   0.1338E+00  0.6660E-03 -0.4294E-01  0.1512E-02      -1  -0.282E-02    0.00  0.2779E-14  0.0000E+00
  39   -65.3600    -102.036 0.2931   0.1370E+00  0.6723E-03 -0.4038E-01  0.1462E-02      -1  -0.265E-02    0.00  0.5538E-14  0.0000E+00
  40   -67.0800    -100.801 0.2938   0.1403E+00  0.6789E-03 -0.3791E-01  0.1411E-02      -1  -0.249E-02    0.00  0.1115E-13  0.0000E+00
  41   -68.8000     -99.526 0.2947   0.1437E+00  0.6857E-03 -0.3553E-01  0.1360E-02      -1  -0.233E-02    0.00  0.2271E-13  0.0000E+00
  42   -70.5200     -98.212 0.2955   0.1472E+00  0.6927E-03 -0.3323E-01  0.1310E-02      -1  -0.218E-02    0.00  0.4674E-13  0.0000E+00
  43   -72.2400     -96.863 0.2964   0.1508E+00  0.6999E-03 -0.3102E-01  0.1259E-02      -1  -0.204E-02    0.00  0.9729E-13  0.0000E+00
  44   -73.9600     -95.480 0.2972   0.1545E+00  0.7073E-03 -0.2890E-01  0.1208E-02      -1  -0.190E-02    0.00  0.2048E-12  0.0000E+00
  45   -75.6800     -94.063 0.2983   0.1622E+00  0.7171E-03 -0.2687E-01  0.1158E-02      -1  -0.176E-02    0.00  0.4362E-12  0.0000E+00
  46   -77.4000     -92.611 0.2995   0.1701E+00  0.7273E-03 -0.2492E-01  0.1107E-02      -1  -0.164E-02    0.00  0.9393E-12  0.0000E+00
  47   -79.1200     -91.128 0.3006   0.1782E+00  0.7376E-03 -0.2306E-01  0.1057E-02      -1  -0.151E-02    0.00  0.2046E-11  0.0000E+00
  48   -80.8400     -89.617 0.3018   0.1864E+00  0.7482E-03 -0.2129E-01  0.1006E-02      -1  -0.140E-02    0.00  0.4507E-11  0.0000E+00
  49   -82.5600     -88.081 0.3030   0.1948E+00  0.7589E-03 -0.1960E-01  0.9552E-03      -1  -0.129E-02    0.00  0.1004E-10  0.0000E+00
  50   -84.2800     -86.523 0.3042   0.2033E+00  0.7698E-03 -0.1800E-01  0.9046E-03      -1  -0.118E-02    0.00  0.2260E-10  0.0000E+00
  51   -86.0000     -84.946 0.3054   0.2119E+00  0.7808E-03 -0.1649E-01  0.8539E-03      -1  -0.108E-02    0.00  0.5142E-10  0.0000E+00
  52   -87.7200     -83.351 0.3066   0.2206E+00  0.7919E-03 -0.1506E-01  0.8033E-03      -1  -0.988E-03    0.00  0.1182E-09  0.0000E+00
  53   -89.4400     -81.741 0.3079   0.2294E+00  0.8032E-03 -0.1372E-01  0.7526E-03      -1  -0.901E-03    0.00  0.2741E-09  0.0000E+00
  54   -91.1600     -80.117 0.3091   0.2382E+00  0.8145E-03 -0.1247E-01  0.7020E-03      -1  -0.818E-03    0.00  0.6412E-09  0.0000E+00
  55   -92.8800     -78.481 0.3104   0.2472E+00  0.8260E-03 -0.1131E-01  0.6513E-03      -1  -0.742E-03    0.00  0.1511E-08  0.0000E+00
  56   -94.6000     -76.835 0.3117   0.2561E+00  0.8375E-03 -0.1023E-01  0.6007E-03      -1  -0.671E-03    0.00  0.3585E-08  0.0000E+00
  57   -96.3200     -75.178 0.3130   0.2676E+00  0.8497E-03 -0.9242E-02  0.5501E-03      -1  -0.606E-03    0.00  0.8541E-08  0.0000E+00
  58   -98.0400     -73.513 0.3145   0.2851E+00  0.8638E-03 -0.8340E-02  0.4994E-03      -1  -0.547E-03    0.00  0.2041E-07  0.0000E+00
  59   -99.7600     -71.839 0.3160   0.3028E+00  0.8779E-03 -0.7525E-02  0.4488E-03      -1  -0.494E-03    0.00  0.4877E-07  0.0000E+00
  60  -101.4800     -70.159 0.3176   0.3205E+00  0.8921E-03 -0.6796E-02  0.3981E-03      -1  -0.446E-03    0.00  0.1164E-06  0.0000E+00
  61  -103.2000     -68.472 0.3191   0.3383E+00  0.9063E-03 -0.6155E-02  0.3475E-03      -1  -0.404E-03    0.00  0.2765E-06  0.0000E+00
  62  -104.9200     -66.781 0.3207   0.3561E+00  0.9206E-03 -0.5601E-02  0.2968E-03      -1  -0.367E-03    0.00  0.6526E-06  0.0000E+00
  63  -106.6400     -65.087 0.3222   0.3740E+00  0.9349E-03 -0.5134E-02  0.2462E-03      -1  -0.337E-03    0.00  0.1525E-05  0.0000E+00
  64  -108.3600     -63.389 0.3237   0.3919E+00  0.9493E-03 -0.4754E-02  0.1955E-03      -1  -0.312E-03    0.00  0.3520E-05  0.0000E+00
  65  -110.0800     -61.688 0.3253   0.4099E+00  0.9636E-03 -0.4461E-02  0.1449E-03      -1  -0.293E-03    0.00  0.7999E-05  0.0000E+00
  66  -111.8000     -59.986 0.3268   0.4278E+00  0.9780E-03 -0.4255E-02  0.9423E-04      -1  -0.279E-03    0.00  0.1785E-04  0.0000E+00
  67  -113.5200     -58.282 0.3286   0.4603E+00  0.9937E-03 -0.4137E-02  0.4358E-04      -1  -0.271E-03    0.00  0.3898E-04  0.0000E+00
  68  -115.2400     -56.577 0.3304   0.4931E+00  0.1009E-02 -0.4099E-02  0.0000E+00      -1  -0.269E-03    0.00  0.8313E-04  0.0000E+00
  69  -116.9600     -54.871 0.3321   0.5260E+00  0.1025E-02 -0.4100E-02  0.0000E+00      -1  -0.269E-03    0.00  0.1729E-03  0.0000E+00
  70  -118.6800     -53.164 0.3339   0.5588E+00  0.1041E-02 -0.4100E-02  0.0000E+00      -1  -0.269E-03    0.00  0.3510E-03  0.0000E+00
  71  -120.4000     -51.456 0.3357   0.5917E+00  0.1057E-02 -0.4099E-02  0.0000E+00      -1  -0.269E-03    0.00  0.6955E-03  0.0000E+00
  72  -122.1200     -49.748 0.3374   0.6246E+00  0.1073E-02 -0.4099E-02  0.0000E+00      -1  -0.269E-03    0.00  0.1346E-02  0.0000E+00
  73  -123.8400     -48.039 0.3392   0.6575E+00  0.1088E-02 -0.4100E-02  0.0000E+00      -1  -0.269E-03    0.00  0.2545E-02  0.0000E+00
  74  -125.5600     -46.329 0.3411   0.7068E+00  0.1104E-02 -0.4099E-02  0.0000E+00      -1  -0.269E-03    0.00  0.4699E-02  0.0000E+00
  75  -127.2800     -44.619 0.3430   0.7634E+00  0.1119E-02 -0.4099E-02  0.0000E+00      -1  -0.269E-03    0.00  0.8474E-02  0.0000E+00
  76  -129.0000     -42.908 0.3450   0.8201E+00  0.1134E-02 -0.4100E-02  0.0000E+00      -1  -0.269E-03    0.00  0.1493E-01  0.0000E+00
  77  -130.7200     -41.196 0.3469   0.8768E+00  0.1149E-02 -0.4100E-02  0.0000E+00      -1  -0.269E-03    0.00  0.2572E-01  0.0000E+00
  78  -132.4400     -39.484 0.3489   0.9335E+00  0.1164E-02 -0.4100E-02  0.0000E+00      -1  -0.269E-03    0.00  0.4330E-01  0.0000E+00
  79  -134.1600     -37.771 0.3508   0.9903E+00  0.1180E-02 -0.4100E-02  0.0000E+00      -1  -0.269E-03    0.00  0.7130E-01  0.0000E+00
  80  -135.8800     -36.058 0.3529   0.1080E+01  0.1192E-02 -0.4100E-02  0.0000E+00      -1  -0.269E-03    0.00  0.1148E+00  0.0000E+00
  81  -137.6000     -34.344 0.3550   0.1172E+01  0.1204E-02 -0.4099E-02  0.0000E+00      -1  -0.269E-03    0.00  0.1809E+00  0.0000E+00
  82  -139.3200     -32.630 0.3570   0.1264E+01  0.1215E-02 -0.4098E-02  0.0000E+00      -1  -0.269E-03    0.00  0.2790E+00  0.0000E+00
  83  -141.0400     -30.915 0.3591   0.1356E+01  0.1227E-02 -0.4099E-02  0.0000E+00      -1  -0.269E-03    0.00  0.4212E+00  0.0000E+00
  84  -142.7600     -29.200 0.3612   0.1467E+01  0.1237E-02 -0.4099E-02  0.0000E+00      -1  -0.269E-03    0.00  0.6228E+00  0.0000E+00
  85  -144.4800     -27.485 0.3634   0.1608E+01  0.1242E-02 -0.4099E-02  0.0000E+00      -1  -0.269E-03    0.00  0.9024E+00  0.0000E+00
  86  -146.2000     -25.769 0.3655   0.1750E+01  0.1248E-02 -0.4099E-02  0.0000E+00      -1  -0.269E-03    0.00  0.1282E+01  0.0000E+00
  87  -147.9200     -24.053 0.3676   0.1892E+01  0.1253E-02 -0.4100E-02  0.0000E+00      -1  -0.269E-03    0.00  0.1785E+01  0.0000E+00
  88  -149.6400     -22.337 0.3698   0.2084E+01  0.1251E-02 -0.4100E-02  0.0000E+00      -1  -0.269E-03    0.00  0.2439E+01  0.0000E+00
  89  -151.3600     -20.620 0.3719   0.2291E+01  0.1247E-02 -0.4100E-02  0.0000E+00      -1  -0.269E-03    0.00  0.3271E+01  0.0000E+00
  90  -153.0800     -18.903 0.3741   0.2498E+01  0.1243E-02 -0.4101E-02  0.0000E+00      -1  -0.269E-03    0.00  0.4309E+01  0.0000E+00
  91  -154.8000     -17.185 0.3762   0.2781E+01  0.1229E-02 -0.4100E-02  0.0000E+00      -1  -0.269E-03    0.00  0.5577E+01  0.0000E+00
  92  -156.5200     -15.468 0.3783   0.3072E+01  0.1213E-02 -0.4099E-02  0.0000E+00      -1  -0.269E-03    0.00  0.7097E+01  0.0000E+00
  93  -158.2400     -13.750 0.3804   0.3428E+01  0.1188E-02 -0.4100E-02  0.0000E+00      -1  -0.269E-03    0.00  0.8884E+01  0.0000E+00
  94  -159.9600     -12.032 0.3824   0.3821E+01  0.1158E-02 -0.4100E-02  0.0000E+00      -1  -0.269E-03    0.00  0.1095E+02  0.0000E+00
  95  -161.6800     -10.314 0.3843   0.4319E+01  0.1114E-02 -0.4100E-02  0.0000E+00      -1  -0.269E-03    0.00  0.1328E+02  0.0000E+00
  96  -163.4000      -8.595 0.3862   0.4896E+01  0.1061E-02 -0.4100E-02  0.0000E+00      -1  -0.269E-03    0.00  0.1588E+02  0.0000E+00
  97  -165.1200      -6.877 0.3880   0.5608E+01  0.9913E-03 -0.4099E-02  0.0000E+00      -1  -0.269E-03    0.00  0.1873E+02  0.0000E+00
  98  -166.8400      -5.158 0.3896   0.6520E+01  0.9000E-03 -0.4099E-02  0.0000E+00      -1  -0.269E-03    0.00  0.2179E+02  0.0000E+00
  99  -168.5600      -3.439 0.3911   0.7745E+01  0.7771E-03 -0.4099E-02  0.0000E+00      -1  -0.269E-03    0.00  0.2503E+02  0.0000E+00
 100  -170.2800      -1.719 0.3923   0.9623E+01  0.5939E-03 -0.4099E-02  0.0000E+00      -1  -0.269E-03    0.00  0.2842E+02  0.0000E+00
 101  -172.0000       0.000 0.3930   0.1665E+02  0.0000E+00 -0.4099E-02  0.0000E+00      -1  -0.269E-03    0.00  0.3190E+02  0.0000E+00
end


 Time:     3285.0000


 Node      Depth      Head Moisture       K          C         Flux        Sink         Kappa   v/KsTop   Temp   Conc(1..NS) Sorb(1...NS)
           [L]        [L]    [-]        [L/T]      [1/L]      [L/T]        [1/T]         [-]      [-]      [C]      [M/L*3]

   1     0.0000    -148.332 0.3098   0.3877E+00  0.5321E-03 -0.1988E+00  0.3386E-02      -1  -0.130E-01    0.00  0.3989E-21  0.0000E+00
   2    -1.7200    -147.474 0.3102   0.3943E+00  0.5343E-03 -0.1930E+00  0.3336E-02      -1  -0.127E-01    0.00  0.4704E-21  0.0000E+00
   3    -3.4400    -146.576 0.3108   0.4013E+00  0.5365E-03 -0.1873E+00  0.3285E-02      -1  -0.123E-01    0.00  0.6254E-21  0.0000E+00
   4    -5.1600    -145.640 0.3113   0.4084E+00  0.5388E-03 -0.1817E+00  0.3234E-02      -1  -0.119E-01    0.00  0.9016E-21  0.0000E+00
   5    -6.8800    -144.667 0.3118   0.4159E+00  0.5412E-03 -0.1762E+00  0.3184E-02      -1  -0.116E-01    0.00  0.1362E-20  0.0000E+00
   6    -8.6000    -143.658 0.3124   0.4237E+00  0.5438E-03 -0.1708E+00  0.3133E-02      -1  -0.112E-01    0.00  0.2113E-20  0.0000E+00
   7   -10.3200    -142.614 0.3130   0.4317E+00  0.5464E-03 -0.1654E+00  0.3082E-02      -1  -0.109E-01    0.00  0.3325E-20  0.0000E+00
   8   -12.0400    -141.536 0.3136   0.4400E+00  0.5490E-03 -0.1602E+00  0.3032E-02      -1  -0.105E-01    0.00  0.5281E-20  0.0000E+00
   9   -13.7600    -140.426 0.3142   0.4485E+00  0.5518E-03 -0.1550E+00  0.2981E-02      -1  -0.102E-01    0.00  0.8444E-20  0.0000E+00
  10   -15.4800    -139.285 0.3148   0.4573E+00  0.5546E-03 -0.1499E+00  0.2930E-02      -1  -0.984E-02    0.00  0.1357E-19  0.0000E+00
  11   -17.2000    -138.114 0.3155   0.4663E+00  0.5575E-03 -0.1449E+00  0.2880E-02      -1  -0.951E-02    0.00  0.2193E-19  0.0000E+00
  12   -18.9200    -136.914 0.3162   0.4756E+00  0.5605E-03 -0.1400E+00  0.2829E-02      -1  -0.919E-02    0.00  0.3562E-19  0.0000E+00
  13   -20.6400    -135.687 0.3169   0.4850E+00  0.5636E-03 -0.1352E+00  0.2779E-02      -1  -0.887E-02    0.00  0.5813E-19  0.0000E+00
  14   -22.3600    -134.433 0.3176   0.4946E+00  0.5667E-03 -0.1305E+00  0.2728E-02      -1  -0.856E-02    0.00  0.9534E-19  0.0000E+00
  15   -24.0800    -133.154 0.3183   0.5045E+00  0.5699E-03 -0.1258E+00  0.2677E-02      -1  -0.826E-02    0.00  0.1572E-18  0.0000E+00
  16   -25.8000    -131.851 0.3190   0.5145E+00  0.5731E-03 -0.1213E+00  0.2627E-02      -1  -0.796E-02    0.00  0.2605E-18  0.0000E+00
  17   -27.5200    -130.525 0.3198   0.5247E+00  0.5764E-03 -0.1168E+00  0.2576E-02      -1  -0.766E-02    0.00  0.4340E-18  0.0000E+00
  18   -29.2400    -129.177 0.3205   0.5350E+00  0.5797E-03 -0.1124E+00  0.2525E-02      -1  -0.737E-02    0.00  0.7272E-18  0.0000E+00
  19   -30.9600    -127.808 0.3213   0.5456E+00  0.5831E-03 -0.1081E+00  0.2475E-02      -1  -0.709E-02    0.00  0.1225E-17  0.0000E+00
  20   -32.6800    -126.419 0.3221   0.5563E+00  0.5866E-03 -0.1039E+00  0.2424E-02      -1  -0.682E-02    0.00  0.2076E-17  0.0000E+00
  21   -34.4000    -125.010 0.3229   0.5671E+00  0.5901E-03 -0.9975E-01  0.2373E-02      -1  -0.655E-02    0.00  0.3538E-17  0.0000E+00
  22   -36.1200    -123.584 0.3237   0.5781E+00  0.5936E-03 -0.9571E-01  0.2323E-02      -1  -0.628E-02    0.00  0.6066E-17  0.0000E+00
  23   -37.8400    -122.140 0.3245   0.5892E+00  0.5972E-03 -0.9176E-01  0.2272E-02      -1  -0.602E-02    0.00  0.1047E-16  0.0000E+00
  24   -39.5600    -120.680 0.3253   0.6004E+00  0.6009E-03 -0.8790E-01  0.2221E-02      -1  -0.577E-02    0.00  0.1817E-16  0.0000E+00
  25   -41.2800    -119.202 0.3262   0.6197E+00  0.6045E-03 -0.8412E-01  0.2171E-02      -1  -0.552E-02    0.00  0.3174E-16  0.0000E+00
  26   -43.0000    -117.707 0.3272   0.6408E+00  0.6082E-03 -0.8043E-01  0.2120E-02      -1  -0.528E-02    0.00  0.5582E-16  0.0000E+00
  27   -44.7200    -116.194 0.3281   0.6620E+00  0.6119E-03 -0.7683E-01  0.2069E-02      -1  -0.504E-02    0.00  0.9881E-16  0.0000E+00
  28   -46.4400    -114.666 0.3291   0.6835E+00  0.6156E-03 -0.7331E-01  0.2019E-02      -1  -0.481E-02    0.00  0.1761E-15  0.0000E+00
  29   -48.1600    -113.124 0.3301   0.7052E+00  0.6194E-03 -0.6988E-01  0.1968E-02      -1  -0.459E-02    0.00  0.3161E-15  0.0000E+00
  30   -49.8800    -111.567 0.3311   0.7271E+00  0.6233E-03 -0.6654E-01  0.1918E-02      -1  -0.437E-02    0.00  0.5713E-15  0.0000E+00
  31   -51.6000    -110.112 0.2879   0.1154E+00  0.6293E-03 -0.6329E-01  0.1867E-02      -1  -0.415E-02    0.00  0.1051E-14  0.0000E+00
  32   -53.3200    -109.303 0.2884   0.1175E+00  0.6336E-03 -0.6012E-01  0.1816E-02      -1  -0.394E-02    0.00  0.1905E-14  0.0000E+00
  33   -55.0400    -108.432 0.2890   0.1199E+00  0.6383E-03 -0.5704E-01  0.1766E-02      -1  -0.374E-02    0.00  0.3429E-14  0.0000E+00
  34   -56.7600    -107.500 0.2896   0.1224E+00  0.6432E-03 -0.5404E-01  0.1715E-02      -1  -0.355E-02    0.00  0.6194E-14  0.0000E+00
  35   -58.4800    -106.511 0.2902   0.1250E+00  0.6485E-03 -0.5114E-01  0.1664E-02      -1  -0.336E-02    0.00  0.1126E-13  0.0000E+00
  36   -60.2000    -105.467 0.2909   0.1278E+00  0.6541E-03 -0.4832E-01  0.1614E-02      -1  -0.317E-02    0.00  0.2065E-13  0.0000E+00
  37   -61.9200    -104.372 0.2916   0.1307E+00  0.6599E-03 -0.4559E-01  0.1563E-02      -1  -0.299E-02    0.00  0.3819E-13  0.0000E+00
  38   -63.6400    -103.227 0.2923   0.1338E+00  0.6660E-03 -0.4294E-01  0.1512E-02      -1  -0.282E-02    0.00  0.7129E-13  0.0000E+00
  39   -65.3600    -102.036 0.2931   0.1370E+00  0.6723E-03 -0.4038E-01  0.1462E-02      -1  -0.265E-02    0.00  0.1343E-12  0.0000E+00
  40   -67.0800    -100.801 0.2938   0.1403E+00  0.6789E-03 -0.3791E-01  0.1411E-02      -1  -0.249E-02    0.00  0.2555E-12  0.0000E+00
  41   -68.8000     -99.526 0.2947   0.1437E+00  0.6857E-03 -0.3553E-01  0.1360E-02      -1  -0.233E-02    0.00  0.4910E-12  0.0000E+00
  42   -70.5200     -98.212 0.2955   0.1472E+00  0.6927E-03 -0.3323E-01  0.1310E-02      -1  -0.218E-02    0.00  0.9527E-12  0.0000E+00
  43   -72.2400     -96.863 0.2964   0.1508E+00  0.6999E-03 -0.3102E-01  0.1259E-02      -1  -0.204E-02    0.00  0.1868E-11  0.0000E+00
  44   -73.9600     -95.480 0.2972   0.1545E+00  0.7073E-03 -0.2890E-01  0.1208E-02      -1  -0.190E-02    0.00  0.3699E-11  0.0000E+00
  45   -75.6800     -94.063 0.2983   0.1622E+00  0.7171E-03 -0.2687E-01  0.1158E-02      -1  -0.176E-02    0.00  0.7402E-11  0.0000E+00
  46   -77.4000     -92.611 0.2995   0.1701E+00  0.7273E-03 -0.2492E-01  0.1107E-02      -1  -0.164E-02    0.00  0.1496E-10  0.0000E+00
  47   -79.1200     -91.128 0.3006   0.1782E+00  0.7376E-03 -0.2306E-01  0.1057E-02      -1  -0.151E-02    0.00  0.3056E-10  0.0000E+00
  48   -80.8400     -89.617 0.3018   0.1864E+00  0.7482E-03 -0.2129E-01  0.1006E-02      -1  -0.140E-02    0.00  0.6304E-10  0.0000E+00
  49   -82.5600     -88.081 0.3030   0.1948E+00  0.7589E-03 -0.1960E-01  0.9552E-03      -1  -0.129E-02    0.00  0.1314E-09  0.0000E+00
  50   -84.2800     -86.523 0.3042   0.2033E+00  0.7698E-03 -0.1800E-01  0.9046E-03      -1  -0.118E-02    0.00  0.2764E-09  0.0000E+00
  51   -86.0000     -84.946 0.3054   0.2119E+00  0.7808E-03 -0.1649E-01  0.8539E-03      -1  -0.108E-02    0.00  0.5871E-09  0.0000E+00
  52   -87.7200     -83.351 0.3066   0.2206E+00  0.7919E-03 -0.1506E-01  0.8033E-03      -1  -0.988E-03    0.00  0.1258E-08  0.0000E+00
  53   -89.4400     -81.741 0.3079   0.2294E+00  0.8032E-03 -0.1372E-01  0.7526E-03      -1  -0.901E-03    0.00  0.2719E-08  0.0000E+00
  54   -91.1600     -80.117 0.3091   0.2382E+00  0.8145E-03 -0.1247E-01  0.7020E-03      -1  -0.818E-03    0.00  0.5918E-08  0.0000E+00
  55   -92.8800     -78.481 0.3104   0.2472E+00  0.8260E-03 -0.1131E-01  0.6513E-03      -1  -0.742E-03    0.00  0.1297E-07  0.0000E+00
  56   -94.6000     -76.835 0.3117   0.2561E+00  0.8375E-03 -0.1023E-01  0.6007E-03      -1  -0.671E-03    0.00  0.2857E-07  0.0000E+00
  57   -96.3200     -75.178 0.3130   0.2676E+00  0.8497E-03 -0.9242E-02  0.5501E-03      -1  -0.606E-03    0.00  0.6318E-07  0.0000E+00
  58   -98.0400     -73.513 0.3145   0.2851E+00  0.8638E-03 -0.8340E-02  0.4994E-03      -1  -0.547E-03    0.00  0.1400E-06  0.0000E+00
  59   -99.7600     -71.839 0.3160   0.3028E+00  0.8779E-03 -0.7525E-02  0.4488E-03      -1  -0.494E-03    0.00  0.3103E-06  0.0000E+00
  60  -101.4800     -70.159 0.3176   0.3205E+00  0.8921E-03 -0.6796E-02  0.3981E-03      -1  -0.446E-03    0.00  0.6861E-06  0.0000E+00
  61  -103.2000     -68.472 0.3191   0.3383E+00  0.9063E-03 -0.6155E-02  0.3475E-03      -1  -0.404E-03    0.00  0.1511E-05  0.0000E+00
  62  -104.9200     -66.781 0.3207   0.3561E+00  0.9206E-03 -0.5601E-02  0.2968E-03      -1  -0.367E-03    0.00  0.3304E-05  0.0000E+00
  63  -106.6400     -65.087 0.3222   0.3740E+00  0.9349E-03 -0.5134E-02  0.2462E-03      -1  -0.337E-03    0.00  0.7157E-05  0.0000E+00
  64  -108.3600     -63.389 0.3237   0.3919E+00  0.9493E-03 -0.4754E-02  0.1955E-03      -1  -0.312E-03    0.00  0.1532E-04  0.0000E+00
  65  -110.0800     -61.688 0.3253   0.4099E+00  0.9636E-03 -0.4461E-02  0.1449E-03      -1  -0.293E-03    0.00  0.3232E-04  0.0000E+00
  66  -111.8000     -59.986 0.3268   0.4278E+00  0.9780E-03 -0.4255E-02  0.9423E-04      -1  -0.279E-03    0.00  0.6700E-04  0.0000E+00
  67  -113.5200     -58.282 0.3286   0.4603E+00  0.9937E-03 -0.4137E-02  0.4358E-04      -1  -0.271E-03    0.00  0.1362E-03  0.0000E+00
  68  -115.2400     -56.577 0.3304   0.4931E+00  0.1009E-02 -0.4099E-02  0.0000E+00      -1  -0.269E-03    0.00  0.2706E-03  0.0000E+00
  69  -116.9600     -54.871 0.3321   0.5260E+00  0.1025E-02 -0.4100E-02  0.0000E+00      -1  -0.269E-03    0.00  0.5256E-03  0.0000E+00
  70  -118.6800     -53.164 0.3339   0.5588E+00  0.1041E-02 -0.4100E-02  0.0000E+00      -1  -0.269E-03    0.00  0.9980E-03  0.0000E+00
  71  -120.4000     -51.456 0.3357   0.5917E+00  0.1057E-02 -0.4099E-02  0.0000E+00      -1  -0.269E-03    0.00  0.1854E-02  0.0000E+00
  72  -122.1200     -49.748 0.3374   0.6246E+00  0.1073E-02 -0.4099E-02  0.0000E+00      -1  -0.269E-03    0.00  0.3370E-02  0.0000E+00
  73  -123.8400     -48.039 0.3392   0.6575E+00  0.1088E-02 -0.4100E-02  0.0000E+00      -1  -0.269E-03    0.00  0.5995E-02  0.0000E+00
  74  -125.5600     -46.329 0.3411   0.7068E+00  0.1104E-02 -0.4099E-02  0.0000E+00      -1  -0.269E-03    0.00  0.1044E-01  0.0000E+00
  75  -127.2800     -44.619 0.3430   0.7634E+00  0.1119E-02 -0.4099E-02  0.0000E+00      -1  -0.269E-03    0.00  0.1780E-01  0.0000E+00
  76  -129.0000     -42.908 0.3450   0.8201E+00  0.1134E-02 -0.4100E-02  0.0000E+00      -1  -0.269E-03    0.00  0.2971E-01  0.0000E+00
  77  -130.7200     -41.196 0.3469   0.8768E+00  0.1149E-02 -0.4100E-02  0.0000E+00      -1  -0.269E-03    0.00  0.4856E-01  0.0000E+00
  78  -132.4400     -39.484 0.3489   0.9335E+00  0.1164E-02 -0.4100E-02  0.0000E+00      -1  -0.269E-03    0.00  0.7777E-01  0.0000E+00
  79  -134.1600     -37.771 0.3508   0.9903E+00  0.1180E-02 -0.4100E-02  0.0000E+00      -1  -0.269E-03    0.00  0.1221E+00  0.0000E+00
  80  -135.8800     -36.058 0.3529   0.1080E+01  0.1192E-02 -0.4100E-02  0.0000E+00      -1  -0.269E-03    0.00  0.1878E+00  0.0000E+00
  81  -137.6000     -34.344 0.3550   0.1172E+01  0.1204E-02 -0.4099E-02  0.0000E+00      -1  -0.269E-03    0.00  0.2833E+00  0.0000E+00
  82  -139.3200     -32.630 0.3570   0.1264E+01  0.1215E-02 -0.4098E-02  0.0000E+00      -1  -0.269E-03    0.00  0.4192E+00  0.0000E+00
  83  -141.0400     -30.915 0.3591   0.1356E+01  0.1227E-02 -0.4099E-02  0.0000E+00      -1  -0.269E-03    0.00  0.6087E+00  0.0000E+00
  84  -142.7600     -29.200 0.3612   0.1467E+01  0.1237E-02 -0.4099E-02  0.0000E+00      -1  -0.269E-03    0.00  0.8674E+00  0.0000E+00
  85  -144.4800     -27.485 0.3634   0.1608E+01  0.1242E-02 -0.4099E-02  0.0000E+00      -1  -0.269E-03    0.00  0.1214E+01  0.0000E+00
  86  -146.2000     -25.769 0.3655   0.1750E+01  0.1248E-02 -0.4099E-02  0.0000E+00      -1  -0.269E-03    0.00  0.1668E+01  0.0000E+00
  87  -147.9200     -24.053 0.3676   0.1892E+01  0.1253E-02 -0.4100E-02  0.0000E+00      -1  -0.269E-03    0.00  0.2254E+01  0.0000E+00
  88  -149.6400     -22.337 0.3698   0.2084E+01  0.1251E-02 -0.4100E-02  0.0000E+00      -1  -0.269E-03    0.00  0.2993E+01  0.0000E+00
  89  -151.3600     -20.620 0.3719   0.2291E+01  0.1247E-02 -0.4100E-02  0.0000E+00      -1  -0.269E-03    0.00  0.3909E+01  0.0000E+00
  90  -153.0800     -18.903 0.3741   0.2498E+01  0.1243E-02 -0.4101E-02  0.0000E+00      -1  -0.269E-03    0.00  0.5025E+01  0.0000E+00
  91  -154.8000     -17.185 0.3762   0.2781E+01  0.1229E-02 -0.4100E-02  0.0000E+00      -1  -0.269E-03    0.00  0.6359E+01  0.0000E+00
  92  -156.5200     -15.468 0.3783   0.3072E+01  0.1213E-02 -0.4099E-02  0.0000E+00      -1  -0.269E-03    0.00  0.7927E+01  0.0000E+00
  93  -158.2400     -13.750 0.3804   0.3428E+01  0.1188E-02 -0.4100E-02  0.0000E+00      -1  -0.269E-03    0.00  0.9737E+01  0.0000E+00
  94  -159.9600     -12.032 0.3824   0.3821E+01  0.1158E-02 -0.4100E-02  0.0000E+00      -1  -0.269E-03    0.00  0.1179E+02  0.0000E+00
  95  -161.6800     -10.314 0.3843   0.4319E+01  0.1114E-02 -0.4100E-02  0.0000E+00      -1  -0.269E-03    0.00  0.1409E+02  0.0000E+00
  96  -163.4000      -8.595 0.3862   0.4896E+01  0.1061E-02 -0.4100E-02  0.0000E+00      -1  -0.269E-03    0.00  0.1663E+02  0.0000E+00
  97  -165.1200      -6.877 0.3880   0.5608E+01  0.9913E-03 -0.4099E-02  0.0000E+00      -1  -0.269E-03    0.00  0.1937E+02  0.0000E+00
  98  -166.8400      -5.158 0.3896   0.6520E+01  0.9000E-03 -0.4099E-02  0.0000E+00      -1  -0.269E-03    0.00  0.2230E+02  0.0000E+00
  99  -168.5600      -3.439 0.3911   0.7745E+01  0.7771E-03 -0.4099E-02  0.0000E+00      -1  -0.269E-03    0.00  0.2539E+02  0.0000E+00
 100  -170.2800      -1.719 0.3923   0.9623E+01  0.5939E-03 -0.4099E-02  0.0000E+00      -1  -0.269E-03    0.00  0.2860E+02  0.0000E+00
 101  -172.0000       0.000 0.3930   0.1665E+02  0.0000E+00 -0.4099E-02  0.0000E+00      -1  -0.269E-03    0.00  0.3190E+02  0.0000E+00
end


 Time:     3650.0000


 Node      Depth      Head Moisture       K          C         Flux        Sink         Kappa   v/KsTop   Temp   Conc(1..NS) Sorb(1...NS)
           [L]        [L]    [-]        [L/T]      [1/L]      [L/T]        [1/T]         [-]      [-]      [C]      [M/L*3]

   1     0.0000    -148.332 0.3098   0.3877E+00  0.5321E-03 -0.1988E+00  0.3386E-02      -1  -0.130E-01    0.00  0.2401E-19  0.0000E+00
   2    -1.7200    -147.474 0.3102   0.3943E+00  0.5343E-03 -0.1930E+00  0.3336E-02      -1  -0.127E-01    0.00  0.2801E-19  0.0000E+00
   3    -3.4400    -146.576 0.3108   0.4013E+00  0.5365E-03 -0.1873E+00  0.3285E-02      -1  -0.123E-01    0.00  0.3625E-19  0.0000E+00
   4    -5.1600    -145.640 0.3113   0.4084E+00  0.5388E-03 -0.1817E+00  0.3234E-02      -1  -0.119E-01    0.00  0.5047E-19  0.0000E+00
   5    -6.8800    -144.667 0.3118   0.4159E+00  0.5412E-03 -0.1762E+00  0.3184E-02      -1  -0.116E-01    0.00  0.7354E-19  0.0000E+00
   6    -8.6000    -143.658 0.3124   0.4237E+00  0.5438E-03 -0.1708E+00  0.3133E-02      -1  -0.112E-01    0.00  0.1100E-18  0.0000E+00
   7   -10.3200    -142.614 0.3130   0.4317E+00  0.5464E-03 -0.1654E+00  0.3082E-02      -1  -0.109E-01    0.00  0.1672E-18  0.0000E+00
   8   -12.0400    -141.536 0.3136   0.4400E+00  0.5490E-03 -0.1602E+00  0.3032E-02      -1  -0.105E-01    0.00  0.2565E-18  0.0000E+00
   9   -13.7600    -140.426 0.3142   0.4485E+00  0.5518E-03 -0.1550E+00  0.2981E-02      -1  -0.102E-01    0.00  0.3964E-18  0.0000E+00
  10   -15.4800    -139.285 0.3148   0.4573E+00  0.5546E-03 -0.1499E+00  0.2930E-02      -1  -0.984E-02    0.00  0.6157E-18  0.0000E+00
  11   -17.2000    -138.114 0.3155   0.4663E+00  0.5575E-03 -0.1449E+00  0.2880E-02      -1  -0.951E-02    0.00  0.9613E-18  0.0000E+00
  12   -18.9200    -136.914 0.3162   0.4756E+00  0.5605E-03 -0.1400E+00  0.2829E-02      -1  -0.919E-02    0.00  0.1508E-17  0.0000E+00
  13   -20.6400    -135.687 0.3169   0.4850E+00  0.5636E-03 -0.1352E+00  0.2779E-02      -1  -0.887E-02    0.00  0.2376E-17  0.0000E+00
  14   -22.3600    -134.433 0.3176   0.4946E+00  0.5667E-03 -0.1305E+00  0.2728E-02      -1  -0.856E-02    0.00  0.3761E-17  0.0000E+00
  15   -24.0800    -133.154 0.3183   0.5045E+00  0.5699E-03 -0.1258E+00  0.2677E-02      -1  -0.826E-02    0.00  0.5982E-17  0.0000E+00
  16   -25.8000    -131.851 0.3190   0.5145E+00  0.5731E-03 -0.1213E+00  0.2627E-02      -1  -0.796E-02    0.00  0.9560E-17  0.0000E+00
  17   -27.5200    -130.525 0.3198   0.5247E+00  0.5764E-03 -0.1168E+00  0.2576E-02      -1  -0.766E-02    0.00  0.1535E-16  0.0000E+00
  18   -29.2400    -129.177 0.3205   0.5350E+00  0.5797E-03 -0.1124E+00  0.2525E-02      -1  -0.737E-02    0.00  0.2478E-16  0.0000E+00
  19   -30.9600    -127.808 0.3213   0.5456E+00  0.5831E-03 -0.1081E+00  0.2475E-02      -1  -0.709E-02    0.00  0.4021E-16  0.0000E+00
  20   -32.6800    -126.419 0.3221   0.5563E+00  0.5866E-03 -0.1039E+00  0.2424E-02      -1  -0.682E-02    0.00  0.6558E-16  0.0000E+00
  21   -34.4000    -125.010 0.3229   0.5671E+00  0.5901E-03 -0.9975E-01  0.2373E-02      -1  -0.655E-02    0.00  0.1075E-15  0.0000E+00
  22   -36.1200    -123.584 0.3237   0.5781E+00  0.5936E-03 -0.9571E-01  0.2323E-02      -1  -0.628E-02    0.00  0.1773E-15  0.0000E+00
  23   -37.8400    -122.140 0.3245   0.5892E+00  0.5972E-03 -0.9176E-01  0.2272E-02      -1  -0.602E-02    0.00  0.2940E-15  0.0000E+00
  24   -39.5600    -120.680 0.3253   0.6004E+00  0.6009E-03 -0.8790E-01  0.2221E-02      -1  -0.577E-02    0.00  0.4902E-15  0.0000E+00
  25   -41.2800    -119.202 0.3262   0.6197E+00  0.6045E-03 -0.8412E-01  0.2171E-02      -1  -0.552E-02    0.00  0.8223E-15  0.0000E+00
  26   -43.0000    -117.707 0.3272   0.6408E+00  0.6082E-03 -0.8043E-01  0.2120E-02      -1  -0.528E-02    0.00  0.1388E-14  0.0000E+00
  27   -44.7200    -116.194 0.3281   0.6620E+00  0.6119E-03 -0.7683E-01  0.2069E-02      -1  -0.504E-02    0.00  0.2356E-14  0.0000E+00
  28   -46.4400    -114.666 0.3291   0.6835E+00  0.6156E-03 -0.7331E-01  0.2019E-02      -1  -0.481E-02    0.00  0.4024E-14  0.0000E+00
  29   -48.1600    -113.124 0.3301   0.7052E+00  0.6194E-03 -0.6988E-01  0.1968E-02      -1  -0.459E-02    0.00  0.6918E-14  0.0000E+00
  30   -49.8800    -111.567 0.3311   0.7271E+00  0.6233E-03 -0.6654E-01  0.1918E-02      -1  -0.437E-02    0.00  0.1197E-13  0.0000E+00
  31   -51.6000    -110.112 0.2879   0.1154E+00  0.6293E-03 -0.6329E-01  0.1867E-02      -1  -0.415E-02    0.00  0.2106E-13  0.0000E+00
  32   -53.3200    -109.303 0.2884   0.1175E+00  0.6336E-03 -0.6012E-01  0.1816E-02      -1  -0.394E-02    0.00  0.3659E-13  0.0000E+00
  33   -55.0400    -108.432 0.2890   0.1199E+00  0.6383E-03 -0.5704E-01  0.1766E-02      -1  -0.374E-02    0.00  0.6319E-13  0.0000E+00
  34   -56.7600    -107.500 0.2896   0.1224E+00  0.6432E-03 -0.5404E-01  0.1715E-02      -1  -0.355E-02    0.00  0.1094E-12  0.0000E+00
  35   -58.4800    -106.511 0.2902   0.1250E+00  0.6485E-03 -0.5114E-01  0.1664E-02      -1  -0.336E-02    0.00  0.1904E-12  0.0000E+00
  36   -60.2000    -105.467 0.2909   0.1278E+00  0.6541E-03 -0.4832E-01  0.1614E-02      -1  -0.317E-02    0.00  0.3339E-12  0.0000E+00
  37   -61.9200    -104.372 0.2916   0.1307E+00  0.6599E-03 -0.4559E-01  0.1563E-02      -1  -0.299E-02    0.00  0.5901E-12  0.0000E+00
  38   -63.6400    -103.227 0.2923   0.1338E+00  0.6660E-03 -0.4294E-01  0.1512E-02      -1  -0.282E-02    0.00  0.1052E-11  0.0000E+00
  39   -65.3600    -102.036 0.2931   0.1370E+00  0.6723E-03 -0.4038E-01  0.1462E-02      -1  -0.265E-02    0.00  0.1891E-11  0.0000E+00
  40   -67.0800    -100.801 0.2938   0.1403E+00  0.6789E-03 -0.3791E-01  0.1411E-02      -1  -0.249E-02    0.00  0.3430E-11  0.0000E+00
  41   -68.8000     -99.526 0.2947   0.1437E+00  0.6857E-03 -0.3553E-01  0.1360E-02      -1  -0.233E-02    0.00  0.6276E-11  0.0000E+00
  42   -70.5200     -98.212 0.2955   0.1472E+00  0.6927E-03 -0.3323E-01  0.1310E-02      -1  -0.218E-02    0.00  0.1159E-10  0.0000E+00
  43   -72.2400     -96.863 0.2964   0.1508E+00  0.6999E-03 -0.3102E-01  0.1259E-02      -1  -0.204E-02    0.00  0.2160E-10  0.0000E+00
  44   -73.9600     -95.480 0.2972   0.1545E+00  0.7073E-03 -0.2890E-01  0.1208E-02      -1  -0.190E-02    0.00  0.4065E-10  0.0000E+00
  45   -75.6800     -94.063 0.2983   0.1622E+00  0.7171E-03 -0.2687E-01  0.1158E-02      -1  -0.176E-02    0.00  0.7720E-10  0.0000E+00
  46   -77.4000     -92.611 0.2995   0.1701E+00  0.7273E-03 -0.2492E-01  0.1107E-02      -1  -0.164E-02    0.00  0.1480E-09  0.0000E+00
  47   -79.1200     -91.128 0.3006   0.1782E+00  0.7376E-03 -0.2306E-01  0.1057E-02      -1  -0.151E-02    0.00  0.2863E-09  0.0000E+00
  48   -80.8400     -89.617 0.3018   0.1864E+00  0.7482E-03 -0.2129E-01  0.1006E-02      -1  -0.140E-02    0.00  0.5592E-09  0.0000E+00
  49   -82.5600     -88.081 0.3030   0.1948E+00  0.7589E-03 -0.1960E-01  0.9552E-03      -1  -0.129E-02    0.00  0.1102E-08  0.0000E+00
  50   -84.2800     -86.523 0.3042   0.2033E+00  0.7698E-03 -0.1800E-01  0.9046E-03      -1  -0.118E-02    0.00  0.2190E-08  0.0000E+00
  51   -86.0000     -84.946 0.3054   0.2119E+00  0.7808E-03 -0.1649E-01  0.8539E-03      -1  -0.108E-02    0.00  0.4391E-08  0.0000E+00
  52   -87.7200     -83.351 0.3066   0.2206E+00  0.7919E-03 -0.1506E-01  0.8033E-03      -1  -0.988E-03    0.00  0.8873E-08  0.0000E+00
  53   -89.4400     -81.741 0.3079   0.2294E+00  0.8032E-03 -0.1372E-01  0.7526E-03      -1  -0.901E-03    0.00  0.1807E-07  0.0000E+00
  54   -91.1600     -80.117 0.3091   0.2382E+00  0.8145E-03 -0.1247E-01  0.7020E-03      -1  -0.818E-03    0.00  0.3702E-07  0.0000E+00
  55   -92.8800     -78.481 0.3104   0.2472E+00  0.8260E-03 -0.1131E-01  0.6513E-03      -1  -0.742E-03    0.00  0.7632E-07  0.0000E+00
  56   -94.6000     -76.835 0.3117   0.2561E+00  0.8375E-03 -0.1023E-01  0.6007E-03      -1  -0.671E-03    0.00  0.1580E-06  0.0000E+00
  57   -96.3200     -75.178 0.3130   0.2676E+00  0.8497E-03 -0.9242E-02  0.5501E-03      -1  -0.606E-03    0.00  0.3284E-06  0.0000E+00
  58   -98.0400     -73.513 0.3145   0.2851E+00  0.8638E-03 -0.8340E-02  0.4994E-03      -1  -0.547E-03    0.00  0.6833E-06  0.0000E+00
  59   -99.7600     -71.839 0.3160   0.3028E+00  0.8779E-03 -0.7525E-02  0.4488E-03      -1  -0.494E-03    0.00  0.1421E-05  0.0000E+00
  60  -101.4800     -70.159 0.3176   0.3205E+00  0.8921E-03 -0.6796E-02  0.3981E-03      -1  -0.446E-03    0.00  0.2949E-05  0.0000E+00
  61  -103.2000     -68.472 0.3191   0.3383E+00  0.9063E-03 -0.6155E-02  0.3475E-03      -1  -0.404E-03    0.00  0.6093E-05  0.0000E+00
  62  -104.9200     -66.781 0.3207   0.3561E+00  0.9206E-03 -0.5601E-02  0.2968E-03      -1  -0.367E-03    0.00  0.1250E-04  0.0000E+00
  63  -106.6400     -65.087 0.3222   0.3740E+00  0.9349E-03 -0.5134E-02  0.2462E-03      -1  -0.337E-03    0.00  0.2543E-04  0.0000E+00
  64  -108.3600     -63.389 0.3237   0.3919E+00  0.9493E-03 -0.4754E-02  0.1955E-03      -1  -0.312E-03    0.00  0.5112E-04  0.0000E+00
  65  -110.0800     -61.688 0.3253   0.4099E+00  0.9636E-03 -0.4461E-02  0.1449E-03      -1  -0.293E-03    0.00  0.1014E-03  0.0000E+00
  66  -111.8000     -59.986 0.3268   0.4278E+00  0.9780E-03 -0.4255E-02  0.9423E-04      -1  -0.279E-03    0.00  0.1977E-03  0.0000E+00
  67  -113.5200     -58.282 0.3286   0.4603E+00  0.9937E-03 -0.4137E-02  0.4358E-04      -1  -0.271E-03    0.00  0.3785E-03  0.0000E+00
  68  -115.2400     -56.577 0.3304   0.4931E+00  0.1009E-02 -0.4099E-02  0.0000E+00      -1  -0.269E-03    0.00  0.7098E-03  0.0000E+00
  69  -116.9600     -54.871 0.3321   0.5260E+00  0.1025E-02 -0.4100E-02  0.0000E+00      -1  -0.269E-03    0.00  0.1303E-02  0.0000E+00
  70  -118.6800     -53.164 0.3339   0.5588E+00  0.1041E-02 -0.4100E-02  0.0000E+00      -1  -0.269E-03    0.00  0.2341E-02  0.0000E+00
  71  -120.4000     -51.456 0.3357   0.5917E+00  0.1057E-02 -0.4099E-02  0.0000E+00      -1  -0.269E-03    0.00  0.4123E-02  0.0000E+00
  72  -122.1200     -49.748 0.3374   0.6246E+00  0.1073E-02 -0.4099E-02  0.0000E+00      -1  -0.269E-03    0.00  0.7118E-02  0.0000E+00
  73  -123.8400     -48.039 0.3392   0.6575E+00  0.1088E-02 -0.4100E-02  0.0000E+00      -1  -0.269E-03    0.00  0.1205E-01  0.0000E+00
  74  -125.5600     -46.329 0.3411   0.7068E+00  0.1104E-02 -0.4099E-02  0.0000E+00      -1  -0.269E-03    0.00  0.2000E-01  0.0000E+00
  75  -127.2800     -44.619 0.3430   0.7634E+00  0.1119E-02 -0.4099E-02  0.0000E+00      -1  -0.269E-03    0.00  0.3255E-01  0.0000E+00
  76  -129.0000     -42.908 0.3450   0.8201E+00  0.1134E-02 -0.4100E-02  0.0000E+00      -1  -0.269E-03    0.00  0.5197E-01  0.0000E+00
  77  -130.7200     -41.196 0.3469   0.8768E+00  0.1149E-02 -0.4100E-02  0.0000E+00      -1  -0.269E-03    0.00  0.8142E-01  0.0000E+00
  78  -132.4400     -39.484 0.3489   0.9335E+00  0.1164E-02 -0.4100E-02  0.0000E+00      -1  -0.269E-03    0.00  0.1252E+00  0.0000E+00
  79  -134.1600     -37.771 0.3508   0.9903E+00  0.1180E-02 -0.4100E-02  0.0000E+00      -1  -0.269E-03    0.00  0.1890E+00  0.0000E+00
  80  -135.8800     -36.058 0.3529   0.1080E+01  0.1192E-02 -0.4100E-02  0.0000E+00      -1  -0.269E-03    0.00  0.2802E+00  0.0000E+00
  81  -137.6000     -34.344 0.3550   0.1172E+01  0.1204E-02 -0.4099E-02  0.0000E+00      -1  -0.269E-03    0.00  0.4080E+00  0.0000E+00
  82  -139.3200     -32.630 0.3570   0.1264E+01  0.1215E-02 -0.4098E-02  0.0000E+00      -1  -0.269E-03    0.00  0.5839E+00  0.0000E+00
  83  -141.0400     -30.915 0.3591   0.1356E+01  0.1227E-02 -0.4099E-02  0.0000E+00      -1  -0.269E-03    0.00  0.8212E+00  0.0000E+00
  84  -142.7600     -29.200 0.3612   0.1467E+01  0.1237E-02 -0.4099E-02  0.0000E+00      -1  -0.269E-03    0.00  0.1136E+01  0.0000E+00
  85  -144.4800     -27.485 0.3634   0.1608E+01  0.1242E-02 -0.4099E-02  0.0000E+00      -1  -0.269E-03    0.00  0.1545E+01  0.0000E+00
  86  -146.2000     -25.769 0.3655   0.1750E+01  0.1248E-02 -0.4099E-02  0.0000E+00      -1  -0.269E-03    0.00  0.2068E+01  0.0000E+00
  87  -147.9200     -24.053 0.3676   0.1892E+01  0.1253E-02 -0.4100E-02  0.0000E+00      -1  -0.269E-03    0.00  0.2726E+01  0.0000E+00
  88  -149.6400     -22.337 0.3698   0.2084E+01  0.1251E-02 -0.4100E-02  0.0000E+00      -1  -0.269E-03    0.00  0.3537E+01  0.0000E+00
  89  -151.3600     -20.620 0.3719   0.2291E+01  0.1247E-02 -0.4100E-02  0.0000E+00      -1  -0.269E-03    0.00  0.4522E+01  0.0000E+00
  90  -153.0800     -18.903 0.3741   0.2498E+01  0.1243E-02 -0.4101E-02  0.0000E+00      -1  -0.269E-03    0.00  0.5698E+01  0.0000E+00
  91  -154.8000     -17.185 0.3762   0.2781E+01  0.1229E-02 -0.4100E-02  0.0000E+00      -1  -0.269E-03    0.00  0.7081E+01  0.0000E+00
  92  -156.5200     -15.468 0.3783   0.3072E+01  0.1213E-02 -0.4099E-02  0.0000E+00      -1  -0.269E-03    0.00  0.8679E+01  0.0000E+00
  93  -158.2400     -13.750 0.3804   0.3428E+01  0.1188E-02 -0.4100E-02  0.0000E+00      -1  -0.269E-03    0.00  0.1050E+02  0.0000E+00
  94  -159.9600     -12.032 0.3824   0.3821E+01  0.1158E-02 -0.4100E-02  0.0000E+00      -1  -0.269E-03    0.00  0.1254E+02  0.0000E+00
  95  -161.6800     -10.314 0.3843   0.4319E+01  0.1114E-02 -0.4100E-02  0.0000E+00      -1  -0.269E-03    0.00  0.1480E+02  0.0000E+00
  96  -163.4000      -8.595 0.3862   0.4896E+01  0.1061E-02 -0.4100E-02  0.0000E+00      -1  -0.269E-03    0.00  0.1727E+02  0.0000E+00
  97  -165.1200      -6.877 0.3880   0.5608E+01  0.9913E-03 -0.4099E-02  0.0000E+00      -1  -0.269E-03    0.00  0.1992E+02  0.0000E+00
  98  -166.8400      -5.158 0.3896   0.6520E+01  0.9000E-03 -0.4099E-02  0.0000E+00      -1  -0.269E-03    0.00  0.2274E+02  0.0000E+00
  99  -168.5600      -3.439 0.3911   0.7745E+01  0.7771E-03 -0.4099E-02  0.0000E+00      -1  -0.269E-03    0.00  0.2569E+02  0.0000E+00
 100  -170.2800      -1.719 0.3923   0.9623E+01  0.5939E-03 -0.4099E-02  0.0000E+00      -1  -0.269E-03    0.00  0.2876E+02  0.0000E+00
 101  -172.0000       0.000 0.3930   0.1665E+02  0.0000E+00 -0.4099E-02  0.0000E+00      -1  -0.269E-03    0.00  0.3190E+02  0.0000E+00
end


 Time:     4015.0000


 Node      Depth      Head Moisture       K          C         Flux        Sink         Kappa   v/KsTop   Temp   Conc(1..NS) Sorb(1...NS)
           [L]        [L]    [-]        [L/T]      [1/L]      [L/T]        [1/T]         [-]      [-]      [C]      [M/L*3]

   1     0.0000    -148.332 0.3098   0.3877E+00  0.5321E-03 -0.1988E+00  0.3386E-02      -1  -0.130E-01    0.00  0.7640E-18  0.0000E+00
   2    -1.7200    -147.474 0.3102   0.3943E+00  0.5343E-03 -0.1930E+00  0.3336E-02      -1  -0.127E-01    0.00  0.8842E-18  0.0000E+00
   3    -3.4400    -146.576 0.3108   0.4013E+00  0.5365E-03 -0.1873E+00  0.3285E-02      -1  -0.123E-01    0.00  0.1120E-17  0.0000E+00
   4    -5.1600    -145.640 0.3113   0.4084E+00  0.5388E-03 -0.1817E+00  0.3234E-02      -1  -0.119E-01    0.00  0.1515E-17  0.0000E+00
   5    -6.8800    -144.667 0.3118   0.4159E+00  0.5412E-03 -0.1762E+00  0.3184E-02      -1  -0.116E-01    0.00  0.2140E-17  0.0000E+00
   6    -8.6000    -143.658 0.3124   0.4237E+00  0.5438E-03 -0.1708E+00  0.3133E-02      -1  -0.112E-01    0.00  0.3105E-17  0.0000E+00
   7   -10.3200    -142.614 0.3130   0.4317E+00  0.5464E-03 -0.1654E+00  0.3082E-02      -1  -0.109E-01    0.00  0.4578E-17  0.0000E+00
   8   -12.0400    -141.536 0.3136   0.4400E+00  0.5490E-03 -0.1602E+00  0.3032E-02      -1  -0.105E-01    0.00  0.6819E-17  0.0000E+00
   9   -13.7600    -140.426 0.3142   0.4485E+00  0.5518E-03 -0.1550E+00  0.2981E-02      -1  -0.102E-01    0.00  0.1023E-16  0.0000E+00
  10   -15.4800    -139.285 0.3148   0.4573E+00  0.5546E-03 -0.1499E+00  0.2930E-02      -1  -0.984E-02    0.00  0.1544E-16  0.0000E+00
  11   -17.2000    -138.114 0.3155   0.4663E+00  0.5575E-03 -0.1449E+00  0.2880E-02      -1  -0.951E-02    0.00  0.2340E-16  0.0000E+00
  12   -18.9200    -136.914 0.3162   0.4756E+00  0.5605E-03 -0.1400E+00  0.2829E-02      -1  -0.919E-02    0.00  0.3564E-16  0.0000E+00
  13   -20.6400    -135.687 0.3169   0.4850E+00  0.5636E-03 -0.1352E+00  0.2779E-02      -1  -0.887E-02    0.00  0.5450E-16  0.0000E+00
  14   -22.3600    -134.433 0.3176   0.4946E+00  0.5667E-03 -0.1305E+00  0.2728E-02      -1  -0.856E-02    0.00  0.8371E-16  0.0000E+00
  15   -24.0800    -133.154 0.3183   0.5045E+00  0.5699E-03 -0.1258E+00  0.2677E-02      -1  -0.826E-02    0.00  0.1291E-15  0.0000E+00
  16   -25.8000    -131.851 0.3190   0.5145E+00  0.5731E-03 -0.1213E+00  0.2627E-02      -1  -0.796E-02    0.00  0.2001E-15  0.0000E+00
  17   -27.5200    -130.525 0.3198   0.5247E+00  0.5764E-03 -0.1168E+00  0.2576E-02      -1  -0.766E-02    0.00  0.3115E-15  0.0000E+00
  18   -29.2400    -129.177 0.3205   0.5350E+00  0.5797E-03 -0.1124E+00  0.2525E-02      -1  -0.737E-02    0.00  0.4872E-15  0.0000E+00
  19   -30.9600    -127.808 0.3213   0.5456E+00  0.5831E-03 -0.1081E+00  0.2475E-02      -1  -0.709E-02    0.00  0.7656E-15  0.0000E+00
  20   -32.6800    -126.419 0.3221   0.5563E+00  0.5866E-03 -0.1039E+00  0.2424E-02      -1  -0.682E-02    0.00  0.1209E-14  0.0000E+00
  21   -34.4000    -125.010 0.3229   0.5671E+00  0.5901E-03 -0.9975E-01  0.2373E-02      -1  -0.655E-02    0.00  0.1918E-14  0.0000E+00
  22   -36.1200    -123.584 0.3237   0.5781E+00  0.5936E-03 -0.9571E-01  0.2323E-02      -1  -0.628E-02    0.00  0.3059E-14  0.0000E+00
  23   -37.8400    -122.140 0.3245   0.5892E+00  0.5972E-03 -0.9176E-01  0.2272E-02      -1  -0.602E-02    0.00  0.4904E-14  0.0000E+00
  24   -39.5600    -120.680 0.3253   0.6004E+00  0.6009E-03 -0.8790E-01  0.2221E-02      -1  -0.577E-02    0.00  0.7902E-14  0.0000E+00
  25   -41.2800    -119.202 0.3262   0.6197E+00  0.6045E-03 -0.8412E-01  0.2171E-02      -1  -0.552E-02    0.00  0.1280E-13  0.0000E+00
  26   -43.0000    -117.707 0.3272   0.6408E+00  0.6082E-03 -0.8043E-01  0.2120E-02      -1  -0.528E-02    0.00  0.2086E-13  0.0000E+00
  27   -44.7200    -116.194 0.3281   0.6620E+00  0.6119E-03 -0.7683E-01  0.2069E-02      -1  -0.504E-02    0.00  0.3418E-13  0.0000E+00
  28   -46.4400    -114.666 0.3291   0.6835E+00  0.6156E-03 -0.7331E-01  0.2019E-02      -1  -0.481E-02    0.00  0.5631E-13  0.0000E+00
  29   -48.1600    -113.124 0.3301   0.7052E+00  0.6194E-03 -0.6988E-01  0.1968E-02      -1  -0.459E-02    0.00  0.9333E-13  0.0000E+00
  30   -49.8800    -111.567 0.3311   0.7271E+00  0.6233E-03 -0.6654E-01  0.1918E-02      -1  -0.437E-02    0.00  0.1556E-12  0.0000E+00
  31   -51.6000    -110.112 0.2879   0.1154E+00  0.6293E-03 -0.6329E-01  0.1867E-02      -1  -0.415E-02    0.00  0.2635E-12  0.0000E+00
  32   -53.3200    -109.303 0.2884   0.1175E+00  0.6336E-03 -0.6012E-01  0.1816E-02      -1  -0.394E-02    0.00  0.4418E-12  0.0000E+00
  33   -55.0400    -108.432 0.2890   0.1199E+00  0.6383E-03 -0.5704E-01  0.1766E-02      -1  -0.374E-02    0.00  0.7363E-12  0.0000E+00
  34   -56.7600    -107.500 0.2896   0.1224E+00  0.6432E-03 -0.5404E-01  0.1715E-02      -1  -0.355E-02    0.00  0.1229E-11  0.0000E+00
  35   -58.4800    -106.511 0.2902   0.1250E+00  0.6485E-03 -0.5114E-01  0.1664E-02      -1  -0.336E-02    0.00  0.2062E-11  0.0000E+00
  36   -60.2000    -105.467 0.2909   0.1278E+00  0.6541E-03 -0.4832E-01  0.1614E-02      -1  -0.317E-02    0.00  0.3481E-11  0.0000E+00
  37   -61.9200    -104.372 0.2916   0.1307E+00  0.6599E-03 -0.4559E-01  0.1563E-02      -1  -0.299E-02    0.00  0.5921E-11  0.0000E+00
  38   -63.6400    -103.227 0.2923   0.1338E+00  0.6660E-03 -0.4294E-01  0.1512E-02      -1  -0.282E-02    0.00  0.1015E-10  0.0000E+00
  39   -65.3600    -102.036 0.2931   0.1370E+00  0.6723E-03 -0.4038E-01  0.1462E-02      -1  -0.265E-02    0.00  0.1753E-10  0.0000E+00
  40   -67.0800    -100.801 0.2938   0.1403E+00  0.6789E-03 -0.3791E-01  0.1411E-02      -1  -0.249E-02    0.00  0.3053E-10  0.0000E+00
  41   -68.8000     -99.526 0.2947   0.1437E+00  0.6857E-03 -0.3553E-01  0.1360E-02      -1  -0.233E-02    0.00  0.5360E-10  0.0000E+00
  42   -70.5200     -98.212 0.2955   0.1472E+00  0.6927E-03 -0.3323E-01  0.1310E-02      -1  -0.218E-02    0.00  0.9490E-10  0.0000E+00
  43   -72.2400     -96.863 0.2964   0.1508E+00  0.6999E-03 -0.3102E-01  0.1259E-02      -1  -0.204E-02    0.00  0.1695E-09  0.0000E+00
  44   -73.9600     -95.480 0.2972   0.1545E+00  0.7073E-03 -0.2890E-01  0.1208E-02      -1  -0.190E-02    0.00  0.3053E-09  0.0000E+00
  45   -75.6800     -94.063 0.2983   0.1622E+00  0.7171E-03 -0.2687E-01  0.1158E-02      -1  -0.176E-02    0.00  0.5546E-09  0.0000E+00
  46   -77.4000     -92.611 0.2995   0.1701E+00  0.7273E-03 -0.2492E-01  0.1107E-02      -1  -0.164E-02    0.00  0.1016E-08  0.0000E+00
  47   -79.1200     -91.128 0.3006   0.1782E+00  0.7376E-03 -0.2306E-01  0.1057E-02      -1  -0.151E-02    0.00  0.1878E-08  0.0000E+00
  48   -80.8400     -89.617 0.3018   0.1864E+00  0.7482E-03 -0.2129E-01  0.1006E-02      -1  -0.140E-02    0.00  0.3499E-08  0.0000E+00
  49   -82.5600     -88.081 0.3030   0.1948E+00  0.7589E-03 -0.1960E-01  0.9552E-03      -1  -0.129E-02    0.00  0.6575E-08  0.0000E+00
  50   -84.2800     -86.523 0.3042   0.2033E+00  0.7698E-03 -0.1800E-01  0.9046E-03      -1  -0.118E-02    0.00  0.1245E-07  0.0000E+00
  51   -86.0000     -84.946 0.3054   0.2119E+00  0.7808E-03 -0.1649E-01  0.8539E-03      -1  -0.108E-02    0.00  0.2377E-07  0.0000E+00
  52   -87.7200     -83.351 0.3066   0.2206E+00  0.7919E-03 -0.1506E-01  0.8033E-03      -1  -0.988E-03    0.00  0.4570E-07  0.0000E+00
  53   -89.4400     -81.741 0.3079   0.2294E+00  0.8032E-03 -0.1372E-01  0.7526E-03      -1  -0.901E-03    0.00  0.8846E-07  0.0000E+00
  54   -91.1600     -80.117 0.3091   0.2382E+00  0.8145E-03 -0.1247E-01  0.7020E-03      -1  -0.818E-03    0.00  0.1722E-06  0.0000E+00
  55   -92.8800     -78.481 0.3104   0.2472E+00  0.8260E-03 -0.1131E-01  0.6513E-03      -1  -0.742E-03    0.00  0.3370E-06  0.0000E+00
  56   -94.6000     -76.835 0.3117   0.2561E+00  0.8375E-03 -0.1023E-01  0.6007E-03      -1  -0.671E-03    0.00  0.6623E-06  0.0000E+00
  57   -96.3200     -75.178 0.3130   0.2676E+00  0.8497E-03 -0.9242E-02  0.5501E-03      -1  -0.606E-03    0.00  0.1305E-05  0.0000E+00
  58   -98.0400     -73.513 0.3145   0.2851E+00  0.8638E-03 -0.8340E-02  0.4994E-03      -1  -0.547E-03    0.00  0.2574E-05  0.0000E+00
  59   -99.7600     -71.839 0.3160   0.3028E+00  0.8779E-03 -0.7525E-02  0.4488E-03      -1  -0.494E-03    0.00  0.5074E-05  0.0000E+00
  60  -101.4800     -70.159 0.3176   0.3205E+00  0.8921E-03 -0.6796E-02  0.3981E-03      -1  -0.446E-03    0.00  0.9977E-05  0.0000E+00
  61  -103.2000     -68.472 0.3191   0.3383E+00  0.9063E-03 -0.6155E-02  0.3475E-03      -1  -0.404E-03    0.00  0.1953E-04  0.0000E+00
  62  -104.9200     -66.781 0.3207   0.3561E+00  0.9206E-03 -0.5601E-02  0.2968E-03      -1  -0.367E-03    0.00  0.3799E-04  0.0000E+00
  63  -106.6400     -65.087 0.3222   0.3740E+00  0.9349E-03 -0.5134E-02  0.2462E-03      -1  -0.337E-03    0.00  0.7323E-04  0.0000E+00
  64  -108.3600     -63.389 0.3237   0.3919E+00  0.9493E-03 -0.4754E-02  0.1955E-03      -1  -0.312E-03    0.00  0.1396E-03  0.0000E+00
  65  -110.0800     -61.688 0.3253   0.4099E+00  0.9636E-03 -0.4461E-02  0.1449E-03      -1  -0.293E-03    0.00  0.2628E-03  0.0000E+00
  66  -111.8000     -59.986 0.3268   0.4278E+00  0.9780E-03 -0.4255E-02  0.9423E-04      -1  -0.279E-03    0.00  0.4870E-03  0.0000E+00
  67  -113.5200     -58.282 0.3286   0.4603E+00  0.9937E-03 -0.4137E-02  0.4358E-04      -1  -0.271E-03    0.00  0.8867E-03  0.0000E+00
  68  -115.2400     -56.577 0.3304   0.4931E+00  0.1009E-02 -0.4099E-02  0.0000E+00      -1  -0.269E-03    0.00  0.1583E-02  0.0000E+00
  69  -116.9600     -54.871 0.3321   0.5260E+00  0.1025E-02 -0.4100E-02  0.0000E+00      -1  -0.269E-03    0.00  0.2771E-02  0.0000E+00
  70  -118.6800     -53.164 0.3339   0.5588E+00  0.1041E-02 -0.4100E-02  0.0000E+00      -1  -0.269E-03    0.00  0.4756E-02  0.0000E+00
  71  -120.4000     -51.456 0.3357   0.5917E+00  0.1057E-02 -0.4099E-02  0.0000E+00      -1  -0.269E-03    0.00  0.8011E-02  0.0000E+00
  72  -122.1200     -49.748 0.3374   0.6246E+00  0.1073E-02 -0.4099E-02  0.0000E+00      -1  -0.269E-03    0.00  0.1325E-01  0.0000E+00
  73  -123.8400     -48.039 0.3392   0.6575E+00  0.1088E-02 -0.4100E-02  0.0000E+00      -1  -0.269E-03    0.00  0.2151E-01  0.0000E+00
  74  -125.5600     -46.329 0.3411   0.7068E+00  0.1104E-02 -0.4099E-02  0.0000E+00      -1  -0.269E-03    0.00  0.3430E-01  0.0000E+00
  75  -127.2800     -44.619 0.3430   0.7634E+00  0.1119E-02 -0.4099E-02  0.0000E+00      -1  -0.269E-03    0.00  0.5373E-01  0.0000E+00
  76  -129.0000     -42.908 0.3450   0.8201E+00  0.1134E-02 -0.4100E-02  0.0000E+00      -1  -0.269E-03    0.00  0.8267E-01  0.0000E+00
  77  -130.7200     -41.196 0.3469   0.8768E+00  0.1149E-02 -0.4100E-02  0.0000E+00      -1  -0.269E-03    0.00  0.1250E+00  0.0000E+00
  78  -132.4400     -39.484 0.3489   0.9335E+00  0.1164E-02 -0.4100E-02  0.0000E+00      -1  -0.269E-03    0.00  0.1858E+00  0.0000E+00
  79  -134.1600     -37.771 0.3508   0.9903E+00  0.1180E-02 -0.4100E-02  0.0000E+00      -1  -0.269E-03    0.00  0.2716E+00  0.0000E+00
  80  -135.8800     -36.058 0.3529   0.1080E+01  0.1192E-02 -0.4100E-02  0.0000E+00      -1  -0.269E-03    0.00  0.3905E+00  0.0000E+00
  81  -137.6000     -34.344 0.3550   0.1172E+01  0.1204E-02 -0.4099E-02  0.0000E+00      -1  -0.269E-03    0.00  0.5523E+00  0.0000E+00
  82  -139.3200     -32.630 0.3570   0.1264E+01  0.1215E-02 -0.4098E-02  0.0000E+00      -1  -0.269E-03    0.00  0.7686E+00  0.0000E+00
  83  -141.0400     -30.915 0.3591   0.1356E+01  0.1227E-02 -0.4099E-02  0.0000E+00      -1  -0.269E-03    0.00  0.1053E+01  0.0000E+00
  84  -142.7600     -29.200 0.3612   0.1467E+01  0.1237E-02 -0.4099E-02  0.0000E+00      -1  -0.269E-03    0.00  0.1421E+01  0.0000E+00
  85  -144.4800     -27.485 0.3634   0.1608E+01  0.1242E-02 -0.4099E-02  0.0000E+00      -1  -0.269E-03    0.00  0.1888E+01  0.0000E+00
  86  -146.2000     -25.769 0.3655   0.1750E+01  0.1248E-02 -0.4099E-02  0.0000E+00      -1  -0.269E-03    0.00  0.2473E+01  0.0000E+00
  87  -147.9200     -24.053 0.3676   0.1892E+01  0.1253E-02 -0.4100E-02  0.0000E+00      -1  -0.269E-03    0.00  0.3193E+01  0.0000E+00
  88  -149.6400     -22.337 0.3698   0.2084E+01  0.1251E-02 -0.4100E-02  0.0000E+00      -1  -0.269E-03    0.00  0.4065E+01  0.0000E+00
  89  -151.3600     -20.620 0.3719   0.2291E+01  0.1247E-02 -0.4100E-02  0.0000E+00      -1  -0.269E-03    0.00  0.5106E+01  0.0000E+00
  90  -153.0800     -18.903 0.3741   0.2498E+01  0.1243E-02 -0.4101E-02  0.0000E+00      -1  -0.269E-03    0.00  0.6329E+01  0.0000E+00
  91  -154.8000     -17.185 0.3762   0.2781E+01  0.1229E-02 -0.4100E-02  0.0000E+00      -1  -0.269E-03    0.00  0.7746E+01  0.0000E+00
  92  -156.5200     -15.468 0.3783   0.3072E+01  0.1213E-02 -0.4099E-02  0.0000E+00      -1  -0.269E-03    0.00  0.9365E+01  0.0000E+00
  93  -158.2400     -13.750 0.3804   0.3428E+01  0.1188E-02 -0.4100E-02  0.0000E+00      -1  -0.269E-03    0.00  0.1119E+02  0.0000E+00
  94  -159.9600     -12.032 0.3824   0.3821E+01  0.1158E-02 -0.4100E-02  0.0000E+00      -1  -0.269E-03    0.00  0.1321E+02  0.0000E+00
  95  -161.6800     -10.314 0.3843   0.4319E+01  0.1114E-02 -0.4100E-02  0.0000E+00      -1  -0.269E-03    0.00  0.1543E+02  0.0000E+00
  96  -163.4000      -8.595 0.3862   0.4896E+01  0.1061E-02 -0.4100E-02  0.0000E+00      -1  -0.269E-03    0.00  0.1783E+02  0.0000E+00
  97  -165.1200      -6.877 0.3880   0.5608E+01  0.9913E-03 -0.4099E-02  0.0000E+00      -1  -0.269E-03    0.00  0.2040E+02  0.0000E+00
  98  -166.8400      -5.158 0.3896   0.6520E+01  0.9000E-03 -0.4099E-02  0.0000E+00      -1  -0.269E-03    0.00  0.2312E+02  0.0000E+00
  99  -168.5600      -3.439 0.3911   0.7745E+01  0.7771E-03 -0.4099E-02  0.0000E+00      -1  -0.269E-03    0.00  0.2596E+02  0.0000E+00
 100  -170.2800      -1.719 0.3923   0.9623E+01  0.5939E-03 -0.4099E-02  0.0000E+00      -1  -0.269E-03    0.00  0.2889E+02  0.0000E+00
 101  -172.0000       0.000 0.3930   0.1665E+02  0.0000E+00 -0.4099E-02  0.0000E+00      -1  -0.269E-03    0.00  0.3190E+02  0.0000E+00
end


 Time:     4380.0000


 Node      Depth      Head Moisture       K          C         Flux        Sink         Kappa   v/KsTop   Temp   Conc(1..NS) Sorb(1...NS)
           [L]        [L]    [-]        [L/T]      [1/L]      [L/T]        [1/T]         [-]      [-]      [C]      [M/L*3]

   1     0.0000    -148.332 0.3098   0.3877E+00  0.5321E-03 -0.1988E+00  0.3386E-02      -1  -0.130E-01    0.00  0.1472E-16  0.0000E+00
   2    -1.7200    -147.474 0.3102   0.3943E+00  0.5343E-03 -0.1930E+00  0.3336E-02      -1  -0.127E-01    0.00  0.1693E-16  0.0000E+00
   3    -3.4400    -146.576 0.3108   0.4013E+00  0.5365E-03 -0.1873E+00  0.3285E-02      -1  -0.123E-01    0.00  0.2106E-16  0.0000E+00
   4    -5.1600    -145.640 0.3113   0.4084E+00  0.5388E-03 -0.1817E+00  0.3234E-02      -1  -0.119E-01    0.00  0.2782E-16  0.0000E+00
   5    -6.8800    -144.667 0.3118   0.4159E+00  0.5412E-03 -0.1762E+00  0.3184E-02      -1  -0.116E-01    0.00  0.3828E-16  0.0000E+00
   6    -8.6000    -143.658 0.3124   0.4237E+00  0.5438E-03 -0.1708E+00  0.3133E-02      -1  -0.112E-01    0.00  0.5408E-16  0.0000E+00
   7   -10.3200    -142.614 0.3130   0.4317E+00  0.5464E-03 -0.1654E+00  0.3082E-02      -1  -0.109E-01    0.00  0.7768E-16  0.0000E+00
   8   -12.0400    -141.536 0.3136   0.4400E+00  0.5490E-03 -0.1602E+00  0.3032E-02      -1  -0.105E-01    0.00  0.1128E-15  0.0000E+00
   9   -13.7600    -140.426 0.3142   0.4485E+00  0.5518E-03 -0.1550E+00  0.2981E-02      -1  -0.102E-01    0.00  0.1650E-15  0.0000E+00
  10   -15.4800    -139.285 0.3148   0.4573E+00  0.5546E-03 -0.1499E+00  0.2930E-02      -1  -0.984E-02    0.00  0.2427E-15  0.0000E+00
  11   -17.2000    -138.114 0.3155   0.4663E+00  0.5575E-03 -0.1449E+00  0.2880E-02      -1  -0.951E-02    0.00  0.3587E-15  0.0000E+00
  12   -18.9200    -136.914 0.3162   0.4756E+00  0.5605E-03 -0.1400E+00  0.2829E-02      -1  -0.919E-02    0.00  0.5325E-15  0.0000E+00
  13   -20.6400    -135.687 0.3169   0.4850E+00  0.5636E-03 -0.1352E+00  0.2779E-02      -1  -0.887E-02    0.00  0.7937E-15  0.0000E+00
  14   -22.3600    -134.433 0.3176   0.4946E+00  0.5667E-03 -0.1305E+00  0.2728E-02      -1  -0.856E-02    0.00  0.1188E-14  0.0000E+00
  15   -24.0800    -133.154 0.3183   0.5045E+00  0.5699E-03 -0.1258E+00  0.2677E-02      -1  -0.826E-02    0.00  0.1785E-14  0.0000E+00
  16   -25.8000    -131.851 0.3190   0.5145E+00  0.5731E-03 -0.1213E+00  0.2627E-02      -1  -0.796E-02    0.00  0.2694E-14  0.0000E+00
  17   -27.5200    -130.525 0.3198   0.5247E+00  0.5764E-03 -0.1168E+00  0.2576E-02      -1  -0.766E-02    0.00  0.4082E-14  0.0000E+00
  18   -29.2400    -129.177 0.3205   0.5350E+00  0.5797E-03 -0.1124E+00  0.2525E-02      -1  -0.737E-02    0.00  0.6213E-14  0.0000E+00
  19   -30.9600    -127.808 0.3213   0.5456E+00  0.5831E-03 -0.1081E+00  0.2475E-02      -1  -0.709E-02    0.00  0.9497E-14  0.0000E+00
  20   -32.6800    -126.419 0.3221   0.5563E+00  0.5866E-03 -0.1039E+00  0.2424E-02      -1  -0.682E-02    0.00  0.1458E-13  0.0000E+00
  21   -34.4000    -125.010 0.3229   0.5671E+00  0.5901E-03 -0.9975E-01  0.2373E-02      -1  -0.655E-02    0.00  0.2249E-13  0.0000E+00
  22   -36.1200    -123.584 0.3237   0.5781E+00  0.5936E-03 -0.9571E-01  0.2323E-02      -1  -0.628E-02    0.00  0.3486E-13  0.0000E+00
  23   -37.8400    -122.140 0.3245   0.5892E+00  0.5972E-03 -0.9176E-01  0.2272E-02      -1  -0.602E-02    0.00  0.5429E-13  0.0000E+00
  24   -39.5600    -120.680 0.3253   0.6004E+00  0.6009E-03 -0.8790E-01  0.2221E-02      -1  -0.577E-02    0.00  0.8496E-13  0.0000E+00
  25   -41.2800    -119.202 0.3262   0.6197E+00  0.6045E-03 -0.8412E-01  0.2171E-02      -1  -0.552E-02    0.00  0.1336E-12  0.0000E+00
  26   -43.0000    -117.707 0.3272   0.6408E+00  0.6082E-03 -0.8043E-01  0.2120E-02      -1  -0.528E-02    0.00  0.2112E-12  0.0000E+00
  27   -44.7200    -116.194 0.3281   0.6620E+00  0.6119E-03 -0.7683E-01  0.2069E-02      -1  -0.504E-02    0.00  0.3356E-12  0.0000E+00
  28   -46.4400    -114.666 0.3291   0.6835E+00  0.6156E-03 -0.7331E-01  0.2019E-02      -1  -0.481E-02    0.00  0.5361E-12  0.0000E+00
  29   -48.1600    -113.124 0.3301   0.7052E+00  0.6194E-03 -0.6988E-01  0.1968E-02      -1  -0.459E-02    0.00  0.8609E-12  0.0000E+00
  30   -49.8800    -111.567 0.3311   0.7271E+00  0.6233E-03 -0.6654E-01  0.1918E-02      -1  -0.437E-02    0.00  0.1390E-11  0.0000E+00
  31   -51.6000    -110.112 0.2879   0.1154E+00  0.6293E-03 -0.6329E-01  0.1867E-02      -1  -0.415E-02    0.00  0.2278E-11  0.0000E+00
  32   -53.3200    -109.303 0.2884   0.1175E+00  0.6336E-03 -0.6012E-01  0.1816E-02      -1  -0.394E-02    0.00  0.3704E-11  0.0000E+00
  33   -55.0400    -108.432 0.2890   0.1199E+00  0.6383E-03 -0.5704E-01  0.1766E-02      -1  -0.374E-02    0.00  0.5987E-11  0.0000E+00
  34   -56.7600    -107.500 0.2896   0.1224E+00  0.6432E-03 -0.5404E-01  0.1715E-02      -1  -0.355E-02    0.00  0.9688E-11  0.0000E+00
  35   -58.4800    -106.511 0.2902   0.1250E+00  0.6485E-03 -0.5114E-01  0.1664E-02      -1  -0.336E-02    0.00  0.1574E-10  0.0000E+00
  36   -60.2000    -105.467 0.2909   0.1278E+00  0.6541E-03 -0.4832E-01  0.1614E-02      -1  -0.317E-02    0.00  0.2573E-10  0.0000E+00
  37   -61.9200    -104.372 0.2916   0.1307E+00  0.6599E-03 -0.4559E-01  0.1563E-02      -1  -0.299E-02    0.00  0.4234E-10  0.0000E+00
  38   -63.6400    -103.227 0.2923   0.1338E+00  0.6660E-03 -0.4294E-01  0.1512E-02      -1  -0.282E-02    0.00  0.7016E-10  0.0000E+00
  39   -65.3600    -102.036 0.2931   0.1370E+00  0.6723E-03 -0.4038E-01  0.1462E-02      -1  -0.265E-02    0.00  0.1171E-09  0.0000E+00
  40   -67.0800    -100.801 0.2938   0.1403E+00  0.6789E-03 -0.3791E-01  0.1411E-02      -1  -0.249E-02    0.00  0.1969E-09  0.0000E+00
  41   -68.8000     -99.526 0.2947   0.1437E+00  0.6857E-03 -0.3553E-01  0.1360E-02      -1  -0.233E-02    0.00  0.3337E-09  0.0000E+00
  42   -70.5200     -98.212 0.2955   0.1472E+00  0.6927E-03 -0.3323E-01  0.1310E-02      -1  -0.218E-02    0.00  0.5698E-09  0.0000E+00
  43   -72.2400     -96.863 0.2964   0.1508E+00  0.6999E-03 -0.3102E-01  0.1259E-02      -1  -0.204E-02    0.00  0.9808E-09  0.0000E+00
  44   -73.9600     -95.480 0.2972   0.1545E+00  0.7073E-03 -0.2890E-01  0.1208E-02      -1  -0.190E-02    0.00  0.1702E-08  0.0000E+00
  45   -75.6800     -94.063 0.2983   0.1622E+00  0.7171E-03 -0.2687E-01  0.1158E-02      -1  -0.176E-02    0.00  0.2976E-08  0.0000E+00
  46   -77.4000     -92.611 0.2995   0.1701E+00  0.7273E-03 -0.2492E-01  0.1107E-02      -1  -0.164E-02    0.00  0.5245E-08  0.0000E+00
  47   -79.1200     -91.128 0.3006   0.1782E+00  0.7376E-03 -0.2306E-01  0.1057E-02      -1  -0.151E-02    0.00  0.9316E-08  0.0000E+00
  48   -80.8400     -89.617 0.3018   0.1864E+00  0.7482E-03 -0.2129E-01  0.1006E-02      -1  -0.140E-02    0.00  0.1668E-07  0.0000E+00
  49   -82.5600     -88.081 0.3030   0.1948E+00  0.7589E-03 -0.1960E-01  0.9552E-03      -1  -0.129E-02    0.00  0.3008E-07  0.0000E+00
  50   -84.2800     -86.523 0.3042   0.2033E+00  0.7698E-03 -0.1800E-01  0.9046E-03      -1  -0.118E-02    0.00  0.5466E-07  0.0000E+00
  51   -86.0000     -84.946 0.3054   0.2119E+00  0.7808E-03 -0.1649E-01  0.8539E-03      -1  -0.108E-02    0.00  0.1000E-06  0.0000E+00
  52   -87.7200     -83.351 0.3066   0.2206E+00  0.7919E-03 -0.1506E-01  0.8033E-03      -1  -0.988E-03    0.00  0.1842E-06  0.0000E+00
  53   -89.4400     -81.741 0.3079   0.2294E+00  0.8032E-03 -0.1372E-01  0.7526E-03      -1  -0.901E-03    0.00  0.3414E-06  0.0000E+00
  54   -91.1600     -80.117 0.3091   0.2382E+00  0.8145E-03 -0.1247E-01  0.7020E-03      -1  -0.818E-03    0.00  0.6361E-06  0.0000E+00
  55   -92.8800     -78.481 0.3104   0.2472E+00  0.8260E-03 -0.1131E-01  0.6513E-03      -1  -0.742E-03    0.00  0.1190E-05  0.0000E+00
  56   -94.6000     -76.835 0.3117   0.2561E+00  0.8375E-03 -0.1023E-01  0.6007E-03      -1  -0.671E-03    0.00  0.2236E-05  0.0000E+00
  57   -96.3200     -75.178 0.3130   0.2676E+00  0.8497E-03 -0.9242E-02  0.5501E-03      -1  -0.606E-03    0.00  0.4210E-05  0.0000E+00
  58   -98.0400     -73.513 0.3145   0.2851E+00  0.8638E-03 -0.8340E-02  0.4994E-03      -1  -0.547E-03    0.00  0.7933E-05  0.0000E+00
  59   -99.7600     -71.839 0.3160   0.3028E+00  0.8779E-03 -0.7525E-02  0.4488E-03      -1  -0.494E-03    0.00  0.1493E-04  0.0000E+00
  60  -101.4800     -70.159 0.3176   0.3205E+00  0.8921E-03 -0.6796E-02  0.3981E-03      -1  -0.446E-03    0.00  0.2804E-04  0.0000E+00
  61  -103.2000     -68.472 0.3191   0.3383E+00  0.9063E-03 -0.6155E-02  0.3475E-03      -1  -0.404E-03    0.00  0.5242E-04  0.0000E+00
  62  -104.9200     -66.781 0.3207   0.3561E+00  0.9206E-03 -0.5601E-02  0.2968E-03      -1  -0.367E-03    0.00  0.9737E-04  0.0000E+00
  63  -106.6400     -65.087 0.3222   0.3740E+00  0.9349E-03 -0.5134E-02  0.2462E-03      -1  -0.337E-03    0.00  0.1793E-03  0.0000E+00
  64  -108.3600     -63.389 0.3237   0.3919E+00  0.9493E-03 -0.4754E-02  0.1955E-03      -1  -0.312E-03    0.00  0.3269E-03  0.0000E+00
  65  -110.0800     -61.688 0.3253   0.4099E+00  0.9636E-03 -0.4461E-02  0.1449E-03      -1  -0.293E-03    0.00  0.5883E-03  0.0000E+00
  66  -111.8000     -59.986 0.3268   0.4278E+00  0.9780E-03 -0.4255E-02  0.9423E-04      -1  -0.279E-03    0.00  0.1044E-02  0.0000E+00
  67  -113.5200     -58.282 0.3286   0.4603E+00  0.9937E-03 -0.4137E-02  0.4358E-04      -1  -0.271E-03    0.00  0.1821E-02  0.0000E+00
  68  -115.2400     -56.577 0.3304   0.4931E+00  0.1009E-02 -0.4099E-02  0.0000E+00      -1  -0.269E-03    0.00  0.3118E-02  0.0000E+00
  69  -116.9600     -54.871 0.3321   0.5260E+00  0.1025E-02 -0.4100E-02  0.0000E+00      -1  -0.269E-03    0.00  0.5242E-02  0.0000E+00
  70  -118.6800     -53.164 0.3339   0.5588E+00  0.1041E-02 -0.4100E-02  0.0000E+00      -1  -0.269E-03    0.00  0.8652E-02  0.0000E+00
  71  -120.4000     -51.456 0.3357   0.5917E+00  0.1057E-02 -0.4099E-02  0.0000E+00      -1  -0.269E-03    0.00  0.1403E-01  0.0000E+00
  72  -122.1200     -49.748 0.3374   0.6246E+00  0.1073E-02 -0.4099E-02  0.0000E+00      -1  -0.269E-03    0.00  0.2237E-01  0.0000E+00
  73  -123.8400     -48.039 0.3392   0.6575E+00  0.1088E-02 -0.4100E-02  0.0000E+00      -1  -0.269E-03    0.00  0.3508E-01  0.0000E+00
  74  -125.5600     -46.329 0.3411   0.7068E+00  0.1104E-02 -0.4099E-02  0.0000E+00      -1  -0.269E-03    0.00  0.5408E-01  0.0000E+00
  75  -127.2800     -44.619 0.3430   0.7634E+00  0.1119E-02 -0.4099E-02  0.0000E+00      -1  -0.269E-03    0.00  0.8199E-01  0.0000E+00
  76  -129.0000     -42.908 0.3450   0.8201E+00  0.1134E-02 -0.4100E-02  0.0000E+00      -1  -0.269E-03    0.00  0.1223E+00  0.0000E+00
  77  -130.7200     -41.196 0.3469   0.8768E+00  0.1149E-02 -0.4100E-02  0.0000E+00      -1  -0.269E-03    0.00  0.1795E+00  0.0000E+00
  78  -132.4400     -39.484 0.3489   0.9335E+00  0.1164E-02 -0.4100E-02  0.0000E+00      -1  -0.269E-03    0.00  0.2593E+00  0.0000E+00
  79  -134.1600     -37.771 0.3508   0.9903E+00  0.1180E-02 -0.4100E-02  0.0000E+00      -1  -0.269E-03    0.00  0.3689E+00  0.0000E+00
  80  -135.8800     -36.058 0.3529   0.1080E+01  0.1192E-02 -0.4100E-02  0.0000E+00      -1  -0.269E-03    0.00  0.5167E+00  0.0000E+00
  81  -137.6000     -34.344 0.3550   0.1172E+01  0.1204E-02 -0.4099E-02  0.0000E+00      -1  -0.269E-03    0.00  0.7130E+00  0.0000E+00
  82  -139.3200     -32.630 0.3570   0.1264E+01  0.1215E-02 -0.4098E-02  0.0000E+00      -1  -0.269E-03    0.00  0.9694E+00  0.0000E+00
  83  -141.0400     -30.915 0.3591   0.1356E+01  0.1227E-02 -0.4099E-02  0.0000E+00      -1  -0.269E-03    0.00  0.1299E+01  0.0000E+00
  84  -142.7600     -29.200 0.3612   0.1467E+01  0.1237E-02 -0.4099E-02  0.0000E+00      -1  -0.269E-03    0.00  0.1717E+01  0.0000E+00
  85  -144.4800     -27.485 0.3634   0.1608E+01  0.1242E-02 -0.4099E-02  0.0000E+00      -1  -0.269E-03    0.00  0.2237E+01  0.0000E+00
  86  -146.2000     -25.769 0.3655   0.1750E+01  0.1248E-02 -0.4099E-02  0.0000E+00      -1  -0.269E-03    0.00  0.2877E+01  0.0000E+00
  87  -147.9200     -24.053 0.3676   0.1892E+01  0.1253E-02 -0.4100E-02  0.0000E+00      -1  -0.269E-03    0.00  0.3651E+01  0.0000E+00
  88  -149.6400     -22.337 0.3698   0.2084E+01  0.1251E-02 -0.4100E-02  0.0000E+00      -1  -0.269E-03    0.00  0.4574E+01  0.0000E+00
  89  -151.3600     -20.620 0.3719   0.2291E+01  0.1247E-02 -0.4100E-02  0.0000E+00      -1  -0.269E-03    0.00  0.5660E+01  0.0000E+00
  90  -153.0800     -18.903 0.3741   0.2498E+01  0.1243E-02 -0.4101E-02  0.0000E+00      -1  -0.269E-03    0.00  0.6920E+01  0.0000E+00
  91  -154.8000     -17.185 0.3762   0.2781E+01  0.1229E-02 -0.4100E-02  0.0000E+00      -1  -0.269E-03    0.00  0.8362E+01  0.0000E+00
  92  -156.5200     -15.468 0.3783   0.3072E+01  0.1213E-02 -0.4099E-02  0.0000E+00      -1  -0.269E-03    0.00  0.9991E+01  0.0000E+00
  93  -158.2400     -13.750 0.3804   0.3428E+01  0.1188E-02 -0.4100E-02  0.0000E+00      -1  -0.269E-03    0.00  0.1181E+02  0.0000E+00
  94  -159.9600     -12.032 0.3824   0.3821E+01  0.1158E-02 -0.4100E-02  0.0000E+00      -1  -0.269E-03    0.00  0.1381E+02  0.0000E+00
  95  -161.6800     -10.314 0.3843   0.4319E+01  0.1114E-02 -0.4100E-02  0.0000E+00      -1  -0.269E-03    0.00  0.1599E+02  0.0000E+00
  96  -163.4000      -8.595 0.3862   0.4896E+01  0.1061E-02 -0.4100E-02  0.0000E+00      -1  -0.269E-03    0.00  0.1833E+02  0.0000E+00
  97  -165.1200      -6.877 0.3880   0.5608E+01  0.9913E-03 -0.4099E-02  0.0000E+00      -1  -0.269E-03    0.00  0.2083E+02  0.0000E+00
  98  -166.8400      -5.158 0.3896   0.6520E+01  0.9000E-03 -0.4099E-02  0.0000E+00      -1  -0.269E-03    0.00  0.2345E+02  0.0000E+00
  99  -168.5600      -3.439 0.3911   0.7745E+01  0.7771E-03 -0.4099E-02  0.0000E+00      -1  -0.269E-03    0.00  0.2619E+02  0.0000E+00
 100  -170.2800      -1.719 0.3923   0.9623E+01  0.5939E-03 -0.4099E-02  0.0000E+00      -1  -0.269E-03    0.00  0.2901E+02  0.0000E+00
 101  -172.0000       0.000 0.3930   0.1665E+02  0.0000E+00 -0.4099E-02  0.0000E+00      -1  -0.269E-03    0.00  0.3190E+02  0.0000E+00
end


 Time:     4745.0000


 Node      Depth      Head Moisture       K          C         Flux        Sink         Kappa   v/KsTop   Temp   Conc(1..NS) Sorb(1...NS)
           [L]        [L]    [-]        [L/T]      [1/L]      [L/T]        [1/T]         [-]      [-]      [C]      [M/L*3]

   1     0.0000    -148.332 0.3098   0.3877E+00  0.5321E-03 -0.1988E+00  0.3386E-02      -1  -0.130E-01    0.00  0.1899E-15  0.0000E+00
   2    -1.7200    -147.474 0.3102   0.3943E+00  0.5343E-03 -0.1930E+00  0.3336E-02      -1  -0.127E-01    0.00  0.2171E-15  0.0000E+00
   3    -3.4400    -146.576 0.3108   0.4013E+00  0.5365E-03 -0.1873E+00  0.3285E-02      -1  -0.123E-01    0.00  0.2661E-15  0.0000E+00
   4    -5.1600    -145.640 0.3113   0.4084E+00  0.5388E-03 -0.1817E+00  0.3234E-02      -1  -0.119E-01    0.00  0.3445E-15  0.0000E+00
   5    -6.8800    -144.667 0.3118   0.4159E+00  0.5412E-03 -0.1762E+00  0.3184E-02      -1  -0.116E-01    0.00  0.4636E-15  0.0000E+00
   6    -8.6000    -143.658 0.3124   0.4237E+00  0.5438E-03 -0.1708E+00  0.3133E-02      -1  -0.112E-01    0.00  0.6400E-15  0.0000E+00
   7   -10.3200    -142.614 0.3130   0.4317E+00  0.5464E-03 -0.1654E+00  0.3082E-02      -1  -0.109E-01    0.00  0.8984E-15  0.0000E+00
   8   -12.0400    -141.536 0.3136   0.4400E+00  0.5490E-03 -0.1602E+00  0.3032E-02      -1  -0.105E-01    0.00  0.1275E-14  0.0000E+00
   9   -13.7600    -140.426 0.3142   0.4485E+00  0.5518E-03 -0.1550E+00  0.2981E-02      -1  -0.102E-01    0.00  0.1824E-14  0.0000E+00
  10   -15.4800    -139.285 0.3148   0.4573E+00  0.5546E-03 -0.1499E+00  0.2930E-02      -1  -0.984E-02    0.00  0.2625E-14  0.0000E+00
  11   -17.2000    -138.114 0.3155   0.4663E+00  0.5575E-03 -0.1449E+00  0.2880E-02      -1  -0.951E-02    0.00  0.3795E-14  0.0000E+00
  12   -18.9200    -136.914 0.3162   0.4756E+00  0.5605E-03 -0.1400E+00  0.2829E-02      -1  -0.919E-02    0.00  0.5510E-14  0.0000E+00
  13   -20.6400    -135.687 0.3169   0.4850E+00  0.5636E-03 -0.1352E+00  0.2779E-02      -1  -0.887E-02    0.00  0.8032E-14  0.0000E+00
  14   -22.3600    -134.433 0.3176   0.4946E+00  0.5667E-03 -0.1305E+00  0.2728E-02      -1  -0.856E-02    0.00  0.1175E-13  0.0000E+00
  15   -24.0800    -133.154 0.3183   0.5045E+00  0.5699E-03 -0.1258E+00  0.2677E-02      -1  -0.826E-02    0.00  0.1727E-13  0.0000E+00
  16   -25.8000    -131.851 0.3190   0.5145E+00  0.5731E-03 -0.1213E+00  0.2627E-02      -1  -0.796E-02    0.00  0.2546E-13  0.0000E+00
  17   -27.5200    -130.525 0.3198   0.5247E+00  0.5764E-03 -0.1168E+00  0.2576E-02      -1  -0.766E-02    0.00  0.3769E-13  0.0000E+00
  18   -29.2400    -129.177 0.3205   0.5350E+00  0.5797E-03 -0.1124E+00  0.2525E-02      -1  -0.737E-02    0.00  0.5603E-13  0.0000E+00
  19   -30.9600    -127.808 0.3213   0.5456E+00  0.5831E-03 -0.1081E+00  0.2475E-02      -1  -0.709E-02    0.00  0.8362E-13  0.0000E+00
  20   -32.6800    -126.419 0.3221   0.5563E+00  0.5866E-03 -0.1039E+00  0.2424E-02      -1  -0.682E-02    0.00  0.1253E-12  0.0000E+00
  21   -34.4000    -125.010 0.3229   0.5671E+00  0.5901E-03 -0.9975E-01  0.2373E-02      -1  -0.655E-02    0.00  0.1886E-12  0.0000E+00
  22   -36.1200    -123.584 0.3237   0.5781E+00  0.5936E-03 -0.9571E-01  0.2323E-02      -1  -0.628E-02    0.00  0.2852E-12  0.0000E+00
  23   -37.8400    -122.140 0.3245   0.5892E+00  0.5972E-03 -0.9176E-01  0.2272E-02      -1  -0.602E-02    0.00  0.4330E-12  0.0000E+00
  24   -39.5600    -120.680 0.3253   0.6004E+00  0.6009E-03 -0.8790E-01  0.2221E-02      -1  -0.577E-02    0.00  0.6606E-12  0.0000E+00
  25   -41.2800    -119.202 0.3262   0.6197E+00  0.6045E-03 -0.8412E-01  0.2171E-02      -1  -0.552E-02    0.00  0.1012E-11  0.0000E+00
  26   -43.0000    -117.707 0.3272   0.6408E+00  0.6082E-03 -0.8043E-01  0.2120E-02      -1  -0.528E-02    0.00  0.1559E-11  0.0000E+00
  27   -44.7200    -116.194 0.3281   0.6620E+00  0.6119E-03 -0.7683E-01  0.2069E-02      -1  -0.504E-02    0.00  0.2412E-11  0.0000E+00
  28   -46.4400    -114.666 0.3291   0.6835E+00  0.6156E-03 -0.7331E-01  0.2019E-02      -1  -0.481E-02    0.00  0.3750E-11  0.0000E+00
  29   -48.1600    -113.124 0.3301   0.7052E+00  0.6194E-03 -0.6988E-01  0.1968E-02      -1  -0.459E-02    0.00  0.5860E-11  0.0000E+00
  30   -49.8800    -111.567 0.3311   0.7271E+00  0.6233E-03 -0.6654E-01  0.1918E-02      -1  -0.437E-02    0.00  0.9205E-11  0.0000E+00
  31   -51.6000    -110.112 0.2879   0.1154E+00  0.6293E-03 -0.6329E-01  0.1867E-02      -1  -0.415E-02    0.00  0.1466E-10  0.0000E+00
  32   -53.3200    -109.303 0.2884   0.1175E+00  0.6336E-03 -0.6012E-01  0.1816E-02      -1  -0.394E-02    0.00  0.2320E-10  0.0000E+00
  33   -55.0400    -108.432 0.2890   0.1199E+00  0.6383E-03 -0.5704E-01  0.1766E-02      -1  -0.374E-02    0.00  0.3652E-10  0.0000E+00
  34   -56.7600    -107.500 0.2896   0.1224E+00  0.6432E-03 -0.5404E-01  0.1715E-02      -1  -0.355E-02    0.00  0.5752E-10  0.0000E+00
  35   -58.4800    -106.511 0.2902   0.1250E+00  0.6485E-03 -0.5114E-01  0.1664E-02      -1  -0.336E-02    0.00  0.9094E-10  0.0000E+00
  36   -60.2000    -105.467 0.2909   0.1278E+00  0.6541E-03 -0.4832E-01  0.1614E-02      -1  -0.317E-02    0.00  0.1445E-09  0.0000E+00
  37   -61.9200    -104.372 0.2916   0.1307E+00  0.6599E-03 -0.4559E-01  0.1563E-02      -1  -0.299E-02    0.00  0.2311E-09  0.0000E+00
  38   -63.6400    -103.227 0.2923   0.1338E+00  0.6660E-03 -0.4294E-01  0.1512E-02      -1  -0.282E-02    0.00  0.3718E-09  0.0000E+00
  39   -65.3600    -102.036 0.2931   0.1370E+00  0.6723E-03 -0.4038E-01  0.1462E-02      -1  -0.265E-02    0.00  0.6024E-09  0.0000E+00
  40   -67.0800    -100.801 0.2938   0.1403E+00  0.6789E-03 -0.3791E-01  0.1411E-02      -1  -0.249E-02    0.00  0.9828E-09  0.0000E+00
  41   -68.8000     -99.526 0.2947   0.1437E+00  0.6857E-03 -0.3553E-01  0.1360E-02      -1  -0.233E-02    0.00  0.1615E-08  0.0000E+00
  42   -70.5200     -98.212 0.2955   0.1472E+00  0.6927E-03 -0.3323E-01  0.1310E-02      -1  -0.218E-02    0.00  0.2672E-08  0.0000E+00
  43   -72.2400     -96.863 0.2964   0.1508E+00  0.6999E-03 -0.3102E-01  0.1259E-02      -1  -0.204E-02    0.00  0.4454E-08  0.0000E+00
  44   -73.9600     -95.480 0.2972   0.1545E+00  0.7073E-03 -0.2890E-01  0.1208E-02      -1  -0.190E-02    0.00  0.7480E-08  0.0000E+00
  45   -75.6800     -94.063 0.2983   0.1622E+00  0.7171E-03 -0.2687E-01  0.1158E-02      -1  -0.176E-02    0.00  0.1265E-07  0.0000E+00
  46   -77.4000     -92.611 0.2995   0.1701E+00  0.7273E-03 -0.2492E-01  0.1107E-02      -1  -0.164E-02    0.00  0.2156E-07  0.0000E+00
  47   -79.1200     -91.128 0.3006   0.1782E+00  0.7376E-03 -0.2306E-01  0.1057E-02      -1  -0.151E-02    0.00  0.3701E-07  0.0000E+00
  48   -80.8400     -89.617 0.3018   0.1864E+00  0.7482E-03 -0.2129E-01  0.1006E-02      -1  -0.140E-02    0.00  0.6399E-07  0.0000E+00
  49   -82.5600     -88.081 0.3030   0.1948E+00  0.7589E-03 -0.1960E-01  0.9552E-03      -1  -0.129E-02    0.00  0.1114E-06  0.0000E+00
  50   -84.2800     -86.523 0.3042   0.2033E+00  0.7698E-03 -0.1800E-01  0.9046E-03      -1  -0.118E-02    0.00  0.1952E-06  0.0000E+00
  51   -86.0000     -84.946 0.3054   0.2119E+00  0.7808E-03 -0.1649E-01  0.8539E-03      -1  -0.108E-02    0.00  0.3444E-06  0.0000E+00
  52   -87.7200     -83.351 0.3066   0.2206E+00  0.7919E-03 -0.1506E-01  0.8033E-03      -1  -0.988E-03    0.00  0.6113E-06  0.0000E+00
  53   -89.4400     -81.741 0.3079   0.2294E+00  0.8032E-03 -0.1372E-01  0.7526E-03      -1  -0.901E-03    0.00  0.1091E-05  0.0000E+00
  54   -91.1600     -80.117 0.3091   0.2382E+00  0.8145E-03 -0.1247E-01  0.7020E-03      -1  -0.818E-03    0.00  0.1956E-05  0.0000E+00
  55   -92.8800     -78.481 0.3104   0.2472E+00  0.8260E-03 -0.1131E-01  0.6513E-03      -1  -0.742E-03    0.00  0.3522E-05  0.0000E+00
  56   -94.6000     -76.835 0.3117   0.2561E+00  0.8375E-03 -0.1023E-01  0.6007E-03      -1  -0.671E-03    0.00  0.6363E-05  0.0000E+00
  57   -96.3200     -75.178 0.3130   0.2676E+00  0.8497E-03 -0.9242E-02  0.5501E-03      -1  -0.606E-03    0.00  0.1152E-04  0.0000E+00
  58   -98.0400     -73.513 0.3145   0.2851E+00  0.8638E-03 -0.8340E-02  0.4994E-03      -1  -0.547E-03    0.00  0.2086E-04  0.0000E+00
  59   -99.7600     -71.839 0.3160   0.3028E+00  0.8779E-03 -0.7525E-02  0.4488E-03      -1  -0.494E-03    0.00  0.3773E-04  0.0000E+00
  60  -101.4800     -70.159 0.3176   0.3205E+00  0.8921E-03 -0.6796E-02  0.3981E-03      -1  -0.446E-03    0.00  0.6807E-04  0.0000E+00
  61  -103.2000     -68.472 0.3191   0.3383E+00  0.9063E-03 -0.6155E-02  0.3475E-03      -1  -0.404E-03    0.00  0.1223E-03  0.0000E+00
  62  -104.9200     -66.781 0.3207   0.3561E+00  0.9206E-03 -0.5601E-02  0.2968E-03      -1  -0.367E-03    0.00  0.2183E-03  0.0000E+00
  63  -106.6400     -65.087 0.3222   0.3740E+00  0.9349E-03 -0.5134E-02  0.2462E-03      -1  -0.337E-03    0.00  0.3865E-03  0.0000E+00
  64  -108.3600     -63.389 0.3237   0.3919E+00  0.9493E-03 -0.4754E-02  0.1955E-03      -1  -0.312E-03    0.00  0.6775E-03  0.0000E+00
  65  -110.0800     -61.688 0.3253   0.4099E+00  0.9636E-03 -0.4461E-02  0.1449E-03      -1  -0.293E-03    0.00  0.1174E-02  0.0000E+00
  66  -111.8000     -59.986 0.3268   0.4278E+00  0.9780E-03 -0.4255E-02  0.9423E-04      -1  -0.279E-03    0.00  0.2005E-02  0.0000E+00
  67  -113.5200     -58.282 0.3286   0.4603E+00  0.9937E-03 -0.4137E-02  0.4358E-04      -1  -0.271E-03    0.00  0.3371E-02  0.0000E+00
  68  -115.2400     -56.577 0.3304   0.4931E+00  0.1009E-02 -0.4099E-02  0.0000E+00      -1  -0.269E-03    0.00  0.5571E-02  0.0000E+00
  69  -116.9600     -54.871 0.3321   0.5260E+00  0.1025E-02 -0.4100E-02  0.0000E+00      -1  -0.269E-03    0.00  0.9046E-02  0.0000E+00
  70  -118.6800     -53.164 0.3339   0.5588E+00  0.1041E-02 -0.4100E-02  0.0000E+00      -1  -0.269E-03    0.00  0.1444E-01  0.0000E+00
  71  -120.4000     -51.456 0.3357   0.5917E+00  0.1057E-02 -0.4099E-02  0.0000E+00      -1  -0.269E-03    0.00  0.2267E-01  0.0000E+00
  72  -122.1200     -49.748 0.3374   0.6246E+00  0.1073E-02 -0.4099E-02  0.0000E+00      -1  -0.269E-03    0.00  0.3504E-01  0.0000E+00
  73  -123.8400     -48.039 0.3392   0.6575E+00  0.1088E-02 -0.4100E-02  0.0000E+00      -1  -0.269E-03    0.00  0.5330E-01  0.0000E+00
  74  -125.5600     -46.329 0.3411   0.7068E+00  0.1104E-02 -0.4099E-02  0.0000E+00      -1  -0.269E-03    0.00  0.7982E-01  0.0000E+00
  75  -127.2800     -44.619 0.3430   0.7634E+00  0.1119E-02 -0.4099E-02  0.0000E+00      -1  -0.269E-03    0.00  0.1177E+00  0.0000E+00
  76  -129.0000     -42.908 0.3450   0.8201E+00  0.1134E-02 -0.4100E-02  0.0000E+00      -1  -0.269E-03    0.00  0.1709E+00  0.0000E+00
  77  -130.7200     -41.196 0.3469   0.8768E+00  0.1149E-02 -0.4100E-02  0.0000E+00      -1  -0.269E-03    0.00  0.2446E+00  0.0000E+00
  78  -132.4400     -39.484 0.3489   0.9335E+00  0.1164E-02 -0.4100E-02  0.0000E+00      -1  -0.269E-03    0.00  0.3448E+00  0.0000E+00
  79  -134.1600     -37.771 0.3508   0.9903E+00  0.1180E-02 -0.4100E-02  0.0000E+00      -1  -0.269E-03    0.00  0.4793E+00  0.0000E+00
  80  -135.8800     -36.058 0.3529   0.1080E+01  0.1192E-02 -0.4100E-02  0.0000E+00      -1  -0.269E-03    0.00  0.6567E+00  0.0000E+00
  81  -137.6000     -34.344 0.3550   0.1172E+01  0.1204E-02 -0.4099E-02  0.0000E+00      -1  -0.269E-03    0.00  0.8873E+00  0.0000E+00
  82  -139.3200     -32.630 0.3570   0.1264E+01  0.1215E-02 -0.4098E-02  0.0000E+00      -1  -0.269E-03    0.00  0.1183E+01  0.0000E+00
  83  -141.0400     -30.915 0.3591   0.1356E+01  0.1227E-02 -0.4099E-02  0.0000E+00      -1  -0.269E-03    0.00  0.1555E+01  0.0000E+00
  84  -142.7600     -29.200 0.3612   0.1467E+01  0.1237E-02 -0.4099E-02  0.0000E+00      -1  -0.269E-03    0.00  0.2019E+01  0.0000E+00
  85  -144.4800     -27.485 0.3634   0.1608E+01  0.1242E-02 -0.4099E-02  0.0000E+00      -1  -0.269E-03    0.00  0.2588E+01  0.0000E+00
  86  -146.2000     -25.769 0.3655   0.1750E+01  0.1248E-02 -0.4099E-02  0.0000E+00      -1  -0.269E-03    0.00  0.3276E+01  0.0000E+00
  87  -147.9200     -24.053 0.3676   0.1892E+01  0.1253E-02 -0.4100E-02  0.0000E+00      -1  -0.269E-03    0.00  0.4096E+01  0.0000E+00
  88  -149.6400     -22.337 0.3698   0.2084E+01  0.1251E-02 -0.4100E-02  0.0000E+00      -1  -0.269E-03    0.00  0.5062E+01  0.0000E+00
  89  -151.3600     -20.620 0.3719   0.2291E+01  0.1247E-02 -0.4100E-02  0.0000E+00      -1  -0.269E-03    0.00  0.6185E+01  0.0000E+00
  90  -153.0800     -18.903 0.3741   0.2498E+01  0.1243E-02 -0.4101E-02  0.0000E+00      -1  -0.269E-03    0.00  0.7473E+01  0.0000E+00
  91  -154.8000     -17.185 0.3762   0.2781E+01  0.1229E-02 -0.4100E-02  0.0000E+00      -1  -0.269E-03    0.00  0.8932E+01  0.0000E+00
  92  -156.5200     -15.468 0.3783   0.3072E+01  0.1213E-02 -0.4099E-02  0.0000E+00      -1  -0.269E-03    0.00  0.1057E+02  0.0000E+00
  93  -158.2400     -13.750 0.3804   0.3428E+01  0.1188E-02 -0.4100E-02  0.0000E+00      -1  -0.269E-03    0.00  0.1237E+02  0.0000E+00
  94  -159.9600     -12.032 0.3824   0.3821E+01  0.1158E-02 -0.4100E-02  0.0000E+00      -1  -0.269E-03    0.00  0.1435E+02  0.0000E+00
  95  -161.6800     -10.314 0.3843   0.4319E+01  0.1114E-02 -0.4100E-02  0.0000E+00      -1  -0.269E-03    0.00  0.1649E+02  0.0000E+00
  96  -163.4000      -8.595 0.3862   0.4896E+01  0.1061E-02 -0.4100E-02  0.0000E+00      -1  -0.269E-03    0.00  0.1878E+02  0.0000E+00
  97  -165.1200      -6.877 0.3880   0.5608E+01  0.9913E-03 -0.4099E-02  0.0000E+00      -1  -0.269E-03    0.00  0.2120E+02  0.0000E+00
  98  -166.8400      -5.158 0.3896   0.6520E+01  0.9000E-03 -0.4099E-02  0.0000E+00      -1  -0.269E-03    0.00  0.2375E+02  0.0000E+00
  99  -168.5600      -3.439 0.3911   0.7745E+01  0.7771E-03 -0.4099E-02  0.0000E+00      -1  -0.269E-03    0.00  0.2639E+02  0.0000E+00
 100  -170.2800      -1.719 0.3923   0.9623E+01  0.5939E-03 -0.4099E-02  0.0000E+00      -1  -0.269E-03    0.00  0.2911E+02  0.0000E+00
 101  -172.0000       0.000 0.3930   0.1665E+02  0.0000E+00 -0.4099E-02  0.0000E+00      -1  -0.269E-03    0.00  0.3190E+02  0.0000E+00
end


 Time:     5110.0000


 Node      Depth      Head Moisture       K          C         Flux        Sink         Kappa   v/KsTop   Temp   Conc(1..NS) Sorb(1...NS)
           [L]        [L]    [-]        [L/T]      [1/L]      [L/T]        [1/T]         [-]      [-]      [C]      [M/L*3]

   1     0.0000    -148.332 0.3098   0.3877E+00  0.5321E-03 -0.1988E+00  0.3386E-02      -1  -0.130E-01    0.00  0.1765E-14  0.0000E+00
   2    -1.7200    -147.474 0.3102   0.3943E+00  0.5343E-03 -0.1930E+00  0.3336E-02      -1  -0.127E-01    0.00  0.2010E-14  0.0000E+00
   3    -3.4400    -146.576 0.3108   0.4013E+00  0.5365E-03 -0.1873E+00  0.3285E-02      -1  -0.123E-01    0.00  0.2434E-14  0.0000E+00
   4    -5.1600    -145.640 0.3113   0.4084E+00  0.5388E-03 -0.1817E+00  0.3234E-02      -1  -0.119E-01    0.00  0.3098E-14  0.0000E+00
   5    -6.8800    -144.667 0.3118   0.4159E+00  0.5412E-03 -0.1762E+00  0.3184E-02      -1  -0.116E-01    0.00  0.4088E-14  0.0000E+00
   6    -8.6000    -143.658 0.3124   0.4237E+00  0.5438E-03 -0.1708E+00  0.3133E-02      -1  -0.112E-01    0.00  0.5530E-14  0.0000E+00
   7   -10.3200    -142.614 0.3130   0.4317E+00  0.5464E-03 -0.1654E+00  0.3082E-02      -1  -0.109E-01    0.00  0.7609E-14  0.0000E+00
   8   -12.0400    -141.536 0.3136   0.4400E+00  0.5490E-03 -0.1602E+00  0.3032E-02      -1  -0.105E-01    0.00  0.1059E-13  0.0000E+00
   9   -13.7600    -140.426 0.3142   0.4485E+00  0.5518E-03 -0.1550E+00  0.2981E-02      -1  -0.102E-01    0.00  0.1485E-13  0.0000E+00
  10   -15.4800    -139.285 0.3148   0.4573E+00  0.5546E-03 -0.1499E+00  0.2930E-02      -1  -0.984E-02    0.00  0.2096E-13  0.0000E+00
  11   -17.2000    -138.114 0.3155   0.4663E+00  0.5575E-03 -0.1449E+00  0.2880E-02      -1  -0.951E-02    0.00  0.2972E-13  0.0000E+00
  12   -18.9200    -136.914 0.3162   0.4756E+00  0.5605E-03 -0.1400E+00  0.2829E-02      -1  -0.919E-02    0.00  0.4231E-13  0.0000E+00
  13   -20.6400    -135.687 0.3169   0.4850E+00  0.5636E-03 -0.1352E+00  0.2779E-02      -1  -0.887E-02    0.00  0.6048E-13  0.0000E+00
  14   -22.3600    -134.433 0.3176   0.4946E+00  0.5667E-03 -0.1305E+00  0.2728E-02      -1  -0.856E-02    0.00  0.8676E-13  0.0000E+00
  15   -24.0800    -133.154 0.3183   0.5045E+00  0.5699E-03 -0.1258E+00  0.2677E-02      -1  -0.826E-02    0.00  0.1249E-12  0.0000E+00
  16   -25.8000    -131.851 0.3190   0.5145E+00  0.5731E-03 -0.1213E+00  0.2627E-02      -1  -0.796E-02    0.00  0.1805E-12  0.0000E+00
  17   -27.5200    -130.525 0.3198   0.5247E+00  0.5764E-03 -0.1168E+00  0.2576E-02      -1  -0.766E-02    0.00  0.2619E-12  0.0000E+00
  18   -29.2400    -129.177 0.3205   0.5350E+00  0.5797E-03 -0.1124E+00  0.2525E-02      -1  -0.737E-02    0.00  0.3813E-12  0.0000E+00
  19   -30.9600    -127.808 0.3213   0.5456E+00  0.5831E-03 -0.1081E+00  0.2475E-02      -1  -0.709E-02    0.00  0.5573E-12  0.0000E+00
  20   -32.6800    -126.419 0.3221   0.5563E+00  0.5866E-03 -0.1039E+00  0.2424E-02      -1  -0.682E-02    0.00  0.8177E-12  0.0000E+00
  21   -34.4000    -125.010 0.3229   0.5671E+00  0.5901E-03 -0.9975E-01  0.2373E-02      -1  -0.655E-02    0.00  0.1205E-11  0.0000E+00
  22   -36.1200    -123.584 0.3237   0.5781E+00  0.5936E-03 -0.9571E-01  0.2323E-02      -1  -0.628E-02    0.00  0.1782E-11  0.0000E+00
  23   -37.8400    -122.140 0.3245   0.5892E+00  0.5972E-03 -0.9176E-01  0.2272E-02      -1  -0.602E-02    0.00  0.2647E-11  0.0000E+00
  24   -39.5600    -120.680 0.3253   0.6004E+00  0.6009E-03 -0.8790E-01  0.2221E-02      -1  -0.577E-02    0.00  0.3948E-11  0.0000E+00
  25   -41.2800    -119.202 0.3262   0.6197E+00  0.6045E-03 -0.8412E-01  0.2171E-02      -1  -0.552E-02    0.00  0.5915E-11  0.0000E+00
  26   -43.0000    -117.707 0.3272   0.6408E+00  0.6082E-03 -0.8043E-01  0.2120E-02      -1  -0.528E-02    0.00  0.8901E-11  0.0000E+00
  27   -44.7200    -116.194 0.3281   0.6620E+00  0.6119E-03 -0.7683E-01  0.2069E-02      -1  -0.504E-02    0.00  0.1345E-10  0.0000E+00
  28   -46.4400    -114.666 0.3291   0.6835E+00  0.6156E-03 -0.7331E-01  0.2019E-02      -1  -0.481E-02    0.00  0.2043E-10  0.0000E+00
  29   -48.1600    -113.124 0.3301   0.7052E+00  0.6194E-03 -0.6988E-01  0.1968E-02      -1  -0.459E-02    0.00  0.3117E-10  0.0000E+00
  30   -49.8800    -111.567 0.3311   0.7271E+00  0.6233E-03 -0.6654E-01  0.1918E-02      -1  -0.437E-02    0.00  0.4779E-10  0.0000E+00
  31   -51.6000    -110.112 0.2879   0.1154E+00  0.6293E-03 -0.6329E-01  0.1867E-02      -1  -0.415E-02    0.00  0.7424E-10  0.0000E+00
  32   -53.3200    -109.303 0.2884   0.1175E+00  0.6336E-03 -0.6012E-01  0.1816E-02      -1  -0.394E-02    0.00  0.1148E-09  0.0000E+00
  33   -55.0400    -108.432 0.2890   0.1199E+00  0.6383E-03 -0.5704E-01  0.1766E-02      -1  -0.374E-02    0.00  0.1765E-09  0.0000E+00
  34   -56.7600    -107.500 0.2896   0.1224E+00  0.6432E-03 -0.5404E-01  0.1715E-02      -1  -0.355E-02    0.00  0.2715E-09  0.0000E+00
  35   -58.4800    -106.511 0.2902   0.1250E+00  0.6485E-03 -0.5114E-01  0.1664E-02      -1  -0.336E-02    0.00  0.4189E-09  0.0000E+00
  36   -60.2000    -105.467 0.2909   0.1278E+00  0.6541E-03 -0.4832E-01  0.1614E-02      -1  -0.317E-02    0.00  0.6496E-09  0.0000E+00
  37   -61.9200    -104.372 0.2916   0.1307E+00  0.6599E-03 -0.4559E-01  0.1563E-02      -1  -0.299E-02    0.00  0.1013E-08  0.0000E+00
  38   -63.6400    -103.227 0.2923   0.1338E+00  0.6660E-03 -0.4294E-01  0.1512E-02      -1  -0.282E-02    0.00  0.1589E-08  0.0000E+00
  39   -65.3600    -102.036 0.2931   0.1370E+00  0.6723E-03 -0.4038E-01  0.1462E-02      -1  -0.265E-02    0.00  0.2508E-08  0.0000E+00
  40   -67.0800    -100.801 0.2938   0.1403E+00  0.6789E-03 -0.3791E-01  0.1411E-02      -1  -0.249E-02    0.00  0.3984E-08  0.0000E+00
  41   -68.8000     -99.526 0.2947   0.1437E+00  0.6857E-03 -0.3553E-01  0.1360E-02      -1  -0.233E-02    0.00  0.6371E-08  0.0000E+00
  42   -70.5200     -98.212 0.2955   0.1472E+00  0.6927E-03 -0.3323E-01  0.1310E-02      -1  -0.218E-02    0.00  0.1026E-07  0.0000E+00
  43   -72.2400     -96.863 0.2964   0.1508E+00  0.6999E-03 -0.3102E-01  0.1259E-02      -1  -0.204E-02    0.00  0.1663E-07  0.0000E+00
  44   -73.9600     -95.480 0.2972   0.1545E+00  0.7073E-03 -0.2890E-01  0.1208E-02      -1  -0.190E-02    0.00  0.2714E-07  0.0000E+00
  45   -75.6800     -94.063 0.2983   0.1622E+00  0.7171E-03 -0.2687E-01  0.1158E-02      -1  -0.176E-02    0.00  0.4459E-07  0.0000E+00
  46   -77.4000     -92.611 0.2995   0.1701E+00  0.7273E-03 -0.2492E-01  0.1107E-02      -1  -0.164E-02    0.00  0.7378E-07  0.0000E+00
  47   -79.1200     -91.128 0.3006   0.1782E+00  0.7376E-03 -0.2306E-01  0.1057E-02      -1  -0.151E-02    0.00  0.1229E-06  0.0000E+00
  48   -80.8400     -89.617 0.3018   0.1864E+00  0.7482E-03 -0.2129E-01  0.1006E-02      -1  -0.140E-02    0.00  0.2061E-06  0.0000E+00
  49   -82.5600     -88.081 0.3030   0.1948E+00  0.7589E-03 -0.1960E-01  0.9552E-03      -1  -0.129E-02    0.00  0.3478E-06  0.0000E+00
  50   -84.2800     -86.523 0.3042   0.2033E+00  0.7698E-03 -0.1800E-01  0.9046E-03      -1  -0.118E-02    0.00  0.5906E-06  0.0000E+00
  51   -86.0000     -84.946 0.3054   0.2119E+00  0.7808E-03 -0.1649E-01  0.8539E-03      -1  -0.108E-02    0.00  0.1009E-05  0.0000E+00
  52   -87.7200     -83.351 0.3066   0.2206E+00  0.7919E-03 -0.1506E-01  0.8033E-03      -1  -0.988E-03    0.00  0.1733E-05  0.0000E+00
  53   -89.4400     -81.741 0.3079   0.2294E+00  0.8032E-03 -0.1372E-01  0.7526E-03      -1  -0.901E-03    0.00  0.2993E-05  0.0000E+00
  54   -91.1600     -80.117 0.3091   0.2382E+00  0.8145E-03 -0.1247E-01  0.7020E-03      -1  -0.818E-03    0.00  0.5191E-05  0.0000E+00
  55   -92.8800     -78.481 0.3104   0.2472E+00  0.8260E-03 -0.1131E-01  0.6513E-03      -1  -0.742E-03    0.00  0.9037E-05  0.0000E+00
  56   -94.6000     -76.835 0.3117   0.2561E+00  0.8375E-03 -0.1023E-01  0.6007E-03      -1  -0.671E-03    0.00  0.1578E-04  0.0000E+00
  57   -96.3200     -75.178 0.3130   0.2676E+00  0.8497E-03 -0.9242E-02  0.5501E-03      -1  -0.606E-03    0.00  0.2759E-04  0.0000E+00
  58   -98.0400     -73.513 0.3145   0.2851E+00  0.8638E-03 -0.8340E-02  0.4994E-03      -1  -0.547E-03    0.00  0.4826E-04  0.0000E+00
  59   -99.7600     -71.839 0.3160   0.3028E+00  0.8779E-03 -0.7525E-02  0.4488E-03      -1  -0.494E-03    0.00  0.8432E-04  0.0000E+00
  60  -101.4800     -70.159 0.3176   0.3205E+00  0.8921E-03 -0.6796E-02  0.3981E-03      -1  -0.446E-03    0.00  0.1469E-03  0.0000E+00
  61  -103.2000     -68.472 0.3191   0.3383E+00  0.9063E-03 -0.6155E-02  0.3475E-03      -1  -0.404E-03    0.00  0.2549E-03  0.0000E+00
  62  -104.9200     -66.781 0.3207   0.3561E+00  0.9206E-03 -0.5601E-02  0.2968E-03      -1  -0.367E-03    0.00  0.4395E-03  0.0000E+00
  63  -106.6400     -65.087 0.3222   0.3740E+00  0.9349E-03 -0.5134E-02  0.2462E-03      -1  -0.337E-03    0.00  0.7520E-03  0.0000E+00
  64  -108.3600     -63.389 0.3237   0.3919E+00  0.9493E-03 -0.4754E-02  0.1955E-03      -1  -0.312E-03    0.00  0.1274E-02  0.0000E+00
  65  -110.0800     -61.688 0.3253   0.4099E+00  0.9636E-03 -0.4461E-02  0.1449E-03      -1  -0.293E-03    0.00  0.2134E-02  0.0000E+00
  66  -111.8000     -59.986 0.3268   0.4278E+00  0.9780E-03 -0.4255E-02  0.9423E-04      -1  -0.279E-03    0.00  0.3529E-02  0.0000E+00
  67  -113.5200     -58.282 0.3286   0.4603E+00  0.9937E-03 -0.4137E-02  0.4358E-04      -1  -0.271E-03    0.00  0.5747E-02  0.0000E+00
  68  -115.2400     -56.577 0.3304   0.4931E+00  0.1009E-02 -0.4099E-02  0.0000E+00      -1  -0.269E-03    0.00  0.9208E-02  0.0000E+00
  69  -116.9600     -54.871 0.3321   0.5260E+00  0.1025E-02 -0.4100E-02  0.0000E+00      -1  -0.269E-03    0.00  0.1451E-01  0.0000E+00
  70  -118.6800     -53.164 0.3339   0.5588E+00  0.1041E-02 -0.4100E-02  0.0000E+00      -1  -0.269E-03    0.00  0.2249E-01  0.0000E+00
  71  -120.4000     -51.456 0.3357   0.5917E+00  0.1057E-02 -0.4099E-02  0.0000E+00      -1  -0.269E-03    0.00  0.3434E-01  0.0000E+00
  72  -122.1200     -49.748 0.3374   0.6246E+00  0.1073E-02 -0.4099E-02  0.0000E+00      -1  -0.269E-03    0.00  0.5165E-01  0.0000E+00
  73  -123.8400     -48.039 0.3392   0.6575E+00  0.1088E-02 -0.4100E-02  0.0000E+00      -1  -0.269E-03    0.00  0.7655E-01  0.0000E+00
  74  -125.5600     -46.329 0.3411   0.7068E+00  0.1104E-02 -0.4099E-02  0.0000E+00      -1  -0.269E-03    0.00  0.1118E+00  0.0000E+00
  75  -127.2800     -44.619 0.3430   0.7634E+00  0.1119E-02 -0.4099E-02  0.0000E+00      -1  -0.269E-03    0.00  0.1609E+00  0.0000E+00
  76  -129.0000     -42.908 0.3450   0.8201E+00  0.1134E-02 -0.4100E-02  0.0000E+00      -1  -0.269E-03    0.00  0.2284E+00  0.0000E+00
  77  -130.7200     -41.196 0.3469   0.8768E+00  0.1149E-02 -0.4100E-02  0.0000E+00      -1  -0.269E-03    0.00  0.3197E+00  0.0000E+00
  78  -132.4400     -39.484 0.3489   0.9335E+00  0.1164E-02 -0.4100E-02  0.0000E+00      -1  -0.269E-03    0.00  0.4414E+00  0.0000E+00
  79  -134.1600     -37.771 0.3508   0.9903E+00  0.1180E-02 -0.4100E-02  0.0000E+00      -1  -0.269E-03    0.00  0.6012E+00  0.0000E+00
  80  -135.8800     -36.058 0.3529   0.1080E+01  0.1192E-02 -0.4100E-02  0.0000E+00      -1  -0.269E-03    0.00  0.8082E+00  0.0000E+00
  81  -137.6000     -34.344 0.3550   0.1172E+01  0.1204E-02 -0.4099E-02  0.0000E+00      -1  -0.269E-03    0.00  0.1072E+01  0.0000E+00
  82  -139.3200     -32.630 0.3570   0.1264E+01  0.1215E-02 -0.4098E-02  0.0000E+00      -1  -0.269E-03    0.00  0.1405E+01  0.0000E+00
  83  -141.0400     -30.915 0.3591   0.1356E+01  0.1227E-02 -0.4099E-02  0.0000E+00      -1  -0.269E-03    0.00  0.1818E+01  0.0000E+00
  84  -142.7600     -29.200 0.3612   0.1467E+01  0.1237E-02 -0.4099E-02  0.0000E+00      -1  -0.269E-03    0.00  0.2324E+01  0.0000E+00
  85  -144.4800     -27.485 0.3634   0.1608E+01  0.1242E-02 -0.4099E-02  0.0000E+00      -1  -0.269E-03    0.00  0.2936E+01  0.0000E+00
  86  -146.2000     -25.769 0.3655   0.1750E+01  0.1248E-02 -0.4099E-02  0.0000E+00      -1  -0.269E-03    0.00  0.3667E+01  0.0000E+00
  87  -147.9200     -24.053 0.3676   0.1892E+01  0.1253E-02 -0.4100E-02  0.0000E+00      -1  -0.269E-03    0.00  0.4527E+01  0.0000E+00
  88  -149.6400     -22.337 0.3698   0.2084E+01  0.1251E-02 -0.4100E-02  0.0000E+00      -1  -0.269E-03    0.00  0.5529E+01  0.0000E+00
  89  -151.3600     -20.620 0.3719   0.2291E+01  0.1247E-02 -0.4100E-02  0.0000E+00      -1  -0.269E-03    0.00  0.6681E+01  0.0000E+00
  90  -153.0800     -18.903 0.3741   0.2498E+01  0.1243E-02 -0.4101E-02  0.0000E+00      -1  -0.269E-03    0.00  0.7991E+01  0.0000E+00
  91  -154.8000     -17.185 0.3762   0.2781E+01  0.1229E-02 -0.4100E-02  0.0000E+00      -1  -0.269E-03    0.00  0.9461E+01  0.0000E+00
  92  -156.5200     -15.468 0.3783   0.3072E+01  0.1213E-02 -0.4099E-02  0.0000E+00      -1  -0.269E-03    0.00  0.1109E+02  0.0000E+00
  93  -158.2400     -13.750 0.3804   0.3428E+01  0.1188E-02 -0.4100E-02  0.0000E+00      -1  -0.269E-03    0.00  0.1289E+02  0.0000E+00
  94  -159.9600     -12.032 0.3824   0.3821E+01  0.1158E-02 -0.4100E-02  0.0000E+00      -1  -0.269E-03    0.00  0.1484E+02  0.0000E+00
  95  -161.6800     -10.314 0.3843   0.4319E+01  0.1114E-02 -0.4100E-02  0.0000E+00      -1  -0.269E-03    0.00  0.1694E+02  0.0000E+00
  96  -163.4000      -8.595 0.3862   0.4896E+01  0.1061E-02 -0.4100E-02  0.0000E+00      -1  -0.269E-03    0.00  0.1918E+02  0.0000E+00
  97  -165.1200      -6.877 0.3880   0.5608E+01  0.9913E-03 -0.4099E-02  0.0000E+00      -1  -0.269E-03    0.00  0.2154E+02  0.0000E+00
  98  -166.8400      -5.158 0.3896   0.6520E+01  0.9000E-03 -0.4099E-02  0.0000E+00      -1  -0.269E-03    0.00  0.2401E+02  0.0000E+00
  99  -168.5600      -3.439 0.3911   0.7745E+01  0.7771E-03 -0.4099E-02  0.0000E+00      -1  -0.269E-03    0.00  0.2657E+02  0.0000E+00
 100  -170.2800      -1.719 0.3923   0.9623E+01  0.5939E-03 -0.4099E-02  0.0000E+00      -1  -0.269E-03    0.00  0.2921E+02  0.0000E+00
 101  -172.0000       0.000 0.3930   0.1665E+02  0.0000E+00 -0.4099E-02  0.0000E+00      -1  -0.269E-03    0.00  0.3190E+02  0.0000E+00
end


 Time:     5475.0000


 Node      Depth      Head Moisture       K          C         Flux        Sink         Kappa   v/KsTop   Temp   Conc(1..NS) Sorb(1...NS)
           [L]        [L]    [-]        [L/T]      [1/L]      [L/T]        [1/T]         [-]      [-]      [C]      [M/L*3]

   1     0.0000    -148.332 0.3098   0.3877E+00  0.5321E-03 -0.1988E+00  0.3386E-02      -1  -0.130E-01    0.00  0.1254E-13  0.0000E+00
   2    -1.7200    -147.474 0.3102   0.3943E+00  0.5343E-03 -0.1930E+00  0.3336E-02      -1  -0.127E-01    0.00  0.1422E-13  0.0000E+00
   3    -3.4400    -146.576 0.3108   0.4013E+00  0.5365E-03 -0.1873E+00  0.3285E-02      -1  -0.123E-01    0.00  0.1705E-13  0.0000E+00
   4    -5.1600    -145.640 0.3113   0.4084E+00  0.5388E-03 -0.1817E+00  0.3234E-02      -1  -0.119E-01    0.00  0.2138E-13  0.0000E+00
   5    -6.8800    -144.667 0.3118   0.4159E+00  0.5412E-03 -0.1762E+00  0.3184E-02      -1  -0.116E-01    0.00  0.2775E-13  0.0000E+00
   6    -8.6000    -143.658 0.3124   0.4237E+00  0.5438E-03 -0.1708E+00  0.3133E-02      -1  -0.112E-01    0.00  0.3688E-13  0.0000E+00
   7   -10.3200    -142.614 0.3130   0.4317E+00  0.5464E-03 -0.1654E+00  0.3082E-02      -1  -0.109E-01    0.00  0.4985E-13  0.0000E+00
   8   -12.0400    -141.536 0.3136   0.4400E+00  0.5490E-03 -0.1602E+00  0.3032E-02      -1  -0.105E-01    0.00  0.6815E-13  0.0000E+00
   9   -13.7600    -140.426 0.3142   0.4485E+00  0.5518E-03 -0.1550E+00  0.2981E-02      -1  -0.102E-01    0.00  0.9394E-13  0.0000E+00
  10   -15.4800    -139.285 0.3148   0.4573E+00  0.5546E-03 -0.1499E+00  0.2930E-02      -1  -0.984E-02    0.00  0.1303E-12  0.0000E+00
  11   -17.2000    -138.114 0.3155   0.4663E+00  0.5575E-03 -0.1449E+00  0.2880E-02      -1  -0.951E-02    0.00  0.1816E-12  0.0000E+00
  12   -18.9200    -136.914 0.3162   0.4756E+00  0.5605E-03 -0.1400E+00  0.2829E-02      -1  -0.919E-02    0.00  0.2541E-12  0.0000E+00
  13   -20.6400    -135.687 0.3169   0.4850E+00  0.5636E-03 -0.1352E+00  0.2779E-02      -1  -0.887E-02    0.00  0.3569E-12  0.0000E+00
  14   -22.3600    -134.433 0.3176   0.4946E+00  0.5667E-03 -0.1305E+00  0.2728E-02      -1  -0.856E-02    0.00  0.5032E-12  0.0000E+00
  15   -24.0800    -133.154 0.3183   0.5045E+00  0.5699E-03 -0.1258E+00  0.2677E-02      -1  -0.826E-02    0.00  0.7119E-12  0.0000E+00
  16   -25.8000    -131.851 0.3190   0.5145E+00  0.5731E-03 -0.1213E+00  0.2627E-02      -1  -0.796E-02    0.00  0.1011E-11  0.0000E+00
  17   -27.5200    -130.525 0.3198   0.5247E+00  0.5764E-03 -0.1168E+00  0.2576E-02      -1  -0.766E-02    0.00  0.1440E-11  0.0000E+00
  18   -29.2400    -129.177 0.3205   0.5350E+00  0.5797E-03 -0.1124E+00  0.2525E-02      -1  -0.737E-02    0.00  0.2058E-11  0.0000E+00
  19   -30.9600    -127.808 0.3213   0.5456E+00  0.5831E-03 -0.1081E+00  0.2475E-02      -1  -0.709E-02    0.00  0.2953E-11  0.0000E+00
  20   -32.6800    -126.419 0.3221   0.5563E+00  0.5866E-03 -0.1039E+00  0.2424E-02      -1  -0.682E-02    0.00  0.4253E-11  0.0000E+00
  21   -34.4000    -125.010 0.3229   0.5671E+00  0.5901E-03 -0.9975E-01  0.2373E-02      -1  -0.655E-02    0.00  0.6147E-11  0.0000E+00
  22   -36.1200    -123.584 0.3237   0.5781E+00  0.5936E-03 -0.9571E-01  0.2323E-02      -1  -0.628E-02    0.00  0.8920E-11  0.0000E+00
  23   -37.8400    -122.140 0.3245   0.5892E+00  0.5972E-03 -0.9176E-01  0.2272E-02      -1  -0.602E-02    0.00  0.1299E-10  0.0000E+00
  24   -39.5600    -120.680 0.3253   0.6004E+00  0.6009E-03 -0.8790E-01  0.2221E-02      -1  -0.577E-02    0.00  0.1900E-10  0.0000E+00
  25   -41.2800    -119.202 0.3262   0.6197E+00  0.6045E-03 -0.8412E-01  0.2171E-02      -1  -0.552E-02    0.00  0.2791E-10  0.0000E+00
  26   -43.0000    -117.707 0.3272   0.6408E+00  0.6082E-03 -0.8043E-01  0.2120E-02      -1  -0.528E-02    0.00  0.4116E-10  0.0000E+00
  27   -44.7200    -116.194 0.3281   0.6620E+00  0.6119E-03 -0.7683E-01  0.2069E-02      -1  -0.504E-02    0.00  0.6095E-10  0.0000E+00
  28   -46.4400    -114.666 0.3291   0.6835E+00  0.6156E-03 -0.7331E-01  0.2019E-02      -1  -0.481E-02    0.00  0.9065E-10  0.0000E+00
  29   -48.1600    -113.124 0.3301   0.7052E+00  0.6194E-03 -0.6988E-01  0.1968E-02      -1  -0.459E-02    0.00  0.1354E-09  0.0000E+00
  30   -49.8800    -111.567 0.3311   0.7271E+00  0.6233E-03 -0.6654E-01  0.1918E-02      -1  -0.437E-02    0.00  0.2032E-09  0.0000E+00
  31   -51.6000    -110.112 0.2879   0.1154E+00  0.6293E-03 -0.6329E-01  0.1867E-02      -1  -0.415E-02    0.00  0.3087E-09  0.0000E+00
  32   -53.3200    -109.303 0.2884   0.1175E+00  0.6336E-03 -0.6012E-01  0.1816E-02      -1  -0.394E-02    0.00  0.4674E-09  0.0000E+00
  33   -55.0400    -108.432 0.2890   0.1199E+00  0.6383E-03 -0.5704E-01  0.1766E-02      -1  -0.374E-02    0.00  0.7040E-09  0.0000E+00
  34   -56.7600    -107.500 0.2896   0.1224E+00  0.6432E-03 -0.5404E-01  0.1715E-02      -1  -0.355E-02    0.00  0.1061E-08  0.0000E+00
  35   -58.4800    -106.511 0.2902   0.1250E+00  0.6485E-03 -0.5114E-01  0.1664E-02      -1  -0.336E-02    0.00  0.1603E-08  0.0000E+00
  36   -60.2000    -105.467 0.2909   0.1278E+00  0.6541E-03 -0.4832E-01  0.1614E-02      -1  -0.317E-02    0.00  0.2432E-08  0.0000E+00
  37   -61.9200    -104.372 0.2916   0.1307E+00  0.6599E-03 -0.4559E-01  0.1563E-02      -1  -0.299E-02    0.00  0.3709E-08  0.0000E+00
  38   -63.6400    -103.227 0.2923   0.1338E+00  0.6660E-03 -0.4294E-01  0.1512E-02      -1  -0.282E-02    0.00  0.5687E-08  0.0000E+00
  39   -65.3600    -102.036 0.2931   0.1370E+00  0.6723E-03 -0.4038E-01  0.1462E-02      -1  -0.265E-02    0.00  0.8773E-08  0.0000E+00
  40   -67.0800    -100.801 0.2938   0.1403E+00  0.6789E-03 -0.3791E-01  0.1411E-02      -1  -0.249E-02    0.00  0.1361E-07  0.0000E+00
  41   -68.8000     -99.526 0.2947   0.1437E+00  0.6857E-03 -0.3553E-01  0.1360E-02      -1  -0.233E-02    0.00  0.2126E-07  0.0000E+00
  42   -70.5200     -98.212 0.2955   0.1472E+00  0.6927E-03 -0.3323E-01  0.1310E-02      -1  -0.218E-02    0.00  0.3341E-07  0.0000E+00
  43   -72.2400     -96.863 0.2964   0.1508E+00  0.6999E-03 -0.3102E-01  0.1259E-02      -1  -0.204E-02    0.00  0.5283E-07  0.0000E+00
  44   -73.9600     -95.480 0.2972   0.1545E+00  0.7073E-03 -0.2890E-01  0.1208E-02      -1  -0.190E-02    0.00  0.8409E-07  0.0000E+00
  45   -75.6800     -94.063 0.2983   0.1622E+00  0.7171E-03 -0.2687E-01  0.1158E-02      -1  -0.176E-02    0.00  0.1347E-06  0.0000E+00
  46   -77.4000     -92.611 0.2995   0.1701E+00  0.7273E-03 -0.2492E-01  0.1107E-02      -1  -0.164E-02    0.00  0.2171E-06  0.0000E+00
  47   -79.1200     -91.128 0.3006   0.1782E+00  0.7376E-03 -0.2306E-01  0.1057E-02      -1  -0.151E-02    0.00  0.3522E-06  0.0000E+00
  48   -80.8400     -89.617 0.3018   0.1864E+00  0.7482E-03 -0.2129E-01  0.1006E-02      -1  -0.140E-02    0.00  0.5749E-06  0.0000E+00
  49   -82.5600     -88.081 0.3030   0.1948E+00  0.7589E-03 -0.1960E-01  0.9552E-03      -1  -0.129E-02    0.00  0.9441E-06  0.0000E+00
  50   -84.2800     -86.523 0.3042   0.2033E+00  0.7698E-03 -0.1800E-01  0.9046E-03      -1  -0.118E-02    0.00  0.1559E-05  0.0000E+00
  51   -86.0000     -84.946 0.3054   0.2119E+00  0.7808E-03 -0.1649E-01  0.8539E-03      -1  -0.108E-02    0.00  0.2590E-05  0.0000E+00
  52   -87.7200     -83.351 0.3066   0.2206E+00  0.7919E-03 -0.1506E-01  0.8033E-03      -1  -0.988E-03    0.00  0.4324E-05  0.0000E+00
  53   -89.4400     -81.741 0.3079   0.2294E+00  0.8032E-03 -0.1372E-01  0.7526E-03      -1  -0.901E-03    0.00  0.7252E-05  0.0000E+00
  54   -91.1600     -80.117 0.3091   0.2382E+00  0.8145E-03 -0.1247E-01  0.7020E-03      -1  -0.818E-03    0.00  0.1221E-04  0.0000E+00
  55   -92.8800     -78.481 0.3104   0.2472E+00  0.8260E-03 -0.1131E-01  0.6513E-03      -1  -0.742E-03    0.00  0.2064E-04  0.0000E+00
  56   -94.6000     -76.835 0.3117   0.2561E+00  0.8375E-03 -0.1023E-01  0.6007E-03      -1  -0.671E-03    0.00  0.3496E-04  0.0000E+00
  57   -96.3200     -75.178 0.3130   0.2676E+00  0.8497E-03 -0.9242E-02  0.5501E-03      -1  -0.606E-03    0.00  0.5931E-04  0.0000E+00
  58   -98.0400     -73.513 0.3145   0.2851E+00  0.8638E-03 -0.8340E-02  0.4994E-03      -1  -0.547E-03    0.00  0.1006E-03  0.0000E+00
  59   -99.7600     -71.839 0.3160   0.3028E+00  0.8779E-03 -0.7525E-02  0.4488E-03      -1  -0.494E-03    0.00  0.1705E-03  0.0000E+00
  60  -101.4800     -70.159 0.3176   0.3205E+00  0.8921E-03 -0.6796E-02  0.3981E-03      -1  -0.446E-03    0.00  0.2881E-03  0.0000E+00
  61  -103.2000     -68.472 0.3191   0.3383E+00  0.9063E-03 -0.6155E-02  0.3475E-03      -1  -0.404E-03    0.00  0.4848E-03  0.0000E+00
  62  -104.9200     -66.781 0.3207   0.3561E+00  0.9206E-03 -0.5601E-02  0.2968E-03      -1  -0.367E-03    0.00  0.8110E-03  0.0000E+00
  63  -106.6400     -65.087 0.3222   0.3740E+00  0.9349E-03 -0.5134E-02  0.2462E-03      -1  -0.337E-03    0.00  0.1346E-02  0.0000E+00
  64  -108.3600     -63.389 0.3237   0.3919E+00  0.9493E-03 -0.4754E-02  0.1955E-03      -1  -0.312E-03    0.00  0.2214E-02  0.0000E+00
  65  -110.0800     -61.688 0.3253   0.4099E+00  0.9636E-03 -0.4461E-02  0.1449E-03      -1  -0.293E-03    0.00  0.3602E-02  0.0000E+00
  66  -111.8000     -59.986 0.3268   0.4278E+00  0.9780E-03 -0.4255E-02  0.9423E-04      -1  -0.279E-03    0.00  0.5786E-02  0.0000E+00
  67  -113.5200     -58.282 0.3286   0.4603E+00  0.9937E-03 -0.4137E-02  0.4358E-04      -1  -0.271E-03    0.00  0.9164E-02  0.0000E+00
  68  -115.2400     -56.577 0.3304   0.4931E+00  0.1009E-02 -0.4099E-02  0.0000E+00      -1  -0.269E-03    0.00  0.1429E-01  0.0000E+00
  69  -116.9600     -54.871 0.3321   0.5260E+00  0.1025E-02 -0.4100E-02  0.0000E+00      -1  -0.269E-03    0.00  0.2193E-01  0.0000E+00
  70  -118.6800     -53.164 0.3339   0.5588E+00  0.1041E-02 -0.4100E-02  0.0000E+00      -1  -0.269E-03    0.00  0.3314E-01  0.0000E+00
  71  -120.4000     -51.456 0.3357   0.5917E+00  0.1057E-02 -0.4099E-02  0.0000E+00      -1  -0.269E-03    0.00  0.4937E-01  0.0000E+00
  72  -122.1200     -49.748 0.3374   0.6246E+00  0.1073E-02 -0.4099E-02  0.0000E+00      -1  -0.269E-03    0.00  0.7251E-01  0.0000E+00
  73  -123.8400     -48.039 0.3392   0.6575E+00  0.1088E-02 -0.4100E-02  0.0000E+00      -1  -0.269E-03    0.00  0.1050E+00  0.0000E+00
  74  -125.5600     -46.329 0.3411   0.7068E+00  0.1104E-02 -0.4099E-02  0.0000E+00      -1  -0.269E-03    0.00  0.1501E+00  0.0000E+00
  75  -127.2800     -44.619 0.3430   0.7634E+00  0.1119E-02 -0.4099E-02  0.0000E+00      -1  -0.269E-03    0.00  0.2116E+00  0.0000E+00
  76  -129.0000     -42.908 0.3450   0.8201E+00  0.1134E-02 -0.4100E-02  0.0000E+00      -1  -0.269E-03    0.00  0.2943E+00  0.0000E+00
  77  -130.7200     -41.196 0.3469   0.8768E+00  0.1149E-02 -0.4100E-02  0.0000E+00      -1  -0.269E-03    0.00  0.4041E+00  0.0000E+00
  78  -132.4400     -39.484 0.3489   0.9335E+00  0.1164E-02 -0.4100E-02  0.0000E+00      -1  -0.269E-03    0.00  0.5477E+00  0.0000E+00
  79  -134.1600     -37.771 0.3508   0.9903E+00  0.1180E-02 -0.4100E-02  0.0000E+00      -1  -0.269E-03    0.00  0.7331E+00  0.0000E+00
  80  -135.8800     -36.058 0.3529   0.1080E+01  0.1192E-02 -0.4100E-02  0.0000E+00      -1  -0.269E-03    0.00  0.9692E+00  0.0000E+00
  81  -137.6000     -34.344 0.3550   0.1172E+01  0.1204E-02 -0.4099E-02  0.0000E+00      -1  -0.269E-03    0.00  0.1266E+01  0.0000E+00
  82  -139.3200     -32.630 0.3570   0.1264E+01  0.1215E-02 -0.4098E-02  0.0000E+00      -1  -0.269E-03    0.00  0.1634E+01  0.0000E+00
  83  -141.0400     -30.915 0.3591   0.1356E+01  0.1227E-02 -0.4099E-02  0.0000E+00      -1  -0.269E-03    0.00  0.2084E+01  0.0000E+00
  84  -142.7600     -29.200 0.3612   0.1467E+01  0.1237E-02 -0.4099E-02  0.0000E+00      -1  -0.269E-03    0.00  0.2629E+01  0.0000E+00
  85  -144.4800     -27.485 0.3634   0.1608E+01  0.1242E-02 -0.4099E-02  0.0000E+00      -1  -0.269E-03    0.00  0.3280E+01  0.0000E+00
  86  -146.2000     -25.769 0.3655   0.1750E+01  0.1248E-02 -0.4099E-02  0.0000E+00      -1  -0.269E-03    0.00  0.4048E+01  0.0000E+00
  87  -147.9200     -24.053 0.3676   0.1892E+01  0.1253E-02 -0.4100E-02  0.0000E+00      -1  -0.269E-03    0.00  0.4943E+01  0.0000E+00
  88  -149.6400     -22.337 0.3698   0.2084E+01  0.1251E-02 -0.4100E-02  0.0000E+00      -1  -0.269E-03    0.00  0.5975E+01  0.0000E+00
  89  -151.3600     -20.620 0.3719   0.2291E+01  0.1247E-02 -0.4100E-02  0.0000E+00      -1  -0.269E-03    0.00  0.7151E+01  0.0000E+00
  90  -153.0800     -18.903 0.3741   0.2498E+01  0.1243E-02 -0.4101E-02  0.0000E+00      -1  -0.269E-03    0.00  0.8476E+01  0.0000E+00
  91  -154.8000     -17.185 0.3762   0.2781E+01  0.1229E-02 -0.4100E-02  0.0000E+00      -1  -0.269E-03    0.00  0.9954E+01  0.0000E+00
  92  -156.5200     -15.468 0.3783   0.3072E+01  0.1213E-02 -0.4099E-02  0.0000E+00      -1  -0.269E-03    0.00  0.1158E+02  0.0000E+00
  93  -158.2400     -13.750 0.3804   0.3428E+01  0.1188E-02 -0.4100E-02  0.0000E+00      -1  -0.269E-03    0.00  0.1336E+02  0.0000E+00
  94  -159.9600     -12.032 0.3824   0.3821E+01  0.1158E-02 -0.4100E-02  0.0000E+00      -1  -0.269E-03    0.00  0.1529E+02  0.0000E+00
  95  -161.6800     -10.314 0.3843   0.4319E+01  0.1114E-02 -0.4100E-02  0.0000E+00      -1  -0.269E-03    0.00  0.1735E+02  0.0000E+00
  96  -163.4000      -8.595 0.3862   0.4896E+01  0.1061E-02 -0.4100E-02  0.0000E+00      -1  -0.269E-03    0.00  0.1954E+02  0.0000E+00
  97  -165.1200      -6.877 0.3880   0.5608E+01  0.9913E-03 -0.4099E-02  0.0000E+00      -1  -0.269E-03    0.00  0.2184E+02  0.0000E+00
  98  -166.8400      -5.158 0.3896   0.6520E+01  0.9000E-03 -0.4099E-02  0.0000E+00      -1  -0.269E-03    0.00  0.2425E+02  0.0000E+00
  99  -168.5600      -3.439 0.3911   0.7745E+01  0.7771E-03 -0.4099E-02  0.0000E+00      -1  -0.269E-03    0.00  0.2673E+02  0.0000E+00
 100  -170.2800      -1.719 0.3923   0.9623E+01  0.5939E-03 -0.4099E-02  0.0000E+00      -1  -0.269E-03    0.00  0.2929E+02  0.0000E+00
 101  -172.0000       0.000 0.3930   0.1665E+02  0.0000E+00 -0.4099E-02  0.0000E+00      -1  -0.269E-03    0.00  0.3190E+02  0.0000E+00
end


 Time:     5840.0000


 Node      Depth      Head Moisture       K          C         Flux        Sink         Kappa   v/KsTop   Temp   Conc(1..NS) Sorb(1...NS)
           [L]        [L]    [-]        [L/T]      [1/L]      [L/T]        [1/T]         [-]      [-]      [C]      [M/L*3]

   1     0.0000    -148.332 0.3098   0.3877E+00  0.5321E-03 -0.1988E+00  0.3386E-02      -1  -0.130E-01    0.00  0.7116E-13  0.0000E+00
   2    -1.7200    -147.474 0.3102   0.3943E+00  0.5343E-03 -0.1930E+00  0.3336E-02      -1  -0.127E-01    0.00  0.8046E-13  0.0000E+00
   3    -3.4400    -146.576 0.3108   0.4013E+00  0.5365E-03 -0.1873E+00  0.3285E-02      -1  -0.123E-01    0.00  0.9562E-13  0.0000E+00
   4    -5.1600    -145.640 0.3113   0.4084E+00  0.5388E-03 -0.1817E+00  0.3234E-02      -1  -0.119E-01    0.00  0.1184E-12  0.0000E+00
   5    -6.8800    -144.667 0.3118   0.4159E+00  0.5412E-03 -0.1762E+00  0.3184E-02      -1  -0.116E-01    0.00  0.1515E-12  0.0000E+00
   6    -8.6000    -143.658 0.3124   0.4237E+00  0.5438E-03 -0.1708E+00  0.3133E-02      -1  -0.112E-01    0.00  0.1982E-12  0.0000E+00
   7   -10.3200    -142.614 0.3130   0.4317E+00  0.5464E-03 -0.1654E+00  0.3082E-02      -1  -0.109E-01    0.00  0.2637E-12  0.0000E+00
   8   -12.0400    -141.536 0.3136   0.4400E+00  0.5490E-03 -0.1602E+00  0.3032E-02      -1  -0.105E-01    0.00  0.3548E-12  0.0000E+00
   9   -13.7600    -140.426 0.3142   0.4485E+00  0.5518E-03 -0.1550E+00  0.2981E-02      -1  -0.102E-01    0.00  0.4815E-12  0.0000E+00
  10   -15.4800    -139.285 0.3148   0.4573E+00  0.5546E-03 -0.1499E+00  0.2930E-02      -1  -0.984E-02    0.00  0.6575E-12  0.0000E+00
  11   -17.2000    -138.114 0.3155   0.4663E+00  0.5575E-03 -0.1449E+00  0.2880E-02      -1  -0.951E-02    0.00  0.9023E-12  0.0000E+00
  12   -18.9200    -136.914 0.3162   0.4756E+00  0.5605E-03 -0.1400E+00  0.2829E-02      -1  -0.919E-02    0.00  0.1243E-11  0.0000E+00
  13   -20.6400    -135.687 0.3169   0.4850E+00  0.5636E-03 -0.1352E+00  0.2779E-02      -1  -0.887E-02    0.00  0.1720E-11  0.0000E+00
  14   -22.3600    -134.433 0.3176   0.4946E+00  0.5667E-03 -0.1305E+00  0.2728E-02      -1  -0.856E-02    0.00  0.2387E-11  0.0000E+00
  15   -24.0800    -133.154 0.3183   0.5045E+00  0.5699E-03 -0.1258E+00  0.2677E-02      -1  -0.826E-02    0.00  0.3325E-11  0.0000E+00
  16   -25.8000    -131.851 0.3190   0.5145E+00  0.5731E-03 -0.1213E+00  0.2627E-02      -1  -0.796E-02    0.00  0.4646E-11  0.0000E+00
  17   -27.5200    -130.525 0.3198   0.5247E+00  0.5764E-03 -0.1168E+00  0.2576E-02      -1  -0.766E-02    0.00  0.6513E-11  0.0000E+00
  18   -29.2400    -129.177 0.3205   0.5350E+00  0.5797E-03 -0.1124E+00  0.2525E-02      -1  -0.737E-02    0.00  0.9161E-11  0.0000E+00
  19   -30.9600    -127.808 0.3213   0.5456E+00  0.5831E-03 -0.1081E+00  0.2475E-02      -1  -0.709E-02    0.00  0.1293E-10  0.0000E+00
  20   -32.6800    -126.419 0.3221   0.5563E+00  0.5866E-03 -0.1039E+00  0.2424E-02      -1  -0.682E-02    0.00  0.1831E-10  0.0000E+00
  21   -34.4000    -125.010 0.3229   0.5671E+00  0.5901E-03 -0.9975E-01  0.2373E-02      -1  -0.655E-02    0.00  0.2603E-10  0.0000E+00
  22   -36.1200    -123.584 0.3237   0.5781E+00  0.5936E-03 -0.9571E-01  0.2323E-02      -1  -0.628E-02    0.00  0.3713E-10  0.0000E+00
  23   -37.8400    -122.140 0.3245   0.5892E+00  0.5972E-03 -0.9176E-01  0.2272E-02      -1  -0.602E-02    0.00  0.5317E-10  0.0000E+00
  24   -39.5600    -120.680 0.3253   0.6004E+00  0.6009E-03 -0.8790E-01  0.2221E-02      -1  -0.577E-02    0.00  0.7641E-10  0.0000E+00
  25   -41.2800    -119.202 0.3262   0.6197E+00  0.6045E-03 -0.8412E-01  0.2171E-02      -1  -0.552E-02    0.00  0.1102E-09  0.0000E+00
  26   -43.0000    -117.707 0.3272   0.6408E+00  0.6082E-03 -0.8043E-01  0.2120E-02      -1  -0.528E-02    0.00  0.1597E-09  0.0000E+00
  27   -44.7200    -116.194 0.3281   0.6620E+00  0.6119E-03 -0.7683E-01  0.2069E-02      -1  -0.504E-02    0.00  0.2322E-09  0.0000E+00
  28   -46.4400    -114.666 0.3291   0.6835E+00  0.6156E-03 -0.7331E-01  0.2019E-02      -1  -0.481E-02    0.00  0.3389E-09  0.0000E+00
  29   -48.1600    -113.124 0.3301   0.7052E+00  0.6194E-03 -0.6988E-01  0.1968E-02      -1  -0.459E-02    0.00  0.4969E-09  0.0000E+00
  30   -49.8800    -111.567 0.3311   0.7271E+00  0.6233E-03 -0.6654E-01  0.1918E-02      -1  -0.437E-02    0.00  0.7316E-09  0.0000E+00
  31   -51.6000    -110.112 0.2879   0.1154E+00  0.6293E-03 -0.6329E-01  0.1867E-02      -1  -0.415E-02    0.00  0.1090E-08  0.0000E+00
  32   -53.3200    -109.303 0.2884   0.1175E+00  0.6336E-03 -0.6012E-01  0.1816E-02      -1  -0.394E-02    0.00  0.1620E-08  0.0000E+00
  33   -55.0400    -108.432 0.2890   0.1199E+00  0.6383E-03 -0.5704E-01  0.1766E-02      -1  -0.374E-02    0.00  0.2396E-08  0.0000E+00
  34   -56.7600    -107.500 0.2896   0.1224E+00  0.6432E-03 -0.5404E-01  0.1715E-02      -1  -0.355E-02    0.00  0.3543E-08  0.0000E+00
  35   -58.4800    -106.511 0.2902   0.1250E+00  0.6485E-03 -0.5114E-01  0.1664E-02      -1  -0.336E-02    0.00  0.5253E-08  0.0000E+00
  36   -60.2000    -105.467 0.2909   0.1278E+00  0.6541E-03 -0.4832E-01  0.1614E-02      -1  -0.317E-02    0.00  0.7820E-08  0.0000E+00
  37   -61.9200    -104.372 0.2916   0.1307E+00  0.6599E-03 -0.4559E-01  0.1563E-02      -1  -0.299E-02    0.00  0.1169E-07  0.0000E+00
  38   -63.6400    -103.227 0.2923   0.1338E+00  0.6660E-03 -0.4294E-01  0.1512E-02      -1  -0.282E-02    0.00  0.1758E-07  0.0000E+00
  39   -65.3600    -102.036 0.2931   0.1370E+00  0.6723E-03 -0.4038E-01  0.1462E-02      -1  -0.265E-02    0.00  0.2657E-07  0.0000E+00
  40   -67.0800    -100.801 0.2938   0.1403E+00  0.6789E-03 -0.3791E-01  0.1411E-02      -1  -0.249E-02    0.00  0.4038E-07  0.0000E+00
  41   -68.8000     -99.526 0.2947   0.1437E+00  0.6857E-03 -0.3553E-01  0.1360E-02      -1  -0.233E-02    0.00  0.6174E-07  0.0000E+00
  42   -70.5200     -98.212 0.2955   0.1472E+00  0.6927E-03 -0.3323E-01  0.1310E-02      -1  -0.218E-02    0.00  0.9495E-07  0.0000E+00
  43   -72.2400     -96.863 0.2964   0.1508E+00  0.6999E-03 -0.3102E-01  0.1259E-02      -1  -0.204E-02    0.00  0.1469E-06  0.0000E+00
  44   -73.9600     -95.480 0.2972   0.1545E+00  0.7073E-03 -0.2890E-01  0.1208E-02      -1  -0.190E-02    0.00  0.2287E-06  0.0000E+00
  45   -75.6800     -94.063 0.2983   0.1622E+00  0.7171E-03 -0.2687E-01  0.1158E-02      -1  -0.176E-02    0.00  0.3580E-06  0.0000E+00
  46   -77.4000     -92.611 0.2995   0.1701E+00  0.7273E-03 -0.2492E-01  0.1107E-02      -1  -0.164E-02    0.00  0.5640E-06  0.0000E+00
  47   -79.1200     -91.128 0.3006   0.1782E+00  0.7376E-03 -0.2306E-01  0.1057E-02      -1  -0.151E-02    0.00  0.8937E-06  0.0000E+00
  48   -80.8400     -89.617 0.3018   0.1864E+00  0.7482E-03 -0.2129E-01  0.1006E-02      -1  -0.140E-02    0.00  0.1424E-05  0.0000E+00
  49   -82.5600     -88.081 0.3030   0.1948E+00  0.7589E-03 -0.1960E-01  0.9552E-03      -1  -0.129E-02    0.00  0.2283E-05  0.0000E+00
  50   -84.2800     -86.523 0.3042   0.2033E+00  0.7698E-03 -0.1800E-01  0.9046E-03      -1  -0.118E-02    0.00  0.3678E-05  0.0000E+00
  51   -86.0000     -84.946 0.3054   0.2119E+00  0.7808E-03 -0.1649E-01  0.8539E-03      -1  -0.108E-02    0.00  0.5958E-05  0.0000E+00
  52   -87.7200     -83.351 0.3066   0.2206E+00  0.7919E-03 -0.1506E-01  0.8033E-03      -1  -0.988E-03    0.00  0.9697E-05  0.0000E+00
  53   -89.4400     -81.741 0.3079   0.2294E+00  0.8032E-03 -0.1372E-01  0.7526E-03      -1  -0.901E-03    0.00  0.1585E-04  0.0000E+00
  54   -91.1600     -80.117 0.3091   0.2382E+00  0.8145E-03 -0.1247E-01  0.7020E-03      -1  -0.818E-03    0.00  0.2601E-04  0.0000E+00
  55   -92.8800     -78.481 0.3104   0.2472E+00  0.8260E-03 -0.1131E-01  0.6513E-03      -1  -0.742E-03    0.00  0.4280E-04  0.0000E+00
  56   -94.6000     -76.835 0.3117   0.2561E+00  0.8375E-03 -0.1023E-01  0.6007E-03      -1  -0.671E-03    0.00  0.7060E-04  0.0000E+00
  57   -96.3200     -75.178 0.3130   0.2676E+00  0.8497E-03 -0.9242E-02  0.5501E-03      -1  -0.606E-03    0.00  0.1166E-03  0.0000E+00
  58   -98.0400     -73.513 0.3145   0.2851E+00  0.8638E-03 -0.8340E-02  0.4994E-03      -1  -0.547E-03    0.00  0.1925E-03  0.0000E+00
  59   -99.7600     -71.839 0.3160   0.3028E+00  0.8779E-03 -0.7525E-02  0.4488E-03      -1  -0.494E-03    0.00  0.3175E-03  0.0000E+00
  60  -101.4800     -70.159 0.3176   0.3205E+00  0.8921E-03 -0.6796E-02  0.3981E-03      -1  -0.446E-03    0.00  0.5222E-03  0.0000E+00
  61  -103.2000     -68.472 0.3191   0.3383E+00  0.9063E-03 -0.6155E-02  0.3475E-03      -1  -0.404E-03    0.00  0.8552E-03  0.0000E+00
  62  -104.9200     -66.781 0.3207   0.3561E+00  0.9206E-03 -0.5601E-02  0.2968E-03      -1  -0.367E-03    0.00  0.1392E-02  0.0000E+00
  63  -106.6400     -65.087 0.3222   0.3740E+00  0.9349E-03 -0.5134E-02  0.2462E-03      -1  -0.337E-03    0.00  0.2251E-02  0.0000E+00
  64  -108.3600     -63.389 0.3237   0.3919E+00  0.9493E-03 -0.4754E-02  0.1955E-03      -1  -0.312E-03    0.00  0.3605E-02  0.0000E+00
  65  -110.0800     -61.688 0.3253   0.4099E+00  0.9636E-03 -0.4461E-02  0.1449E-03      -1  -0.293E-03    0.00  0.5715E-02  0.0000E+00
  66  -111.8000     -59.986 0.3268   0.4278E+00  0.9780E-03 -0.4255E-02  0.9423E-04      -1  -0.279E-03    0.00  0.8951E-02  0.0000E+00
  67  -113.5200     -58.282 0.3286   0.4603E+00  0.9937E-03 -0.4137E-02  0.4358E-04      -1  -0.271E-03    0.00  0.1383E-01  0.0000E+00
  68  -115.2400     -56.577 0.3304   0.4931E+00  0.1009E-02 -0.4099E-02  0.0000E+00      -1  -0.269E-03    0.00  0.2105E-01  0.0000E+00
  69  -116.9600     -54.871 0.3321   0.5260E+00  0.1025E-02 -0.4100E-02  0.0000E+00      -1  -0.269E-03    0.00  0.3156E-01  0.0000E+00
  70  -118.6800     -53.164 0.3339   0.5588E+00  0.1041E-02 -0.4100E-02  0.0000E+00      -1  -0.269E-03    0.00  0.4664E-01  0.0000E+00
  71  -120.4000     -51.456 0.3357   0.5917E+00  0.1057E-02 -0.4099E-02  0.0000E+00      -1  -0.269E-03    0.00  0.6799E-01  0.0000E+00
  72  -122.1200     -49.748 0.3374   0.6246E+00  0.1073E-02 -0.4099E-02  0.0000E+00      -1  -0.269E-03    0.00  0.9780E-01  0.0000E+00
  73  -123.8400     -48.039 0.3392   0.6575E+00  0.1088E-02 -0.4100E-02  0.0000E+00      -1  -0.269E-03    0.00  0.1389E+00  0.0000E+00
  74  -125.5600     -46.329 0.3411   0.7068E+00  0.1104E-02 -0.4099E-02  0.0000E+00      -1  -0.269E-03    0.00  0.1946E+00  0.0000E+00
  75  -127.2800     -44.619 0.3430   0.7634E+00  0.1119E-02 -0.4099E-02  0.0000E+00      -1  -0.269E-03    0.00  0.2693E+00  0.0000E+00
  76  -129.0000     -42.908 0.3450   0.8201E+00  0.1134E-02 -0.4100E-02  0.0000E+00      -1  -0.269E-03    0.00  0.3681E+00  0.0000E+00
  77  -130.7200     -41.196 0.3469   0.8768E+00  0.1149E-02 -0.4100E-02  0.0000E+00      -1  -0.269E-03    0.00  0.4968E+00  0.0000E+00
  78  -132.4400     -39.484 0.3489   0.9335E+00  0.1164E-02 -0.4100E-02  0.0000E+00      -1  -0.269E-03    0.00  0.6626E+00  0.0000E+00
  79  -134.1600     -37.771 0.3508   0.9903E+00  0.1180E-02 -0.4100E-02  0.0000E+00      -1  -0.269E-03    0.00  0.8734E+00  0.0000E+00
  80  -135.8800     -36.058 0.3529   0.1080E+01  0.1192E-02 -0.4100E-02  0.0000E+00      -1  -0.269E-03    0.00  0.1138E+01  0.0000E+00
  81  -137.6000     -34.344 0.3550   0.1172E+01  0.1204E-02 -0.4099E-02  0.0000E+00      -1  -0.269E-03    0.00  0.1466E+01  0.0000E+00
  82  -139.3200     -32.630 0.3570   0.1264E+01  0.1215E-02 -0.4098E-02  0.0000E+00      -1  -0.269E-03    0.00  0.1867E+01  0.0000E+00
  83  -141.0400     -30.915 0.3591   0.1356E+01  0.1227E-02 -0.4099E-02  0.0000E+00      -1  -0.269E-03    0.00  0.2352E+01  0.0000E+00
  84  -142.7600     -29.200 0.3612   0.1467E+01  0.1237E-02 -0.4099E-02  0.0000E+00      -1  -0.269E-03    0.00  0.2933E+01  0.0000E+00
  85  -144.4800     -27.485 0.3634   0.1608E+01  0.1242E-02 -0.4099E-02  0.0000E+00      -1  -0.269E-03    0.00  0.3618E+01  0.0000E+00
  86  -146.2000     -25.769 0.3655   0.1750E+01  0.1248E-02 -0.4099E-02  0.0000E+00      -1  -0.269E-03    0.00  0.4419E+01  0.0000E+00
  87  -147.9200     -24.053 0.3676   0.1892E+01  0.1253E-02 -0.4100E-02  0.0000E+00      -1  -0.269E-03    0.00  0.5344E+01  0.0000E+00
  88  -149.6400     -22.337 0.3698   0.2084E+01  0.1251E-02 -0.4100E-02  0.0000E+00      -1  -0.269E-03    0.00  0.6401E+01  0.0000E+00
  89  -151.3600     -20.620 0.3719   0.2291E+01  0.1247E-02 -0.4100E-02  0.0000E+00      -1  -0.269E-03    0.00  0.7596E+01  0.0000E+00
  90  -153.0800     -18.903 0.3741   0.2498E+01  0.1243E-02 -0.4101E-02  0.0000E+00      -1  -0.269E-03    0.00  0.8933E+01  0.0000E+00
  91  -154.8000     -17.185 0.3762   0.2781E+01  0.1229E-02 -0.4100E-02  0.0000E+00      -1  -0.269E-03    0.00  0.1041E+02  0.0000E+00
  92  -156.5200     -15.468 0.3783   0.3072E+01  0.1213E-02 -0.4099E-02  0.0000E+00      -1  -0.269E-03    0.00  0.1204E+02  0.0000E+00
  93  -158.2400     -13.750 0.3804   0.3428E+01  0.1188E-02 -0.4100E-02  0.0000E+00      -1  -0.269E-03    0.00  0.1380E+02  0.0000E+00
  94  -159.9600     -12.032 0.3824   0.3821E+01  0.1158E-02 -0.4100E-02  0.0000E+00      -1  -0.269E-03    0.00  0.1570E+02  0.0000E+00
  95  -161.6800     -10.314 0.3843   0.4319E+01  0.1114E-02 -0.4100E-02  0.0000E+00      -1  -0.269E-03    0.00  0.1773E+02  0.0000E+00
  96  -163.4000      -8.595 0.3862   0.4896E+01  0.1061E-02 -0.4100E-02  0.0000E+00      -1  -0.269E-03    0.00  0.1987E+02  0.0000E+00
  97  -165.1200      -6.877 0.3880   0.5608E+01  0.9913E-03 -0.4099E-02  0.0000E+00      -1  -0.269E-03    0.00  0.2212E+02  0.0000E+00
  98  -166.8400      -5.158 0.3896   0.6520E+01  0.9000E-03 -0.4099E-02  0.0000E+00      -1  -0.269E-03    0.00  0.2446E+02  0.0000E+00
  99  -168.5600      -3.439 0.3911   0.7745E+01  0.7771E-03 -0.4099E-02  0.0000E+00      -1  -0.269E-03    0.00  0.2688E+02  0.0000E+00
 100  -170.2800      -1.719 0.3923   0.9623E+01  0.5939E-03 -0.4099E-02  0.0000E+00      -1  -0.269E-03    0.00  0.2936E+02  0.0000E+00
 101  -172.0000       0.000 0.3930   0.1665E+02  0.0000E+00 -0.4099E-02  0.0000E+00      -1  -0.269E-03    0.00  0.3190E+02  0.0000E+00
end


 Time:     6205.0000


 Node      Depth      Head Moisture       K          C         Flux        Sink         Kappa   v/KsTop   Temp   Conc(1..NS) Sorb(1...NS)
           [L]        [L]    [-]        [L/T]      [1/L]      [L/T]        [1/T]         [-]      [-]      [C]      [M/L*3]

   1     0.0000    -148.332 0.3098   0.3877E+00  0.5321E-03 -0.1988E+00  0.3386E-02      -1  -0.130E-01    0.00  0.3343E-12  0.0000E+00
   2    -1.7200    -147.474 0.3102   0.3943E+00  0.5343E-03 -0.1930E+00  0.3336E-02      -1  -0.127E-01    0.00  0.3770E-12  0.0000E+00
   3    -3.4400    -146.576 0.3108   0.4013E+00  0.5365E-03 -0.1873E+00  0.3285E-02      -1  -0.123E-01    0.00  0.4448E-12  0.0000E+00
   4    -5.1600    -145.640 0.3113   0.4084E+00  0.5388E-03 -0.1817E+00  0.3234E-02      -1  -0.119E-01    0.00  0.5451E-12  0.0000E+00
   5    -6.8800    -144.667 0.3118   0.4159E+00  0.5412E-03 -0.1762E+00  0.3184E-02      -1  -0.116E-01    0.00  0.6881E-12  0.0000E+00
   6    -8.6000    -143.658 0.3124   0.4237E+00  0.5438E-03 -0.1708E+00  0.3133E-02      -1  -0.112E-01    0.00  0.8881E-12  0.0000E+00
   7   -10.3200    -142.614 0.3130   0.4317E+00  0.5464E-03 -0.1654E+00  0.3082E-02      -1  -0.109E-01    0.00  0.1165E-11  0.0000E+00
   8   -12.0400    -141.536 0.3136   0.4400E+00  0.5490E-03 -0.1602E+00  0.3032E-02      -1  -0.105E-01    0.00  0.1546E-11  0.0000E+00
   9   -13.7600    -140.426 0.3142   0.4485E+00  0.5518E-03 -0.1550E+00  0.2981E-02      -1  -0.102E-01    0.00  0.2068E-11  0.0000E+00
  10   -15.4800    -139.285 0.3148   0.4573E+00  0.5546E-03 -0.1499E+00  0.2930E-02      -1  -0.984E-02    0.00  0.2785E-11  0.0000E+00
  11   -17.2000    -138.114 0.3155   0.4663E+00  0.5575E-03 -0.1449E+00  0.2880E-02      -1  -0.951E-02    0.00  0.3769E-11  0.0000E+00
  12   -18.9200    -136.914 0.3162   0.4756E+00  0.5605E-03 -0.1400E+00  0.2829E-02      -1  -0.919E-02    0.00  0.5123E-11  0.0000E+00
  13   -20.6400    -135.687 0.3169   0.4850E+00  0.5636E-03 -0.1352E+00  0.2779E-02      -1  -0.887E-02    0.00  0.6989E-11  0.0000E+00
  14   -22.3600    -134.433 0.3176   0.4946E+00  0.5667E-03 -0.1305E+00  0.2728E-02      -1  -0.856E-02    0.00  0.9566E-11  0.0000E+00
  15   -24.0800    -133.154 0.3183   0.5045E+00  0.5699E-03 -0.1258E+00  0.2677E-02      -1  -0.826E-02    0.00  0.1314E-10  0.0000E+00
  16   -25.8000    -131.851 0.3190   0.5145E+00  0.5731E-03 -0.1213E+00  0.2627E-02      -1  -0.796E-02    0.00  0.1810E-10  0.0000E+00
  17   -27.5200    -130.525 0.3198   0.5247E+00  0.5764E-03 -0.1168E+00  0.2576E-02      -1  -0.766E-02    0.00  0.2501E-10  0.0000E+00
  18   -29.2400    -129.177 0.3205   0.5350E+00  0.5797E-03 -0.1124E+00  0.2525E-02      -1  -0.737E-02    0.00  0.3467E-10  0.0000E+00
  19   -30.9600    -127.808 0.3213   0.5456E+00  0.5831E-03 -0.1081E+00  0.2475E-02      -1  -0.709E-02    0.00  0.4823E-10  0.0000E+00
  20   -32.6800    -126.419 0.3221   0.5563E+00  0.5866E-03 -0.1039E+00  0.2424E-02      -1  -0.682E-02    0.00  0.6730E-10  0.0000E+00
  21   -34.4000    -125.010 0.3229   0.5671E+00  0.5901E-03 -0.9975E-01  0.2373E-02      -1  -0.655E-02    0.00  0.9422E-10  0.0000E+00
  22   -36.1200    -123.584 0.3237   0.5781E+00  0.5936E-03 -0.9571E-01  0.2323E-02      -1  -0.628E-02    0.00  0.1324E-09  0.0000E+00
  23   -37.8400    -122.140 0.3245   0.5892E+00  0.5972E-03 -0.9176E-01  0.2272E-02      -1  -0.602E-02    0.00  0.1866E-09  0.0000E+00
  24   -39.5600    -120.680 0.3253   0.6004E+00  0.6009E-03 -0.8790E-01  0.2221E-02      -1  -0.577E-02    0.00  0.2641E-09  0.0000E+00
  25   -41.2800    -119.202 0.3262   0.6197E+00  0.6045E-03 -0.8412E-01  0.2171E-02      -1  -0.552E-02    0.00  0.3750E-09  0.0000E+00
  26   -43.0000    -117.707 0.3272   0.6408E+00  0.6082E-03 -0.8043E-01  0.2120E-02      -1  -0.528E-02    0.00  0.5344E-09  0.0000E+00
  27   -44.7200    -116.194 0.3281   0.6620E+00  0.6119E-03 -0.7683E-01  0.2069E-02      -1  -0.504E-02    0.00  0.7645E-09  0.0000E+00
  28   -46.4400    -114.666 0.3291   0.6835E+00  0.6156E-03 -0.7331E-01  0.2019E-02      -1  -0.481E-02    0.00  0.1098E-08  0.0000E+00
  29   -48.1600    -113.124 0.3301   0.7052E+00  0.6194E-03 -0.6988E-01  0.1968E-02      -1  -0.459E-02    0.00  0.1583E-08  0.0000E+00
  30   -49.8800    -111.567 0.3311   0.7271E+00  0.6233E-03 -0.6654E-01  0.1918E-02      -1  -0.437E-02    0.00  0.2291E-08  0.0000E+00
  31   -51.6000    -110.112 0.2879   0.1154E+00  0.6293E-03 -0.6329E-01  0.1867E-02      -1  -0.415E-02    0.00  0.3354E-08  0.0000E+00
  32   -53.3200    -109.303 0.2884   0.1175E+00  0.6336E-03 -0.6012E-01  0.1816E-02      -1  -0.394E-02    0.00  0.4902E-08  0.0000E+00
  33   -55.0400    -108.432 0.2890   0.1199E+00  0.6383E-03 -0.5704E-01  0.1766E-02      -1  -0.374E-02    0.00  0.7132E-08  0.0000E+00
  34   -56.7600    -107.500 0.2896   0.1224E+00  0.6432E-03 -0.5404E-01  0.1715E-02      -1  -0.355E-02    0.00  0.1038E-07  0.0000E+00
  35   -58.4800    -106.511 0.2902   0.1250E+00  0.6485E-03 -0.5114E-01  0.1664E-02      -1  -0.336E-02    0.00  0.1513E-07  0.0000E+00
  36   -60.2000    -105.467 0.2909   0.1278E+00  0.6541E-03 -0.4832E-01  0.1614E-02      -1  -0.317E-02    0.00  0.2213E-07  0.0000E+00
  37   -61.9200    -104.372 0.2916   0.1307E+00  0.6599E-03 -0.4559E-01  0.1563E-02      -1  -0.299E-02    0.00  0.3253E-07  0.0000E+00
  38   -63.6400    -103.227 0.2923   0.1338E+00  0.6660E-03 -0.4294E-01  0.1512E-02      -1  -0.282E-02    0.00  0.4803E-07  0.0000E+00
  39   -65.3600    -102.036 0.2931   0.1370E+00  0.6723E-03 -0.4038E-01  0.1462E-02      -1  -0.265E-02    0.00  0.7128E-07  0.0000E+00
  40   -67.0800    -100.801 0.2938   0.1403E+00  0.6789E-03 -0.3791E-01  0.1411E-02      -1  -0.249E-02    0.00  0.1064E-06  0.0000E+00
  41   -68.8000     -99.526 0.2947   0.1437E+00  0.6857E-03 -0.3553E-01  0.1360E-02      -1  -0.233E-02    0.00  0.1596E-06  0.0000E+00
  42   -70.5200     -98.212 0.2955   0.1472E+00  0.6927E-03 -0.3323E-01  0.1310E-02      -1  -0.218E-02    0.00  0.2407E-06  0.0000E+00
  43   -72.2400     -96.863 0.2964   0.1508E+00  0.6999E-03 -0.3102E-01  0.1259E-02      -1  -0.204E-02    0.00  0.3652E-06  0.0000E+00
  44   -73.9600     -95.480 0.2972   0.1545E+00  0.7073E-03 -0.2890E-01  0.1208E-02      -1  -0.190E-02    0.00  0.5572E-06  0.0000E+00
  45   -75.6800     -94.063 0.2983   0.1622E+00  0.7171E-03 -0.2687E-01  0.1158E-02      -1  -0.176E-02    0.00  0.8550E-06  0.0000E+00
  46   -77.4000     -92.611 0.2995   0.1701E+00  0.7273E-03 -0.2492E-01  0.1107E-02      -1  -0.164E-02    0.00  0.1319E-05  0.0000E+00
  47   -79.1200     -91.128 0.3006   0.1782E+00  0.7376E-03 -0.2306E-01  0.1057E-02      -1  -0.151E-02    0.00  0.2047E-05  0.0000E+00
  48   -80.8400     -89.617 0.3018   0.1864E+00  0.7482E-03 -0.2129E-01  0.1006E-02      -1  -0.140E-02    0.00  0.3194E-05  0.0000E+00
  49   -82.5600     -88.081 0.3030   0.1948E+00  0.7589E-03 -0.1960E-01  0.9552E-03      -1  -0.129E-02    0.00  0.5009E-05  0.0000E+00
  50   -84.2800     -86.523 0.3042   0.2033E+00  0.7698E-03 -0.1800E-01  0.9046E-03      -1  -0.118E-02    0.00  0.7896E-05  0.0000E+00
  51   -86.0000     -84.946 0.3054   0.2119E+00  0.7808E-03 -0.1649E-01  0.8539E-03      -1  -0.108E-02    0.00  0.1251E-04  0.0000E+00
  52   -87.7200     -83.351 0.3066   0.2206E+00  0.7919E-03 -0.1506E-01  0.8033E-03      -1  -0.988E-03    0.00  0.1990E-04  0.0000E+00
  53   -89.4400     -81.741 0.3079   0.2294E+00  0.8032E-03 -0.1372E-01  0.7526E-03      -1  -0.901E-03    0.00  0.3178E-04  0.0000E+00
  54   -91.1600     -80.117 0.3091   0.2382E+00  0.8145E-03 -0.1247E-01  0.7020E-03      -1  -0.818E-03    0.00  0.5095E-04  0.0000E+00
  55   -92.8800     -78.481 0.3104   0.2472E+00  0.8260E-03 -0.1131E-01  0.6513E-03      -1  -0.742E-03    0.00  0.8189E-04  0.0000E+00
  56   -94.6000     -76.835 0.3117   0.2561E+00  0.8375E-03 -0.1023E-01  0.6007E-03      -1  -0.671E-03    0.00  0.1319E-03  0.0000E+00
  57   -96.3200     -75.178 0.3130   0.2676E+00  0.8497E-03 -0.9242E-02  0.5501E-03      -1  -0.606E-03    0.00  0.2127E-03  0.0000E+00
  58   -98.0400     -73.513 0.3145   0.2851E+00  0.8638E-03 -0.8340E-02  0.4994E-03      -1  -0.547E-03    0.00  0.3429E-03  0.0000E+00
  59   -99.7600     -71.839 0.3160   0.3028E+00  0.8779E-03 -0.7525E-02  0.4488E-03      -1  -0.494E-03    0.00  0.5519E-03  0.0000E+00
  60  -101.4800     -70.159 0.3176   0.3205E+00  0.8921E-03 -0.6796E-02  0.3981E-03      -1  -0.446E-03    0.00  0.8859E-03  0.0000E+00
  61  -103.2000     -68.472 0.3191   0.3383E+00  0.9063E-03 -0.6155E-02  0.3475E-03      -1  -0.404E-03    0.00  0.1416E-02  0.0000E+00
  62  -104.9200     -66.781 0.3207   0.3561E+00  0.9206E-03 -0.5601E-02  0.2968E-03      -1  -0.367E-03    0.00  0.2251E-02  0.0000E+00
  63  -106.6400     -65.087 0.3222   0.3740E+00  0.9349E-03 -0.5134E-02  0.2462E-03      -1  -0.337E-03    0.00  0.3554E-02  0.0000E+00
  64  -108.3600     -63.389 0.3237   0.3919E+00  0.9493E-03 -0.4754E-02  0.1955E-03      -1  -0.312E-03    0.00  0.5561E-02  0.0000E+00
  65  -110.0800     -61.688 0.3253   0.4099E+00  0.9636E-03 -0.4461E-02  0.1449E-03      -1  -0.293E-03    0.00  0.8613E-02  0.0000E+00
  66  -111.8000     -59.986 0.3268   0.4278E+00  0.9780E-03 -0.4255E-02  0.9423E-04      -1  -0.279E-03    0.00  0.1319E-01  0.0000E+00
  67  -113.5200     -58.282 0.3286   0.4603E+00  0.9937E-03 -0.4137E-02  0.4358E-04      -1  -0.271E-03    0.00  0.1993E-01  0.0000E+00
  68  -115.2400     -56.577 0.3304   0.4931E+00  0.1009E-02 -0.4099E-02  0.0000E+00      -1  -0.269E-03    0.00  0.2970E-01  0.0000E+00
  69  -116.9600     -54.871 0.3321   0.5260E+00  0.1025E-02 -0.4100E-02  0.0000E+00      -1  -0.269E-03    0.00  0.4362E-01  0.0000E+00
  70  -118.6800     -53.164 0.3339   0.5588E+00  0.1041E-02 -0.4100E-02  0.0000E+00      -1  -0.269E-03    0.00  0.6320E-01  0.0000E+00
  71  -120.4000     -51.456 0.3357   0.5917E+00  0.1057E-02 -0.4099E-02  0.0000E+00      -1  -0.269E-03    0.00  0.9037E-01  0.0000E+00
  72  -122.1200     -49.748 0.3374   0.6246E+00  0.1073E-02 -0.4099E-02  0.0000E+00      -1  -0.269E-03    0.00  0.1276E+00  0.0000E+00
  73  -123.8400     -48.039 0.3392   0.6575E+00  0.1088E-02 -0.4100E-02  0.0000E+00      -1  -0.269E-03    0.00  0.1780E+00  0.0000E+00
  74  -125.5600     -46.329 0.3411   0.7068E+00  0.1104E-02 -0.4099E-02  0.0000E+00      -1  -0.269E-03    0.00  0.2452E+00  0.0000E+00
  75  -127.2800     -44.619 0.3430   0.7634E+00  0.1119E-02 -0.4099E-02  0.0000E+00      -1  -0.269E-03    0.00  0.3338E+00  0.0000E+00
  76  -129.0000     -42.908 0.3450   0.8201E+00  0.1134E-02 -0.4100E-02  0.0000E+00      -1  -0.269E-03    0.00  0.4491E+00  0.0000E+00
  77  -130.7200     -41.196 0.3469   0.8768E+00  0.1149E-02 -0.4100E-02  0.0000E+00      -1  -0.269E-03    0.00  0.5971E+00  0.0000E+00
  78  -132.4400     -39.484 0.3489   0.9335E+00  0.1164E-02 -0.4100E-02  0.0000E+00      -1  -0.269E-03    0.00  0.7851E+00  0.0000E+00
  79  -134.1600     -37.771 0.3508   0.9903E+00  0.1180E-02 -0.4100E-02  0.0000E+00      -1  -0.269E-03    0.00  0.1021E+01  0.0000E+00
  80  -135.8800     -36.058 0.3529   0.1080E+01  0.1192E-02 -0.4100E-02  0.0000E+00      -1  -0.269E-03    0.00  0.1313E+01  0.0000E+00
  81  -137.6000     -34.344 0.3550   0.1172E+01  0.1204E-02 -0.4099E-02  0.0000E+00      -1  -0.269E-03    0.00  0.1670E+01  0.0000E+00
  82  -139.3200     -32.630 0.3570   0.1264E+01  0.1215E-02 -0.4098E-02  0.0000E+00      -1  -0.269E-03    0.00  0.2103E+01  0.0000E+00
  83  -141.0400     -30.915 0.3591   0.1356E+01  0.1227E-02 -0.4099E-02  0.0000E+00      -1  -0.269E-03    0.00  0.2620E+01  0.0000E+00
  84  -142.7600     -29.200 0.3612   0.1467E+01  0.1237E-02 -0.4099E-02  0.0000E+00      -1  -0.269E-03    0.00  0.3232E+01  0.0000E+00
  85  -144.4800     -27.485 0.3634   0.1608E+01  0.1242E-02 -0.4099E-02  0.0000E+00      -1  -0.269E-03    0.00  0.3949E+01  0.0000E+00
  86  -146.2000     -25.769 0.3655   0.1750E+01  0.1248E-02 -0.4099E-02  0.0000E+00      -1  -0.269E-03    0.00  0.4779E+01  0.0000E+00
  87  -147.9200     -24.053 0.3676   0.1892E+01  0.1253E-02 -0.4100E-02  0.0000E+00      -1  -0.269E-03    0.00  0.5729E+01  0.0000E+00
  88  -149.6400     -22.337 0.3698   0.2084E+01  0.1251E-02 -0.4100E-02  0.0000E+00      -1  -0.269E-03    0.00  0.6807E+01  0.0000E+00
  89  -151.3600     -20.620 0.3719   0.2291E+01  0.1247E-02 -0.4100E-02  0.0000E+00      -1  -0.269E-03    0.00  0.8017E+01  0.0000E+00
  90  -153.0800     -18.903 0.3741   0.2498E+01  0.1243E-02 -0.4101E-02  0.0000E+00      -1  -0.269E-03    0.00  0.9362E+01  0.0000E+00
  91  -154.8000     -17.185 0.3762   0.2781E+01  0.1229E-02 -0.4100E-02  0.0000E+00      -1  -0.269E-03    0.00  0.1084E+02  0.0000E+00
  92  -156.5200     -15.468 0.3783   0.3072E+01  0.1213E-02 -0.4099E-02  0.0000E+00      -1  -0.269E-03    0.00  0.1246E+02  0.0000E+00
  93  -158.2400     -13.750 0.3804   0.3428E+01  0.1188E-02 -0.4100E-02  0.0000E+00      -1  -0.269E-03    0.00  0.1421E+02  0.0000E+00
  94  -159.9600     -12.032 0.3824   0.3821E+01  0.1158E-02 -0.4100E-02  0.0000E+00      -1  -0.269E-03    0.00  0.1608E+02  0.0000E+00
  95  -161.6800     -10.314 0.3843   0.4319E+01  0.1114E-02 -0.4100E-02  0.0000E+00      -1  -0.269E-03    0.00  0.1807E+02  0.0000E+00
  96  -163.4000      -8.595 0.3862   0.4896E+01  0.1061E-02 -0.4100E-02  0.0000E+00      -1  -0.269E-03    0.00  0.2017E+02  0.0000E+00
  97  -165.1200      -6.877 0.3880   0.5608E+01  0.9913E-03 -0.4099E-02  0.0000E+00      -1  -0.269E-03    0.00  0.2237E+02  0.0000E+00
  98  -166.8400      -5.158 0.3896   0.6520E+01  0.9000E-03 -0.4099E-02  0.0000E+00      -1  -0.269E-03    0.00  0.2466E+02  0.0000E+00
  99  -168.5600      -3.439 0.3911   0.7745E+01  0.7771E-03 -0.4099E-02  0.0000E+00      -1  -0.269E-03    0.00  0.2701E+02  0.0000E+00
 100  -170.2800      -1.719 0.3923   0.9623E+01  0.5939E-03 -0.4099E-02  0.0000E+00      -1  -0.269E-03    0.00  0.2943E+02  0.0000E+00
 101  -172.0000       0.000 0.3930   0.1665E+02  0.0000E+00 -0.4099E-02  0.0000E+00      -1  -0.269E-03    0.00  0.3190E+02  0.0000E+00
end


 Time:     6570.0000


 Node      Depth      Head Moisture       K          C         Flux        Sink         Kappa   v/KsTop   Temp   Conc(1..NS) Sorb(1...NS)
           [L]        [L]    [-]        [L/T]      [1/L]      [L/T]        [1/T]         [-]      [-]      [C]      [M/L*3]

   1     0.0000    -148.332 0.3098   0.3877E+00  0.5321E-03 -0.1988E+00  0.3386E-02      -1  -0.130E-01    0.00  0.1338E-11  0.0000E+00
   2    -1.7200    -147.474 0.3102   0.3943E+00  0.5343E-03 -0.1930E+00  0.3336E-02      -1  -0.127E-01    0.00  0.1506E-11  0.0000E+00
   3    -3.4400    -146.576 0.3108   0.4013E+00  0.5365E-03 -0.1873E+00  0.3285E-02      -1  -0.123E-01    0.00  0.1765E-11  0.0000E+00
   4    -5.1600    -145.640 0.3113   0.4084E+00  0.5388E-03 -0.1817E+00  0.3234E-02      -1  -0.119E-01    0.00  0.2143E-11  0.0000E+00
   5    -6.8800    -144.667 0.3118   0.4159E+00  0.5412E-03 -0.1762E+00  0.3184E-02      -1  -0.116E-01    0.00  0.2674E-11  0.0000E+00
   6    -8.6000    -143.658 0.3124   0.4237E+00  0.5438E-03 -0.1708E+00  0.3133E-02      -1  -0.112E-01    0.00  0.3410E-11  0.0000E+00
   7   -10.3200    -142.614 0.3130   0.4317E+00  0.5464E-03 -0.1654E+00  0.3082E-02      -1  -0.109E-01    0.00  0.4416E-11  0.0000E+00
   8   -12.0400    -141.536 0.3136   0.4400E+00  0.5490E-03 -0.1602E+00  0.3032E-02      -1  -0.105E-01    0.00  0.5786E-11  0.0000E+00
   9   -13.7600    -140.426 0.3142   0.4485E+00  0.5518E-03 -0.1550E+00  0.2981E-02      -1  -0.102E-01    0.00  0.7644E-11  0.0000E+00
  10   -15.4800    -139.285 0.3148   0.4573E+00  0.5546E-03 -0.1499E+00  0.2930E-02      -1  -0.984E-02    0.00  0.1017E-10  0.0000E+00
  11   -17.2000    -138.114 0.3155   0.4663E+00  0.5575E-03 -0.1449E+00  0.2880E-02      -1  -0.951E-02    0.00  0.1359E-10  0.0000E+00
  12   -18.9200    -136.914 0.3162   0.4756E+00  0.5605E-03 -0.1400E+00  0.2829E-02      -1  -0.919E-02    0.00  0.1824E-10  0.0000E+00
  13   -20.6400    -135.687 0.3169   0.4850E+00  0.5636E-03 -0.1352E+00  0.2779E-02      -1  -0.887E-02    0.00  0.2457E-10  0.0000E+00
  14   -22.3600    -134.433 0.3176   0.4946E+00  0.5667E-03 -0.1305E+00  0.2728E-02      -1  -0.856E-02    0.00  0.3321E-10  0.0000E+00
  15   -24.0800    -133.154 0.3183   0.5045E+00  0.5699E-03 -0.1258E+00  0.2677E-02      -1  -0.826E-02    0.00  0.4503E-10  0.0000E+00
  16   -25.8000    -131.851 0.3190   0.5145E+00  0.5731E-03 -0.1213E+00  0.2627E-02      -1  -0.796E-02    0.00  0.6125E-10  0.0000E+00
  17   -27.5200    -130.525 0.3198   0.5247E+00  0.5764E-03 -0.1168E+00  0.2576E-02      -1  -0.766E-02    0.00  0.8357E-10  0.0000E+00
  18   -29.2400    -129.177 0.3205   0.5350E+00  0.5797E-03 -0.1124E+00  0.2525E-02      -1  -0.737E-02    0.00  0.1144E-09  0.0000E+00
  19   -30.9600    -127.808 0.3213   0.5456E+00  0.5831E-03 -0.1081E+00  0.2475E-02      -1  -0.709E-02    0.00  0.1570E-09  0.0000E+00
  20   -32.6800    -126.419 0.3221   0.5563E+00  0.5866E-03 -0.1039E+00  0.2424E-02      -1  -0.682E-02    0.00  0.2161E-09  0.0000E+00
  21   -34.4000    -125.010 0.3229   0.5671E+00  0.5901E-03 -0.9975E-01  0.2373E-02      -1  -0.655E-02    0.00  0.2986E-09  0.0000E+00
  22   -36.1200    -123.584 0.3237   0.5781E+00  0.5936E-03 -0.9571E-01  0.2323E-02      -1  -0.628E-02    0.00  0.4138E-09  0.0000E+00
  23   -37.8400    -122.140 0.3245   0.5892E+00  0.5972E-03 -0.9176E-01  0.2272E-02      -1  -0.602E-02    0.00  0.5753E-09  0.0000E+00
  24   -39.5600    -120.680 0.3253   0.6004E+00  0.6009E-03 -0.8790E-01  0.2221E-02      -1  -0.577E-02    0.00  0.8026E-09  0.0000E+00
  25   -41.2800    -119.202 0.3262   0.6197E+00  0.6045E-03 -0.8412E-01  0.2171E-02      -1  -0.552E-02    0.00  0.1124E-08  0.0000E+00
  26   -43.0000    -117.707 0.3272   0.6408E+00  0.6082E-03 -0.8043E-01  0.2120E-02      -1  -0.528E-02    0.00  0.1578E-08  0.0000E+00
  27   -44.7200    -116.194 0.3281   0.6620E+00  0.6119E-03 -0.7683E-01  0.2069E-02      -1  -0.504E-02    0.00  0.2225E-08  0.0000E+00
  28   -46.4400    -114.666 0.3291   0.6835E+00  0.6156E-03 -0.7331E-01  0.2019E-02      -1  -0.481E-02    0.00  0.3148E-08  0.0000E+00
  29   -48.1600    -113.124 0.3301   0.7052E+00  0.6194E-03 -0.6988E-01  0.1968E-02      -1  -0.459E-02    0.00  0.4471E-08  0.0000E+00
  30   -49.8800    -111.567 0.3311   0.7271E+00  0.6233E-03 -0.6654E-01  0.1918E-02      -1  -0.437E-02    0.00  0.6374E-08  0.0000E+00
  31   -51.6000    -110.112 0.2879   0.1154E+00  0.6293E-03 -0.6329E-01  0.1867E-02      -1  -0.415E-02    0.00  0.9186E-08  0.0000E+00
  32   -53.3200    -109.303 0.2884   0.1175E+00  0.6336E-03 -0.6012E-01  0.1816E-02      -1  -0.394E-02    0.00  0.1322E-07  0.0000E+00
  33   -55.0400    -108.432 0.2890   0.1199E+00  0.6383E-03 -0.5704E-01  0.1766E-02      -1  -0.374E-02    0.00  0.1896E-07  0.0000E+00
  34   -56.7600    -107.500 0.2896   0.1224E+00  0.6432E-03 -0.5404E-01  0.1715E-02      -1  -0.355E-02    0.00  0.2718E-07  0.0000E+00
  35   -58.4800    -106.511 0.2902   0.1250E+00  0.6485E-03 -0.5114E-01  0.1664E-02      -1  -0.336E-02    0.00  0.3903E-07  0.0000E+00
  36   -60.2000    -105.467 0.2909   0.1278E+00  0.6541E-03 -0.4832E-01  0.1614E-02      -1  -0.317E-02    0.00  0.5623E-07  0.0000E+00
  37   -61.9200    -104.372 0.2916   0.1307E+00  0.6599E-03 -0.4559E-01  0.1563E-02      -1  -0.299E-02    0.00  0.8135E-07  0.0000E+00
  38   -63.6400    -103.227 0.2923   0.1338E+00  0.6660E-03 -0.4294E-01  0.1512E-02      -1  -0.282E-02    0.00  0.1182E-06  0.0000E+00
  39   -65.3600    -102.036 0.2931   0.1370E+00  0.6723E-03 -0.4038E-01  0.1462E-02      -1  -0.265E-02    0.00  0.1726E-06  0.0000E+00
  40   -67.0800    -100.801 0.2938   0.1403E+00  0.6789E-03 -0.3791E-01  0.1411E-02      -1  -0.249E-02    0.00  0.2533E-06  0.0000E+00
  41   -68.8000     -99.526 0.2947   0.1437E+00  0.6857E-03 -0.3553E-01  0.1360E-02      -1  -0.233E-02    0.00  0.3736E-06  0.0000E+00
  42   -70.5200     -98.212 0.2955   0.1472E+00  0.6927E-03 -0.3323E-01  0.1310E-02      -1  -0.218E-02    0.00  0.5540E-06  0.0000E+00
  43   -72.2400     -96.863 0.2964   0.1508E+00  0.6999E-03 -0.3102E-01  0.1259E-02      -1  -0.204E-02    0.00  0.8258E-06  0.0000E+00
  44   -73.9600     -95.480 0.2972   0.1545E+00  0.7073E-03 -0.2890E-01  0.1208E-02      -1  -0.190E-02    0.00  0.1238E-05  0.0000E+00
  45   -75.6800     -94.063 0.2983   0.1622E+00  0.7171E-03 -0.2687E-01  0.1158E-02      -1  -0.176E-02    0.00  0.1865E-05  0.0000E+00
  46   -77.4000     -92.611 0.2995   0.1701E+00  0.7273E-03 -0.2492E-01  0.1107E-02      -1  -0.164E-02    0.00  0.2825E-05  0.0000E+00
  47   -79.1200     -91.128 0.3006   0.1782E+00  0.7376E-03 -0.2306E-01  0.1057E-02      -1  -0.151E-02    0.00  0.4301E-05  0.0000E+00
  48   -80.8400     -89.617 0.3018   0.1864E+00  0.7482E-03 -0.2129E-01  0.1006E-02      -1  -0.140E-02    0.00  0.6583E-05  0.0000E+00
  49   -82.5600     -88.081 0.3030   0.1948E+00  0.7589E-03 -0.1960E-01  0.9552E-03      -1  -0.129E-02    0.00  0.1013E-04  0.0000E+00
  50   -84.2800     -86.523 0.3042   0.2033E+00  0.7698E-03 -0.1800E-01  0.9046E-03      -1  -0.118E-02    0.00  0.1565E-04  0.0000E+00
  51   -86.0000     -84.946 0.3054   0.2119E+00  0.7808E-03 -0.1649E-01  0.8539E-03      -1  -0.108E-02    0.00  0.2429E-04  0.0000E+00
  52   -87.7200     -83.351 0.3066   0.2206E+00  0.7919E-03 -0.1506E-01  0.8033E-03      -1  -0.988E-03    0.00  0.3787E-04  0.0000E+00
  53   -89.4400     -81.741 0.3079   0.2294E+00  0.8032E-03 -0.1372E-01  0.7526E-03      -1  -0.901E-03    0.00  0.5926E-04  0.0000E+00
  54   -91.1600     -80.117 0.3091   0.2382E+00  0.8145E-03 -0.1247E-01  0.7020E-03      -1  -0.818E-03    0.00  0.9303E-04  0.0000E+00
  55   -92.8800     -78.481 0.3104   0.2472E+00  0.8260E-03 -0.1131E-01  0.6513E-03      -1  -0.742E-03    0.00  0.1464E-03  0.0000E+00
  56   -94.6000     -76.835 0.3117   0.2561E+00  0.8375E-03 -0.1023E-01  0.6007E-03      -1  -0.671E-03    0.00  0.2308E-03  0.0000E+00
  57   -96.3200     -75.178 0.3130   0.2676E+00  0.8497E-03 -0.9242E-02  0.5501E-03      -1  -0.606E-03    0.00  0.3643E-03  0.0000E+00
  58   -98.0400     -73.513 0.3145   0.2851E+00  0.8638E-03 -0.8340E-02  0.4994E-03      -1  -0.547E-03    0.00  0.5747E-03  0.0000E+00
  59   -99.7600     -71.839 0.3160   0.3028E+00  0.8779E-03 -0.7525E-02  0.4488E-03      -1  -0.494E-03    0.00  0.9052E-03  0.0000E+00
  60  -101.4800     -70.159 0.3176   0.3205E+00  0.8921E-03 -0.6796E-02  0.3981E-03      -1  -0.446E-03    0.00  0.1422E-02  0.0000E+00
  61  -103.2000     -68.472 0.3191   0.3383E+00  0.9063E-03 -0.6155E-02  0.3475E-03      -1  -0.404E-03    0.00  0.2224E-02  0.0000E+00
  62  -104.9200     -66.781 0.3207   0.3561E+00  0.9206E-03 -0.5601E-02  0.2968E-03      -1  -0.367E-03    0.00  0.3461E-02  0.0000E+00
  63  -106.6400     -65.087 0.3222   0.3740E+00  0.9349E-03 -0.5134E-02  0.2462E-03      -1  -0.337E-03    0.00  0.5348E-02  0.0000E+00
  64  -108.3600     -63.389 0.3237   0.3919E+00  0.9493E-03 -0.4754E-02  0.1955E-03      -1  -0.312E-03    0.00  0.8194E-02  0.0000E+00
  65  -110.0800     -61.688 0.3253   0.4099E+00  0.9636E-03 -0.4461E-02  0.1449E-03      -1  -0.293E-03    0.00  0.1243E-01  0.0000E+00
  66  -111.8000     -59.986 0.3268   0.4278E+00  0.9780E-03 -0.4255E-02  0.9423E-04      -1  -0.279E-03    0.00  0.1866E-01  0.0000E+00
  67  -113.5200     -58.282 0.3286   0.4603E+00  0.9937E-03 -0.4137E-02  0.4358E-04      -1  -0.271E-03    0.00  0.2765E-01  0.0000E+00
  68  -115.2400     -56.577 0.3304   0.4931E+00  0.1009E-02 -0.4099E-02  0.0000E+00      -1  -0.269E-03    0.00  0.4042E-01  0.0000E+00
  69  -116.9600     -54.871 0.3321   0.5260E+00  0.1025E-02 -0.4100E-02  0.0000E+00      -1  -0.269E-03    0.00  0.5828E-01  0.0000E+00
  70  -118.6800     -53.164 0.3339   0.5588E+00  0.1041E-02 -0.4100E-02  0.0000E+00      -1  -0.269E-03    0.00  0.8293E-01  0.0000E+00
  71  -120.4000     -51.456 0.3357   0.5917E+00  0.1057E-02 -0.4099E-02  0.0000E+00      -1  -0.269E-03    0.00  0.1166E+00  0.0000E+00
  72  -122.1200     -49.748 0.3374   0.6246E+00  0.1073E-02 -0.4099E-02  0.0000E+00      -1  -0.269E-03    0.00  0.1619E+00  0.0000E+00
  73  -123.8400     -48.039 0.3392   0.6575E+00  0.1088E-02 -0.4100E-02  0.0000E+00      -1  -0.269E-03    0.00  0.2222E+00  0.0000E+00
  74  -125.5600     -46.329 0.3411   0.7068E+00  0.1104E-02 -0.4099E-02  0.0000E+00      -1  -0.269E-03    0.00  0.3015E+00  0.0000E+00
  75  -127.2800     -44.619 0.3430   0.7634E+00  0.1119E-02 -0.4099E-02  0.0000E+00      -1  -0.269E-03    0.00  0.4045E+00  0.0000E+00
  76  -129.0000     -42.908 0.3450   0.8201E+00  0.1134E-02 -0.4100E-02  0.0000E+00      -1  -0.269E-03    0.00  0.5366E+00  0.0000E+00
  77  -130.7200     -41.196 0.3469   0.8768E+00  0.1149E-02 -0.4100E-02  0.0000E+00      -1  -0.269E-03    0.00  0.7040E+00  0.0000E+00
  78  -132.4400     -39.484 0.3489   0.9335E+00  0.1164E-02 -0.4100E-02  0.0000E+00      -1  -0.269E-03    0.00  0.9138E+00  0.0000E+00
  79  -134.1600     -37.771 0.3508   0.9903E+00  0.1180E-02 -0.4100E-02  0.0000E+00      -1  -0.269E-03    0.00  0.1174E+01  0.0000E+00
  80  -135.8800     -36.058 0.3529   0.1080E+01  0.1192E-02 -0.4100E-02  0.0000E+00      -1  -0.269E-03    0.00  0.1492E+01  0.0000E+00
  81  -137.6000     -34.344 0.3550   0.1172E+01  0.1204E-02 -0.4099E-02  0.0000E+00      -1  -0.269E-03    0.00  0.1877E+01  0.0000E+00
  82  -139.3200     -32.630 0.3570   0.1264E+01  0.1215E-02 -0.4098E-02  0.0000E+00      -1  -0.269E-03    0.00  0.2339E+01  0.0000E+00
  83  -141.0400     -30.915 0.3591   0.1356E+01  0.1227E-02 -0.4099E-02  0.0000E+00      -1  -0.269E-03    0.00  0.2886E+01  0.0000E+00
  84  -142.7600     -29.200 0.3612   0.1467E+01  0.1237E-02 -0.4099E-02  0.0000E+00      -1  -0.269E-03    0.00  0.3528E+01  0.0000E+00
  85  -144.4800     -27.485 0.3634   0.1608E+01  0.1242E-02 -0.4099E-02  0.0000E+00      -1  -0.269E-03    0.00  0.4272E+01  0.0000E+00
  86  -146.2000     -25.769 0.3655   0.1750E+01  0.1248E-02 -0.4099E-02  0.0000E+00      -1  -0.269E-03    0.00  0.5127E+01  0.0000E+00
  87  -147.9200     -24.053 0.3676   0.1892E+01  0.1253E-02 -0.4100E-02  0.0000E+00      -1  -0.269E-03    0.00  0.6099E+01  0.0000E+00
  88  -149.6400     -22.337 0.3698   0.2084E+01  0.1251E-02 -0.4100E-02  0.0000E+00      -1  -0.269E-03    0.00  0.7194E+01  0.0000E+00
  89  -151.3600     -20.620 0.3719   0.2291E+01  0.1247E-02 -0.4100E-02  0.0000E+00      -1  -0.269E-03    0.00  0.8416E+01  0.0000E+00
  90  -153.0800     -18.903 0.3741   0.2498E+01  0.1243E-02 -0.4101E-02  0.0000E+00      -1  -0.269E-03    0.00  0.9767E+01  0.0000E+00
  91  -154.8000     -17.185 0.3762   0.2781E+01  0.1229E-02 -0.4100E-02  0.0000E+00      -1  -0.269E-03    0.00  0.1125E+02  0.0000E+00
  92  -156.5200     -15.468 0.3783   0.3072E+01  0.1213E-02 -0.4099E-02  0.0000E+00      -1  -0.269E-03    0.00  0.1285E+02  0.0000E+00
  93  -158.2400     -13.750 0.3804   0.3428E+01  0.1188E-02 -0.4100E-02  0.0000E+00      -1  -0.269E-03    0.00  0.1458E+02  0.0000E+00
  94  -159.9600     -12.032 0.3824   0.3821E+01  0.1158E-02 -0.4100E-02  0.0000E+00      -1  -0.269E-03    0.00  0.1643E+02  0.0000E+00
  95  -161.6800     -10.314 0.3843   0.4319E+01  0.1114E-02 -0.4100E-02  0.0000E+00      -1  -0.269E-03    0.00  0.1839E+02  0.0000E+00
  96  -163.4000      -8.595 0.3862   0.4896E+01  0.1061E-02 -0.4100E-02  0.0000E+00      -1  -0.269E-03    0.00  0.2045E+02  0.0000E+00
  97  -165.1200      -6.877 0.3880   0.5608E+01  0.9913E-03 -0.4099E-02  0.0000E+00      -1  -0.269E-03    0.00  0.2260E+02  0.0000E+00
  98  -166.8400      -5.158 0.3896   0.6520E+01  0.9000E-03 -0.4099E-02  0.0000E+00      -1  -0.269E-03    0.00  0.2484E+02  0.0000E+00
  99  -168.5600      -3.439 0.3911   0.7745E+01  0.7771E-03 -0.4099E-02  0.0000E+00      -1  -0.269E-03    0.00  0.2714E+02  0.0000E+00
 100  -170.2800      -1.719 0.3923   0.9623E+01  0.5939E-03 -0.4099E-02  0.0000E+00      -1  -0.269E-03    0.00  0.2949E+02  0.0000E+00
 101  -172.0000       0.000 0.3930   0.1665E+02  0.0000E+00 -0.4099E-02  0.0000E+00      -1  -0.269E-03    0.00  0.3190E+02  0.0000E+00
end


 Time:     6935.0000


 Node      Depth      Head Moisture       K          C         Flux        Sink         Kappa   v/KsTop   Temp   Conc(1..NS) Sorb(1...NS)
           [L]        [L]    [-]        [L/T]      [1/L]      [L/T]        [1/T]         [-]      [-]      [C]      [M/L*3]

   1     0.0000    -148.332 0.3098   0.3877E+00  0.5321E-03 -0.1988E+00  0.3386E-02      -1  -0.130E-01    0.00  0.4668E-11  0.0000E+00
   2    -1.7200    -147.474 0.3102   0.3943E+00  0.5343E-03 -0.1930E+00  0.3336E-02      -1  -0.127E-01    0.00  0.5243E-11  0.0000E+00
   3    -3.4400    -146.576 0.3108   0.4013E+00  0.5365E-03 -0.1873E+00  0.3285E-02      -1  -0.123E-01    0.00  0.6112E-11  0.0000E+00
   4    -5.1600    -145.640 0.3113   0.4084E+00  0.5388E-03 -0.1817E+00  0.3234E-02      -1  -0.119E-01    0.00  0.7359E-11  0.0000E+00
   5    -6.8800    -144.667 0.3118   0.4159E+00  0.5412E-03 -0.1762E+00  0.3184E-02      -1  -0.116E-01    0.00  0.9095E-11  0.0000E+00
   6    -8.6000    -143.658 0.3124   0.4237E+00  0.5438E-03 -0.1708E+00  0.3133E-02      -1  -0.112E-01    0.00  0.1147E-10  0.0000E+00
   7   -10.3200    -142.614 0.3130   0.4317E+00  0.5464E-03 -0.1654E+00  0.3082E-02      -1  -0.109E-01    0.00  0.1469E-10  0.0000E+00
   8   -12.0400    -141.536 0.3136   0.4400E+00  0.5490E-03 -0.1602E+00  0.3032E-02      -1  -0.105E-01    0.00  0.1902E-10  0.0000E+00
   9   -13.7600    -140.426 0.3142   0.4485E+00  0.5518E-03 -0.1550E+00  0.2981E-02      -1  -0.102E-01    0.00  0.2485E-10  0.0000E+00
  10   -15.4800    -139.285 0.3148   0.4573E+00  0.5546E-03 -0.1499E+00  0.2930E-02      -1  -0.984E-02    0.00  0.3267E-10  0.0000E+00
  11   -17.2000    -138.114 0.3155   0.4663E+00  0.5575E-03 -0.1449E+00  0.2880E-02      -1  -0.951E-02    0.00  0.4317E-10  0.0000E+00
  12   -18.9200    -136.914 0.3162   0.4756E+00  0.5605E-03 -0.1400E+00  0.2829E-02      -1  -0.919E-02    0.00  0.5730E-10  0.0000E+00
  13   -20.6400    -135.687 0.3169   0.4850E+00  0.5636E-03 -0.1352E+00  0.2779E-02      -1  -0.887E-02    0.00  0.7632E-10  0.0000E+00
  14   -22.3600    -134.433 0.3176   0.4946E+00  0.5667E-03 -0.1305E+00  0.2728E-02      -1  -0.856E-02    0.00  0.1020E-09  0.0000E+00
  15   -24.0800    -133.154 0.3183   0.5045E+00  0.5699E-03 -0.1258E+00  0.2677E-02      -1  -0.826E-02    0.00  0.1367E-09  0.0000E+00
  16   -25.8000    -131.851 0.3190   0.5145E+00  0.5731E-03 -0.1213E+00  0.2627E-02      -1  -0.796E-02    0.00  0.1838E-09  0.0000E+00
  17   -27.5200    -130.525 0.3198   0.5247E+00  0.5764E-03 -0.1168E+00  0.2576E-02      -1  -0.766E-02    0.00  0.2479E-09  0.0000E+00
  18   -29.2400    -129.177 0.3205   0.5350E+00  0.5797E-03 -0.1124E+00  0.2525E-02      -1  -0.737E-02    0.00  0.3353E-09  0.0000E+00
  19   -30.9600    -127.808 0.3213   0.5456E+00  0.5831E-03 -0.1081E+00  0.2475E-02      -1  -0.709E-02    0.00  0.4548E-09  0.0000E+00
  20   -32.6800    -126.419 0.3221   0.5563E+00  0.5866E-03 -0.1039E+00  0.2424E-02      -1  -0.682E-02    0.00  0.6187E-09  0.0000E+00
  21   -34.4000    -125.010 0.3229   0.5671E+00  0.5901E-03 -0.9975E-01  0.2373E-02      -1  -0.655E-02    0.00  0.8443E-09  0.0000E+00
  22   -36.1200    -123.584 0.3237   0.5781E+00  0.5936E-03 -0.9571E-01  0.2323E-02      -1  -0.628E-02    0.00  0.1156E-08  0.0000E+00
  23   -37.8400    -122.140 0.3245   0.5892E+00  0.5972E-03 -0.9176E-01  0.2272E-02      -1  -0.602E-02    0.00  0.1587E-08  0.0000E+00
  24   -39.5600    -120.680 0.3253   0.6004E+00  0.6009E-03 -0.8790E-01  0.2221E-02      -1  -0.577E-02    0.00  0.2186E-08  0.0000E+00
  25   -41.2800    -119.202 0.3262   0.6197E+00  0.6045E-03 -0.8412E-01  0.2171E-02      -1  -0.552E-02    0.00  0.3021E-08  0.0000E+00
  26   -43.0000    -117.707 0.3272   0.6408E+00  0.6082E-03 -0.8043E-01  0.2120E-02      -1  -0.528E-02    0.00  0.4189E-08  0.0000E+00
  27   -44.7200    -116.194 0.3281   0.6620E+00  0.6119E-03 -0.7683E-01  0.2069E-02      -1  -0.504E-02    0.00  0.5828E-08  0.0000E+00
  28   -46.4400    -114.666 0.3291   0.6835E+00  0.6156E-03 -0.7331E-01  0.2019E-02      -1  -0.481E-02    0.00  0.8136E-08  0.0000E+00
  29   -48.1600    -113.124 0.3301   0.7052E+00  0.6194E-03 -0.6988E-01  0.1968E-02      -1  -0.459E-02    0.00  0.1140E-07  0.0000E+00
  30   -49.8800    -111.567 0.3311   0.7271E+00  0.6233E-03 -0.6654E-01  0.1918E-02      -1  -0.437E-02    0.00  0.1603E-07  0.0000E+00
  31   -51.6000    -110.112 0.2879   0.1154E+00  0.6293E-03 -0.6329E-01  0.1867E-02      -1  -0.415E-02    0.00  0.2277E-07  0.0000E+00
  32   -53.3200    -109.303 0.2884   0.1175E+00  0.6336E-03 -0.6012E-01  0.1816E-02      -1  -0.394E-02    0.00  0.3234E-07  0.0000E+00
  33   -55.0400    -108.432 0.2890   0.1199E+00  0.6383E-03 -0.5704E-01  0.1766E-02      -1  -0.374E-02    0.00  0.4575E-07  0.0000E+00
  34   -56.7600    -107.500 0.2896   0.1224E+00  0.6432E-03 -0.5404E-01  0.1715E-02      -1  -0.355E-02    0.00  0.6471E-07  0.0000E+00
  35   -58.4800    -106.511 0.2902   0.1250E+00  0.6485E-03 -0.5114E-01  0.1664E-02      -1  -0.336E-02    0.00  0.9168E-07  0.0000E+00
  36   -60.2000    -105.467 0.2909   0.1278E+00  0.6541E-03 -0.4832E-01  0.1614E-02      -1  -0.317E-02    0.00  0.1303E-06  0.0000E+00
  37   -61.9200    -104.372 0.2916   0.1307E+00  0.6599E-03 -0.4559E-01  0.1563E-02      -1  -0.299E-02    0.00  0.1858E-06  0.0000E+00
  38   -63.6400    -103.227 0.2923   0.1338E+00  0.6660E-03 -0.4294E-01  0.1512E-02      -1  -0.282E-02    0.00  0.2661E-06  0.0000E+00
  39   -65.3600    -102.036 0.2931   0.1370E+00  0.6723E-03 -0.4038E-01  0.1462E-02      -1  -0.265E-02    0.00  0.3829E-06  0.0000E+00
  40   -67.0800    -100.801 0.2938   0.1403E+00  0.6789E-03 -0.3791E-01  0.1411E-02      -1  -0.249E-02    0.00  0.5535E-06  0.0000E+00
  41   -68.8000     -99.526 0.2947   0.1437E+00  0.6857E-03 -0.3553E-01  0.1360E-02      -1  -0.233E-02    0.00  0.8040E-06  0.0000E+00
  42   -70.5200     -98.212 0.2955   0.1472E+00  0.6927E-03 -0.3323E-01  0.1310E-02      -1  -0.218E-02    0.00  0.1174E-05  0.0000E+00
  43   -72.2400     -96.863 0.2964   0.1508E+00  0.6999E-03 -0.3102E-01  0.1259E-02      -1  -0.204E-02    0.00  0.1722E-05  0.0000E+00
  44   -73.9600     -95.480 0.2972   0.1545E+00  0.7073E-03 -0.2890E-01  0.1208E-02      -1  -0.190E-02    0.00  0.2540E-05  0.0000E+00
  45   -75.6800     -94.063 0.2983   0.1622E+00  0.7171E-03 -0.2687E-01  0.1158E-02      -1  -0.176E-02    0.00  0.3765E-05  0.0000E+00
  46   -77.4000     -92.611 0.2995   0.1701E+00  0.7273E-03 -0.2492E-01  0.1107E-02      -1  -0.164E-02    0.00  0.5608E-05  0.0000E+00
  47   -79.1200     -91.128 0.3006   0.1782E+00  0.7376E-03 -0.2306E-01  0.1057E-02      -1  -0.151E-02    0.00  0.8396E-05  0.0000E+00
  48   -80.8400     -89.617 0.3018   0.1864E+00  0.7482E-03 -0.2129E-01  0.1006E-02      -1  -0.140E-02    0.00  0.1263E-04  0.0000E+00
  49   -82.5600     -88.081 0.3030   0.1948E+00  0.7589E-03 -0.1960E-01  0.9552E-03      -1  -0.129E-02    0.00  0.1909E-04  0.0000E+00
  50   -84.2800     -86.523 0.3042   0.2033E+00  0.7698E-03 -0.1800E-01  0.9046E-03      -1  -0.118E-02    0.00  0.2898E-04  0.0000E+00
  51   -86.0000     -84.946 0.3054   0.2119E+00  0.7808E-03 -0.1649E-01  0.8539E-03      -1  -0.108E-02    0.00  0.4418E-04  0.0000E+00
  52   -87.7200     -83.351 0.3066   0.2206E+00  0.7919E-03 -0.1506E-01  0.8033E-03      -1  -0.988E-03    0.00  0.6762E-04  0.0000E+00
  53   -89.4400     -81.741 0.3079   0.2294E+00  0.8032E-03 -0.1372E-01  0.7526E-03      -1  -0.901E-03    0.00  0.1039E-03  0.0000E+00
  54   -91.1600     -80.117 0.3091   0.2382E+00  0.8145E-03 -0.1247E-01  0.7020E-03      -1  -0.818E-03    0.00  0.1600E-03  0.0000E+00
  55   -92.8800     -78.481 0.3104   0.2472E+00  0.8260E-03 -0.1131E-01  0.6513E-03      -1  -0.742E-03    0.00  0.2470E-03  0.0000E+00
  56   -94.6000     -76.835 0.3117   0.2561E+00  0.8375E-03 -0.1023E-01  0.6007E-03      -1  -0.671E-03    0.00  0.3820E-03  0.0000E+00
  57   -96.3200     -75.178 0.3130   0.2676E+00  0.8497E-03 -0.9242E-02  0.5501E-03      -1  -0.606E-03    0.00  0.5913E-03  0.0000E+00
  58   -98.0400     -73.513 0.3145   0.2851E+00  0.8638E-03 -0.8340E-02  0.4994E-03      -1  -0.547E-03    0.00  0.9149E-03  0.0000E+00
  59   -99.7600     -71.839 0.3160   0.3028E+00  0.8779E-03 -0.7525E-02  0.4488E-03      -1  -0.494E-03    0.00  0.1413E-02  0.0000E+00
  60  -101.4800     -70.159 0.3176   0.3205E+00  0.8921E-03 -0.6796E-02  0.3981E-03      -1  -0.446E-03    0.00  0.2177E-02  0.0000E+00
  61  -103.2000     -68.472 0.3191   0.3383E+00  0.9063E-03 -0.6155E-02  0.3475E-03      -1  -0.404E-03    0.00  0.3340E-02  0.0000E+00
  62  -104.9200     -66.781 0.3207   0.3561E+00  0.9206E-03 -0.5601E-02  0.2968E-03      -1  -0.367E-03    0.00  0.5096E-02  0.0000E+00
  63  -106.6400     -65.087 0.3222   0.3740E+00  0.9349E-03 -0.5134E-02  0.2462E-03      -1  -0.337E-03    0.00  0.7725E-02  0.0000E+00
  64  -108.3600     -63.389 0.3237   0.3919E+00  0.9493E-03 -0.4754E-02  0.1955E-03      -1  -0.312E-03    0.00  0.1161E-01  0.0000E+00
  65  -110.0800     -61.688 0.3253   0.4099E+00  0.9636E-03 -0.4461E-02  0.1449E-03      -1  -0.293E-03    0.00  0.1730E-01  0.0000E+00
  66  -111.8000     -59.986 0.3268   0.4278E+00  0.9780E-03 -0.4255E-02  0.9423E-04      -1  -0.279E-03    0.00  0.2549E-01  0.0000E+00
  67  -113.5200     -58.282 0.3286   0.4603E+00  0.9937E-03 -0.4137E-02  0.4358E-04      -1  -0.271E-03    0.00  0.3711E-01  0.0000E+00
  68  -115.2400     -56.577 0.3304   0.4931E+00  0.1009E-02 -0.4099E-02  0.0000E+00      -1  -0.269E-03    0.00  0.5333E-01  0.0000E+00
  69  -116.9600     -54.871 0.3321   0.5260E+00  0.1025E-02 -0.4100E-02  0.0000E+00      -1  -0.269E-03    0.00  0.7563E-01  0.0000E+00
  70  -118.6800     -53.164 0.3339   0.5588E+00  0.1041E-02 -0.4100E-02  0.0000E+00      -1  -0.269E-03    0.00  0.1059E+00  0.0000E+00
  71  -120.4000     -51.456 0.3357   0.5917E+00  0.1057E-02 -0.4099E-02  0.0000E+00      -1  -0.269E-03    0.00  0.1466E+00  0.0000E+00
  72  -122.1200     -49.748 0.3374   0.6246E+00  0.1073E-02 -0.4099E-02  0.0000E+00      -1  -0.269E-03    0.00  0.2006E+00  0.0000E+00
  73  -123.8400     -48.039 0.3392   0.6575E+00  0.1088E-02 -0.4100E-02  0.0000E+00      -1  -0.269E-03    0.00  0.2714E+00  0.0000E+00
  74  -125.5600     -46.329 0.3411   0.7068E+00  0.1104E-02 -0.4099E-02  0.0000E+00      -1  -0.269E-03    0.00  0.3633E+00  0.0000E+00
  75  -127.2800     -44.619 0.3430   0.7634E+00  0.1119E-02 -0.4099E-02  0.0000E+00      -1  -0.269E-03    0.00  0.4809E+00  0.0000E+00
  76  -129.0000     -42.908 0.3450   0.8201E+00  0.1134E-02 -0.4100E-02  0.0000E+00      -1  -0.269E-03    0.00  0.6300E+00  0.0000E+00
  77  -130.7200     -41.196 0.3469   0.8768E+00  0.1149E-02 -0.4100E-02  0.0000E+00      -1  -0.269E-03    0.00  0.8166E+00  0.0000E+00
  78  -132.4400     -39.484 0.3489   0.9335E+00  0.1164E-02 -0.4100E-02  0.0000E+00      -1  -0.269E-03    0.00  0.1048E+01  0.0000E+00
  79  -134.1600     -37.771 0.3508   0.9903E+00  0.1180E-02 -0.4100E-02  0.0000E+00      -1  -0.269E-03    0.00  0.1331E+01  0.0000E+00
  80  -135.8800     -36.058 0.3529   0.1080E+01  0.1192E-02 -0.4100E-02  0.0000E+00      -1  -0.269E-03    0.00  0.1675E+01  0.0000E+00
  81  -137.6000     -34.344 0.3550   0.1172E+01  0.1204E-02 -0.4099E-02  0.0000E+00      -1  -0.269E-03    0.00  0.2087E+01  0.0000E+00
  82  -139.3200     -32.630 0.3570   0.1264E+01  0.1215E-02 -0.4098E-02  0.0000E+00      -1  -0.269E-03    0.00  0.2575E+01  0.0000E+00
  83  -141.0400     -30.915 0.3591   0.1356E+01  0.1227E-02 -0.4099E-02  0.0000E+00      -1  -0.269E-03    0.00  0.3149E+01  0.0000E+00
  84  -142.7600     -29.200 0.3612   0.1467E+01  0.1237E-02 -0.4099E-02  0.0000E+00      -1  -0.269E-03    0.00  0.3817E+01  0.0000E+00
  85  -144.4800     -27.485 0.3634   0.1608E+01  0.1242E-02 -0.4099E-02  0.0000E+00      -1  -0.269E-03    0.00  0.4586E+01  0.0000E+00
  86  -146.2000     -25.769 0.3655   0.1750E+01  0.1248E-02 -0.4099E-02  0.0000E+00      -1  -0.269E-03    0.00  0.5464E+01  0.0000E+00
  87  -147.9200     -24.053 0.3676   0.1892E+01  0.1253E-02 -0.4100E-02  0.0000E+00      -1  -0.269E-03    0.00  0.6455E+01  0.0000E+00
  88  -149.6400     -22.337 0.3698   0.2084E+01  0.1251E-02 -0.4100E-02  0.0000E+00      -1  -0.269E-03    0.00  0.7564E+01  0.0000E+00
  89  -151.3600     -20.620 0.3719   0.2291E+01  0.1247E-02 -0.4100E-02  0.0000E+00      -1  -0.269E-03    0.00  0.8795E+01  0.0000E+00
  90  -153.0800     -18.903 0.3741   0.2498E+01  0.1243E-02 -0.4101E-02  0.0000E+00      -1  -0.269E-03    0.00  0.1015E+02  0.0000E+00
  91  -154.8000     -17.185 0.3762   0.2781E+01  0.1229E-02 -0.4100E-02  0.0000E+00      -1  -0.269E-03    0.00  0.1163E+02  0.0000E+00
  92  -156.5200     -15.468 0.3783   0.3072E+01  0.1213E-02 -0.4099E-02  0.0000E+00      -1  -0.269E-03    0.00  0.1322E+02  0.0000E+00
  93  -158.2400     -13.750 0.3804   0.3428E+01  0.1188E-02 -0.4100E-02  0.0000E+00      -1  -0.269E-03    0.00  0.1494E+02  0.0000E+00
  94  -159.9600     -12.032 0.3824   0.3821E+01  0.1158E-02 -0.4100E-02  0.0000E+00      -1  -0.269E-03    0.00  0.1676E+02  0.0000E+00
  95  -161.6800     -10.314 0.3843   0.4319E+01  0.1114E-02 -0.4100E-02  0.0000E+00      -1  -0.269E-03    0.00  0.1869E+02  0.0000E+00
  96  -163.4000      -8.595 0.3862   0.4896E+01  0.1061E-02 -0.4100E-02  0.0000E+00      -1  -0.269E-03    0.00  0.2071E+02  0.0000E+00
  97  -165.1200      -6.877 0.3880   0.5608E+01  0.9913E-03 -0.4099E-02  0.0000E+00      -1  -0.269E-03    0.00  0.2282E+02  0.0000E+00
  98  -166.8400      -5.158 0.3896   0.6520E+01  0.9000E-03 -0.4099E-02  0.0000E+00      -1  -0.269E-03    0.00  0.2500E+02  0.0000E+00
  99  -168.5600      -3.439 0.3911   0.7745E+01  0.7771E-03 -0.4099E-02  0.0000E+00      -1  -0.269E-03    0.00  0.2725E+02  0.0000E+00
 100  -170.2800      -1.719 0.3923   0.9623E+01  0.5939E-03 -0.4099E-02  0.0000E+00      -1  -0.269E-03    0.00  0.2955E+02  0.0000E+00
 101  -172.0000       0.000 0.3930   0.1665E+02  0.0000E+00 -0.4099E-02  0.0000E+00      -1  -0.269E-03    0.00  0.3190E+02  0.0000E+00
end


 Time:     7300.0000


 Node      Depth      Head Moisture       K          C         Flux        Sink         Kappa   v/KsTop   Temp   Conc(1..NS) Sorb(1...NS)
           [L]        [L]    [-]        [L/T]      [1/L]      [L/T]        [1/T]         [-]      [-]      [C]      [M/L*3]

   1     0.0000    -148.332 0.3098   0.3877E+00  0.5321E-03 -0.1988E+00  0.3386E-02      -1  -0.130E-01    0.00  0.1447E-10  0.0000E+00
   2    -1.7200    -147.474 0.3102   0.3943E+00  0.5343E-03 -0.1930E+00  0.3336E-02      -1  -0.127E-01    0.00  0.1622E-10  0.0000E+00
   3    -3.4400    -146.576 0.3108   0.4013E+00  0.5365E-03 -0.1873E+00  0.3285E-02      -1  -0.123E-01    0.00  0.1882E-10  0.0000E+00
   4    -5.1600    -145.640 0.3113   0.4084E+00  0.5388E-03 -0.1817E+00  0.3234E-02      -1  -0.119E-01    0.00  0.2250E-10  0.0000E+00
   5    -6.8800    -144.667 0.3118   0.4159E+00  0.5412E-03 -0.1762E+00  0.3184E-02      -1  -0.116E-01    0.00  0.2756E-10  0.0000E+00
   6    -8.6000    -143.658 0.3124   0.4237E+00  0.5438E-03 -0.1708E+00  0.3133E-02      -1  -0.112E-01    0.00  0.3443E-10  0.0000E+00
   7   -10.3200    -142.614 0.3130   0.4317E+00  0.5464E-03 -0.1654E+00  0.3082E-02      -1  -0.109E-01    0.00  0.4363E-10  0.0000E+00
   8   -12.0400    -141.536 0.3136   0.4400E+00  0.5490E-03 -0.1602E+00  0.3032E-02      -1  -0.105E-01    0.00  0.5593E-10  0.0000E+00
   9   -13.7600    -140.426 0.3142   0.4485E+00  0.5518E-03 -0.1550E+00  0.2981E-02      -1  -0.102E-01    0.00  0.7230E-10  0.0000E+00
  10   -15.4800    -139.285 0.3148   0.4573E+00  0.5546E-03 -0.1499E+00  0.2930E-02      -1  -0.984E-02    0.00  0.9407E-10  0.0000E+00
  11   -17.2000    -138.114 0.3155   0.4663E+00  0.5575E-03 -0.1449E+00  0.2880E-02      -1  -0.951E-02    0.00  0.1230E-09  0.0000E+00
  12   -18.9200    -136.914 0.3162   0.4756E+00  0.5605E-03 -0.1400E+00  0.2829E-02      -1  -0.919E-02    0.00  0.1616E-09  0.0000E+00
  13   -20.6400    -135.687 0.3169   0.4850E+00  0.5636E-03 -0.1352E+00  0.2779E-02      -1  -0.887E-02    0.00  0.2131E-09  0.0000E+00
  14   -22.3600    -134.433 0.3176   0.4946E+00  0.5667E-03 -0.1305E+00  0.2728E-02      -1  -0.856E-02    0.00  0.2818E-09  0.0000E+00
  15   -24.0800    -133.154 0.3183   0.5045E+00  0.5699E-03 -0.1258E+00  0.2677E-02      -1  -0.826E-02    0.00  0.3739E-09  0.0000E+00
  16   -25.8000    -131.851 0.3190   0.5145E+00  0.5731E-03 -0.1213E+00  0.2627E-02      -1  -0.796E-02    0.00  0.4975E-09  0.0000E+00
  17   -27.5200    -130.525 0.3198   0.5247E+00  0.5764E-03 -0.1168E+00  0.2576E-02      -1  -0.766E-02    0.00  0.6638E-09  0.0000E+00
  18   -29.2400    -129.177 0.3205   0.5350E+00  0.5797E-03 -0.1124E+00  0.2525E-02      -1  -0.737E-02    0.00  0.8882E-09  0.0000E+00
  19   -30.9600    -127.808 0.3213   0.5456E+00  0.5831E-03 -0.1081E+00  0.2475E-02      -1  -0.709E-02    0.00  0.1192E-08  0.0000E+00
  20   -32.6800    -126.419 0.3221   0.5563E+00  0.5866E-03 -0.1039E+00  0.2424E-02      -1  -0.682E-02    0.00  0.1604E-08  0.0000E+00
  21   -34.4000    -125.010 0.3229   0.5671E+00  0.5901E-03 -0.9975E-01  0.2373E-02      -1  -0.655E-02    0.00  0.2165E-08  0.0000E+00
  22   -36.1200    -123.584 0.3237   0.5781E+00  0.5936E-03 -0.9571E-01  0.2323E-02      -1  -0.628E-02    0.00  0.2930E-08  0.0000E+00
  23   -37.8400    -122.140 0.3245   0.5892E+00  0.5972E-03 -0.9176E-01  0.2272E-02      -1  -0.602E-02    0.00  0.3978E-08  0.0000E+00
  24   -39.5600    -120.680 0.3253   0.6004E+00  0.6009E-03 -0.8790E-01  0.2221E-02      -1  -0.577E-02    0.00  0.5417E-08  0.0000E+00
  25   -41.2800    -119.202 0.3262   0.6197E+00  0.6045E-03 -0.8412E-01  0.2171E-02      -1  -0.552E-02    0.00  0.7399E-08  0.0000E+00
  26   -43.0000    -117.707 0.3272   0.6408E+00  0.6082E-03 -0.8043E-01  0.2120E-02      -1  -0.528E-02    0.00  0.1014E-07  0.0000E+00
  27   -44.7200    -116.194 0.3281   0.6620E+00  0.6119E-03 -0.7683E-01  0.2069E-02      -1  -0.504E-02    0.00  0.1394E-07  0.0000E+00
  28   -46.4400    -114.666 0.3291   0.6835E+00  0.6156E-03 -0.7331E-01  0.2019E-02      -1  -0.481E-02    0.00  0.1922E-07  0.0000E+00
  29   -48.1600    -113.124 0.3301   0.7052E+00  0.6194E-03 -0.6988E-01  0.1968E-02      -1  -0.459E-02    0.00  0.2660E-07  0.0000E+00
  30   -49.8800    -111.567 0.3311   0.7271E+00  0.6233E-03 -0.6654E-01  0.1918E-02      -1  -0.437E-02    0.00  0.3694E-07  0.0000E+00
  31   -51.6000    -110.112 0.2879   0.1154E+00  0.6293E-03 -0.6329E-01  0.1867E-02      -1  -0.415E-02    0.00  0.5181E-07  0.0000E+00
  32   -53.3200    -109.303 0.2884   0.1175E+00  0.6336E-03 -0.6012E-01  0.1816E-02      -1  -0.394E-02    0.00  0.7267E-07  0.0000E+00
  33   -55.0400    -108.432 0.2890   0.1199E+00  0.6383E-03 -0.5704E-01  0.1766E-02      -1  -0.374E-02    0.00  0.1016E-06  0.0000E+00
  34   -56.7600    -107.500 0.2896   0.1224E+00  0.6432E-03 -0.5404E-01  0.1715E-02      -1  -0.355E-02    0.00  0.1419E-06  0.0000E+00
  35   -58.4800    -106.511 0.2902   0.1250E+00  0.6485E-03 -0.5114E-01  0.1664E-02      -1  -0.336E-02    0.00  0.1986E-06  0.0000E+00
  36   -60.2000    -105.467 0.2909   0.1278E+00  0.6541E-03 -0.4832E-01  0.1614E-02      -1  -0.317E-02    0.00  0.2787E-06  0.0000E+00
  37   -61.9200    -104.372 0.2916   0.1307E+00  0.6599E-03 -0.4559E-01  0.1563E-02      -1  -0.299E-02    0.00  0.3925E-06  0.0000E+00
  38   -63.6400    -103.227 0.2923   0.1338E+00  0.6660E-03 -0.4294E-01  0.1512E-02      -1  -0.282E-02    0.00  0.5548E-06  0.0000E+00
  39   -65.3600    -102.036 0.2931   0.1370E+00  0.6723E-03 -0.4038E-01  0.1462E-02      -1  -0.265E-02    0.00  0.7877E-06  0.0000E+00
  40   -67.0800    -100.801 0.2938   0.1403E+00  0.6789E-03 -0.3791E-01  0.1411E-02      -1  -0.249E-02    0.00  0.1123E-05  0.0000E+00
  41   -68.8000     -99.526 0.2947   0.1437E+00  0.6857E-03 -0.3553E-01  0.1360E-02      -1  -0.233E-02    0.00  0.1609E-05  0.0000E+00
  42   -70.5200     -98.212 0.2955   0.1472E+00  0.6927E-03 -0.3323E-01  0.1310E-02      -1  -0.218E-02    0.00  0.2317E-05  0.0000E+00
  43   -72.2400     -96.863 0.2964   0.1508E+00  0.6999E-03 -0.3102E-01  0.1259E-02      -1  -0.204E-02    0.00  0.3351E-05  0.0000E+00
  44   -73.9600     -95.480 0.2972   0.1545E+00  0.7073E-03 -0.2890E-01  0.1208E-02      -1  -0.190E-02    0.00  0.4870E-05  0.0000E+00
  45   -75.6800     -94.063 0.2983   0.1622E+00  0.7171E-03 -0.2687E-01  0.1158E-02      -1  -0.176E-02    0.00  0.7111E-05  0.0000E+00
  46   -77.4000     -92.611 0.2995   0.1701E+00  0.7273E-03 -0.2492E-01  0.1107E-02      -1  -0.164E-02    0.00  0.1043E-04  0.0000E+00
  47   -79.1200     -91.128 0.3006   0.1782E+00  0.7376E-03 -0.2306E-01  0.1057E-02      -1  -0.151E-02    0.00  0.1538E-04  0.0000E+00
  48   -80.8400     -89.617 0.3018   0.1864E+00  0.7482E-03 -0.2129E-01  0.1006E-02      -1  -0.140E-02    0.00  0.2278E-04  0.0000E+00
  49   -82.5600     -88.081 0.3030   0.1948E+00  0.7589E-03 -0.1960E-01  0.9552E-03      -1  -0.129E-02    0.00  0.3388E-04  0.0000E+00
  50   -84.2800     -86.523 0.3042   0.2033E+00  0.7698E-03 -0.1800E-01  0.9046E-03      -1  -0.118E-02    0.00  0.5061E-04  0.0000E+00
  51   -86.0000     -84.946 0.3054   0.2119E+00  0.7808E-03 -0.1649E-01  0.8539E-03      -1  -0.108E-02    0.00  0.7591E-04  0.0000E+00
  52   -87.7200     -83.351 0.3066   0.2206E+00  0.7919E-03 -0.1506E-01  0.8033E-03      -1  -0.988E-03    0.00  0.1143E-03  0.0000E+00
  53   -89.4400     -81.741 0.3079   0.2294E+00  0.8032E-03 -0.1372E-01  0.7526E-03      -1  -0.901E-03    0.00  0.1726E-03  0.0000E+00
  54   -91.1600     -80.117 0.3091   0.2382E+00  0.8145E-03 -0.1247E-01  0.7020E-03      -1  -0.818E-03    0.00  0.2613E-03  0.0000E+00
  55   -92.8800     -78.481 0.3104   0.2472E+00  0.8260E-03 -0.1131E-01  0.6513E-03      -1  -0.742E-03    0.00  0.3966E-03  0.0000E+00
  56   -94.6000     -76.835 0.3117   0.2561E+00  0.8375E-03 -0.1023E-01  0.6007E-03      -1  -0.671E-03    0.00  0.6027E-03  0.0000E+00
  57   -96.3200     -75.178 0.3130   0.2676E+00  0.8497E-03 -0.9242E-02  0.5501E-03      -1  -0.606E-03    0.00  0.9167E-03  0.0000E+00
  58   -98.0400     -73.513 0.3145   0.2851E+00  0.8638E-03 -0.8340E-02  0.4994E-03      -1  -0.547E-03    0.00  0.1393E-02  0.0000E+00
  59   -99.7600     -71.839 0.3160   0.3028E+00  0.8779E-03 -0.7525E-02  0.4488E-03      -1  -0.494E-03    0.00  0.2115E-02  0.0000E+00
  60  -101.4800     -70.159 0.3176   0.3205E+00  0.8921E-03 -0.6796E-02  0.3981E-03      -1  -0.446E-03    0.00  0.3200E-02  0.0000E+00
  61  -103.2000     -68.472 0.3191   0.3383E+00  0.9063E-03 -0.6155E-02  0.3475E-03      -1  -0.404E-03    0.00  0.4824E-02  0.0000E+00
  62  -104.9200     -66.781 0.3207   0.3561E+00  0.9206E-03 -0.5601E-02  0.2968E-03      -1  -0.367E-03    0.00  0.7234E-02  0.0000E+00
  63  -106.6400     -65.087 0.3222   0.3740E+00  0.9349E-03 -0.5134E-02  0.2462E-03      -1  -0.337E-03    0.00  0.1078E-01  0.0000E+00
  64  -108.3600     -63.389 0.3237   0.3919E+00  0.9493E-03 -0.4754E-02  0.1955E-03      -1  -0.312E-03    0.00  0.1593E-01  0.0000E+00
  65  -110.0800     -61.688 0.3253   0.4099E+00  0.9636E-03 -0.4461E-02  0.1449E-03      -1  -0.293E-03    0.00  0.2333E-01  0.0000E+00
  66  -111.8000     -59.986 0.3268   0.4278E+00  0.9780E-03 -0.4255E-02  0.9423E-04      -1  -0.279E-03    0.00  0.3381E-01  0.0000E+00
  67  -113.5200     -58.282 0.3286   0.4603E+00  0.9937E-03 -0.4137E-02  0.4358E-04      -1  -0.271E-03    0.00  0.4845E-01  0.0000E+00
  68  -115.2400     -56.577 0.3304   0.4931E+00  0.1009E-02 -0.4099E-02  0.0000E+00      -1  -0.269E-03    0.00  0.6854E-01  0.0000E+00
  69  -116.9600     -54.871 0.3321   0.5260E+00  0.1025E-02 -0.4100E-02  0.0000E+00      -1  -0.269E-03    0.00  0.9576E-01  0.0000E+00
  70  -118.6800     -53.164 0.3339   0.5588E+00  0.1041E-02 -0.4100E-02  0.0000E+00      -1  -0.269E-03    0.00  0.1322E+00  0.0000E+00
  71  -120.4000     -51.456 0.3357   0.5917E+00  0.1057E-02 -0.4099E-02  0.0000E+00      -1  -0.269E-03    0.00  0.1804E+00  0.0000E+00
  72  -122.1200     -49.748 0.3374   0.6246E+00  0.1073E-02 -0.4099E-02  0.0000E+00      -1  -0.269E-03    0.00  0.2435E+00  0.0000E+00
  73  -123.8400     -48.039 0.3392   0.6575E+00  0.1088E-02 -0.4100E-02  0.0000E+00      -1  -0.269E-03    0.00  0.3253E+00  0.0000E+00
  74  -125.5600     -46.329 0.3411   0.7068E+00  0.1104E-02 -0.4099E-02  0.0000E+00      -1  -0.269E-03    0.00  0.4300E+00  0.0000E+00
  75  -127.2800     -44.619 0.3430   0.7634E+00  0.1119E-02 -0.4099E-02  0.0000E+00      -1  -0.269E-03    0.00  0.5626E+00  0.0000E+00
  76  -129.0000     -42.908 0.3450   0.8201E+00  0.1134E-02 -0.4100E-02  0.0000E+00      -1  -0.269E-03    0.00  0.7285E+00  0.0000E+00
  77  -130.7200     -41.196 0.3469   0.8768E+00  0.1149E-02 -0.4100E-02  0.0000E+00      -1  -0.269E-03    0.00  0.9341E+00  0.0000E+00
  78  -132.4400     -39.484 0.3489   0.9335E+00  0.1164E-02 -0.4100E-02  0.0000E+00      -1  -0.269E-03    0.00  0.1186E+01  0.0000E+00
  79  -134.1600     -37.771 0.3508   0.9903E+00  0.1180E-02 -0.4100E-02  0.0000E+00      -1  -0.269E-03    0.00  0.1492E+01  0.0000E+00
  80  -135.8800     -36.058 0.3529   0.1080E+01  0.1192E-02 -0.4100E-02  0.0000E+00      -1  -0.269E-03    0.00  0.1860E+01  0.0000E+00
  81  -137.6000     -34.344 0.3550   0.1172E+01  0.1204E-02 -0.4099E-02  0.0000E+00      -1  -0.269E-03    0.00  0.2296E+01  0.0000E+00
  82  -139.3200     -32.630 0.3570   0.1264E+01  0.1215E-02 -0.4098E-02  0.0000E+00      -1  -0.269E-03    0.00  0.2810E+01  0.0000E+00
  83  -141.0400     -30.915 0.3591   0.1356E+01  0.1227E-02 -0.4099E-02  0.0000E+00      -1  -0.269E-03    0.00  0.3409E+01  0.0000E+00
  84  -142.7600     -29.200 0.3612   0.1467E+01  0.1237E-02 -0.4099E-02  0.0000E+00      -1  -0.269E-03    0.00  0.4101E+01  0.0000E+00
  85  -144.4800     -27.485 0.3634   0.1608E+01  0.1242E-02 -0.4099E-02  0.0000E+00      -1  -0.269E-03    0.00  0.4892E+01  0.0000E+00
  86  -146.2000     -25.769 0.3655   0.1750E+01  0.1248E-02 -0.4099E-02  0.0000E+00      -1  -0.269E-03    0.00  0.5789E+01  0.0000E+00
  87  -147.9200     -24.053 0.3676   0.1892E+01  0.1253E-02 -0.4100E-02  0.0000E+00      -1  -0.269E-03    0.00  0.6796E+01  0.0000E+00
  88  -149.6400     -22.337 0.3698   0.2084E+01  0.1251E-02 -0.4100E-02  0.0000E+00      -1  -0.269E-03    0.00  0.7917E+01  0.0000E+00
  89  -151.3600     -20.620 0.3719   0.2291E+01  0.1247E-02 -0.4100E-02  0.0000E+00      -1  -0.269E-03    0.00  0.9155E+01  0.0000E+00
  90  -153.0800     -18.903 0.3741   0.2498E+01  0.1243E-02 -0.4101E-02  0.0000E+00      -1  -0.269E-03    0.00  0.1051E+02  0.0000E+00
  91  -154.8000     -17.185 0.3762   0.2781E+01  0.1229E-02 -0.4100E-02  0.0000E+00      -1  -0.269E-03    0.00  0.1198E+02  0.0000E+00
  92  -156.5200     -15.468 0.3783   0.3072E+01  0.1213E-02 -0.4099E-02  0.0000E+00      -1  -0.269E-03    0.00  0.1357E+02  0.0000E+00
  93  -158.2400     -13.750 0.3804   0.3428E+01  0.1188E-02 -0.4100E-02  0.0000E+00      -1  -0.269E-03    0.00  0.1526E+02  0.0000E+00
  94  -159.9600     -12.032 0.3824   0.3821E+01  0.1158E-02 -0.4100E-02  0.0000E+00      -1  -0.269E-03    0.00  0.1706E+02  0.0000E+00
  95  -161.6800     -10.314 0.3843   0.4319E+01  0.1114E-02 -0.4100E-02  0.0000E+00      -1  -0.269E-03    0.00  0.1896E+02  0.0000E+00
  96  -163.4000      -8.595 0.3862   0.4896E+01  0.1061E-02 -0.4100E-02  0.0000E+00      -1  -0.269E-03    0.00  0.2095E+02  0.0000E+00
  97  -165.1200      -6.877 0.3880   0.5608E+01  0.9913E-03 -0.4099E-02  0.0000E+00      -1  -0.269E-03    0.00  0.2302E+02  0.0000E+00
  98  -166.8400      -5.158 0.3896   0.6520E+01  0.9000E-03 -0.4099E-02  0.0000E+00      -1  -0.269E-03    0.00  0.2516E+02  0.0000E+00
  99  -168.5600      -3.439 0.3911   0.7745E+01  0.7771E-03 -0.4099E-02  0.0000E+00      -1  -0.269E-03    0.00  0.2736E+02  0.0000E+00
 100  -170.2800      -1.719 0.3923   0.9623E+01  0.5939E-03 -0.4099E-02  0.0000E+00      -1  -0.269E-03    0.00  0.2961E+02  0.0000E+00
 101  -172.0000       0.000 0.3930   0.1665E+02  0.0000E+00 -0.4099E-02  0.0000E+00      -1  -0.269E-03    0.00  0.3190E+02  0.0000E+00
end
