 All solute fluxes and cumulative solute fluxes are positive into the region

       Time         cvTop        cvBot      Sum(cvTop)   Sum(cvBot)     cvCh0        cvCh1         cTop        cRoot         cBot        cvRoot    Sum(cvRoot)  Sum(cvNEql) TLevel      cGWL        cRunOff   Sum(cRunOff)    (cv(i),    Sum(cv(i)), i=1,NObs)
        [T]        [M/L2/T]     [M/L2/T]      [M/L2]       [M/L2]       [M/L2]      [M/L2]        [M/L3]      [M/L3]        [M/L3]      [M/L2/T]      [M/L2]       [M/L2]              [M/L3]        [M/L2]      [M/L3]      [M/L2/T]      [M/L2]
        0.1000  0.00000E+00  0.32133E+04  0.00000E+00  0.32133E+03  0.00000E+00  0.00000E+00  0.00000E+00  0.00000E+00  0.31900E+02  0.00000E+00  0.00000E+00  0.00000E+00       1  0.00000E+00  0.00000E+00  0.00000E+00
        4.3015  0.00000E+00  0.99856E+01  0.00000E+00  0.35472E+03  0.00000E+00  0.00000E+00  0.00000E+00  0.00000E+00  0.31900E+02  0.00000E+00  0.00000E+00  0.00000E+00      11  0.00000E+00  0.00000E+00  0.00000E+00
       14.3015  0.00000E+00  0.83966E+01  0.00000E+00  0.45415E+03  0.00000E+00  0.00000E+00  0.00000E+00  0.00000E+00  0.31900E+02  0.00000E+00  0.00000E+00  0.00000E+00      21  0.00000E+00  0.00000E+00  0.00000E+00
       24.3015  0.00000E+00  0.54194E+01  0.00000E+00  0.52016E+03  0.00000E+00  0.00000E+00  0.00000E+00  0.00000E+00  0.31900E+02  0.00000E+00  0.00000E+00  0.00000E+00      31  0.00000E+00  0.00000E+00  0.00000E+00
       34.3015  0.00000E+00  0.39157E+01  0.00000E+00  0.56524E+03  0.00000E+00  0.00000E+00  0.00000E+00  0.00000E+00  0.31900E+02  0.00000E+00  0.00000E+00  0.00000E+00      41  0.00000E+00  0.00000E+00  0.00000E+00
       44.3015  0.00000E+00  0.37770E+01  0.00000E+00  0.60247E+03  0.00000E+00  0.00000E+00  0.00000E+00  0.00000E+00  0.31900E+02  0.00000E+00  0.00000E+00  0.00000E+00      51  0.00000E+00  0.00000E+00  0.00000E+00
       54.3015  0.00000E+00  0.38050E+01  0.00000E+00  0.64053E+03  0.00000E+00  0.00000E+00  0.00000E+00  0.00000E+00  0.31900E+02  0.00000E+00  0.00000E+00  0.00000E+00      61  0.00000E+00  0.00000E+00  0.00000E+00
       64.3015  0.00000E+00  0.37190E+01  0.00000E+00  0.67816E+03  0.00000E+00  0.00000E+00  0.00000E+00  0.00000E+00  0.31900E+02  0.00000E+00  0.00000E+00  0.00000E+00      71  0.00000E+00  0.00000E+00  0.00000E+00
       74.3015  0.00000E+00  0.35911E+01  0.00000E+00  0.71467E+03  0.00000E+00  0.00000E+00  0.00000E+00  0.00000E+00  0.31900E+02  0.00000E+00  0.00000E+00  0.00000E+00      81  0.00000E+00  0.00000E+00  0.00000E+00
       84.3015  0.00000E+00  0.34532E+01  0.00000E+00  0.74982E+03  0.00000E+00  0.00000E+00  0.00000E+00  0.00000E+00  0.31900E+02  0.00000E+00  0.00000E+00  0.00000E+00      91  0.00000E+00  0.00000E+00  0.00000E+00
       94.3015  0.00000E+00  0.33192E+01  0.00000E+00  0.78361E+03  0.00000E+00  0.00000E+00  0.00000E+00  0.00000E+00  0.31900E+02  0.00000E+00  0.00000E+00  0.00000E+00     101  0.00000E+00  0.00000E+00  0.00000E+00
      104.3015  0.00000E+00  0.31939E+01  0.00000E+00  0.81611E+03  0.00000E+00  0.00000E+00  0.00000E+00  0.00000E+00  0.31900E+02  0.00000E+00  0.00000E+00  0.00000E+00     111  0.00000E+00  0.00000E+00  0.00000E+00
      114.3015  0.00000E+00  0.30784E+01  0.00000E+00  0.84740E+03  0.00000E+00  0.00000E+00  0.00000E+00  0.00000E+00  0.31900E+02  0.00000E+00  0.00000E+00  0.00000E+00     121  0.00000E+00  0.00000E+00  0.00000E+00
      124.3015  0.00000E+00  0.29727E+01  0.00000E+00  0.87760E+03  0.00000E+00  0.00000E+00  0.00000E+00  0.00000E+00  0.31900E+02  0.00000E+00  0.00000E+00  0.00000E+00     131  0.00000E+00  0.00000E+00  0.00000E+00
      134.3015  0.00000E+00  0.28762E+01  0.00000E+00  0.90679E+03  0.00000E+00  0.00000E+00  0.00000E+00  0.00000E+00  0.31900E+02  0.00000E+00  0.00000E+00  0.00000E+00     141  0.00000E+00  0.00000E+00  0.00000E+00
      144.3015  0.00000E+00  0.27878E+01  0.00000E+00  0.93505E+03  0.00000E+00  0.00000E+00  0.00000E+00  0.00000E+00  0.31900E+02  0.00000E+00  0.00000E+00  0.00000E+00     151  0.00000E+00  0.00000E+00  0.00000E+00
      154.3015  0.00000E+00  0.27065E+01  0.00000E+00  0.96248E+03  0.00000E+00  0.00000E+00  0.00000E+00  0.00000E+00  0.31900E+02  0.00000E+00  0.00000E+00  0.00000E+00     161  0.00000E+00  0.00000E+00  0.00000E+00
      164.3015  0.00000E+00  0.26315E+01  0.00000E+00  0.98913E+03  0.00000E+00  0.00000E+00  0.00000E+00  0.00000E+00  0.31900E+02  0.00000E+00  0.00000E+00  0.00000E+00     171  0.00000E+00  0.00000E+00  0.00000E+00
      174.3015  0.00000E+00  0.25620E+01  0.00000E+00  0.10151E+04  0.00000E+00  0.00000E+00  0.00000E+00  0.00000E+00  0.31900E+02  0.00000E+00  0.00000E+00  0.00000E+00     181  0.00000E+00  0.00000E+00  0.00000E+00
      184.3015  0.00000E+00  0.24976E+01  0.00000E+00  0.10403E+04  0.00000E+00  0.00000E+00  0.00000E+00  0.00000E+00  0.31900E+02  0.00000E+00  0.00000E+00  0.00000E+00     191  0.00000E+00  0.00000E+00  0.00000E+00
      194.3015  0.00000E+00  0.24376E+01  0.00000E+00  0.10650E+04  0.00000E+00  0.00000E+00  0.00000E+00  0.00000E+00  0.31900E+02  0.00000E+00  0.00000E+00  0.00000E+00     201  0.00000E+00  0.00000E+00  0.00000E+00
      204.3015  0.00000E+00  0.23815E+01  0.00000E+00  0.10890E+04  0.00000E+00  0.00000E+00  0.00000E+00  0.00000E+00  0.31900E+02  0.00000E+00  0.00000E+00  0.00000E+00     211  0.00000E+00  0.00000E+00  0.00000E+00
      214.3015  0.00000E+00  0.23290E+01  0.00000E+00  0.11125E+04  0.00000E+00  0.00000E+00  0.00000E+00  0.00000E+00  0.31900E+02  0.00000E+00  0.00000E+00  0.00000E+00     221  0.00000E+00  0.00000E+00  0.00000E+00
      224.3015  0.00000E+00  0.22797E+01  0.00000E+00  0.11356E+04  0.00000E+00  0.00000E+00  0.00000E+00  0.34053E-31  0.31900E+02  0.16974E-33  0.24949E-33  0.00000E+00     231  0.00000E+00  0.00000E+00  0.00000E+00
      234.3015  0.00000E+00  0.22332E+01  0.00000E+00  0.11581E+04  0.00000E+00  0.00000E+00  0.00000E+00  0.40692E-30  0.31900E+02  0.20284E-32  0.10361E-31  0.00000E+00     241  0.00000E+00  0.00000E+00  0.00000E+00
      244.3015  0.00000E+00  0.21894E+01  0.00000E+00  0.11802E+04  0.00000E+00  0.00000E+00  0.00000E+00  0.16336E-29  0.31900E+02  0.81431E-32  0.58486E-31  0.00000E+00     251  0.00000E+00  0.00000E+00  0.00000E+00
      254.3015  0.00000E+00  0.21479E+01  0.00000E+00  0.12019E+04  0.00000E+00  0.00000E+00  0.00000E+00  0.56700E-29  0.31900E+02  0.29220E-31  0.23478E-30  0.00000E+00     261  0.00000E+00  0.00000E+00  0.00000E+00
      264.3015  0.00000E+00  0.21087E+01  0.00000E+00  0.12231E+04  0.00000E+00  0.00000E+00  0.00000E+00  0.17961E-28  0.31900E+02  0.94084E-31  0.82681E-30  0.00000E+00     271  0.00000E+00  0.00000E+00  0.00000E+00
      274.3015  0.00000E+00  0.20714E+01  0.00000E+00  0.12440E+04  0.00000E+00  0.00000E+00  0.00000E+00  0.53421E-28  0.31900E+02  0.28167E-30  0.26401E-29  0.00000E+00     281  0.00000E+00  0.00000E+00  0.00000E+00
      284.3015  0.00000E+00  0.20359E+01  0.00000E+00  0.12645E+04  0.00000E+00  0.00000E+00  0.00000E+00  0.15171E-27  0.31900E+02  0.80546E-30  0.79123E-29  0.00000E+00     291  0.00000E+00  0.00000E+00  0.00000E+00
      294.3015  0.00000E+00  0.20022E+01  0.00000E+00  0.12847E+04  0.00000E+00  0.00000E+00  0.00000E+00  0.41298E-27  0.31900E+02  0.22009E-29  0.22550E-28  0.00000E+00     301  0.00000E+00  0.00000E+00  0.00000E+00
      304.3015  0.00000E+00  0.19700E+01  0.00000E+00  0.13045E+04  0.00000E+00  0.00000E+00  0.00000E+00  0.10824E-26  0.31900E+02  0.57855E-29  0.61568E-28  0.00000E+00     311  0.00000E+00  0.00000E+00  0.00000E+00
      314.3015  0.00000E+00  0.19392E+01  0.00000E+00  0.13241E+04  0.00000E+00  0.00000E+00  0.00000E+00  0.27392E-26  0.31900E+02  0.14682E-28  0.16188E-27  0.00000E+00     321  0.00000E+00  0.00000E+00  0.00000E+00
      324.3015  0.00000E+00  0.19098E+01  0.00000E+00  0.13433E+04  0.00000E+00  0.00000E+00  0.00000E+00  0.67091E-26  0.31900E+02  0.36050E-28  0.41122E-27  0.00000E+00     331  0.00000E+00  0.00000E+00  0.00000E+00
      334.3015  0.00000E+00  0.18816E+01  0.00000E+00  0.13622E+04  0.00000E+00  0.00000E+00  0.00000E+00  0.15936E-25  0.31900E+02  0.85835E-28  0.10117E-26  0.00000E+00     341  0.00000E+00  0.00000E+00  0.00000E+00
      344.3015  0.00000E+00  0.18546E+01  0.00000E+00  0.13809E+04  0.00000E+00  0.00000E+00  0.00000E+00  0.36775E-25  0.31900E+02  0.19856E-27  0.24161E-26  0.00000E+00     351  0.00000E+00  0.00000E+00  0.00000E+00
      354.3015  0.00000E+00  0.18287E+01  0.00000E+00  0.13993E+04  0.00000E+00  0.00000E+00  0.00000E+00  0.82589E-25  0.31900E+02  0.44698E-27  0.56101E-26  0.00000E+00     361  0.00000E+00  0.00000E+00  0.00000E+00
      364.0301  0.00000E+00  0.18044E+01  0.00000E+00  0.14170E+04  0.00000E+00  0.00000E+00  0.00000E+00  0.17744E-24  0.31900E+02  0.96252E-27  0.12420E-25  0.00000E+00     371  0.00000E+00  0.00000E+00  0.00000E+00
      365.0000  0.00000E+00  0.18020E+01  0.00000E+00  0.14187E+04  0.00000E+00  0.00000E+00  0.00000E+00  0.19120E-24  0.31900E+02  0.10374E-26  0.13427E-25  0.00000E+00     372  0.00000E+00  0.00000E+00  0.00000E+00
      374.0000  0.00000E+00  0.17805E+01  0.00000E+00  0.14348E+04  0.00000E+00  0.00000E+00  0.00000E+00  0.37756E-24  0.31900E+02  0.20529E-26  0.27340E-25  0.00000E+00     381  0.00000E+00  0.00000E+00  0.00000E+00
      384.0000  0.00000E+00  0.17574E+01  0.00000E+00  0.14525E+04  0.00000E+00  0.00000E+00  0.00000E+00  0.78873E-24  0.31900E+02  0.42988E-26  0.58920E-25  0.00000E+00     391  0.00000E+00  0.00000E+00  0.00000E+00
      394.0000  0.00000E+00  0.17351E+01  0.00000E+00  0.14699E+04  0.00000E+00  0.00000E+00  0.00000E+00  0.16120E-23  0.31900E+02  0.88069E-26  0.12417E-24  0.00000E+00     401  0.00000E+00  0.00000E+00  0.00000E+00
      404.0000  0.00000E+00  0.17137E+01  0.00000E+00  0.14872E+04  0.00000E+00  0.00000E+00  0.00000E+00  0.32269E-23  0.31900E+02  0.17671E-25  0.25615E-24  0.00000E+00     411  0.00000E+00  0.00000E+00  0.00000E+00
      414.0000  0.00000E+00  0.16929E+01  0.00000E+00  0.15042E+04  0.00000E+00  0.00000E+00  0.00000E+00  0.63331E-23  0.31900E+02  0.34764E-25  0.51781E-24  0.00000E+00     421  0.00000E+00  0.00000E+00  0.00000E+00
      424.0000  0.00000E+00  0.16729E+01  0.00000E+00  0.15210E+04  0.00000E+00  0.00000E+00  0.00000E+00  0.12198E-22  0.31900E+02  0.67116E-25  0.10267E-23  0.00000E+00     431  0.00000E+00  0.00000E+00  0.00000E+00
      434.0000  0.00000E+00  0.16535E+01  0.00000E+00  0.15376E+04  0.00000E+00  0.00000E+00  0.00000E+00  0.23075E-22  0.31900E+02  0.12727E-24  0.19985E-23  0.00000E+00     441  0.00000E+00  0.00000E+00  0.00000E+00
      444.0000  0.00000E+00  0.16347E+01  0.00000E+00  0.15541E+04  0.00000E+00  0.00000E+00  0.00000E+00  0.42911E-22  0.31900E+02  0.23724E-24  0.38224E-23  0.00000E+00     451  0.00000E+00  0.00000E+00  0.00000E+00
      454.0000  0.00000E+00  0.16166E+01  0.00000E+00  0.15703E+04  0.00000E+00  0.00000E+00  0.00000E+00  0.78505E-22  0.31900E+02  0.43507E-24  0.71888E-23  0.00000E+00     461  0.00000E+00  0.00000E+00  0.00000E+00
      464.0000  0.00000E+00  0.15990E+01  0.00000E+00  0.15864E+04  0.00000E+00  0.00000E+00  0.00000E+00  0.14140E-21  0.31900E+02  0.78549E-24  0.13304E-22  0.00000E+00     471  0.00000E+00  0.00000E+00  0.00000E+00
      474.0000  0.00000E+00  0.15819E+01  0.00000E+00  0.16023E+04  0.00000E+00  0.00000E+00  0.00000E+00  0.25088E-21  0.31900E+02  0.13971E-23  0.24247E-22  0.00000E+00     481  0.00000E+00  0.00000E+00  0.00000E+00
      484.0000  0.00000E+00  0.15654E+01  0.00000E+00  0.16180E+04  0.00000E+00  0.00000E+00  0.00000E+00  0.43882E-21  0.31900E+02  0.24495E-23  0.43543E-22  0.00000E+00     491  0.00000E+00  0.00000E+00  0.00000E+00
      494.0000  0.00000E+00  0.15493E+01  0.00000E+00  0.16336E+04  0.00000E+00  0.00000E+00  0.00000E+00  0.75707E-21  0.31900E+02  0.42361E-23  0.77097E-22  0.00000E+00     501  0.00000E+00  0.00000E+00  0.00000E+00
      504.0000  0.00000E+00  0.15337E+01  0.00000E+00  0.16490E+04  0.00000E+00  0.00000E+00  0.00000E+00  0.12890E-20  0.31900E+02  0.72300E-23  0.13467E-21  0.00000E+00     511  0.00000E+00  0.00000E+00  0.00000E+00
      514.0000  0.00000E+00  0.15185E+01  0.00000E+00  0.16642E+04  0.00000E+00  0.00000E+00  0.00000E+00  0.21672E-20  0.31900E+02  0.12185E-22  0.23219E-21  0.00000E+00     521  0.00000E+00  0.00000E+00  0.00000E+00
      524.0000  0.00000E+00  0.15038E+01  0.00000E+00  0.16793E+04  0.00000E+00  0.00000E+00  0.00000E+00  0.35995E-20  0.31900E+02  0.20287E-22  0.39536E-21  0.00000E+00     531  0.00000E+00  0.00000E+00  0.00000E+00
      534.0000  0.00000E+00  0.14895E+01  0.00000E+00  0.16943E+04  0.00000E+00  0.00000E+00  0.00000E+00  0.59089E-20  0.31900E+02  0.33383E-22  0.66515E-21  0.00000E+00     541  0.00000E+00  0.00000E+00  0.00000E+00
      544.0000  0.00000E+00  0.14755E+01  0.00000E+00  0.17091E+04  0.00000E+00  0.00000E+00  0.00000E+00  0.95915E-20  0.31900E+02  0.54319E-22  0.11061E-20  0.00000E+00     551  0.00000E+00  0.00000E+00  0.00000E+00
      554.0000  0.00000E+00  0.14619E+01  0.00000E+00  0.17238E+04  0.00000E+00  0.00000E+00  0.00000E+00  0.15401E-19  0.31900E+02  0.87433E-22  0.18191E-20  0.00000E+00     561  0.00000E+00  0.00000E+00  0.00000E+00
      564.0000  0.00000E+00  0.14486E+01  0.00000E+00  0.17383E+04  0.00000E+00  0.00000E+00  0.00000E+00  0.24474E-19  0.31900E+02  0.13927E-21  0.29597E-20  0.00000E+00     571  0.00000E+00  0.00000E+00  0.00000E+00
      574.0000  0.00000E+00  0.14358E+01  0.00000E+00  0.17528E+04  0.00000E+00  0.00000E+00  0.00000E+00  0.38501E-19  0.31900E+02  0.21963E-21  0.47657E-20  0.00000E+00     581  0.00000E+00  0.00000E+00  0.00000E+00
      584.0000  0.00000E+00  0.14231E+01  0.00000E+00  0.17670E+04  0.00000E+00  0.00000E+00  0.00000E+00  0.59983E-19  0.31900E+02  0.34301E-21  0.75975E-20  0.00000E+00     591  0.00000E+00  0.00000E+00  0.00000E+00
      594.0000  0.00000E+00  0.14109E+01  0.00000E+00  0.17812E+04  0.00000E+00  0.00000E+00  0.00000E+00  0.92579E-19  0.31900E+02  0.53069E-21  0.11996E-19  0.00000E+00     601  0.00000E+00  0.00000E+00  0.00000E+00
      604.0000  0.00000E+00  0.13989E+01  0.00000E+00  0.17953E+04  0.00000E+00  0.00000E+00  0.00000E+00  0.14160E-18  0.31900E+02  0.81367E-21  0.18764E-19  0.00000E+00     611  0.00000E+00  0.00000E+00  0.00000E+00
      614.0000  0.00000E+00  0.13872E+01  0.00000E+00  0.18092E+04  0.00000E+00  0.00000E+00  0.00000E+00  0.21470E-18  0.31900E+02  0.12367E-20  0.29089E-19  0.00000E+00     621  0.00000E+00  0.00000E+00  0.00000E+00
      624.0000  0.00000E+00  0.13757E+01  0.00000E+00  0.18230E+04  0.00000E+00  0.00000E+00  0.00000E+00  0.32278E-18  0.31900E+02  0.18638E-20  0.44704E-19  0.00000E+00     631  0.00000E+00  0.00000E+00  0.00000E+00
      634.0000  0.00000E+00  0.13646E+01  0.00000E+00  0.18367E+04  0.00000E+00  0.00000E+00  0.00000E+00  0.48133E-18  0.31900E+02  0.27861E-20  0.68125E-19  0.00000E+00     641  0.00000E+00  0.00000E+00  0.00000E+00
      644.0000  0.00000E+00  0.13537E+01  0.00000E+00  0.18503E+04  0.00000E+00  0.00000E+00  0.00000E+00  0.71210E-18  0.31900E+02  0.41319E-20  0.10297E-18  0.00000E+00     651  0.00000E+00  0.00000E+00  0.00000E+00
      654.0000  0.00000E+00  0.13430E+01  0.00000E+00  0.18637E+04  0.00000E+00  0.00000E+00  0.00000E+00  0.10455E-17  0.31900E+02  0.60810E-20  0.15442E-18  0.00000E+00     661  0.00000E+00  0.00000E+00  0.00000E+00
      664.0000  0.00000E+00  0.13325E+01  0.00000E+00  0.18771E+04  0.00000E+00  0.00000E+00  0.00000E+00  0.15236E-17  0.31900E+02  0.88834E-20  0.22982E-18  0.00000E+00     671  0.00000E+00  0.00000E+00  0.00000E+00
      674.0000  0.00000E+00  0.13223E+01  0.00000E+00  0.18904E+04  0.00000E+00  0.00000E+00  0.00000E+00  0.22044E-17  0.31900E+02  0.12884E-19  0.33949E-18  0.00000E+00     681  0.00000E+00  0.00000E+00  0.00000E+00
      684.0000  0.00000E+00  0.13123E+01  0.00000E+00  0.19036E+04  0.00000E+00  0.00000E+00  0.00000E+00  0.31672E-17  0.31900E+02  0.18557E-19  0.49792E-18  0.00000E+00     691  0.00000E+00  0.00000E+00  0.00000E+00
      694.0000  0.00000E+00  0.13026E+01  0.00000E+00  0.19166E+04  0.00000E+00  0.00000E+00  0.00000E+00  0.45200E-17  0.31900E+02  0.26548E-19  0.72521E-18  0.00000E+00     701  0.00000E+00  0.00000E+00  0.00000E+00
      704.0000  0.00000E+00  0.12930E+01  0.00000E+00  0.19296E+04  0.00000E+00  0.00000E+00  0.00000E+00  0.64083E-17  0.31900E+02  0.37732E-19  0.10491E-17  0.00000E+00     711  0.00000E+00  0.00000E+00  0.00000E+00
      714.0000  0.00000E+00  0.12836E+01  0.00000E+00  0.19425E+04  0.00000E+00  0.00000E+00  0.00000E+00  0.90279E-17  0.31900E+02  0.53286E-19  0.15078E-17  0.00000E+00     721  0.00000E+00  0.00000E+00  0.00000E+00
      724.0000  0.00000E+00  0.12744E+01  0.00000E+00  0.19553E+04  0.00000E+00  0.00000E+00  0.00000E+00  0.12640E-16  0.31900E+02  0.74788E-19  0.21532E-17  0.00000E+00     731  0.00000E+00  0.00000E+00  0.00000E+00
      730.0000  0.00000E+00  0.12690E+01  0.00000E+00  0.19629E+04  0.00000E+00  0.00000E+00  0.00000E+00  0.15424E-16  0.31900E+02  0.91391E-19  0.26586E-17  0.00000E+00     737  0.00000E+00  0.00000E+00  0.00000E+00
      734.0000  0.00000E+00  0.12654E+01  0.00000E+00  0.19680E+04  0.00000E+00  0.00000E+00  0.00000E+00  0.17591E-16  0.31900E+02  0.10434E-18  0.30560E-17  0.00000E+00     741  0.00000E+00  0.00000E+00  0.00000E+00
      744.0000  0.00000E+00  0.12565E+01  0.00000E+00  0.19806E+04  0.00000E+00  0.00000E+00  0.00000E+00  0.24339E-16  0.31900E+02  0.14472E-18  0.43111E-17  0.00000E+00     751  0.00000E+00  0.00000E+00  0.00000E+00
      754.0000  0.00000E+00  0.12479E+01  0.00000E+00  0.19931E+04  0.00000E+00  0.00000E+00  0.00000E+00  0.33486E-16  0.31900E+02  0.19959E-18  0.60464E-17  0.00000E+00     761  0.00000E+00  0.00000E+00  0.00000E+00
      764.0000  0.00000E+00  0.12394E+01  0.00000E+00  0.20055E+04  0.00000E+00  0.00000E+00  0.00000E+00  0.45816E-16  0.31900E+02  0.27375E-18  0.84318E-17  0.00000E+00     771  0.00000E+00  0.00000E+00  0.00000E+00
      774.0000  0.00000E+00  0.12310E+01  0.00000E+00  0.20179E+04  0.00000E+00  0.00000E+00  0.00000E+00  0.62350E-16  0.31900E+02  0.37345E-18  0.11694E-16  0.00000E+00     781  0.00000E+00  0.00000E+00  0.00000E+00
      784.0000  0.00000E+00  0.12229E+01  0.00000E+00  0.20301E+04  0.00000E+00  0.00000E+00  0.00000E+00  0.84410E-16  0.31900E+02  0.50682E-18  0.16130E-16  0.00000E+00     791  0.00000E+00  0.00000E+00  0.00000E+00
      794.0000  0.00000E+00  0.12149E+01  0.00000E+00  0.20423E+04  0.00000E+00  0.00000E+00  0.00000E+00  0.11370E-15  0.31900E+02  0.68433E-18  0.22133E-16  0.00000E+00     801  0.00000E+00  0.00000E+00  0.00000E+00
      804.0000  0.00000E+00  0.12070E+01  0.00000E+00  0.20544E+04  0.00000E+00  0.00000E+00  0.00000E+00  0.15239E-15  0.31900E+02  0.91945E-18  0.30215E-16  0.00000E+00     811  0.00000E+00  0.00000E+00  0.00000E+00
      814.0000  0.00000E+00  0.11992E+01  0.00000E+00  0.20664E+04  0.00000E+00  0.00000E+00  0.00000E+00  0.20326E-15  0.31900E+02  0.12294E-17  0.41045E-16  0.00000E+00     821  0.00000E+00  0.00000E+00  0.00000E+00
      824.0000  0.00000E+00  0.11916E+01  0.00000E+00  0.20784E+04  0.00000E+00  0.00000E+00  0.00000E+00  0.26985E-15  0.31900E+02  0.16362E-17  0.55486E-16  0.00000E+00     831  0.00000E+00  0.00000E+00  0.00000E+00
      834.0000  0.00000E+00  0.11841E+01  0.00000E+00  0.20903E+04  0.00000E+00  0.00000E+00  0.00000E+00  0.35661E-15  0.31900E+02  0.21676E-17  0.74654E-16  0.00000E+00     841  0.00000E+00  0.00000E+00  0.00000E+00
      844.0000  0.00000E+00  0.11768E+01  0.00000E+00  0.21021E+04  0.00000E+00  0.00000E+00  0.00000E+00  0.46918E-15  0.31900E+02  0.28588E-17  0.99983E-16  0.00000E+00     851  0.00000E+00  0.00000E+00  0.00000E+00
      854.0000  0.00000E+00  0.11696E+01  0.00000E+00  0.21138E+04  0.00000E+00  0.00000E+00  0.00000E+00  0.61460E-15  0.31900E+02  0.37540E-17  0.13331E-15  0.00000E+00     861  0.00000E+00  0.00000E+00  0.00000E+00
      864.0000  0.00000E+00  0.11625E+01  0.00000E+00  0.21255E+04  0.00000E+00  0.00000E+00  0.00000E+00  0.80169E-15  0.31900E+02  0.49088E-17  0.17696E-15  0.00000E+00     871  0.00000E+00  0.00000E+00  0.00000E+00
      874.0000  0.00000E+00  0.11555E+01  0.00000E+00  0.21370E+04  0.00000E+00  0.00000E+00  0.00000E+00  0.10414E-14  0.31900E+02  0.63923E-17  0.23390E-15  0.00000E+00     881  0.00000E+00  0.00000E+00  0.00000E+00
      884.0000  0.00000E+00  0.11487E+01  0.00000E+00  0.21486E+04  0.00000E+00  0.00000E+00  0.00000E+00  0.13474E-14  0.31900E+02  0.82905E-17  0.30788E-15  0.00000E+00     891  0.00000E+00  0.00000E+00  0.00000E+00
      894.0000  0.00000E+00  0.11419E+01  0.00000E+00  0.21600E+04  0.00000E+00  0.00000E+00  0.00000E+00  0.17363E-14  0.31900E+02  0.10710E-16  0.40361E-15  0.00000E+00     901  0.00000E+00  0.00000E+00  0.00000E+00
      904.0000  0.00000E+00  0.11353E+01  0.00000E+00  0.21714E+04  0.00000E+00  0.00000E+00  0.00000E+00  0.22290E-14  0.31900E+02  0.13783E-16  0.52702E-15  0.00000E+00     911  0.00000E+00  0.00000E+00  0.00000E+00
      914.0000  0.00000E+00  0.11288E+01  0.00000E+00  0.21827E+04  0.00000E+00  0.00000E+00  0.00000E+00  0.28508E-14  0.31900E+02  0.17671E-16  0.68548E-15  0.00000E+00     921  0.00000E+00  0.00000E+00  0.00000E+00
      924.0000  0.00000E+00  0.11224E+01  0.00000E+00  0.21940E+04  0.00000E+00  0.00000E+00  0.00000E+00  0.36327E-14  0.31900E+02  0.22572E-16  0.88822E-15  0.00000E+00     931  0.00000E+00  0.00000E+00  0.00000E+00
      934.0000  0.00000E+00  0.11160E+01  0.00000E+00  0.22051E+04  0.00000E+00  0.00000E+00  0.00000E+00  0.46124E-14  0.31900E+02  0.28730E-16  0.11467E-14  0.00000E+00     941  0.00000E+00  0.00000E+00  0.00000E+00
      944.0000  0.00000E+00  0.11098E+01  0.00000E+00  0.22163E+04  0.00000E+00  0.00000E+00  0.00000E+00  0.58359E-14  0.31900E+02  0.36440E-16  0.14750E-14  0.00000E+00     951  0.00000E+00  0.00000E+00  0.00000E+00
      954.0000  0.00000E+00  0.11037E+01  0.00000E+00  0.22273E+04  0.00000E+00  0.00000E+00  0.00000E+00  0.73586E-14  0.31900E+02  0.46062E-16  0.18905E-14  0.00000E+00     961  0.00000E+00  0.00000E+00  0.00000E+00
      964.0000  0.00000E+00  0.10976E+01  0.00000E+00  0.22383E+04  0.00000E+00  0.00000E+00  0.00000E+00  0.92478E-14  0.31900E+02  0.58029E-16  0.24148E-14  0.00000E+00     971  0.00000E+00  0.00000E+00  0.00000E+00
      974.0000  0.00000E+00  0.10917E+01  0.00000E+00  0.22493E+04  0.00000E+00  0.00000E+00  0.00000E+00  0.11584E-13  0.31900E+02  0.72866E-16  0.30741E-14  0.00000E+00     981  0.00000E+00  0.00000E+00  0.00000E+00
      984.0000  0.00000E+00  0.10858E+01  0.00000E+00  0.22602E+04  0.00000E+00  0.00000E+00  0.00000E+00  0.14464E-13  0.31900E+02  0.91205E-16  0.39005E-14  0.00000E+00     991  0.00000E+00  0.00000E+00  0.00000E+00
      994.0000  0.00000E+00  0.10801E+01  0.00000E+00  0.22710E+04  0.00000E+00  0.00000E+00  0.00000E+00  0.18004E-13  0.31900E+02  0.11380E-15  0.49329E-14  0.00000E+00    1001  0.00000E+00  0.00000E+00  0.00000E+00
     1004.0000  0.00000E+00  0.10744E+01  0.00000E+00  0.22818E+04  0.00000E+00  0.00000E+00  0.00000E+00  0.22341E-13  0.31900E+02  0.14157E-15  0.62190E-14  0.00000E+00    1011  0.00000E+00  0.00000E+00  0.00000E+00
     1014.0000  0.00000E+00  0.10688E+01  0.00000E+00  0.22925E+04  0.00000E+00  0.00000E+00  0.00000E+00  0.27640E-13  0.31900E+02  0.17557E-15  0.78160E-14  0.00000E+00    1021  0.00000E+00  0.00000E+00  0.00000E+00
     1024.0000  0.00000E+00  0.10633E+01  0.00000E+00  0.23031E+04  0.00000E+00  0.00000E+00  0.00000E+00  0.34097E-13  0.31900E+02  0.21711E-15  0.97934E-14  0.00000E+00    1031  0.00000E+00  0.00000E+00  0.00000E+00
     1034.0000  0.00000E+00  0.10578E+01  0.00000E+00  0.23137E+04  0.00000E+00  0.00000E+00  0.00000E+00  0.41941E-13  0.31900E+02  0.26771E-15  0.12235E-13  0.00000E+00    1041  0.00000E+00  0.00000E+00  0.00000E+00
     1044.0000  0.00000E+00  0.10525E+01  0.00000E+00  0.23243E+04  0.00000E+00  0.00000E+00  0.00000E+00  0.51444E-13  0.31900E+02  0.32918E-15  0.15240E-13  0.00000E+00    1051  0.00000E+00  0.00000E+00  0.00000E+00
     1054.0000  0.00000E+00  0.10472E+01  0.00000E+00  0.23348E+04  0.00000E+00  0.00000E+00  0.00000E+00  0.62928E-13  0.31900E+02  0.40364E-15  0.18930E-13  0.00000E+00    1061  0.00000E+00  0.00000E+00  0.00000E+00
     1064.0000  0.00000E+00  0.10420E+01  0.00000E+00  0.23452E+04  0.00000E+00  0.00000E+00  0.00000E+00  0.76768E-13  0.31900E+02  0.49362E-15  0.23447E-13  0.00000E+00    1071  0.00000E+00  0.00000E+00  0.00000E+00
     1074.0000  0.00000E+00  0.10368E+01  0.00000E+00  0.23556E+04  0.00000E+00  0.00000E+00  0.00000E+00  0.93405E-13  0.31900E+02  0.60207E-15  0.28963E-13  0.00000E+00    1081  0.00000E+00  0.00000E+00  0.00000E+00
     1084.0000  0.00000E+00  0.10317E+01  0.00000E+00  0.23660E+04  0.00000E+00  0.00000E+00  0.00000E+00  0.11335E-12  0.31900E+02  0.73244E-15  0.35681E-13  0.00000E+00    1091  0.00000E+00  0.00000E+00  0.00000E+00
     1094.0000  0.00000E+00  0.10267E+01  0.00000E+00  0.23762E+04  0.00000E+00  0.00000E+00  0.00000E+00  0.13722E-12  0.31900E+02  0.88878E-15  0.43842E-13  0.00000E+00    1101  0.00000E+00  0.00000E+00  0.00000E+00
     1095.0000  0.00000E+00  0.10262E+01  0.00000E+00  0.23773E+04  0.00000E+00  0.00000E+00  0.00000E+00  0.13984E-12  0.31900E+02  0.90602E-15  0.44748E-13  0.00000E+00    1102  0.00000E+00  0.00000E+00  0.00000E+00
     1104.0000  0.00000E+00  0.10218E+01  0.00000E+00  0.23865E+04  0.00000E+00  0.00000E+00  0.00000E+00  0.16569E-12  0.31900E+02  0.10758E-14  0.53731E-13  0.00000E+00    1111  0.00000E+00  0.00000E+00  0.00000E+00
     1114.0000  0.00000E+00  0.10169E+01  0.00000E+00  0.23967E+04  0.00000E+00  0.00000E+00  0.00000E+00  0.19959E-12  0.31900E+02  0.12991E-14  0.65685E-13  0.00000E+00    1121  0.00000E+00  0.00000E+00  0.00000E+00
     1124.0000  0.00000E+00  0.10121E+01  0.00000E+00  0.24068E+04  0.00000E+00  0.00000E+00  0.00000E+00  0.23984E-12  0.31900E+02  0.15649E-14  0.80100E-13  0.00000E+00    1131  0.00000E+00  0.00000E+00  0.00000E+00
     1134.0000  0.00000E+00  0.10074E+01  0.00000E+00  0.24169E+04  0.00000E+00  0.00000E+00  0.00000E+00  0.28755E-12  0.31900E+02  0.18807E-14  0.97441E-13  0.00000E+00    1141  0.00000E+00  0.00000E+00  0.00000E+00
     1144.0000  0.00000E+00  0.10027E+01  0.00000E+00  0.24270E+04  0.00000E+00  0.00000E+00  0.00000E+00  0.34395E-12  0.31900E+02  0.22550E-14  0.11825E-12  0.00000E+00    1151  0.00000E+00  0.00000E+00  0.00000E+00
     1154.0000  0.00000E+00  0.99806E+00  0.00000E+00  0.24370E+04  0.00000E+00  0.00000E+00  0.00000E+00  0.41049E-12  0.31900E+02  0.26978E-14  0.14318E-12  0.00000E+00    1161  0.00000E+00  0.00000E+00  0.00000E+00
     1164.0000  0.00000E+00  0.99349E+00  0.00000E+00  0.24469E+04  0.00000E+00  0.00000E+00  0.00000E+00  0.48882E-12  0.31900E+02  0.32205E-14  0.17296E-12  0.00000E+00    1171  0.00000E+00  0.00000E+00  0.00000E+00
     1174.0000  0.00000E+00  0.98897E+00  0.00000E+00  0.24568E+04  0.00000E+00  0.00000E+00  0.00000E+00  0.58084E-12  0.31900E+02  0.38360E-14  0.20847E-12  0.00000E+00    1181  0.00000E+00  0.00000E+00  0.00000E+00
     1184.0000  0.00000E+00  0.98452E+00  0.00000E+00  0.24667E+04  0.00000E+00  0.00000E+00  0.00000E+00  0.68872E-12  0.31900E+02  0.45595E-14  0.25071E-12  0.00000E+00    1191  0.00000E+00  0.00000E+00  0.00000E+00
     1194.0000  0.00000E+00  0.98013E+00  0.00000E+00  0.24765E+04  0.00000E+00  0.00000E+00  0.00000E+00  0.81493E-12  0.31900E+02  0.54082E-14  0.30086E-12  0.00000E+00    1201  0.00000E+00  0.00000E+00  0.00000E+00
     1204.0000  0.00000E+00  0.97579E+00  0.00000E+00  0.24863E+04  0.00000E+00  0.00000E+00  0.00000E+00  0.96231E-12  0.31900E+02  0.64016E-14  0.36028E-12  0.00000E+00    1211  0.00000E+00  0.00000E+00  0.00000E+00
     1214.0000  0.00000E+00  0.97148E+00  0.00000E+00  0.24960E+04  0.00000E+00  0.00000E+00  0.00000E+00  0.11341E-11  0.31900E+02  0.75624E-14  0.43053E-12  0.00000E+00    1221  0.00000E+00  0.00000E+00  0.00000E+00
     1224.0000  0.00000E+00  0.96725E+00  0.00000E+00  0.25057E+04  0.00000E+00  0.00000E+00  0.00000E+00  0.13338E-11  0.31900E+02  0.89161E-14  0.51343E-12  0.00000E+00    1231  0.00000E+00  0.00000E+00  0.00000E+00
     1234.0000  0.00000E+00  0.96305E+00  0.00000E+00  0.25154E+04  0.00000E+00  0.00000E+00  0.00000E+00  0.15658E-11  0.31900E+02  0.10492E-13  0.61106E-12  0.00000E+00    1241  0.00000E+00  0.00000E+00  0.00000E+00
     1244.0000  0.00000E+00  0.95891E+00  0.00000E+00  0.25250E+04  0.00000E+00  0.00000E+00  0.00000E+00  0.18345E-11  0.31900E+02  0.12322E-13  0.72582E-12  0.00000E+00    1251  0.00000E+00  0.00000E+00  0.00000E+00
     1254.0000  0.00000E+00  0.95482E+00  0.00000E+00  0.25345E+04  0.00000E+00  0.00000E+00  0.00000E+00  0.21454E-11  0.31900E+02  0.14445E-13  0.86046E-12  0.00000E+00    1261  0.00000E+00  0.00000E+00  0.00000E+00
     1264.0000  0.00000E+00  0.95079E+00  0.00000E+00  0.25441E+04  0.00000E+00  0.00000E+00  0.00000E+00  0.25044E-11  0.31900E+02  0.16903E-13  0.10181E-11  0.00000E+00    1271  0.00000E+00  0.00000E+00  0.00000E+00
     1274.0000  0.00000E+00  0.94678E+00  0.00000E+00  0.25536E+04  0.00000E+00  0.00000E+00  0.00000E+00  0.29182E-11  0.31900E+02  0.19743E-13  0.12025E-11  0.00000E+00    1281  0.00000E+00  0.00000E+00  0.00000E+00
     1284.0000  0.00000E+00  0.94285E+00  0.00000E+00  0.25630E+04  0.00000E+00  0.00000E+00  0.00000E+00  0.33943E-11  0.31900E+02  0.23020E-13  0.14175E-11  0.00000E+00    1291  0.00000E+00  0.00000E+00  0.00000E+00
     1294.0000  0.00000E+00  0.93895E+00  0.00000E+00  0.25724E+04  0.00000E+00  0.00000E+00  0.00000E+00  0.39413E-11  0.31900E+02  0.26793E-13  0.16680E-11  0.00000E+00    1301  0.00000E+00  0.00000E+00  0.00000E+00
     1304.0000  0.00000E+00  0.93506E+00  0.00000E+00  0.25818E+04  0.00000E+00  0.00000E+00  0.00000E+00  0.45686E-11  0.31900E+02  0.31132E-13  0.19593E-11  0.00000E+00    1311  0.00000E+00  0.00000E+00  0.00000E+00
     1314.0000  0.00000E+00  0.93126E+00  0.00000E+00  0.25911E+04  0.00000E+00  0.00000E+00  0.00000E+00  0.52869E-11  0.31900E+02  0.36114E-13  0.22975E-11  0.00000E+00    1321  0.00000E+00  0.00000E+00  0.00000E+00
     1324.0000  0.00000E+00  0.92749E+00  0.00000E+00  0.26004E+04  0.00000E+00  0.00000E+00  0.00000E+00  0.61080E-11  0.31900E+02  0.41822E-13  0.26894E-11  0.00000E+00    1331  0.00000E+00  0.00000E+00  0.00000E+00
     1334.0000  0.00000E+00  0.92376E+00  0.00000E+00  0.26096E+04  0.00000E+00  0.00000E+00  0.00000E+00  0.70452E-11  0.31900E+02  0.48355E-13  0.31428E-11  0.00000E+00    1341  0.00000E+00  0.00000E+00  0.00000E+00
     1344.0000  0.00000E+00  0.92005E+00  0.00000E+00  0.26189E+04  0.00000E+00  0.00000E+00  0.00000E+00  0.81133E-11  0.31900E+02  0.55819E-13  0.36666E-11  0.00000E+00    1351  0.00000E+00  0.00000E+00  0.00000E+00
     1354.0000  0.00000E+00  0.91640E+00  0.00000E+00  0.26280E+04  0.00000E+00  0.00000E+00  0.00000E+00  0.93286E-11  0.31900E+02  0.64334E-13  0.42707E-11  0.00000E+00    1361  0.00000E+00  0.00000E+00  0.00000E+00
     1364.0000  0.00000E+00  0.91279E+00  0.00000E+00  0.26372E+04  0.00000E+00  0.00000E+00  0.00000E+00  0.10710E-10  0.31900E+02  0.74034E-13  0.49664E-11  0.00000E+00    1371  0.00000E+00  0.00000E+00  0.00000E+00
     1374.0000  0.00000E+00  0.90924E+00  0.00000E+00  0.26463E+04  0.00000E+00  0.00000E+00  0.00000E+00  0.12276E-10  0.31900E+02  0.85067E-13  0.57662E-11  0.00000E+00    1381  0.00000E+00  0.00000E+00  0.00000E+00
     1384.0000  0.00000E+00  0.90570E+00  0.00000E+00  0.26554E+04  0.00000E+00  0.00000E+00  0.00000E+00  0.14051E-10  0.31900E+02  0.97598E-13  0.66845E-11  0.00000E+00    1391  0.00000E+00  0.00000E+00  0.00000E+00
     1394.0000  0.00000E+00  0.90218E+00  0.00000E+00  0.26644E+04  0.00000E+00  0.00000E+00  0.00000E+00  0.16059E-10  0.31900E+02  0.11181E-12  0.77372E-11  0.00000E+00    1401  0.00000E+00  0.00000E+00  0.00000E+00
     1404.0000  0.00000E+00  0.89874E+00  0.00000E+00  0.26734E+04  0.00000E+00  0.00000E+00  0.00000E+00  0.18328E-10  0.31900E+02  0.12791E-12  0.89422E-11  0.00000E+00    1411  0.00000E+00  0.00000E+00  0.00000E+00
     1414.0000  0.00000E+00  0.89532E+00  0.00000E+00  0.26824E+04  0.00000E+00  0.00000E+00  0.00000E+00  0.20887E-10  0.31900E+02  0.14612E-12  0.10320E-10  0.00000E+00    1421  0.00000E+00  0.00000E+00  0.00000E+00
     1424.0000  0.00000E+00  0.89192E+00  0.00000E+00  0.26913E+04  0.00000E+00  0.00000E+00  0.00000E+00  0.23771E-10  0.31900E+02  0.16668E-12  0.11892E-10  0.00000E+00    1431  0.00000E+00  0.00000E+00  0.00000E+00
     1434.0000  0.00000E+00  0.88857E+00  0.00000E+00  0.27002E+04  0.00000E+00  0.00000E+00  0.00000E+00  0.27015E-10  0.31900E+02  0.18988E-12  0.13684E-10  0.00000E+00    1441  0.00000E+00  0.00000E+00  0.00000E+00
     1444.0000  0.00000E+00  0.88526E+00  0.00000E+00  0.27091E+04  0.00000E+00  0.00000E+00  0.00000E+00  0.30661E-10  0.31900E+02  0.21602E-12  0.15724E-10  0.00000E+00    1451  0.00000E+00  0.00000E+00  0.00000E+00
     1454.0000  0.00000E+00  0.88197E+00  0.00000E+00  0.27179E+04  0.00000E+00  0.00000E+00  0.00000E+00  0.34753E-10  0.31900E+02  0.24543E-12  0.18043E-10  0.00000E+00    1461  0.00000E+00  0.00000E+00  0.00000E+00
     1460.0000  0.00000E+00  0.88002E+00  0.00000E+00  0.27232E+04  0.00000E+00  0.00000E+00  0.00000E+00  0.37442E-10  0.31900E+02  0.26479E-12  0.19583E-10  0.00000E+00    1467  0.00000E+00  0.00000E+00  0.00000E+00
     1464.0000  0.00000E+00  0.87870E+00  0.00000E+00  0.27267E+04  0.00000E+00  0.00000E+00  0.00000E+00  0.39339E-10  0.31900E+02  0.27847E-12  0.20676E-10  0.00000E+00    1471  0.00000E+00  0.00000E+00  0.00000E+00
     1474.0000  0.00000E+00  0.87550E+00  0.00000E+00  0.27355E+04  0.00000E+00  0.00000E+00  0.00000E+00  0.44473E-10  0.31900E+02  0.31555E-12  0.23661E-10  0.00000E+00    1481  0.00000E+00  0.00000E+00  0.00000E+00
     1484.0000  0.00000E+00  0.87232E+00  0.00000E+00  0.27442E+04  0.00000E+00  0.00000E+00  0.00000E+00  0.50213E-10  0.31900E+02  0.35712E-12  0.27041E-10  0.00000E+00    1491  0.00000E+00  0.00000E+00  0.00000E+00
     1494.0000  0.00000E+00  0.86916E+00  0.00000E+00  0.27529E+04  0.00000E+00  0.00000E+00  0.00000E+00  0.56624E-10  0.31900E+02  0.40367E-12  0.30864E-10  0.00000E+00    1501  0.00000E+00  0.00000E+00  0.00000E+00
     1504.0000  0.00000E+00  0.86604E+00  0.00000E+00  0.27616E+04  0.00000E+00  0.00000E+00  0.00000E+00  0.63774E-10  0.31900E+02  0.45571E-12  0.35182E-10  0.00000E+00    1511  0.00000E+00  0.00000E+00  0.00000E+00
     1514.0000  0.00000E+00  0.86294E+00  0.00000E+00  0.27703E+04  0.00000E+00  0.00000E+00  0.00000E+00  0.71741E-10  0.31900E+02  0.51384E-12  0.40054E-10  0.00000E+00    1521  0.00000E+00  0.00000E+00  0.00000E+00
     1524.0000  0.00000E+00  0.85988E+00  0.00000E+00  0.27789E+04  0.00000E+00  0.00000E+00  0.00000E+00  0.80607E-10  0.31900E+02  0.57870E-12  0.45543E-10  0.00000E+00    1531  0.00000E+00  0.00000E+00  0.00000E+00
     1534.0000  0.00000E+00  0.85684E+00  0.00000E+00  0.27874E+04  0.00000E+00  0.00000E+00  0.00000E+00  0.90462E-10  0.31900E+02  0.65097E-12  0.51721E-10  0.00000E+00    1541  0.00000E+00  0.00000E+00  0.00000E+00
     1544.0000  0.00000E+00  0.85385E+00  0.00000E+00  0.27960E+04  0.00000E+00  0.00000E+00  0.00000E+00  0.10140E-09  0.31900E+02  0.73142E-12  0.58666E-10  0.00000E+00    1551  0.00000E+00  0.00000E+00  0.00000E+00
     1554.0000  0.00000E+00  0.85086E+00  0.00000E+00  0.28045E+04  0.00000E+00  0.00000E+00  0.00000E+00  0.11354E-09  0.31900E+02  0.82088E-12  0.66465E-10  0.00000E+00    1561  0.00000E+00  0.00000E+00  0.00000E+00
     1564.0000  0.00000E+00  0.84792E+00  0.00000E+00  0.28130E+04  0.00000E+00  0.00000E+00  0.00000E+00  0.12699E-09  0.31900E+02  0.92024E-12  0.75211E-10  0.00000E+00    1571  0.00000E+00  0.00000E+00  0.00000E+00
     1574.0000  0.00000E+00  0.84500E+00  0.00000E+00  0.28215E+04  0.00000E+00  0.00000E+00  0.00000E+00  0.14187E-09  0.31900E+02  0.10305E-11  0.85011E-10  0.00000E+00    1581  0.00000E+00  0.00000E+00  0.00000E+00
     1584.0000  0.00000E+00  0.84209E+00  0.00000E+00  0.28299E+04  0.00000E+00  0.00000E+00  0.00000E+00  0.15833E-09  0.31900E+02  0.11527E-11  0.95977E-10  0.00000E+00    1591  0.00000E+00  0.00000E+00  0.00000E+00
     1594.0000  0.00000E+00  0.83922E+00  0.00000E+00  0.28383E+04  0.00000E+00  0.00000E+00  0.00000E+00  0.17650E-09  0.31900E+02  0.12880E-11  0.10824E-09  0.00000E+00    1601  0.00000E+00  0.00000E+00  0.00000E+00
     1604.0000  0.00000E+00  0.83640E+00  0.00000E+00  0.28467E+04  0.00000E+00  0.00000E+00  0.00000E+00  0.19655E-09  0.31900E+02  0.14376E-11  0.12193E-09  0.00000E+00    1611  0.00000E+00  0.00000E+00  0.00000E+00
     1614.0000  0.00000E+00  0.83359E+00  0.00000E+00  0.28550E+04  0.00000E+00  0.00000E+00  0.00000E+00  0.21865E-09  0.31900E+02  0.16030E-11  0.13720E-09  0.00000E+00    1621  0.00000E+00  0.00000E+00  0.00000E+00
     1624.0000  0.00000E+00  0.83079E+00  0.00000E+00  0.28634E+04  0.00000E+00  0.00000E+00  0.00000E+00  0.24299E-09  0.31900E+02  0.17856E-11  0.15422E-09  0.00000E+00    1631  0.00000E+00  0.00000E+00  0.00000E+00
     1634.0000  0.00000E+00  0.82804E+00  0.00000E+00  0.28717E+04  0.00000E+00  0.00000E+00  0.00000E+00  0.26976E-09  0.31900E+02  0.19869E-11  0.17317E-09  0.00000E+00    1641  0.00000E+00  0.00000E+00  0.00000E+00
     1644.0000  0.00000E+00  0.82530E+00  0.00000E+00  0.28799E+04  0.00000E+00  0.00000E+00  0.00000E+00  0.29919E-09  0.31900E+02  0.22087E-11  0.19424E-09  0.00000E+00    1651  0.00000E+00  0.00000E+00  0.00000E+00
     1654.0000  0.00000E+00  0.82257E+00  0.00000E+00  0.28882E+04  0.00000E+00  0.00000E+00  0.00000E+00  0.33150E-09  0.31900E+02  0.24529E-11  0.21765E-09  0.00000E+00    1661  0.00000E+00  0.00000E+00  0.00000E+00
     1664.0000  0.00000E+00  0.81988E+00  0.00000E+00  0.28964E+04  0.00000E+00  0.00000E+00  0.00000E+00  0.36694E-09  0.31900E+02  0.27214E-11  0.24363E-09  0.00000E+00    1671  0.00000E+00  0.00000E+00  0.00000E+00
     1674.0000  0.00000E+00  0.81724E+00  0.00000E+00  0.29045E+04  0.00000E+00  0.00000E+00  0.00000E+00  0.40578E-09  0.31900E+02  0.30164E-11  0.27245E-09  0.00000E+00    1681  0.00000E+00  0.00000E+00  0.00000E+00
     1684.0000  0.00000E+00  0.81458E+00  0.00000E+00  0.29127E+04  0.00000E+00  0.00000E+00  0.00000E+00  0.44832E-09  0.31900E+02  0.33402E-11  0.30437E-09  0.00000E+00    1691  0.00000E+00  0.00000E+00  0.00000E+00
     1694.0000  0.00000E+00  0.81195E+00  0.00000E+00  0.29208E+04  0.00000E+00  0.00000E+00  0.00000E+00  0.49485E-09  0.31900E+02  0.36953E-11  0.33969E-09  0.00000E+00    1701  0.00000E+00  0.00000E+00  0.00000E+00
     1704.0000  0.00000E+00  0.80938E+00  0.00000E+00  0.29289E+04  0.00000E+00  0.00000E+00  0.00000E+00  0.54571E-09  0.31900E+02  0.40845E-11  0.37876E-09  0.00000E+00    1711  0.00000E+00  0.00000E+00  0.00000E+00
     1714.0000  0.00000E+00  0.80681E+00  0.00000E+00  0.29370E+04  0.00000E+00  0.00000E+00  0.00000E+00  0.60126E-09  0.31900E+02  0.45105E-11  0.42191E-09  0.00000E+00    1721  0.00000E+00  0.00000E+00  0.00000E+00
     1724.0000  0.00000E+00  0.80425E+00  0.00000E+00  0.29451E+04  0.00000E+00  0.00000E+00  0.00000E+00  0.66187E-09  0.31900E+02  0.49765E-11  0.46955E-09  0.00000E+00    1731  0.00000E+00  0.00000E+00  0.00000E+00
     1734.0000  0.00000E+00  0.80171E+00  0.00000E+00  0.29531E+04  0.00000E+00  0.00000E+00  0.00000E+00  0.72795E-09  0.31900E+02  0.54859E-11  0.52208E-09  0.00000E+00    1741  0.00000E+00  0.00000E+00  0.00000E+00
     1744.0000  0.00000E+00  0.79920E+00  0.00000E+00  0.29611E+04  0.00000E+00  0.00000E+00  0.00000E+00  0.79993E-09  0.31900E+02  0.60421E-11  0.57996E-09  0.00000E+00    1751  0.00000E+00  0.00000E+00  0.00000E+00
     1754.0000  0.00000E+00  0.79674E+00  0.00000E+00  0.29691E+04  0.00000E+00  0.00000E+00  0.00000E+00  0.87828E-09  0.31900E+02  0.66490E-11  0.64367E-09  0.00000E+00    1761  0.00000E+00  0.00000E+00  0.00000E+00
     1764.0000  0.00000E+00  0.79426E+00  0.00000E+00  0.29770E+04  0.00000E+00  0.00000E+00  0.00000E+00  0.96350E-09  0.31900E+02  0.73107E-11  0.71375E-09  0.00000E+00    1771  0.00000E+00  0.00000E+00  0.00000E+00
     1774.0000  0.00000E+00  0.79181E+00  0.00000E+00  0.29850E+04  0.00000E+00  0.00000E+00  0.00000E+00  0.10561E-08  0.31900E+02  0.80315E-11  0.79077E-09  0.00000E+00    1781  0.00000E+00  0.00000E+00  0.00000E+00
     1784.0000  0.00000E+00  0.78938E+00  0.00000E+00  0.29929E+04  0.00000E+00  0.00000E+00  0.00000E+00  0.11567E-08  0.31900E+02  0.88161E-11  0.87535E-09  0.00000E+00    1791  0.00000E+00  0.00000E+00  0.00000E+00
     1794.0000  0.00000E+00  0.78699E+00  0.00000E+00  0.30008E+04  0.00000E+00  0.00000E+00  0.00000E+00  0.12658E-08  0.31900E+02  0.96696E-11  0.96815E-09  0.00000E+00    1801  0.00000E+00  0.00000E+00  0.00000E+00
     1804.0000  0.00000E+00  0.78461E+00  0.00000E+00  0.30086E+04  0.00000E+00  0.00000E+00  0.00000E+00  0.13840E-08  0.31900E+02  0.10597E-10  0.10699E-08  0.00000E+00    1811  0.00000E+00  0.00000E+00  0.00000E+00
     1814.0000  0.00000E+00  0.78223E+00  0.00000E+00  0.30164E+04  0.00000E+00  0.00000E+00  0.00000E+00  0.15122E-08  0.31900E+02  0.11604E-10  0.11813E-08  0.00000E+00    1821  0.00000E+00  0.00000E+00  0.00000E+00
     1824.0000  0.00000E+00  0.77990E+00  0.00000E+00  0.30243E+04  0.00000E+00  0.00000E+00  0.00000E+00  0.16509E-08  0.31900E+02  0.12698E-10  0.13033E-08  0.00000E+00    1831  0.00000E+00  0.00000E+00  0.00000E+00
     1825.0000  0.00000E+00  0.77966E+00  0.00000E+00  0.30250E+04  0.00000E+00  0.00000E+00  0.00000E+00  0.16654E-08  0.31900E+02  0.12812E-10  0.13161E-08  0.00000E+00    1832  0.00000E+00  0.00000E+00  0.00000E+00
     1834.0000  0.00000E+00  0.77758E+00  0.00000E+00  0.30320E+04  0.00000E+00  0.00000E+00  0.00000E+00  0.18010E-08  0.31900E+02  0.13883E-10  0.14367E-08  0.00000E+00    1841  0.00000E+00  0.00000E+00  0.00000E+00
     1844.0000  0.00000E+00  0.77527E+00  0.00000E+00  0.30398E+04  0.00000E+00  0.00000E+00  0.00000E+00  0.19632E-08  0.31900E+02  0.15168E-10  0.15825E-08  0.00000E+00    1851  0.00000E+00  0.00000E+00  0.00000E+00
     1854.0000  0.00000E+00  0.77296E+00  0.00000E+00  0.30475E+04  0.00000E+00  0.00000E+00  0.00000E+00  0.21385E-08  0.31900E+02  0.16559E-10  0.17418E-08  0.00000E+00    1861  0.00000E+00  0.00000E+00  0.00000E+00
     1864.0000  0.00000E+00  0.77070E+00  0.00000E+00  0.30553E+04  0.00000E+00  0.00000E+00  0.00000E+00  0.23277E-08  0.31900E+02  0.18064E-10  0.19155E-08  0.00000E+00    1871  0.00000E+00  0.00000E+00  0.00000E+00
     1874.0000  0.00000E+00  0.76844E+00  0.00000E+00  0.30630E+04  0.00000E+00  0.00000E+00  0.00000E+00  0.25317E-08  0.31900E+02  0.19691E-10  0.21050E-08  0.00000E+00    1881  0.00000E+00  0.00000E+00  0.00000E+00
     1884.0000  0.00000E+00  0.76620E+00  0.00000E+00  0.30706E+04  0.00000E+00  0.00000E+00  0.00000E+00  0.27517E-08  0.31900E+02  0.21450E-10  0.23115E-08  0.00000E+00    1891  0.00000E+00  0.00000E+00  0.00000E+00
     1894.0000  0.00000E+00  0.76399E+00  0.00000E+00  0.30783E+04  0.00000E+00  0.00000E+00  0.00000E+00  0.29887E-08  0.31900E+02  0.23349E-10  0.25363E-08  0.00000E+00    1901  0.00000E+00  0.00000E+00  0.00000E+00
     1904.0000  0.00000E+00  0.76179E+00  0.00000E+00  0.30859E+04  0.00000E+00  0.00000E+00  0.00000E+00  0.32438E-08  0.31900E+02  0.25398E-10  0.27809E-08  0.00000E+00    1911  0.00000E+00  0.00000E+00  0.00000E+00
     1914.0000  0.00000E+00  0.75960E+00  0.00000E+00  0.30935E+04  0.00000E+00  0.00000E+00  0.00000E+00  0.35182E-08  0.31900E+02  0.27608E-10  0.30469E-08  0.00000E+00    1921  0.00000E+00  0.00000E+00  0.00000E+00
     1924.0000  0.00000E+00  0.75745E+00  0.00000E+00  0.31011E+04  0.00000E+00  0.00000E+00  0.00000E+00  0.38133E-08  0.31900E+02  0.29990E-10  0.33360E-08  0.00000E+00    1931  0.00000E+00  0.00000E+00  0.00000E+00
     1934.0000  0.00000E+00  0.75528E+00  0.00000E+00  0.31087E+04  0.00000E+00  0.00000E+00  0.00000E+00  0.41303E-08  0.31900E+02  0.32555E-10  0.36498E-08  0.00000E+00    1941  0.00000E+00  0.00000E+00  0.00000E+00
     1944.0000  0.00000E+00  0.75314E+00  0.00000E+00  0.31162E+04  0.00000E+00  0.00000E+00  0.00000E+00  0.44707E-08  0.31900E+02  0.35316E-10  0.39904E-08  0.00000E+00    1951  0.00000E+00  0.00000E+00  0.00000E+00
     1954.0000  0.00000E+00  0.75105E+00  0.00000E+00  0.31237E+04  0.00000E+00  0.00000E+00  0.00000E+00  0.48359E-08  0.31900E+02  0.38286E-10  0.43597E-08  0.00000E+00    1961  0.00000E+00  0.00000E+00  0.00000E+00
     1964.0000  0.00000E+00  0.74893E+00  0.00000E+00  0.31312E+04  0.00000E+00  0.00000E+00  0.00000E+00  0.52276E-08  0.31900E+02  0.41478E-10  0.47599E-08  0.00000E+00    1971  0.00000E+00  0.00000E+00  0.00000E+00
     1974.0000  0.00000E+00  0.74685E+00  0.00000E+00  0.31387E+04  0.00000E+00  0.00000E+00  0.00000E+00  0.56474E-08  0.31900E+02  0.44907E-10  0.51934E-08  0.00000E+00    1981  0.00000E+00  0.00000E+00  0.00000E+00
     1984.0000  0.00000E+00  0.74478E+00  0.00000E+00  0.31462E+04  0.00000E+00  0.00000E+00  0.00000E+00  0.60971E-08  0.31900E+02  0.48589E-10  0.56625E-08  0.00000E+00    1991  0.00000E+00  0.00000E+00  0.00000E+00
     1994.0000  0.00000E+00  0.74274E+00  0.00000E+00  0.31536E+04  0.00000E+00  0.00000E+00  0.00000E+00  0.65784E-08  0.31900E+02  0.52540E-10  0.61699E-08  0.00000E+00    2001  0.00000E+00  0.00000E+00  0.00000E+00
     2004.0000  0.00000E+00  0.74068E+00  0.00000E+00  0.31610E+04  0.00000E+00  0.00000E+00  0.00000E+00  0.70934E-08  0.31900E+02  0.56777E-10  0.67183E-08  0.00000E+00    2011  0.00000E+00  0.00000E+00  0.00000E+00
     2014.0000  0.00000E+00  0.73867E+00  0.00000E+00  0.31684E+04  0.00000E+00  0.00000E+00  0.00000E+00  0.76440E-08  0.31900E+02  0.61318E-10  0.73108E-08  0.00000E+00    2021  0.00000E+00  0.00000E+00  0.00000E+00
     2024.0000  0.00000E+00  0.73665E+00  0.00000E+00  0.31758E+04  0.00000E+00  0.00000E+00  0.00000E+00  0.82323E-08  0.31900E+02  0.66182E-10  0.79505E-08  0.00000E+00    2031  0.00000E+00  0.00000E+00  0.00000E+00
     2034.0000  0.00000E+00  0.73465E+00  0.00000E+00  0.31831E+04  0.00000E+00  0.00000E+00  0.00000E+00  0.88607E-08  0.31900E+02  0.71389E-10  0.86407E-08  0.00000E+00    2041  0.00000E+00  0.00000E+00  0.00000E+00
     2044.0000  0.00000E+00  0.73268E+00  0.00000E+00  0.31905E+04  0.00000E+00  0.00000E+00  0.00000E+00  0.95314E-08  0.31900E+02  0.76959E-10  0.93849E-08  0.00000E+00    2051  0.00000E+00  0.00000E+00  0.00000E+00
     2054.0000  0.00000E+00  0.73073E+00  0.00000E+00  0.31978E+04  0.00000E+00  0.00000E+00  0.00000E+00  0.10247E-07  0.31900E+02  0.82916E-10  0.10187E-07  0.00000E+00    2061  0.00000E+00  0.00000E+00  0.00000E+00
     2064.0000  0.00000E+00  0.72877E+00  0.00000E+00  0.32051E+04  0.00000E+00  0.00000E+00  0.00000E+00  0.11010E-07  0.31900E+02  0.89283E-10  0.11051E-07  0.00000E+00    2071  0.00000E+00  0.00000E+00  0.00000E+00
     2074.0000  0.00000E+00  0.72683E+00  0.00000E+00  0.32124E+04  0.00000E+00  0.00000E+00  0.00000E+00  0.11823E-07  0.31900E+02  0.96083E-10  0.11981E-07  0.00000E+00    2081  0.00000E+00  0.00000E+00  0.00000E+00
     2084.0000  0.00000E+00  0.72489E+00  0.00000E+00  0.32196E+04  0.00000E+00  0.00000E+00  0.00000E+00  0.12689E-07  0.31900E+02  0.10334E-09  0.12981E-07  0.00000E+00    2091  0.00000E+00  0.00000E+00  0.00000E+00
     2094.0000  0.00000E+00  0.72299E+00  0.00000E+00  0.32269E+04  0.00000E+00  0.00000E+00  0.00000E+00  0.13611E-07  0.31900E+02  0.11109E-09  0.14057E-07  0.00000E+00    2101  0.00000E+00  0.00000E+00  0.00000E+00
     2104.0000  0.00000E+00  0.72110E+00  0.00000E+00  0.32341E+04  0.00000E+00  0.00000E+00  0.00000E+00  0.14591E-07  0.31900E+02  0.11935E-09  0.15212E-07  0.00000E+00    2111  0.00000E+00  0.00000E+00  0.00000E+00
     2114.0000  0.00000E+00  0.71921E+00  0.00000E+00  0.32413E+04  0.00000E+00  0.00000E+00  0.00000E+00  0.15634E-07  0.31900E+02  0.12816E-09  0.16454E-07  0.00000E+00    2121  0.00000E+00  0.00000E+00  0.00000E+00
     2124.0000  0.00000E+00  0.71733E+00  0.00000E+00  0.32485E+04  0.00000E+00  0.00000E+00  0.00000E+00  0.16743E-07  0.31900E+02  0.13754E-09  0.17787E-07  0.00000E+00    2131  0.00000E+00  0.00000E+00  0.00000E+00
     2134.0000  0.00000E+00  0.71548E+00  0.00000E+00  0.32556E+04  0.00000E+00  0.00000E+00  0.00000E+00  0.17920E-07  0.31900E+02  0.14753E-09  0.19216E-07  0.00000E+00    2141  0.00000E+00  0.00000E+00  0.00000E+00
     2144.0000  0.00000E+00  0.71365E+00  0.00000E+00  0.32628E+04  0.00000E+00  0.00000E+00  0.00000E+00  0.19171E-07  0.31900E+02  0.15816E-09  0.20750E-07  0.00000E+00    2151  0.00000E+00  0.00000E+00  0.00000E+00
     2154.0000  0.00000E+00  0.71182E+00  0.00000E+00  0.32699E+04  0.00000E+00  0.00000E+00  0.00000E+00  0.20498E-07  0.31900E+02  0.16947E-09  0.22393E-07  0.00000E+00    2161  0.00000E+00  0.00000E+00  0.00000E+00
     2164.0000  0.00000E+00  0.70999E+00  0.00000E+00  0.32770E+04  0.00000E+00  0.00000E+00  0.00000E+00  0.21905E-07  0.31900E+02  0.18149E-09  0.24153E-07  0.00000E+00    2171  0.00000E+00  0.00000E+00  0.00000E+00
     2174.0000  0.00000E+00  0.70817E+00  0.00000E+00  0.32841E+04  0.00000E+00  0.00000E+00  0.00000E+00  0.23398E-07  0.31900E+02  0.19427E-09  0.26038E-07  0.00000E+00    2181  0.00000E+00  0.00000E+00  0.00000E+00
     2184.0000  0.00000E+00  0.70639E+00  0.00000E+00  0.32912E+04  0.00000E+00  0.00000E+00  0.00000E+00  0.24980E-07  0.31900E+02  0.20785E-09  0.28054E-07  0.00000E+00    2191  0.00000E+00  0.00000E+00  0.00000E+00
     2190.0000  0.00000E+00  0.70531E+00  0.00000E+00  0.32954E+04  0.00000E+00  0.00000E+00  0.00000E+00  0.25974E-07  0.31900E+02  0.21639E-09  0.29331E-07  0.00000E+00    2197  0.00000E+00  0.00000E+00  0.00000E+00
     2194.0000  0.00000E+00  0.70462E+00  0.00000E+00  0.32982E+04  0.00000E+00  0.00000E+00  0.00000E+00  0.26655E-07  0.31900E+02  0.22226E-09  0.30211E-07  0.00000E+00    2201  0.00000E+00  0.00000E+00  0.00000E+00
     2204.0000  0.00000E+00  0.70285E+00  0.00000E+00  0.33053E+04  0.00000E+00  0.00000E+00  0.00000E+00  0.28429E-07  0.31900E+02  0.23755E-09  0.32517E-07  0.00000E+00    2211  0.00000E+00  0.00000E+00  0.00000E+00
     2214.0000  0.00000E+00  0.70108E+00  0.00000E+00  0.33123E+04  0.00000E+00  0.00000E+00  0.00000E+00  0.30307E-07  0.31900E+02  0.25378E-09  0.34981E-07  0.00000E+00    2221  0.00000E+00  0.00000E+00  0.00000E+00
     2224.0000  0.00000E+00  0.69933E+00  0.00000E+00  0.33193E+04  0.00000E+00  0.00000E+00  0.00000E+00  0.32293E-07  0.31900E+02  0.27098E-09  0.37613E-07  0.00000E+00    2231  0.00000E+00  0.00000E+00  0.00000E+00
     2234.0000  0.00000E+00  0.69760E+00  0.00000E+00  0.33263E+04  0.00000E+00  0.00000E+00  0.00000E+00  0.34393E-07  0.31900E+02  0.28921E-09  0.40422E-07  0.00000E+00    2241  0.00000E+00  0.00000E+00  0.00000E+00
     2244.0000  0.00000E+00  0.69589E+00  0.00000E+00  0.33332E+04  0.00000E+00  0.00000E+00  0.00000E+00  0.36612E-07  0.31900E+02  0.30852E-09  0.43419E-07  0.00000E+00    2251  0.00000E+00  0.00000E+00  0.00000E+00
     2254.0000  0.00000E+00  0.69418E+00  0.00000E+00  0.33402E+04  0.00000E+00  0.00000E+00  0.00000E+00  0.38957E-07  0.31900E+02  0.32896E-09  0.46616E-07  0.00000E+00    2261  0.00000E+00  0.00000E+00  0.00000E+00
     2264.0000  0.00000E+00  0.69247E+00  0.00000E+00  0.33471E+04  0.00000E+00  0.00000E+00  0.10614E-29  0.41433E-07  0.31900E+02  0.35060E-09  0.50024E-07  0.00000E+00    2271  0.00000E+00  0.00000E+00  0.00000E+00
     2274.0000  0.00000E+00  0.69077E+00  0.00000E+00  0.33540E+04  0.00000E+00  0.00000E+00  0.89809E-29  0.44046E-07  0.31900E+02  0.37350E-09  0.53654E-07  0.00000E+00    2281  0.00000E+00  0.00000E+00  0.00000E+00
     2284.0000  0.00000E+00  0.68908E+00  0.00000E+00  0.33609E+04  0.00000E+00  0.00000E+00  0.16363E-28  0.46804E-07  0.31900E+02  0.39771E-09  0.57521E-07  0.00000E+00    2291  0.00000E+00  0.00000E+00  0.00000E+00
     2294.0000  0.00000E+00  0.68742E+00  0.00000E+00  0.33678E+04  0.00000E+00  0.00000E+00  0.24776E-28  0.49712E-07  0.31900E+02  0.42330E-09  0.61638E-07  0.00000E+00    2301  0.00000E+00  0.00000E+00  0.00000E+00
     2304.0000  0.00000E+00  0.68577E+00  0.00000E+00  0.33747E+04  0.00000E+00  0.00000E+00  0.34765E-28  0.52777E-07  0.31900E+02  0.45034E-09  0.66019E-07  0.00000E+00    2311  0.00000E+00  0.00000E+00  0.00000E+00
     2314.0000  0.00000E+00  0.68412E+00  0.00000E+00  0.33815E+04  0.00000E+00  0.00000E+00  0.46805E-28  0.56008E-07  0.31900E+02  0.47890E-09  0.70678E-07  0.00000E+00    2321  0.00000E+00  0.00000E+00  0.00000E+00
     2324.0000  0.00000E+00  0.68248E+00  0.00000E+00  0.33883E+04  0.00000E+00  0.00000E+00  0.61417E-28  0.59411E-07  0.31900E+02  0.50904E-09  0.75631E-07  0.00000E+00    2331  0.00000E+00  0.00000E+00  0.00000E+00
     2334.0000  0.00000E+00  0.68088E+00  0.00000E+00  0.33952E+04  0.00000E+00  0.00000E+00  0.79206E-28  0.62993E-07  0.31900E+02  0.54086E-09  0.80895E-07  0.00000E+00    2341  0.00000E+00  0.00000E+00  0.00000E+00
     2344.0000  0.00000E+00  0.67924E+00  0.00000E+00  0.34020E+04  0.00000E+00  0.00000E+00  0.10090E-27  0.66765E-07  0.31900E+02  0.57442E-09  0.86487E-07  0.00000E+00    2351  0.00000E+00  0.00000E+00  0.00000E+00
     2354.0000  0.00000E+00  0.67765E+00  0.00000E+00  0.34087E+04  0.00000E+00  0.00000E+00  0.12736E-27  0.70732E-07  0.31900E+02  0.60981E-09  0.92424E-07  0.00000E+00    2361  0.00000E+00  0.00000E+00  0.00000E+00
     2364.0000  0.00000E+00  0.67606E+00  0.00000E+00  0.34155E+04  0.00000E+00  0.00000E+00  0.15963E-27  0.74905E-07  0.31900E+02  0.64712E-09  0.98726E-07  0.00000E+00    2371  0.00000E+00  0.00000E+00  0.00000E+00
     2374.0000  0.00000E+00  0.67447E+00  0.00000E+00  0.34223E+04  0.00000E+00  0.00000E+00  0.19897E-27  0.79291E-07  0.31900E+02  0.68642E-09  0.10541E-06  0.00000E+00    2381  0.00000E+00  0.00000E+00  0.00000E+00
     2384.0000  0.00000E+00  0.67289E+00  0.00000E+00  0.34290E+04  0.00000E+00  0.00000E+00  0.24690E-27  0.83901E-07  0.31900E+02  0.72782E-09  0.11250E-06  0.00000E+00    2391  0.00000E+00  0.00000E+00  0.00000E+00
     2394.0000  0.00000E+00  0.67132E+00  0.00000E+00  0.34357E+04  0.00000E+00  0.00000E+00  0.30523E-27  0.88744E-07  0.31900E+02  0.77141E-09  0.12002E-06  0.00000E+00    2401  0.00000E+00  0.00000E+00  0.00000E+00
     2404.0000  0.00000E+00  0.66978E+00  0.00000E+00  0.34424E+04  0.00000E+00  0.00000E+00  0.37615E-27  0.93830E-07  0.31900E+02  0.81728E-09  0.12798E-06  0.00000E+00    2411  0.00000E+00  0.00000E+00  0.00000E+00
     2414.0000  0.00000E+00  0.66821E+00  0.00000E+00  0.34491E+04  0.00000E+00  0.00000E+00  0.46230E-27  0.99168E-07  0.31900E+02  0.86555E-09  0.13642E-06  0.00000E+00    2421  0.00000E+00  0.00000E+00  0.00000E+00
     2424.0000  0.00000E+00  0.66668E+00  0.00000E+00  0.34558E+04  0.00000E+00  0.00000E+00  0.56681E-27  0.10477E-06  0.31900E+02  0.91630E-09  0.14535E-06  0.00000E+00    2431  0.00000E+00  0.00000E+00  0.00000E+00
     2434.0000  0.00000E+00  0.66516E+00  0.00000E+00  0.34624E+04  0.00000E+00  0.00000E+00  0.69347E-27  0.11065E-06  0.31900E+02  0.96966E-09  0.15481E-06  0.00000E+00    2441  0.00000E+00  0.00000E+00  0.00000E+00
     2444.0000  0.00000E+00  0.66363E+00  0.00000E+00  0.34691E+04  0.00000E+00  0.00000E+00  0.84679E-27  0.11681E-06  0.31900E+02  0.10257E-08  0.16481E-06  0.00000E+00    2451  0.00000E+00  0.00000E+00  0.00000E+00
     2454.0000  0.00000E+00  0.66215E+00  0.00000E+00  0.34757E+04  0.00000E+00  0.00000E+00  0.10322E-26  0.12327E-06  0.31900E+02  0.10847E-08  0.17539E-06  0.00000E+00    2461  0.00000E+00  0.00000E+00  0.00000E+00
     2464.0000  0.00000E+00  0.66063E+00  0.00000E+00  0.34823E+04  0.00000E+00  0.00000E+00  0.12561E-26  0.13004E-06  0.31900E+02  0.11465E-08  0.18657E-06  0.00000E+00    2471  0.00000E+00  0.00000E+00  0.00000E+00
     2474.0000  0.00000E+00  0.65916E+00  0.00000E+00  0.34889E+04  0.00000E+00  0.00000E+00  0.15261E-26  0.13713E-06  0.31900E+02  0.12115E-08  0.19839E-06  0.00000E+00    2481  0.00000E+00  0.00000E+00  0.00000E+00
     2484.0000  0.00000E+00  0.65765E+00  0.00000E+00  0.34955E+04  0.00000E+00  0.00000E+00  0.18515E-26  0.14455E-06  0.31900E+02  0.12797E-08  0.21088E-06  0.00000E+00    2491  0.00000E+00  0.00000E+00  0.00000E+00
     2494.0000  0.00000E+00  0.65619E+00  0.00000E+00  0.35021E+04  0.00000E+00  0.00000E+00  0.22431E-26  0.15232E-06  0.31900E+02  0.13512E-08  0.22407E-06  0.00000E+00    2501  0.00000E+00  0.00000E+00  0.00000E+00
     2504.0000  0.00000E+00  0.65472E+00  0.00000E+00  0.35086E+04  0.00000E+00  0.00000E+00  0.27139E-26  0.16046E-06  0.31900E+02  0.14262E-08  0.23799E-06  0.00000E+00    2511  0.00000E+00  0.00000E+00  0.00000E+00
     2514.0000  0.00000E+00  0.65326E+00  0.00000E+00  0.35152E+04  0.00000E+00  0.00000E+00  0.32791E-26  0.16896E-06  0.31900E+02  0.15048E-08  0.25268E-06  0.00000E+00    2521  0.00000E+00  0.00000E+00  0.00000E+00
     2524.0000  0.00000E+00  0.65184E+00  0.00000E+00  0.35217E+04  0.00000E+00  0.00000E+00  0.39571E-26  0.17786E-06  0.31900E+02  0.15872E-08  0.26818E-06  0.00000E+00    2531  0.00000E+00  0.00000E+00  0.00000E+00
     2534.0000  0.00000E+00  0.65039E+00  0.00000E+00  0.35282E+04  0.00000E+00  0.00000E+00  0.47693E-26  0.18716E-06  0.31900E+02  0.16736E-08  0.28452E-06  0.00000E+00    2541  0.00000E+00  0.00000E+00  0.00000E+00
     2544.0000  0.00000E+00  0.64897E+00  0.00000E+00  0.35347E+04  0.00000E+00  0.00000E+00  0.57412E-26  0.19689E-06  0.31900E+02  0.17640E-08  0.30175E-06  0.00000E+00    2551  0.00000E+00  0.00000E+00  0.00000E+00
     2554.0000  0.00000E+00  0.64753E+00  0.00000E+00  0.35412E+04  0.00000E+00  0.00000E+00  0.69029E-26  0.20704E-06  0.31900E+02  0.18587E-08  0.31991E-06  0.00000E+00    2561  0.00000E+00  0.00000E+00  0.00000E+00
     2555.0000  0.00000E+00  0.64739E+00  0.00000E+00  0.35418E+04  0.00000E+00  0.00000E+00  0.70309E-26  0.20808E-06  0.31900E+02  0.18684E-08  0.32178E-06  0.00000E+00    2562  0.00000E+00  0.00000E+00  0.00000E+00
     2564.0000  0.00000E+00  0.64612E+00  0.00000E+00  0.35477E+04  0.00000E+00  0.00000E+00  0.82901E-26  0.21765E-06  0.31900E+02  0.19578E-08  0.33904E-06  0.00000E+00    2571  0.00000E+00  0.00000E+00  0.00000E+00
     2574.0000  0.00000E+00  0.64471E+00  0.00000E+00  0.35541E+04  0.00000E+00  0.00000E+00  0.99447E-26  0.22873E-06  0.31900E+02  0.20615E-08  0.35918E-06  0.00000E+00    2581  0.00000E+00  0.00000E+00  0.00000E+00
     2584.0000  0.00000E+00  0.64332E+00  0.00000E+00  0.35605E+04  0.00000E+00  0.00000E+00  0.11916E-25  0.24029E-06  0.31900E+02  0.21700E-08  0.38039E-06  0.00000E+00    2591  0.00000E+00  0.00000E+00  0.00000E+00
     2594.0000  0.00000E+00  0.64195E+00  0.00000E+00  0.35670E+04  0.00000E+00  0.00000E+00  0.14262E-25  0.25236E-06  0.31900E+02  0.22835E-08  0.40271E-06  0.00000E+00    2601  0.00000E+00  0.00000E+00  0.00000E+00
     2604.0000  0.00000E+00  0.64056E+00  0.00000E+00  0.35734E+04  0.00000E+00  0.00000E+00  0.17051E-25  0.26494E-06  0.31900E+02  0.24021E-08  0.42619E-06  0.00000E+00    2611  0.00000E+00  0.00000E+00  0.00000E+00
     2614.0000  0.00000E+00  0.63920E+00  0.00000E+00  0.35798E+04  0.00000E+00  0.00000E+00  0.20364E-25  0.27807E-06  0.31900E+02  0.25261E-08  0.45089E-06  0.00000E+00    2621  0.00000E+00  0.00000E+00  0.00000E+00
     2624.0000  0.00000E+00  0.63782E+00  0.00000E+00  0.35862E+04  0.00000E+00  0.00000E+00  0.24294E-25  0.29175E-06  0.31900E+02  0.26556E-08  0.47686E-06  0.00000E+00    2631  0.00000E+00  0.00000E+00  0.00000E+00
     2634.0000  0.00000E+00  0.63647E+00  0.00000E+00  0.35925E+04  0.00000E+00  0.00000E+00  0.28952E-25  0.30602E-06  0.31900E+02  0.27909E-08  0.50416E-06  0.00000E+00    2641  0.00000E+00  0.00000E+00  0.00000E+00
     2644.0000  0.00000E+00  0.63512E+00  0.00000E+00  0.35989E+04  0.00000E+00  0.00000E+00  0.34466E-25  0.32088E-06  0.31900E+02  0.29322E-08  0.53284E-06  0.00000E+00    2651  0.00000E+00  0.00000E+00  0.00000E+00
     2654.0000  0.00000E+00  0.63378E+00  0.00000E+00  0.36052E+04  0.00000E+00  0.00000E+00  0.40989E-25  0.33636E-06  0.31900E+02  0.30797E-08  0.56296E-06  0.00000E+00    2661  0.00000E+00  0.00000E+00  0.00000E+00
     2664.0000  0.00000E+00  0.63244E+00  0.00000E+00  0.36116E+04  0.00000E+00  0.00000E+00  0.48695E-25  0.35248E-06  0.31900E+02  0.32336E-08  0.59460E-06  0.00000E+00    2671  0.00000E+00  0.00000E+00  0.00000E+00
     2674.0000  0.00000E+00  0.63111E+00  0.00000E+00  0.36179E+04  0.00000E+00  0.00000E+00  0.57792E-25  0.36927E-06  0.31900E+02  0.33942E-08  0.62782E-06  0.00000E+00    2681  0.00000E+00  0.00000E+00  0.00000E+00
     2684.0000  0.00000E+00  0.62981E+00  0.00000E+00  0.36242E+04  0.00000E+00  0.00000E+00  0.68518E-25  0.38674E-06  0.31900E+02  0.35616E-08  0.66267E-06  0.00000E+00    2691  0.00000E+00  0.00000E+00  0.00000E+00
     2694.0000  0.00000E+00  0.62848E+00  0.00000E+00  0.36305E+04  0.00000E+00  0.00000E+00  0.81154E-25  0.40491E-06  0.31900E+02  0.37363E-08  0.69924E-06  0.00000E+00    2701  0.00000E+00  0.00000E+00  0.00000E+00
     2704.0000  0.00000E+00  0.62719E+00  0.00000E+00  0.36368E+04  0.00000E+00  0.00000E+00  0.96026E-25  0.42382E-06  0.31900E+02  0.39183E-08  0.73760E-06  0.00000E+00    2711  0.00000E+00  0.00000E+00  0.00000E+00
     2714.0000  0.00000E+00  0.62587E+00  0.00000E+00  0.36430E+04  0.00000E+00  0.00000E+00  0.11351E-24  0.44349E-06  0.31900E+02  0.41081E-08  0.77782E-06  0.00000E+00    2721  0.00000E+00  0.00000E+00  0.00000E+00
     2724.0000  0.00000E+00  0.62458E+00  0.00000E+00  0.36493E+04  0.00000E+00  0.00000E+00  0.13405E-24  0.46393E-06  0.31900E+02  0.43057E-08  0.81998E-06  0.00000E+00    2731  0.00000E+00  0.00000E+00  0.00000E+00
     2734.0000  0.00000E+00  0.62330E+00  0.00000E+00  0.36555E+04  0.00000E+00  0.00000E+00  0.15815E-24  0.48518E-06  0.31900E+02  0.45116E-08  0.86417E-06  0.00000E+00    2741  0.00000E+00  0.00000E+00  0.00000E+00
     2744.0000  0.00000E+00  0.62202E+00  0.00000E+00  0.36617E+04  0.00000E+00  0.00000E+00  0.18641E-24  0.50726E-06  0.31900E+02  0.47260E-08  0.91045E-06  0.00000E+00    2751  0.00000E+00  0.00000E+00  0.00000E+00
     2754.0000  0.00000E+00  0.62077E+00  0.00000E+00  0.36679E+04  0.00000E+00  0.00000E+00  0.21951E-24  0.53020E-06  0.31900E+02  0.49492E-08  0.95893E-06  0.00000E+00    2761  0.00000E+00  0.00000E+00  0.00000E+00
     2764.0000  0.00000E+00  0.61950E+00  0.00000E+00  0.36741E+04  0.00000E+00  0.00000E+00  0.25824E-24  0.55403E-06  0.31900E+02  0.51815E-08  0.10097E-05  0.00000E+00    2771  0.00000E+00  0.00000E+00  0.00000E+00
     2774.0000  0.00000E+00  0.61823E+00  0.00000E+00  0.36803E+04  0.00000E+00  0.00000E+00  0.30352E-24  0.57877E-06  0.31900E+02  0.54232E-08  0.10628E-05  0.00000E+00    2781  0.00000E+00  0.00000E+00  0.00000E+00
     2784.0000  0.00000E+00  0.61700E+00  0.00000E+00  0.36865E+04  0.00000E+00  0.00000E+00  0.35642E-24  0.60445E-06  0.31900E+02  0.56747E-08  0.11184E-05  0.00000E+00    2791  0.00000E+00  0.00000E+00  0.00000E+00
     2794.0000  0.00000E+00  0.61574E+00  0.00000E+00  0.36927E+04  0.00000E+00  0.00000E+00  0.41815E-24  0.63110E-06  0.31900E+02  0.59362E-08  0.11766E-05  0.00000E+00    2801  0.00000E+00  0.00000E+00  0.00000E+00
     2804.0000  0.00000E+00  0.61451E+00  0.00000E+00  0.36988E+04  0.00000E+00  0.00000E+00  0.49013E-24  0.65875E-06  0.31900E+02  0.62081E-08  0.12375E-05  0.00000E+00    2811  0.00000E+00  0.00000E+00  0.00000E+00
     2814.0000  0.00000E+00  0.61328E+00  0.00000E+00  0.37050E+04  0.00000E+00  0.00000E+00  0.57398E-24  0.68744E-06  0.31900E+02  0.64907E-08  0.13011E-05  0.00000E+00    2821  0.00000E+00  0.00000E+00  0.00000E+00
     2824.0000  0.00000E+00  0.61206E+00  0.00000E+00  0.37111E+04  0.00000E+00  0.00000E+00  0.67158E-24  0.71719E-06  0.31900E+02  0.67844E-08  0.13676E-05  0.00000E+00    2831  0.00000E+00  0.00000E+00  0.00000E+00
     2834.0000  0.00000E+00  0.61084E+00  0.00000E+00  0.37172E+04  0.00000E+00  0.00000E+00  0.78509E-24  0.74803E-06  0.31900E+02  0.70896E-08  0.14371E-05  0.00000E+00    2841  0.00000E+00  0.00000E+00  0.00000E+00
     2844.0000  0.00000E+00  0.60963E+00  0.00000E+00  0.37233E+04  0.00000E+00  0.00000E+00  0.91697E-24  0.78000E-06  0.31900E+02  0.74065E-08  0.15097E-05  0.00000E+00    2851  0.00000E+00  0.00000E+00  0.00000E+00
     2854.0000  0.00000E+00  0.60845E+00  0.00000E+00  0.37294E+04  0.00000E+00  0.00000E+00  0.10701E-23  0.81313E-06  0.31900E+02  0.77357E-08  0.15856E-05  0.00000E+00    2861  0.00000E+00  0.00000E+00  0.00000E+00
     2864.0000  0.00000E+00  0.60724E+00  0.00000E+00  0.37355E+04  0.00000E+00  0.00000E+00  0.12477E-23  0.84746E-06  0.31900E+02  0.80774E-08  0.16648E-05  0.00000E+00    2871  0.00000E+00  0.00000E+00  0.00000E+00
     2874.0000  0.00000E+00  0.60603E+00  0.00000E+00  0.37415E+04  0.00000E+00  0.00000E+00  0.14535E-23  0.88302E-06  0.31900E+02  0.84322E-08  0.17476E-05  0.00000E+00    2881  0.00000E+00  0.00000E+00  0.00000E+00
     2884.0000  0.00000E+00  0.60486E+00  0.00000E+00  0.37476E+04  0.00000E+00  0.00000E+00  0.16918E-23  0.91985E-06  0.31900E+02  0.88003E-08  0.18339E-05  0.00000E+00    2891  0.00000E+00  0.00000E+00  0.00000E+00
     2894.0000  0.00000E+00  0.60369E+00  0.00000E+00  0.37536E+04  0.00000E+00  0.00000E+00  0.19676E-23  0.95798E-06  0.31900E+02  0.91822E-08  0.19240E-05  0.00000E+00    2901  0.00000E+00  0.00000E+00  0.00000E+00
     2904.0000  0.00000E+00  0.60249E+00  0.00000E+00  0.37597E+04  0.00000E+00  0.00000E+00  0.22864E-23  0.99745E-06  0.31900E+02  0.95784E-08  0.20180E-05  0.00000E+00    2911  0.00000E+00  0.00000E+00  0.00000E+00
     2914.0000  0.00000E+00  0.60133E+00  0.00000E+00  0.37657E+04  0.00000E+00  0.00000E+00  0.26547E-23  0.10383E-05  0.31900E+02  0.99892E-08  0.21160E-05  0.00000E+00    2921  0.00000E+00  0.00000E+00  0.00000E+00
     2920.0000  0.00000E+00  0.60065E+00  0.00000E+00  0.37693E+04  0.00000E+00  0.00000E+00  0.29024E-23  0.10635E-05  0.31900E+02  0.10243E-07  0.21768E-05  0.00000E+00    2927  0.00000E+00  0.00000E+00  0.00000E+00
     2924.0000  0.00000E+00  0.60017E+00  0.00000E+00  0.37717E+04  0.00000E+00  0.00000E+00  0.30797E-23  0.10806E-05  0.31900E+02  0.10415E-07  0.22182E-05  0.00000E+00    2931  0.00000E+00  0.00000E+00  0.00000E+00
     2934.0000  0.00000E+00  0.59901E+00  0.00000E+00  0.37777E+04  0.00000E+00  0.00000E+00  0.35699E-23  0.11243E-05  0.31900E+02  0.10857E-07  0.23248E-05  0.00000E+00    2941  0.00000E+00  0.00000E+00  0.00000E+00
     2944.0000  0.00000E+00  0.59786E+00  0.00000E+00  0.37837E+04  0.00000E+00  0.00000E+00  0.41348E-23  0.11695E-05  0.31900E+02  0.11314E-07  0.24359E-05  0.00000E+00    2951  0.00000E+00  0.00000E+00  0.00000E+00
     2954.0000  0.00000E+00  0.59674E+00  0.00000E+00  0.37896E+04  0.00000E+00  0.00000E+00  0.47853E-23  0.12163E-05  0.31900E+02  0.11788E-07  0.25516E-05  0.00000E+00    2961  0.00000E+00  0.00000E+00  0.00000E+00
     2964.0000  0.00000E+00  0.59559E+00  0.00000E+00  0.37956E+04  0.00000E+00  0.00000E+00  0.55336E-23  0.12646E-05  0.31900E+02  0.12279E-07  0.26722E-05  0.00000E+00    2971  0.00000E+00  0.00000E+00  0.00000E+00
     2974.0000  0.00000E+00  0.59447E+00  0.00000E+00  0.38016E+04  0.00000E+00  0.00000E+00  0.63940E-23  0.13145E-05  0.31900E+02  0.12788E-07  0.27977E-05  0.00000E+00    2981  0.00000E+00  0.00000E+00  0.00000E+00
     2984.0000  0.00000E+00  0.59333E+00  0.00000E+00  0.38075E+04  0.00000E+00  0.00000E+00  0.73824E-23  0.13662E-05  0.31900E+02  0.13315E-07  0.29285E-05  0.00000E+00    2991  0.00000E+00  0.00000E+00  0.00000E+00
     2994.0000  0.00000E+00  0.59222E+00  0.00000E+00  0.38134E+04  0.00000E+00  0.00000E+00  0.85169E-23  0.14195E-05  0.31900E+02  0.13860E-07  0.30646E-05  0.00000E+00    3001  0.00000E+00  0.00000E+00  0.00000E+00
     3004.0000  0.00000E+00  0.59108E+00  0.00000E+00  0.38193E+04  0.00000E+00  0.00000E+00  0.98183E-23  0.14746E-05  0.31900E+02  0.14424E-07  0.32063E-05  0.00000E+00    3011  0.00000E+00  0.00000E+00  0.00000E+00
     3014.0000  0.00000E+00  0.58998E+00  0.00000E+00  0.38252E+04  0.00000E+00  0.00000E+00  0.11310E-22  0.15315E-05  0.31900E+02  0.15008E-07  0.33538E-05  0.00000E+00    3021  0.00000E+00  0.00000E+00  0.00000E+00
     3024.0000  0.00000E+00  0.58888E+00  0.00000E+00  0.38311E+04  0.00000E+00  0.00000E+00  0.13018E-22  0.15903E-05  0.31900E+02  0.15612E-07  0.35072E-05  0.00000E+00    3031  0.00000E+00  0.00000E+00  0.00000E+00
     3034.0000  0.00000E+00  0.58778E+00  0.00000E+00  0.38370E+04  0.00000E+00  0.00000E+00  0.14973E-22  0.16509E-05  0.31900E+02  0.16237E-07  0.36667E-05  0.00000E+00    3041  0.00000E+00  0.00000E+00  0.00000E+00
     3044.0000  0.00000E+00  0.58668E+00  0.00000E+00  0.38429E+04  0.00000E+00  0.00000E+00  0.17209E-22  0.17135E-05  0.31900E+02  0.16884E-07  0.38326E-05  0.00000E+00    3051  0.00000E+00  0.00000E+00  0.00000E+00
     3054.0000  0.00000E+00  0.58559E+00  0.00000E+00  0.38488E+04  0.00000E+00  0.00000E+00  0.19764E-22  0.17781E-05  0.31900E+02  0.17552E-07  0.40051E-05  0.00000E+00    3061  0.00000E+00  0.00000E+00  0.00000E+00
     3064.0000  0.00000E+00  0.58453E+00  0.00000E+00  0.38546E+04  0.00000E+00  0.00000E+00  0.22682E-22  0.18448E-05  0.31900E+02  0.18243E-07  0.41844E-05  0.00000E+00    3071  0.00000E+00  0.00000E+00  0.00000E+00
     3074.0000  0.00000E+00  0.58344E+00  0.00000E+00  0.38604E+04  0.00000E+00  0.00000E+00  0.26012E-22  0.19135E-05  0.31900E+02  0.18957E-07  0.43707E-05  0.00000E+00    3081  0.00000E+00  0.00000E+00  0.00000E+00
     3084.0000  0.00000E+00  0.58236E+00  0.00000E+00  0.38663E+04  0.00000E+00  0.00000E+00  0.29809E-22  0.19844E-05  0.31900E+02  0.19695E-07  0.45644E-05  0.00000E+00    3091  0.00000E+00  0.00000E+00  0.00000E+00
     3094.0000  0.00000E+00  0.58130E+00  0.00000E+00  0.38721E+04  0.00000E+00  0.00000E+00  0.34136E-22  0.20575E-05  0.31900E+02  0.20457E-07  0.47655E-05  0.00000E+00    3101  0.00000E+00  0.00000E+00  0.00000E+00
     3104.0000  0.00000E+00  0.58022E+00  0.00000E+00  0.38779E+04  0.00000E+00  0.00000E+00  0.39063E-22  0.21329E-05  0.31900E+02  0.21245E-07  0.49744E-05  0.00000E+00    3111  0.00000E+00  0.00000E+00  0.00000E+00
     3114.0000  0.00000E+00  0.57917E+00  0.00000E+00  0.38837E+04  0.00000E+00  0.00000E+00  0.44670E-22  0.22106E-05  0.31900E+02  0.22058E-07  0.51913E-05  0.00000E+00    3121  0.00000E+00  0.00000E+00  0.00000E+00
     3124.0000  0.00000E+00  0.57813E+00  0.00000E+00  0.38895E+04  0.00000E+00  0.00000E+00  0.51045E-22  0.22906E-05  0.31900E+02  0.22898E-07  0.54164E-05  0.00000E+00    3131  0.00000E+00  0.00000E+00  0.00000E+00
     3134.0000  0.00000E+00  0.57709E+00  0.00000E+00  0.38953E+04  0.00000E+00  0.00000E+00  0.58291E-22  0.23731E-05  0.31900E+02  0.23765E-07  0.56502E-05  0.00000E+00    3141  0.00000E+00  0.00000E+00  0.00000E+00
     3144.0000  0.00000E+00  0.57605E+00  0.00000E+00  0.39010E+04  0.00000E+00  0.00000E+00  0.66519E-22  0.24581E-05  0.31900E+02  0.24660E-07  0.58927E-05  0.00000E+00    3151  0.00000E+00  0.00000E+00  0.00000E+00
     3154.0000  0.00000E+00  0.57501E+00  0.00000E+00  0.39068E+04  0.00000E+00  0.00000E+00  0.75856E-22  0.25456E-05  0.31900E+02  0.25584E-07  0.61444E-05  0.00000E+00    3161  0.00000E+00  0.00000E+00  0.00000E+00
     3164.0000  0.00000E+00  0.57398E+00  0.00000E+00  0.39125E+04  0.00000E+00  0.00000E+00  0.86445E-22  0.26358E-05  0.31900E+02  0.26537E-07  0.64054E-05  0.00000E+00    3171  0.00000E+00  0.00000E+00  0.00000E+00
     3174.0000  0.00000E+00  0.57294E+00  0.00000E+00  0.39183E+04  0.00000E+00  0.00000E+00  0.98446E-22  0.27286E-05  0.31900E+02  0.27520E-07  0.66762E-05  0.00000E+00    3181  0.00000E+00  0.00000E+00  0.00000E+00
     3184.0000  0.00000E+00  0.57191E+00  0.00000E+00  0.39240E+04  0.00000E+00  0.00000E+00  0.11204E-21  0.28241E-05  0.31900E+02  0.28534E-07  0.69569E-05  0.00000E+00    3191  0.00000E+00  0.00000E+00  0.00000E+00
     3194.0000  0.00000E+00  0.57092E+00  0.00000E+00  0.39297E+04  0.00000E+00  0.00000E+00  0.12742E-21  0.29225E-05  0.31900E+02  0.29580E-07  0.72480E-05  0.00000E+00    3201  0.00000E+00  0.00000E+00  0.00000E+00
     3204.0000  0.00000E+00  0.56989E+00  0.00000E+00  0.39354E+04  0.00000E+00  0.00000E+00  0.14483E-21  0.30237E-05  0.31900E+02  0.30658E-07  0.75497E-05  0.00000E+00    3211  0.00000E+00  0.00000E+00  0.00000E+00
     3214.0000  0.00000E+00  0.56887E+00  0.00000E+00  0.39411E+04  0.00000E+00  0.00000E+00  0.16450E-21  0.31278E-05  0.31900E+02  0.31770E-07  0.78624E-05  0.00000E+00    3221  0.00000E+00  0.00000E+00  0.00000E+00
     3224.0000  0.00000E+00  0.56788E+00  0.00000E+00  0.39468E+04  0.00000E+00  0.00000E+00  0.18672E-21  0.32350E-05  0.31900E+02  0.32916E-07  0.81863E-05  0.00000E+00    3231  0.00000E+00  0.00000E+00  0.00000E+00
     3234.0000  0.00000E+00  0.56689E+00  0.00000E+00  0.39524E+04  0.00000E+00  0.00000E+00  0.21180E-21  0.33452E-05  0.31900E+02  0.34097E-07  0.85220E-05  0.00000E+00    3241  0.00000E+00  0.00000E+00  0.00000E+00
     3244.0000  0.00000E+00  0.56588E+00  0.00000E+00  0.39581E+04  0.00000E+00  0.00000E+00  0.24011E-21  0.34585E-05  0.31900E+02  0.35314E-07  0.88696E-05  0.00000E+00    3251  0.00000E+00  0.00000E+00  0.00000E+00
     3254.0000  0.00000E+00  0.56489E+00  0.00000E+00  0.39638E+04  0.00000E+00  0.00000E+00  0.27202E-21  0.35750E-05  0.31900E+02  0.36568E-07  0.92296E-05  0.00000E+00    3261  0.00000E+00  0.00000E+00  0.00000E+00
     3264.0000  0.00000E+00  0.56391E+00  0.00000E+00  0.39694E+04  0.00000E+00  0.00000E+00  0.30799E-21  0.36948E-05  0.31900E+02  0.37859E-07  0.96024E-05  0.00000E+00    3271  0.00000E+00  0.00000E+00  0.00000E+00
     3274.0000  0.00000E+00  0.56293E+00  0.00000E+00  0.39750E+04  0.00000E+00  0.00000E+00  0.34848E-21  0.38179E-05  0.31900E+02  0.39189E-07  0.99882E-05  0.00000E+00    3281  0.00000E+00  0.00000E+00  0.00000E+00
     3284.0000  0.00000E+00  0.56196E+00  0.00000E+00  0.39807E+04  0.00000E+00  0.00000E+00  0.39406E-21  0.39445E-05  0.31900E+02  0.40559E-07  0.10388E-04  0.00000E+00    3291  0.00000E+00  0.00000E+00  0.00000E+00
     3285.0000  0.00000E+00  0.56185E+00  0.00000E+00  0.39812E+04  0.00000E+00  0.00000E+00  0.39892E-21  0.39574E-05  0.31900E+02  0.40698E-07  0.10428E-04  0.00000E+00    3292  0.00000E+00  0.00000E+00  0.00000E+00
     3294.0000  0.00000E+00  0.56098E+00  0.00000E+00  0.39863E+04  0.00000E+00  0.00000E+00  0.44533E-21  0.40746E-05  0.31900E+02  0.41969E-07  0.10801E-04  0.00000E+00    3301  0.00000E+00  0.00000E+00  0.00000E+00
     3304.0000  0.00000E+00  0.56001E+00  0.00000E+00  0.39919E+04  0.00000E+00  0.00000E+00  0.50296E-21  0.42082E-05  0.31900E+02  0.43420E-07  0.11229E-04  0.00000E+00    3311  0.00000E+00  0.00000E+00  0.00000E+00
     3314.0000  0.00000E+00  0.55904E+00  0.00000E+00  0.39975E+04  0.00000E+00  0.00000E+00  0.56770E-21  0.43454E-05  0.31900E+02  0.44914E-07  0.11671E-04  0.00000E+00    3321  0.00000E+00  0.00000E+00  0.00000E+00
     3324.0000  0.00000E+00  0.55810E+00  0.00000E+00  0.40031E+04  0.00000E+00  0.00000E+00  0.64040E-21  0.44864E-05  0.31900E+02  0.46451E-07  0.12129E-04  0.00000E+00    3331  0.00000E+00  0.00000E+00  0.00000E+00
     3334.0000  0.00000E+00  0.55714E+00  0.00000E+00  0.40086E+04  0.00000E+00  0.00000E+00  0.72196E-21  0.46312E-05  0.31900E+02  0.48033E-07  0.12602E-04  0.00000E+00    3341  0.00000E+00  0.00000E+00  0.00000E+00
     3344.0000  0.00000E+00  0.55618E+00  0.00000E+00  0.40142E+04  0.00000E+00  0.00000E+00  0.81344E-21  0.47799E-05  0.31900E+02  0.49660E-07  0.13091E-04  0.00000E+00    3351  0.00000E+00  0.00000E+00  0.00000E+00
     3354.0000  0.00000E+00  0.55525E+00  0.00000E+00  0.40198E+04  0.00000E+00  0.00000E+00  0.91596E-21  0.49325E-05  0.31900E+02  0.51334E-07  0.13597E-04  0.00000E+00    3361  0.00000E+00  0.00000E+00  0.00000E+00
     3364.0000  0.00000E+00  0.55429E+00  0.00000E+00  0.40253E+04  0.00000E+00  0.00000E+00  0.10308E-20  0.50891E-05  0.31900E+02  0.53055E-07  0.14119E-04  0.00000E+00    3371  0.00000E+00  0.00000E+00  0.00000E+00
     3374.0000  0.00000E+00  0.55336E+00  0.00000E+00  0.40308E+04  0.00000E+00  0.00000E+00  0.11594E-20  0.52499E-05  0.31900E+02  0.54825E-07  0.14660E-04  0.00000E+00    3381  0.00000E+00  0.00000E+00  0.00000E+00
     3384.0000  0.00000E+00  0.55243E+00  0.00000E+00  0.40364E+04  0.00000E+00  0.00000E+00  0.13032E-20  0.54149E-05  0.31900E+02  0.56644E-07  0.15218E-04  0.00000E+00    3391  0.00000E+00  0.00000E+00  0.00000E+00
     3394.0000  0.00000E+00  0.55148E+00  0.00000E+00  0.40419E+04  0.00000E+00  0.00000E+00  0.14641E-20  0.55842E-05  0.31900E+02  0.58515E-07  0.15795E-04  0.00000E+00    3401  0.00000E+00  0.00000E+00  0.00000E+00
     3404.0000  0.00000E+00  0.55056E+00  0.00000E+00  0.40474E+04  0.00000E+00  0.00000E+00  0.16439E-20  0.57579E-05  0.31900E+02  0.60437E-07  0.16390E-04  0.00000E+00    3411  0.00000E+00  0.00000E+00  0.00000E+00
     3414.0000  0.00000E+00  0.54964E+00  0.00000E+00  0.40529E+04  0.00000E+00  0.00000E+00  0.18447E-20  0.59360E-05  0.31900E+02  0.62413E-07  0.17005E-04  0.00000E+00    3421  0.00000E+00  0.00000E+00  0.00000E+00
     3424.0000  0.00000E+00  0.54873E+00  0.00000E+00  0.40584E+04  0.00000E+00  0.00000E+00  0.20689E-20  0.61187E-05  0.31900E+02  0.64443E-07  0.17641E-04  0.00000E+00    3431  0.00000E+00  0.00000E+00  0.00000E+00
     3434.0000  0.00000E+00  0.54781E+00  0.00000E+00  0.40639E+04  0.00000E+00  0.00000E+00  0.23191E-20  0.63061E-05  0.31900E+02  0.66528E-07  0.18297E-04  0.00000E+00    3441  0.00000E+00  0.00000E+00  0.00000E+00
     3444.0000  0.00000E+00  0.54690E+00  0.00000E+00  0.40694E+04  0.00000E+00  0.00000E+00  0.25981E-20  0.64981E-05  0.31900E+02  0.68671E-07  0.18974E-04  0.00000E+00    3451  0.00000E+00  0.00000E+00  0.00000E+00
     3454.0000  0.00000E+00  0.54599E+00  0.00000E+00  0.40748E+04  0.00000E+00  0.00000E+00  0.29090E-20  0.66951E-05  0.31900E+02  0.70871E-07  0.19672E-04  0.00000E+00    3461  0.00000E+00  0.00000E+00  0.00000E+00
     3464.0000  0.00000E+00  0.54511E+00  0.00000E+00  0.40803E+04  0.00000E+00  0.00000E+00  0.32554E-20  0.68969E-05  0.31900E+02  0.73131E-07  0.20393E-04  0.00000E+00    3471  0.00000E+00  0.00000E+00  0.00000E+00
     3474.0000  0.00000E+00  0.54421E+00  0.00000E+00  0.40857E+04  0.00000E+00  0.00000E+00  0.36411E-20  0.71038E-05  0.31900E+02  0.75451E-07  0.21137E-04  0.00000E+00    3481  0.00000E+00  0.00000E+00  0.00000E+00
     3484.0000  0.00000E+00  0.54330E+00  0.00000E+00  0.40912E+04  0.00000E+00  0.00000E+00  0.40703E-20  0.73157E-05  0.31900E+02  0.77832E-07  0.21905E-04  0.00000E+00    3491  0.00000E+00  0.00000E+00  0.00000E+00
     3494.0000  0.00000E+00  0.54243E+00  0.00000E+00  0.40966E+04  0.00000E+00  0.00000E+00  0.45476E-20  0.75329E-05  0.31900E+02  0.80277E-07  0.22697E-04  0.00000E+00    3501  0.00000E+00  0.00000E+00  0.00000E+00
     3504.0000  0.00000E+00  0.54153E+00  0.00000E+00  0.41020E+04  0.00000E+00  0.00000E+00  0.50783E-20  0.77554E-05  0.31900E+02  0.82786E-07  0.23513E-04  0.00000E+00    3511  0.00000E+00  0.00000E+00  0.00000E+00
     3514.0000  0.00000E+00  0.54066E+00  0.00000E+00  0.41074E+04  0.00000E+00  0.00000E+00  0.56678E-20  0.79834E-05  0.31900E+02  0.85362E-07  0.24355E-04  0.00000E+00    3521  0.00000E+00  0.00000E+00  0.00000E+00
     3524.0000  0.00000E+00  0.53976E+00  0.00000E+00  0.41128E+04  0.00000E+00  0.00000E+00  0.63226E-20  0.82168E-05  0.31900E+02  0.88004E-07  0.25223E-04  0.00000E+00    3531  0.00000E+00  0.00000E+00  0.00000E+00
     3534.0000  0.00000E+00  0.53890E+00  0.00000E+00  0.41182E+04  0.00000E+00  0.00000E+00  0.70493E-20  0.84558E-05  0.31900E+02  0.90714E-07  0.26118E-04  0.00000E+00    3541  0.00000E+00  0.00000E+00  0.00000E+00
     3544.0000  0.00000E+00  0.53804E+00  0.00000E+00  0.41236E+04  0.00000E+00  0.00000E+00  0.78555E-20  0.87006E-05  0.31900E+02  0.93495E-07  0.27041E-04  0.00000E+00    3551  0.00000E+00  0.00000E+00  0.00000E+00
     3554.0000  0.00000E+00  0.53717E+00  0.00000E+00  0.41290E+04  0.00000E+00  0.00000E+00  0.87494E-20  0.89512E-05  0.31900E+02  0.96347E-07  0.27991E-04  0.00000E+00    3561  0.00000E+00  0.00000E+00  0.00000E+00
     3564.0000  0.00000E+00  0.53628E+00  0.00000E+00  0.41343E+04  0.00000E+00  0.00000E+00  0.97401E-20  0.92077E-05  0.31900E+02  0.99272E-07  0.28971E-04  0.00000E+00    3571  0.00000E+00  0.00000E+00  0.00000E+00
     3574.0000  0.00000E+00  0.53543E+00  0.00000E+00  0.41397E+04  0.00000E+00  0.00000E+00  0.10838E-19  0.94703E-05  0.31900E+02  0.10227E-06  0.29980E-04  0.00000E+00    3581  0.00000E+00  0.00000E+00  0.00000E+00
     3584.0000  0.00000E+00  0.53457E+00  0.00000E+00  0.41450E+04  0.00000E+00  0.00000E+00  0.12053E-19  0.97390E-05  0.31900E+02  0.10535E-06  0.31019E-04  0.00000E+00    3591  0.00000E+00  0.00000E+00  0.00000E+00
     3594.0000  0.00000E+00  0.53372E+00  0.00000E+00  0.41504E+04  0.00000E+00  0.00000E+00  0.13397E-19  0.10014E-04  0.31900E+02  0.10850E-06  0.32090E-04  0.00000E+00    3601  0.00000E+00  0.00000E+00  0.00000E+00
     3604.0000  0.00000E+00  0.53287E+00  0.00000E+00  0.41557E+04  0.00000E+00  0.00000E+00  0.14884E-19  0.10295E-04  0.31900E+02  0.11173E-06  0.33193E-04  0.00000E+00    3611  0.00000E+00  0.00000E+00  0.00000E+00
     3614.0000  0.00000E+00  0.53202E+00  0.00000E+00  0.41610E+04  0.00000E+00  0.00000E+00  0.16529E-19  0.10583E-04  0.31900E+02  0.11504E-06  0.34328E-04  0.00000E+00    3621  0.00000E+00  0.00000E+00  0.00000E+00
     3624.0000  0.00000E+00  0.53120E+00  0.00000E+00  0.41664E+04  0.00000E+00  0.00000E+00  0.18346E-19  0.10877E-04  0.31900E+02  0.11843E-06  0.35497E-04  0.00000E+00    3631  0.00000E+00  0.00000E+00  0.00000E+00
     3634.0000  0.00000E+00  0.53035E+00  0.00000E+00  0.41717E+04  0.00000E+00  0.00000E+00  0.20353E-19  0.11178E-04  0.31900E+02  0.12191E-06  0.36701E-04  0.00000E+00    3641  0.00000E+00  0.00000E+00  0.00000E+00
     3644.0000  0.00000E+00  0.52951E+00  0.00000E+00  0.41770E+04  0.00000E+00  0.00000E+00  0.22568E-19  0.11486E-04  0.31900E+02  0.12547E-06  0.37939E-04  0.00000E+00    3651  0.00000E+00  0.00000E+00  0.00000E+00
     3650.0000  0.00000E+00  0.52901E+00  0.00000E+00  0.41801E+04  0.00000E+00  0.00000E+00  0.24006E-19  0.11674E-04  0.31900E+02  0.12765E-06  0.38700E-04  0.00000E+00    3657  0.00000E+00  0.00000E+00  0.00000E+00
     3654.0000  0.00000E+00  0.52869E+00  0.00000E+00  0.41823E+04  0.00000E+00  0.00000E+00  0.25013E-19  0.11801E-04  0.31900E+02  0.12912E-06  0.39214E-04  0.00000E+00    3661  0.00000E+00  0.00000E+00  0.00000E+00
     3664.0000  0.00000E+00  0.52785E+00  0.00000E+00  0.41875E+04  0.00000E+00  0.00000E+00  0.27710E-19  0.12123E-04  0.31900E+02  0.13286E-06  0.40526E-04  0.00000E+00    3671  0.00000E+00  0.00000E+00  0.00000E+00
     3674.0000  0.00000E+00  0.52704E+00  0.00000E+00  0.41928E+04  0.00000E+00  0.00000E+00  0.30683E-19  0.12452E-04  0.31900E+02  0.13669E-06  0.41875E-04  0.00000E+00    3681  0.00000E+00  0.00000E+00  0.00000E+00
     3684.0000  0.00000E+00  0.52621E+00  0.00000E+00  0.41981E+04  0.00000E+00  0.00000E+00  0.33959E-19  0.12789E-04  0.31900E+02  0.14060E-06  0.43264E-04  0.00000E+00    3691  0.00000E+00  0.00000E+00  0.00000E+00
     3694.0000  0.00000E+00  0.52540E+00  0.00000E+00  0.42033E+04  0.00000E+00  0.00000E+00  0.37567E-19  0.13132E-04  0.31900E+02  0.14462E-06  0.44692E-04  0.00000E+00    3701  0.00000E+00  0.00000E+00  0.00000E+00
     3704.0000  0.00000E+00  0.52456E+00  0.00000E+00  0.42086E+04  0.00000E+00  0.00000E+00  0.41539E-19  0.13484E-04  0.31900E+02  0.14873E-06  0.46160E-04  0.00000E+00    3711  0.00000E+00  0.00000E+00  0.00000E+00
     3714.0000  0.00000E+00  0.52376E+00  0.00000E+00  0.42138E+04  0.00000E+00  0.00000E+00  0.45911E-19  0.13843E-04  0.31900E+02  0.15293E-06  0.47671E-04  0.00000E+00    3721  0.00000E+00  0.00000E+00  0.00000E+00
     3724.0000  0.00000E+00  0.52296E+00  0.00000E+00  0.42191E+04  0.00000E+00  0.00000E+00  0.50719E-19  0.14209E-04  0.31900E+02  0.15723E-06  0.49223E-04  0.00000E+00    3731  0.00000E+00  0.00000E+00  0.00000E+00
     3734.0000  0.00000E+00  0.52213E+00  0.00000E+00  0.42243E+04  0.00000E+00  0.00000E+00  0.56006E-19  0.14584E-04  0.31900E+02  0.16164E-06  0.50820E-04  0.00000E+00    3741  0.00000E+00  0.00000E+00  0.00000E+00
     3744.0000  0.00000E+00  0.52133E+00  0.00000E+00  0.42295E+04  0.00000E+00  0.00000E+00  0.61817E-19  0.14967E-04  0.31900E+02  0.16615E-06  0.52461E-04  0.00000E+00    3751  0.00000E+00  0.00000E+00  0.00000E+00
     3754.0000  0.00000E+00  0.52053E+00  0.00000E+00  0.42347E+04  0.00000E+00  0.00000E+00  0.68199E-19  0.15358E-04  0.31900E+02  0.17076E-06  0.54148E-04  0.00000E+00    3761  0.00000E+00  0.00000E+00  0.00000E+00
     3764.0000  0.00000E+00  0.51974E+00  0.00000E+00  0.42399E+04  0.00000E+00  0.00000E+00  0.75207E-19  0.15757E-04  0.31900E+02  0.17548E-06  0.55881E-04  0.00000E+00    3771  0.00000E+00  0.00000E+00  0.00000E+00
     3774.0000  0.00000E+00  0.51895E+00  0.00000E+00  0.42451E+04  0.00000E+00  0.00000E+00  0.82899E-19  0.16165E-04  0.31900E+02  0.18030E-06  0.57662E-04  0.00000E+00    3781  0.00000E+00  0.00000E+00  0.00000E+00
     3784.0000  0.00000E+00  0.51816E+00  0.00000E+00  0.42503E+04  0.00000E+00  0.00000E+00  0.91338E-19  0.16581E-04  0.31900E+02  0.18524E-06  0.59493E-04  0.00000E+00    3791  0.00000E+00  0.00000E+00  0.00000E+00
     3794.0000  0.00000E+00  0.51737E+00  0.00000E+00  0.42555E+04  0.00000E+00  0.00000E+00  0.10059E-18  0.17006E-04  0.31900E+02  0.19029E-06  0.61373E-04  0.00000E+00    3801  0.00000E+00  0.00000E+00  0.00000E+00
     3804.0000  0.00000E+00  0.51658E+00  0.00000E+00  0.42606E+04  0.00000E+00  0.00000E+00  0.11074E-18  0.17440E-04  0.31900E+02  0.19545E-06  0.63304E-04  0.00000E+00    3811  0.00000E+00  0.00000E+00  0.00000E+00
     3814.0000  0.00000E+00  0.51582E+00  0.00000E+00  0.42658E+04  0.00000E+00  0.00000E+00  0.12185E-18  0.17882E-04  0.31900E+02  0.20073E-06  0.65287E-04  0.00000E+00    3821  0.00000E+00  0.00000E+00  0.00000E+00
     3824.0000  0.00000E+00  0.51504E+00  0.00000E+00  0.42710E+04  0.00000E+00  0.00000E+00  0.13402E-18  0.18334E-04  0.31900E+02  0.20613E-06  0.67324E-04  0.00000E+00    3831  0.00000E+00  0.00000E+00  0.00000E+00
     3834.0000  0.00000E+00  0.51425E+00  0.00000E+00  0.42761E+04  0.00000E+00  0.00000E+00  0.14735E-18  0.18795E-04  0.31900E+02  0.21164E-06  0.69416E-04  0.00000E+00    3841  0.00000E+00  0.00000E+00  0.00000E+00
     3844.0000  0.00000E+00  0.51350E+00  0.00000E+00  0.42812E+04  0.00000E+00  0.00000E+00  0.16193E-18  0.19266E-04  0.31900E+02  0.21728E-06  0.71563E-04  0.00000E+00    3851  0.00000E+00  0.00000E+00  0.00000E+00
     3854.0000  0.00000E+00  0.51272E+00  0.00000E+00  0.42864E+04  0.00000E+00  0.00000E+00  0.17789E-18  0.19746E-04  0.31900E+02  0.22305E-06  0.73767E-04  0.00000E+00    3861  0.00000E+00  0.00000E+00  0.00000E+00
     3864.0000  0.00000E+00  0.51194E+00  0.00000E+00  0.42915E+04  0.00000E+00  0.00000E+00  0.19533E-18  0.20236E-04  0.31900E+02  0.22894E-06  0.76030E-04  0.00000E+00    3871  0.00000E+00  0.00000E+00  0.00000E+00
     3874.0000  0.00000E+00  0.51119E+00  0.00000E+00  0.42966E+04  0.00000E+00  0.00000E+00  0.21440E-18  0.20736E-04  0.31900E+02  0.23496E-06  0.78353E-04  0.00000E+00    3881  0.00000E+00  0.00000E+00  0.00000E+00
     3884.0000  0.00000E+00  0.51045E+00  0.00000E+00  0.43017E+04  0.00000E+00  0.00000E+00  0.23523E-18  0.21245E-04  0.31900E+02  0.24111E-06  0.80736E-04  0.00000E+00    3891  0.00000E+00  0.00000E+00  0.00000E+00
     3894.0000  0.00000E+00  0.50967E+00  0.00000E+00  0.43068E+04  0.00000E+00  0.00000E+00  0.25798E-18  0.21765E-04  0.31900E+02  0.24739E-06  0.83181E-04  0.00000E+00    3901  0.00000E+00  0.00000E+00  0.00000E+00
     3904.0000  0.00000E+00  0.50893E+00  0.00000E+00  0.43119E+04  0.00000E+00  0.00000E+00  0.28281E-18  0.22295E-04  0.31900E+02  0.25381E-06  0.85690E-04  0.00000E+00    3911  0.00000E+00  0.00000E+00  0.00000E+00
     3914.0000  0.00000E+00  0.50815E+00  0.00000E+00  0.43170E+04  0.00000E+00  0.00000E+00  0.30991E-18  0.22835E-04  0.31900E+02  0.26036E-06  0.88264E-04  0.00000E+00    3921  0.00000E+00  0.00000E+00  0.00000E+00
     3924.0000  0.00000E+00  0.50742E+00  0.00000E+00  0.43221E+04  0.00000E+00  0.00000E+00  0.33948E-18  0.23386E-04  0.31900E+02  0.26706E-06  0.90905E-04  0.00000E+00    3931  0.00000E+00  0.00000E+00  0.00000E+00
     3934.0000  0.00000E+00  0.50668E+00  0.00000E+00  0.43271E+04  0.00000E+00  0.00000E+00  0.37171E-18  0.23948E-04  0.31900E+02  0.27390E-06  0.93613E-04  0.00000E+00    3941  0.00000E+00  0.00000E+00  0.00000E+00
     3944.0000  0.00000E+00  0.50594E+00  0.00000E+00  0.43322E+04  0.00000E+00  0.00000E+00  0.40685E-18  0.24521E-04  0.31900E+02  0.28088E-06  0.96390E-04  0.00000E+00    3951  0.00000E+00  0.00000E+00  0.00000E+00
     3954.0000  0.00000E+00  0.50520E+00  0.00000E+00  0.43373E+04  0.00000E+00  0.00000E+00  0.44513E-18  0.25104E-04  0.31900E+02  0.28801E-06  0.99238E-04  0.00000E+00    3961  0.00000E+00  0.00000E+00  0.00000E+00
     3964.0000  0.00000E+00  0.50447E+00  0.00000E+00  0.43423E+04  0.00000E+00  0.00000E+00  0.48683E-18  0.25699E-04  0.31900E+02  0.29528E-06  0.10216E-03  0.00000E+00    3971  0.00000E+00  0.00000E+00  0.00000E+00
     3974.0000  0.00000E+00  0.50374E+00  0.00000E+00  0.43473E+04  0.00000E+00  0.00000E+00  0.53222E-18  0.26305E-04  0.31900E+02  0.30271E-06  0.10515E-03  0.00000E+00    3981  0.00000E+00  0.00000E+00  0.00000E+00
     3984.0000  0.00000E+00  0.50300E+00  0.00000E+00  0.43524E+04  0.00000E+00  0.00000E+00  0.58163E-18  0.26923E-04  0.31900E+02  0.31030E-06  0.10822E-03  0.00000E+00    3991  0.00000E+00  0.00000E+00  0.00000E+00
     3994.0000  0.00000E+00  0.50227E+00  0.00000E+00  0.43574E+04  0.00000E+00  0.00000E+00  0.63538E-18  0.27552E-04  0.31900E+02  0.31804E-06  0.11137E-03  0.00000E+00    4001  0.00000E+00  0.00000E+00  0.00000E+00
     4004.0000  0.00000E+00  0.50154E+00  0.00000E+00  0.43624E+04  0.00000E+00  0.00000E+00  0.69383E-18  0.28194E-04  0.31900E+02  0.32593E-06  0.11459E-03  0.00000E+00    4011  0.00000E+00  0.00000E+00  0.00000E+00
     4014.0000  0.00000E+00  0.50082E+00  0.00000E+00  0.43674E+04  0.00000E+00  0.00000E+00  0.75738E-18  0.28847E-04  0.31900E+02  0.33399E-06  0.11789E-03  0.00000E+00    4021  0.00000E+00  0.00000E+00  0.00000E+00
     4015.0000  0.00000E+00  0.50075E+00  0.00000E+00  0.43679E+04  0.00000E+00  0.00000E+00  0.76403E-18  0.28913E-04  0.31900E+02  0.33481E-06  0.11823E-03  0.00000E+00    4022  0.00000E+00  0.00000E+00  0.00000E+00
     4024.0000  0.00000E+00  0.50009E+00  0.00000E+00  0.43724E+04  0.00000E+00  0.00000E+00  0.82643E-18  0.29512E-04  0.31900E+02  0.34222E-06  0.12128E-03  0.00000E+00    4031  0.00000E+00  0.00000E+00  0.00000E+00
     4034.0000  0.00000E+00  0.49936E+00  0.00000E+00  0.43774E+04  0.00000E+00  0.00000E+00  0.90145E-18  0.30190E-04  0.31900E+02  0.35061E-06  0.12475E-03  0.00000E+00    4041  0.00000E+00  0.00000E+00  0.00000E+00
     4044.0000  0.00000E+00  0.49867E+00  0.00000E+00  0.43824E+04  0.00000E+00  0.00000E+00  0.98291E-18  0.30880E-04  0.31900E+02  0.35917E-06  0.12830E-03  0.00000E+00    4051  0.00000E+00  0.00000E+00  0.00000E+00
     4054.0000  0.00000E+00  0.49795E+00  0.00000E+00  0.43874E+04  0.00000E+00  0.00000E+00  0.10713E-17  0.31583E-04  0.31900E+02  0.36790E-06  0.13194E-03  0.00000E+00    4061  0.00000E+00  0.00000E+00  0.00000E+00
     4064.0000  0.00000E+00  0.49723E+00  0.00000E+00  0.43924E+04  0.00000E+00  0.00000E+00  0.11673E-17  0.32299E-04  0.31900E+02  0.37680E-06  0.13567E-03  0.00000E+00    4071  0.00000E+00  0.00000E+00  0.00000E+00
     4074.0000  0.00000E+00  0.49654E+00  0.00000E+00  0.43974E+04  0.00000E+00  0.00000E+00  0.12714E-17  0.33027E-04  0.31900E+02  0.38588E-06  0.13948E-03  0.00000E+00    4081  0.00000E+00  0.00000E+00  0.00000E+00
     4084.0000  0.00000E+00  0.49582E+00  0.00000E+00  0.44023E+04  0.00000E+00  0.00000E+00  0.13843E-17  0.33769E-04  0.31900E+02  0.39515E-06  0.14339E-03  0.00000E+00    4091  0.00000E+00  0.00000E+00  0.00000E+00
     4094.0000  0.00000E+00  0.49513E+00  0.00000E+00  0.44073E+04  0.00000E+00  0.00000E+00  0.15066E-17  0.34524E-04  0.31900E+02  0.40459E-06  0.14740E-03  0.00000E+00    4101  0.00000E+00  0.00000E+00  0.00000E+00
     4104.0000  0.00000E+00  0.49442E+00  0.00000E+00  0.44122E+04  0.00000E+00  0.00000E+00  0.16392E-17  0.35293E-04  0.31900E+02  0.41422E-06  0.15150E-03  0.00000E+00    4111  0.00000E+00  0.00000E+00  0.00000E+00
     4114.0000  0.00000E+00  0.49373E+00  0.00000E+00  0.44172E+04  0.00000E+00  0.00000E+00  0.17828E-17  0.36075E-04  0.31900E+02  0.42403E-06  0.15569E-03  0.00000E+00    4121  0.00000E+00  0.00000E+00  0.00000E+00
     4124.0000  0.00000E+00  0.49302E+00  0.00000E+00  0.44221E+04  0.00000E+00  0.00000E+00  0.19384E-17  0.36872E-04  0.31900E+02  0.43404E-06  0.15999E-03  0.00000E+00    4131  0.00000E+00  0.00000E+00  0.00000E+00
     4134.0000  0.00000E+00  0.49234E+00  0.00000E+00  0.44270E+04  0.00000E+00  0.00000E+00  0.21067E-17  0.37682E-04  0.31900E+02  0.44424E-06  0.16438E-03  0.00000E+00    4141  0.00000E+00  0.00000E+00  0.00000E+00
     4144.0000  0.00000E+00  0.49166E+00  0.00000E+00  0.44319E+04  0.00000E+00  0.00000E+00  0.22889E-17  0.38507E-04  0.31900E+02  0.45464E-06  0.16888E-03  0.00000E+00    4151  0.00000E+00  0.00000E+00  0.00000E+00
     4154.0000  0.00000E+00  0.49098E+00  0.00000E+00  0.44368E+04  0.00000E+00  0.00000E+00  0.24860E-17  0.39346E-04  0.31900E+02  0.46524E-06  0.17349E-03  0.00000E+00    4161  0.00000E+00  0.00000E+00  0.00000E+00
     4164.0000  0.00000E+00  0.49027E+00  0.00000E+00  0.44418E+04  0.00000E+00  0.00000E+00  0.26991E-17  0.40199E-04  0.31900E+02  0.47603E-06  0.17820E-03  0.00000E+00    4171  0.00000E+00  0.00000E+00  0.00000E+00
     4174.0000  0.00000E+00  0.48959E+00  0.00000E+00  0.44467E+04  0.00000E+00  0.00000E+00  0.29295E-17  0.41067E-04  0.31900E+02  0.48704E-06  0.18302E-03  0.00000E+00    4181  0.00000E+00  0.00000E+00  0.00000E+00
     4184.0000  0.00000E+00  0.48892E+00  0.00000E+00  0.44515E+04  0.00000E+00  0.00000E+00  0.31784E-17  0.41951E-04  0.31900E+02  0.49825E-06  0.18795E-03  0.00000E+00    4191  0.00000E+00  0.00000E+00  0.00000E+00
     4194.0000  0.00000E+00  0.48824E+00  0.00000E+00  0.44564E+04  0.00000E+00  0.00000E+00  0.34474E-17  0.42849E-04  0.31900E+02  0.50967E-06  0.19300E-03  0.00000E+00    4201  0.00000E+00  0.00000E+00  0.00000E+00
     4204.0000  0.00000E+00  0.48757E+00  0.00000E+00  0.44613E+04  0.00000E+00  0.00000E+00  0.37379E-17  0.43763E-04  0.31900E+02  0.52131E-06  0.19816E-03  0.00000E+00    4211  0.00000E+00  0.00000E+00  0.00000E+00
     4214.0000  0.00000E+00  0.48690E+00  0.00000E+00  0.44662E+04  0.00000E+00  0.00000E+00  0.40515E-17  0.44692E-04  0.31900E+02  0.53316E-06  0.20344E-03  0.00000E+00    4221  0.00000E+00  0.00000E+00  0.00000E+00
     4224.0000  0.00000E+00  0.48623E+00  0.00000E+00  0.44710E+04  0.00000E+00  0.00000E+00  0.43899E-17  0.45637E-04  0.31900E+02  0.54523E-06  0.20883E-03  0.00000E+00    4231  0.00000E+00  0.00000E+00  0.00000E+00
     4234.0000  0.00000E+00  0.48556E+00  0.00000E+00  0.44759E+04  0.00000E+00  0.00000E+00  0.47551E-17  0.46598E-04  0.31900E+02  0.55753E-06  0.21435E-03  0.00000E+00    4241  0.00000E+00  0.00000E+00  0.00000E+00
     4244.0000  0.00000E+00  0.48489E+00  0.00000E+00  0.44808E+04  0.00000E+00  0.00000E+00  0.51490E-17  0.47575E-04  0.31900E+02  0.57005E-06  0.22000E-03  0.00000E+00    4251  0.00000E+00  0.00000E+00  0.00000E+00
     4254.0000  0.00000E+00  0.48422E+00  0.00000E+00  0.44856E+04  0.00000E+00  0.00000E+00  0.55736E-17  0.48568E-04  0.31900E+02  0.58280E-06  0.22577E-03  0.00000E+00    4261  0.00000E+00  0.00000E+00  0.00000E+00
     4264.0000  0.00000E+00  0.48356E+00  0.00000E+00  0.44904E+04  0.00000E+00  0.00000E+00  0.60314E-17  0.49578E-04  0.31900E+02  0.59578E-06  0.23167E-03  0.00000E+00    4271  0.00000E+00  0.00000E+00  0.00000E+00
     4274.0000  0.00000E+00  0.48292E+00  0.00000E+00  0.44953E+04  0.00000E+00  0.00000E+00  0.65246E-17  0.50604E-04  0.31900E+02  0.60900E-06  0.23770E-03  0.00000E+00    4281  0.00000E+00  0.00000E+00  0.00000E+00
     4284.0000  0.00000E+00  0.48226E+00  0.00000E+00  0.45001E+04  0.00000E+00  0.00000E+00  0.70559E-17  0.51647E-04  0.31900E+02  0.62246E-06  0.24386E-03  0.00000E+00    4291  0.00000E+00  0.00000E+00  0.00000E+00
     4294.0000  0.00000E+00  0.48160E+00  0.00000E+00  0.45049E+04  0.00000E+00  0.00000E+00  0.76281E-17  0.52708E-04  0.31900E+02  0.63616E-06  0.25016E-03  0.00000E+00    4301  0.00000E+00  0.00000E+00  0.00000E+00
     4304.0000  0.00000E+00  0.48094E+00  0.00000E+00  0.45097E+04  0.00000E+00  0.00000E+00  0.82440E-17  0.53785E-04  0.31900E+02  0.65011E-06  0.25660E-03  0.00000E+00    4311  0.00000E+00  0.00000E+00  0.00000E+00
     4314.0000  0.00000E+00  0.48031E+00  0.00000E+00  0.45145E+04  0.00000E+00  0.00000E+00  0.89069E-17  0.54880E-04  0.31900E+02  0.66430E-06  0.26318E-03  0.00000E+00    4321  0.00000E+00  0.00000E+00  0.00000E+00
     4324.0000  0.00000E+00  0.47965E+00  0.00000E+00  0.45193E+04  0.00000E+00  0.00000E+00  0.96201E-17  0.55993E-04  0.31900E+02  0.67875E-06  0.26990E-03  0.00000E+00    4331  0.00000E+00  0.00000E+00  0.00000E+00
     4334.0000  0.00000E+00  0.47902E+00  0.00000E+00  0.45241E+04  0.00000E+00  0.00000E+00  0.10387E-16  0.57123E-04  0.31900E+02  0.69345E-06  0.27677E-03  0.00000E+00    4341  0.00000E+00  0.00000E+00  0.00000E+00
     4344.0000  0.00000E+00  0.47836E+00  0.00000E+00  0.45289E+04  0.00000E+00  0.00000E+00  0.11212E-16  0.58272E-04  0.31900E+02  0.70841E-06  0.28378E-03  0.00000E+00    4351  0.00000E+00  0.00000E+00  0.00000E+00
     4354.0000  0.00000E+00  0.47774E+00  0.00000E+00  0.45337E+04  0.00000E+00  0.00000E+00  0.12098E-16  0.59439E-04  0.31900E+02  0.72363E-06  0.29095E-03  0.00000E+00    4361  0.00000E+00  0.00000E+00  0.00000E+00
     4364.0000  0.00000E+00  0.47708E+00  0.00000E+00  0.45385E+04  0.00000E+00  0.00000E+00  0.13051E-16  0.60624E-04  0.31900E+02  0.73912E-06  0.29827E-03  0.00000E+00    4371  0.00000E+00  0.00000E+00  0.00000E+00
     4374.0000  0.00000E+00  0.47646E+00  0.00000E+00  0.45432E+04  0.00000E+00  0.00000E+00  0.14075E-16  0.61828E-04  0.31900E+02  0.75488E-06  0.30575E-03  0.00000E+00    4381  0.00000E+00  0.00000E+00  0.00000E+00
     4380.0000  0.00000E+00  0.47606E+00  0.00000E+00  0.45461E+04  0.00000E+00  0.00000E+00  0.14725E-16  0.62559E-04  0.31900E+02  0.76446E-06  0.31031E-03  0.00000E+00    4387  0.00000E+00  0.00000E+00  0.00000E+00
     4384.0000  0.00000E+00  0.47581E+00  0.00000E+00  0.45480E+04  0.00000E+00  0.00000E+00  0.15174E-16  0.63051E-04  0.31900E+02  0.77091E-06  0.31339E-03  0.00000E+00    4391  0.00000E+00  0.00000E+00  0.00000E+00
     4394.0000  0.00000E+00  0.47519E+00  0.00000E+00  0.45528E+04  0.00000E+00  0.00000E+00  0.16354E-16  0.64293E-04  0.31900E+02  0.78722E-06  0.32119E-03  0.00000E+00    4401  0.00000E+00  0.00000E+00  0.00000E+00
     4404.0000  0.00000E+00  0.47457E+00  0.00000E+00  0.45575E+04  0.00000E+00  0.00000E+00  0.17620E-16  0.65554E-04  0.31900E+02  0.80380E-06  0.32915E-03  0.00000E+00    4411  0.00000E+00  0.00000E+00  0.00000E+00
     4414.0000  0.00000E+00  0.47392E+00  0.00000E+00  0.45622E+04  0.00000E+00  0.00000E+00  0.18979E-16  0.66835E-04  0.31900E+02  0.82067E-06  0.33728E-03  0.00000E+00    4421  0.00000E+00  0.00000E+00  0.00000E+00
     4424.0000  0.00000E+00  0.47330E+00  0.00000E+00  0.45670E+04  0.00000E+00  0.00000E+00  0.20437E-16  0.68135E-04  0.31900E+02  0.83783E-06  0.34558E-03  0.00000E+00    4431  0.00000E+00  0.00000E+00  0.00000E+00
     4434.0000  0.00000E+00  0.47269E+00  0.00000E+00  0.45717E+04  0.00000E+00  0.00000E+00  0.22000E-16  0.69456E-04  0.31900E+02  0.85527E-06  0.35405E-03  0.00000E+00    4441  0.00000E+00  0.00000E+00  0.00000E+00
     4444.0000  0.00000E+00  0.47207E+00  0.00000E+00  0.45764E+04  0.00000E+00  0.00000E+00  0.23677E-16  0.70796E-04  0.31900E+02  0.87301E-06  0.36270E-03  0.00000E+00    4451  0.00000E+00  0.00000E+00  0.00000E+00
     4454.0000  0.00000E+00  0.47146E+00  0.00000E+00  0.45811E+04  0.00000E+00  0.00000E+00  0.25473E-16  0.72157E-04  0.31900E+02  0.89105E-06  0.37153E-03  0.00000E+00    4461  0.00000E+00  0.00000E+00  0.00000E+00
     4464.0000  0.00000E+00  0.47084E+00  0.00000E+00  0.45859E+04  0.00000E+00  0.00000E+00  0.27398E-16  0.73539E-04  0.31900E+02  0.90939E-06  0.38054E-03  0.00000E+00    4471  0.00000E+00  0.00000E+00  0.00000E+00
     4474.0000  0.00000E+00  0.47020E+00  0.00000E+00  0.45906E+04  0.00000E+00  0.00000E+00  0.29460E-16  0.74941E-04  0.31900E+02  0.92804E-06  0.38974E-03  0.00000E+00    4481  0.00000E+00  0.00000E+00  0.00000E+00
     4484.0000  0.00000E+00  0.46959E+00  0.00000E+00  0.45953E+04  0.00000E+00  0.00000E+00  0.31668E-16  0.76364E-04  0.31900E+02  0.94699E-06  0.39913E-03  0.00000E+00    4491  0.00000E+00  0.00000E+00  0.00000E+00
     4494.0000  0.00000E+00  0.46898E+00  0.00000E+00  0.46000E+04  0.00000E+00  0.00000E+00  0.34031E-16  0.77809E-04  0.31900E+02  0.96626E-06  0.40870E-03  0.00000E+00    4501  0.00000E+00  0.00000E+00  0.00000E+00
     4504.0000  0.00000E+00  0.46837E+00  0.00000E+00  0.46046E+04  0.00000E+00  0.00000E+00  0.36562E-16  0.79275E-04  0.31900E+02  0.98584E-06  0.41847E-03  0.00000E+00    4511  0.00000E+00  0.00000E+00  0.00000E+00
     4514.0000  0.00000E+00  0.46776E+00  0.00000E+00  0.46093E+04  0.00000E+00  0.00000E+00  0.39269E-16  0.80762E-04  0.31900E+02  0.10057E-05  0.42844E-03  0.00000E+00    4521  0.00000E+00  0.00000E+00  0.00000E+00
     4524.0000  0.00000E+00  0.46718E+00  0.00000E+00  0.46140E+04  0.00000E+00  0.00000E+00  0.42165E-16  0.82272E-04  0.31900E+02  0.10260E-05  0.43861E-03  0.00000E+00    4531  0.00000E+00  0.00000E+00  0.00000E+00
     4534.0000  0.00000E+00  0.46657E+00  0.00000E+00  0.46187E+04  0.00000E+00  0.00000E+00  0.45262E-16  0.83804E-04  0.31900E+02  0.10465E-05  0.44898E-03  0.00000E+00    4541  0.00000E+00  0.00000E+00  0.00000E+00
     4544.0000  0.00000E+00  0.46597E+00  0.00000E+00  0.46233E+04  0.00000E+00  0.00000E+00  0.48573E-16  0.85358E-04  0.31900E+02  0.10674E-05  0.45956E-03  0.00000E+00    4551  0.00000E+00  0.00000E+00  0.00000E+00
     4554.0000  0.00000E+00  0.46536E+00  0.00000E+00  0.46280E+04  0.00000E+00  0.00000E+00  0.52112E-16  0.86935E-04  0.31900E+02  0.10886E-05  0.47035E-03  0.00000E+00    4561  0.00000E+00  0.00000E+00  0.00000E+00
     4564.0000  0.00000E+00  0.46476E+00  0.00000E+00  0.46326E+04  0.00000E+00  0.00000E+00  0.55893E-16  0.88534E-04  0.31900E+02  0.11102E-05  0.48135E-03  0.00000E+00    4571  0.00000E+00  0.00000E+00  0.00000E+00
     4574.0000  0.00000E+00  0.46416E+00  0.00000E+00  0.46373E+04  0.00000E+00  0.00000E+00  0.59933E-16  0.90156E-04  0.31900E+02  0.11321E-05  0.49258E-03  0.00000E+00    4581  0.00000E+00  0.00000E+00  0.00000E+00
     4584.0000  0.00000E+00  0.46359E+00  0.00000E+00  0.46419E+04  0.00000E+00  0.00000E+00  0.64248E-16  0.91802E-04  0.31900E+02  0.11544E-05  0.50402E-03  0.00000E+00    4591  0.00000E+00  0.00000E+00  0.00000E+00
     4594.0000  0.00000E+00  0.46299E+00  0.00000E+00  0.46466E+04  0.00000E+00  0.00000E+00  0.68855E-16  0.93471E-04  0.31900E+02  0.11770E-05  0.51569E-03  0.00000E+00    4601  0.00000E+00  0.00000E+00  0.00000E+00
     4604.0000  0.00000E+00  0.46239E+00  0.00000E+00  0.46512E+04  0.00000E+00  0.00000E+00  0.73773E-16  0.95164E-04  0.31900E+02  0.12000E-05  0.52758E-03  0.00000E+00    4611  0.00000E+00  0.00000E+00  0.00000E+00
     4614.0000  0.00000E+00  0.46182E+00  0.00000E+00  0.46558E+04  0.00000E+00  0.00000E+00  0.79021E-16  0.96881E-04  0.31900E+02  0.12233E-05  0.53971E-03  0.00000E+00    4621  0.00000E+00  0.00000E+00  0.00000E+00
     4624.0000  0.00000E+00  0.46122E+00  0.00000E+00  0.46604E+04  0.00000E+00  0.00000E+00  0.84620E-16  0.98622E-04  0.31900E+02  0.12470E-05  0.55207E-03  0.00000E+00    4631  0.00000E+00  0.00000E+00  0.00000E+00
     4634.0000  0.00000E+00  0.46065E+00  0.00000E+00  0.46650E+04  0.00000E+00  0.00000E+00  0.90592E-16  0.10039E-03  0.31900E+02  0.12710E-05  0.56468E-03  0.00000E+00    4641  0.00000E+00  0.00000E+00  0.00000E+00
     4644.0000  0.00000E+00  0.46006E+00  0.00000E+00  0.46696E+04  0.00000E+00  0.00000E+00  0.96960E-16  0.10218E-03  0.31900E+02  0.12955E-05  0.57752E-03  0.00000E+00    4651  0.00000E+00  0.00000E+00  0.00000E+00
     4654.0000  0.00000E+00  0.45949E+00  0.00000E+00  0.46742E+04  0.00000E+00  0.00000E+00  0.10375E-15  0.10399E-03  0.31900E+02  0.13203E-05  0.59061E-03  0.00000E+00    4661  0.00000E+00  0.00000E+00  0.00000E+00
     4664.0000  0.00000E+00  0.45890E+00  0.00000E+00  0.46788E+04  0.00000E+00  0.00000E+00  0.11099E-15  0.10583E-03  0.31900E+02  0.13455E-05  0.60395E-03  0.00000E+00    4671  0.00000E+00  0.00000E+00  0.00000E+00
     4674.0000  0.00000E+00  0.45834E+00  0.00000E+00  0.46834E+04  0.00000E+00  0.00000E+00  0.11870E-15  0.10770E-03  0.31900E+02  0.13710E-05  0.61755E-03  0.00000E+00    4681  0.00000E+00  0.00000E+00  0.00000E+00
     4684.0000  0.00000E+00  0.45775E+00  0.00000E+00  0.46880E+04  0.00000E+00  0.00000E+00  0.12691E-15  0.10959E-03  0.31900E+02  0.13970E-05  0.63140E-03  0.00000E+00    4691  0.00000E+00  0.00000E+00  0.00000E+00
     4694.0000  0.00000E+00  0.45719E+00  0.00000E+00  0.46926E+04  0.00000E+00  0.00000E+00  0.13566E-15  0.11151E-03  0.31900E+02  0.14234E-05  0.64552E-03  0.00000E+00    4701  0.00000E+00  0.00000E+00  0.00000E+00
     4704.0000  0.00000E+00  0.45663E+00  0.00000E+00  0.46971E+04  0.00000E+00  0.00000E+00  0.14497E-15  0.11345E-03  0.31900E+02  0.14501E-05  0.65990E-03  0.00000E+00    4711  0.00000E+00  0.00000E+00  0.00000E+00
     4714.0000  0.00000E+00  0.45604E+00  0.00000E+00  0.47017E+04  0.00000E+00  0.00000E+00  0.15489E-15  0.11542E-03  0.31900E+02  0.14773E-05  0.67455E-03  0.00000E+00    4721  0.00000E+00  0.00000E+00  0.00000E+00
     4724.0000  0.00000E+00  0.45548E+00  0.00000E+00  0.47062E+04  0.00000E+00  0.00000E+00  0.16544E-15  0.11742E-03  0.31900E+02  0.15049E-05  0.68947E-03  0.00000E+00    4731  0.00000E+00  0.00000E+00  0.00000E+00
     4734.0000  0.00000E+00  0.45492E+00  0.00000E+00  0.47108E+04  0.00000E+00  0.00000E+00  0.17667E-15  0.11944E-03  0.31900E+02  0.15329E-05  0.70467E-03  0.00000E+00    4741  0.00000E+00  0.00000E+00  0.00000E+00
     4744.0000  0.00000E+00  0.45436E+00  0.00000E+00  0.47153E+04  0.00000E+00  0.00000E+00  0.18862E-15  0.12149E-03  0.31900E+02  0.15613E-05  0.72016E-03  0.00000E+00    4751  0.00000E+00  0.00000E+00  0.00000E+00
     4745.0000  0.00000E+00  0.45431E+00  0.00000E+00  0.47158E+04  0.00000E+00  0.00000E+00  0.18985E-15  0.12169E-03  0.31900E+02  0.15641E-05  0.72172E-03  0.00000E+00    4752  0.00000E+00  0.00000E+00  0.00000E+00
     4754.0000  0.00000E+00  0.45378E+00  0.00000E+00  0.47199E+04  0.00000E+00  0.00000E+00  0.20132E-15  0.12356E-03  0.31900E+02  0.15901E-05  0.73593E-03  0.00000E+00    4761  0.00000E+00  0.00000E+00  0.00000E+00
     4764.0000  0.00000E+00  0.45322E+00  0.00000E+00  0.47244E+04  0.00000E+00  0.00000E+00  0.21482E-15  0.12567E-03  0.31900E+02  0.16193E-05  0.75199E-03  0.00000E+00    4771  0.00000E+00  0.00000E+00  0.00000E+00
     4774.0000  0.00000E+00  0.45267E+00  0.00000E+00  0.47289E+04  0.00000E+00  0.00000E+00  0.22918E-15  0.12780E-03  0.31900E+02  0.16490E-05  0.76835E-03  0.00000E+00    4781  0.00000E+00  0.00000E+00  0.00000E+00
     4784.0000  0.00000E+00  0.45212E+00  0.00000E+00  0.47335E+04  0.00000E+00  0.00000E+00  0.24444E-15  0.12996E-03  0.31900E+02  0.16791E-05  0.78500E-03  0.00000E+00    4791  0.00000E+00  0.00000E+00  0.00000E+00
     4794.0000  0.00000E+00  0.45157E+00  0.00000E+00  0.47380E+04  0.00000E+00  0.00000E+00  0.26064E-15  0.13215E-03  0.31900E+02  0.17097E-05  0.80196E-03  0.00000E+00    4801  0.00000E+00  0.00000E+00  0.00000E+00
     4804.0000  0.00000E+00  0.45101E+00  0.00000E+00  0.47425E+04  0.00000E+00  0.00000E+00  0.27786E-15  0.13437E-03  0.31900E+02  0.17407E-05  0.81923E-03  0.00000E+00    4811  0.00000E+00  0.00000E+00  0.00000E+00
     4814.0000  0.00000E+00  0.45046E+00  0.00000E+00  0.47470E+04  0.00000E+00  0.00000E+00  0.29615E-15  0.13661E-03  0.31900E+02  0.17721E-05  0.83681E-03  0.00000E+00    4821  0.00000E+00  0.00000E+00  0.00000E+00
     4824.0000  0.00000E+00  0.44991E+00  0.00000E+00  0.47515E+04  0.00000E+00  0.00000E+00  0.31556E-15  0.13889E-03  0.31900E+02  0.18040E-05  0.85470E-03  0.00000E+00    4831  0.00000E+00  0.00000E+00  0.00000E+00
     4834.0000  0.00000E+00  0.44937E+00  0.00000E+00  0.47560E+04  0.00000E+00  0.00000E+00  0.33617E-15  0.14119E-03  0.31900E+02  0.18364E-05  0.87292E-03  0.00000E+00    4841  0.00000E+00  0.00000E+00  0.00000E+00
     4844.0000  0.00000E+00  0.44882E+00  0.00000E+00  0.47605E+04  0.00000E+00  0.00000E+00  0.35805E-15  0.14353E-03  0.31900E+02  0.18692E-05  0.89147E-03  0.00000E+00    4851  0.00000E+00  0.00000E+00  0.00000E+00
     4854.0000  0.00000E+00  0.44827E+00  0.00000E+00  0.47650E+04  0.00000E+00  0.00000E+00  0.38125E-15  0.14589E-03  0.31900E+02  0.19025E-05  0.91034E-03  0.00000E+00    4861  0.00000E+00  0.00000E+00  0.00000E+00
     4864.0000  0.00000E+00  0.44773E+00  0.00000E+00  0.47695E+04  0.00000E+00  0.00000E+00  0.40587E-15  0.14828E-03  0.31900E+02  0.19363E-05  0.92955E-03  0.00000E+00    4871  0.00000E+00  0.00000E+00  0.00000E+00
     4874.0000  0.00000E+00  0.44718E+00  0.00000E+00  0.47739E+04  0.00000E+00  0.00000E+00  0.43198E-15  0.15071E-03  0.31900E+02  0.19705E-05  0.94910E-03  0.00000E+00    4881  0.00000E+00  0.00000E+00  0.00000E+00
     4884.0000  0.00000E+00  0.44664E+00  0.00000E+00  0.47784E+04  0.00000E+00  0.00000E+00  0.45966E-15  0.15316E-03  0.31900E+02  0.20053E-05  0.96900E-03  0.00000E+00    4891  0.00000E+00  0.00000E+00  0.00000E+00
     4894.0000  0.00000E+00  0.44609E+00  0.00000E+00  0.47829E+04  0.00000E+00  0.00000E+00  0.48901E-15  0.15565E-03  0.31900E+02  0.20405E-05  0.98925E-03  0.00000E+00    4901  0.00000E+00  0.00000E+00  0.00000E+00
     4904.0000  0.00000E+00  0.44558E+00  0.00000E+00  0.47873E+04  0.00000E+00  0.00000E+00  0.52011E-15  0.15817E-03  0.31900E+02  0.20762E-05  0.10098E-02  0.00000E+00    4911  0.00000E+00  0.00000E+00  0.00000E+00
     4914.0000  0.00000E+00  0.44504E+00  0.00000E+00  0.47918E+04  0.00000E+00  0.00000E+00  0.55306E-15  0.16071E-03  0.31900E+02  0.21124E-05  0.10308E-02  0.00000E+00    4921  0.00000E+00  0.00000E+00  0.00000E+00
     4924.0000  0.00000E+00  0.44450E+00  0.00000E+00  0.47962E+04  0.00000E+00  0.00000E+00  0.58798E-15  0.16329E-03  0.31900E+02  0.21491E-05  0.10521E-02  0.00000E+00    4931  0.00000E+00  0.00000E+00  0.00000E+00
     4934.0000  0.00000E+00  0.44399E+00  0.00000E+00  0.48007E+04  0.00000E+00  0.00000E+00  0.62496E-15  0.16590E-03  0.31900E+02  0.21863E-05  0.10738E-02  0.00000E+00    4941  0.00000E+00  0.00000E+00  0.00000E+00
     4944.0000  0.00000E+00  0.44345E+00  0.00000E+00  0.48051E+04  0.00000E+00  0.00000E+00  0.66411E-15  0.16855E-03  0.31900E+02  0.22240E-05  0.10959E-02  0.00000E+00    4951  0.00000E+00  0.00000E+00  0.00000E+00
     4954.0000  0.00000E+00  0.44291E+00  0.00000E+00  0.48095E+04  0.00000E+00  0.00000E+00  0.70557E-15  0.17122E-03  0.31900E+02  0.22622E-05  0.11183E-02  0.00000E+00    4961  0.00000E+00  0.00000E+00  0.00000E+00
     4964.0000  0.00000E+00  0.44241E+00  0.00000E+00  0.48140E+04  0.00000E+00  0.00000E+00  0.74945E-15  0.17393E-03  0.31900E+02  0.23010E-05  0.11412E-02  0.00000E+00    4971  0.00000E+00  0.00000E+00  0.00000E+00
     4974.0000  0.00000E+00  0.44187E+00  0.00000E+00  0.48184E+04  0.00000E+00  0.00000E+00  0.79589E-15  0.17667E-03  0.31900E+02  0.23403E-05  0.11644E-02  0.00000E+00    4981  0.00000E+00  0.00000E+00  0.00000E+00
     4984.0000  0.00000E+00  0.44133E+00  0.00000E+00  0.48228E+04  0.00000E+00  0.00000E+00  0.84502E-15  0.17945E-03  0.31900E+02  0.23801E-05  0.11880E-02  0.00000E+00    4991  0.00000E+00  0.00000E+00  0.00000E+00
     4994.0000  0.00000E+00  0.44083E+00  0.00000E+00  0.48272E+04  0.00000E+00  0.00000E+00  0.89699E-15  0.18225E-03  0.31900E+02  0.24205E-05  0.12121E-02  0.00000E+00    5001  0.00000E+00  0.00000E+00  0.00000E+00
     5004.0000  0.00000E+00  0.44029E+00  0.00000E+00  0.48316E+04  0.00000E+00  0.00000E+00  0.95195E-15  0.18510E-03  0.31900E+02  0.24614E-05  0.12365E-02  0.00000E+00    5011  0.00000E+00  0.00000E+00  0.00000E+00
     5014.0000  0.00000E+00  0.43979E+00  0.00000E+00  0.48360E+04  0.00000E+00  0.00000E+00  0.10101E-14  0.18797E-03  0.31900E+02  0.25028E-05  0.12613E-02  0.00000E+00    5021  0.00000E+00  0.00000E+00  0.00000E+00
     5024.0000  0.00000E+00  0.43926E+00  0.00000E+00  0.48404E+04  0.00000E+00  0.00000E+00  0.10715E-14  0.19088E-03  0.31900E+02  0.25448E-05  0.12866E-02  0.00000E+00    5031  0.00000E+00  0.00000E+00  0.00000E+00
     5034.0000  0.00000E+00  0.43875E+00  0.00000E+00  0.48448E+04  0.00000E+00  0.00000E+00  0.11364E-14  0.19382E-03  0.31900E+02  0.25874E-05  0.13123E-02  0.00000E+00    5041  0.00000E+00  0.00000E+00  0.00000E+00
     5044.0000  0.00000E+00  0.43825E+00  0.00000E+00  0.48492E+04  0.00000E+00  0.00000E+00  0.12051E-14  0.19680E-03  0.31900E+02  0.26305E-05  0.13384E-02  0.00000E+00    5051  0.00000E+00  0.00000E+00  0.00000E+00
     5054.0000  0.00000E+00  0.43772E+00  0.00000E+00  0.48536E+04  0.00000E+00  0.00000E+00  0.12776E-14  0.19982E-03  0.31900E+02  0.26742E-05  0.13649E-02  0.00000E+00    5061  0.00000E+00  0.00000E+00  0.00000E+00
     5064.0000  0.00000E+00  0.43722E+00  0.00000E+00  0.48579E+04  0.00000E+00  0.00000E+00  0.13541E-14  0.20287E-03  0.31900E+02  0.27185E-05  0.13919E-02  0.00000E+00    5071  0.00000E+00  0.00000E+00  0.00000E+00
     5074.0000  0.00000E+00  0.43670E+00  0.00000E+00  0.48623E+04  0.00000E+00  0.00000E+00  0.14350E-14  0.20595E-03  0.31900E+02  0.27633E-05  0.14193E-02  0.00000E+00    5081  0.00000E+00  0.00000E+00  0.00000E+00
     5084.0000  0.00000E+00  0.43620E+00  0.00000E+00  0.48667E+04  0.00000E+00  0.00000E+00  0.15204E-14  0.20907E-03  0.31900E+02  0.28088E-05  0.14472E-02  0.00000E+00    5091  0.00000E+00  0.00000E+00  0.00000E+00
     5094.0000  0.00000E+00  0.43570E+00  0.00000E+00  0.48710E+04  0.00000E+00  0.00000E+00  0.16105E-14  0.21223E-03  0.31900E+02  0.28548E-05  0.14756E-02  0.00000E+00    5101  0.00000E+00  0.00000E+00  0.00000E+00
     5104.0000  0.00000E+00  0.43520E+00  0.00000E+00  0.48754E+04  0.00000E+00  0.00000E+00  0.17057E-14  0.21542E-03  0.31900E+02  0.29014E-05  0.15044E-02  0.00000E+00    5111  0.00000E+00  0.00000E+00  0.00000E+00
     5110.0000  0.00000E+00  0.43490E+00  0.00000E+00  0.48780E+04  0.00000E+00  0.00000E+00  0.17652E-14  0.21735E-03  0.31900E+02  0.29297E-05  0.15219E-02  0.00000E+00    5117  0.00000E+00  0.00000E+00  0.00000E+00
     5114.0000  0.00000E+00  0.43468E+00  0.00000E+00  0.48797E+04  0.00000E+00  0.00000E+00  0.18061E-14  0.21865E-03  0.31900E+02  0.29487E-05  0.15336E-02  0.00000E+00    5121  0.00000E+00  0.00000E+00  0.00000E+00
     5124.0000  0.00000E+00  0.43418E+00  0.00000E+00  0.48841E+04  0.00000E+00  0.00000E+00  0.19120E-14  0.22192E-03  0.31900E+02  0.29965E-05  0.15634E-02  0.00000E+00    5131  0.00000E+00  0.00000E+00  0.00000E+00
     5134.0000  0.00000E+00  0.43369E+00  0.00000E+00  0.48884E+04  0.00000E+00  0.00000E+00  0.20237E-14  0.22522E-03  0.31900E+02  0.30449E-05  0.15936E-02  0.00000E+00    5141  0.00000E+00  0.00000E+00  0.00000E+00
     5144.0000  0.00000E+00  0.43319E+00  0.00000E+00  0.48928E+04  0.00000E+00  0.00000E+00  0.21415E-14  0.22856E-03  0.31900E+02  0.30940E-05  0.16243E-02  0.00000E+00    5151  0.00000E+00  0.00000E+00  0.00000E+00
     5154.0000  0.00000E+00  0.43270E+00  0.00000E+00  0.48971E+04  0.00000E+00  0.00000E+00  0.22658E-14  0.23194E-03  0.31900E+02  0.31437E-05  0.16555E-02  0.00000E+00    5161  0.00000E+00  0.00000E+00  0.00000E+00
     5164.0000  0.00000E+00  0.43218E+00  0.00000E+00  0.49014E+04  0.00000E+00  0.00000E+00  0.23967E-14  0.23536E-03  0.31900E+02  0.31940E-05  0.16873E-02  0.00000E+00    5171  0.00000E+00  0.00000E+00  0.00000E+00
     5174.0000  0.00000E+00  0.43169E+00  0.00000E+00  0.49057E+04  0.00000E+00  0.00000E+00  0.25348E-14  0.23881E-03  0.31900E+02  0.32449E-05  0.17195E-02  0.00000E+00    5181  0.00000E+00  0.00000E+00  0.00000E+00
     5184.0000  0.00000E+00  0.43120E+00  0.00000E+00  0.49100E+04  0.00000E+00  0.00000E+00  0.26802E-14  0.24231E-03  0.31900E+02  0.32965E-05  0.17522E-02  0.00000E+00    5191  0.00000E+00  0.00000E+00  0.00000E+00
     5194.0000  0.00000E+00  0.43071E+00  0.00000E+00  0.49143E+04  0.00000E+00  0.00000E+00  0.28335E-14  0.24584E-03  0.31900E+02  0.33488E-05  0.17855E-02  0.00000E+00    5201  0.00000E+00  0.00000E+00  0.00000E+00
     5204.0000  0.00000E+00  0.43022E+00  0.00000E+00  0.49187E+04  0.00000E+00  0.00000E+00  0.29950E-14  0.24941E-03  0.31900E+02  0.34017E-05  0.18192E-02  0.00000E+00    5211  0.00000E+00  0.00000E+00  0.00000E+00
     5214.0000  0.00000E+00  0.42973E+00  0.00000E+00  0.49229E+04  0.00000E+00  0.00000E+00  0.31650E-14  0.25302E-03  0.31900E+02  0.34552E-05  0.18536E-02  0.00000E+00    5221  0.00000E+00  0.00000E+00  0.00000E+00
     5224.0000  0.00000E+00  0.42924E+00  0.00000E+00  0.49272E+04  0.00000E+00  0.00000E+00  0.33441E-14  0.25667E-03  0.31900E+02  0.35094E-05  0.18884E-02  0.00000E+00    5231  0.00000E+00  0.00000E+00  0.00000E+00
     5234.0000  0.00000E+00  0.42875E+00  0.00000E+00  0.49315E+04  0.00000E+00  0.00000E+00  0.35327E-14  0.26036E-03  0.31900E+02  0.35643E-05  0.19238E-02  0.00000E+00    5241  0.00000E+00  0.00000E+00  0.00000E+00
     5244.0000  0.00000E+00  0.42827E+00  0.00000E+00  0.49358E+04  0.00000E+00  0.00000E+00  0.37311E-14  0.26409E-03  0.31900E+02  0.36199E-05  0.19597E-02  0.00000E+00    5251  0.00000E+00  0.00000E+00  0.00000E+00
     5254.0000  0.00000E+00  0.42778E+00  0.00000E+00  0.49401E+04  0.00000E+00  0.00000E+00  0.39400E-14  0.26787E-03  0.31900E+02  0.36761E-05  0.19963E-02  0.00000E+00    5261  0.00000E+00  0.00000E+00  0.00000E+00
     5264.0000  0.00000E+00  0.42730E+00  0.00000E+00  0.49444E+04  0.00000E+00  0.00000E+00  0.41598E-14  0.27168E-03  0.31900E+02  0.37330E-05  0.20333E-02  0.00000E+00    5271  0.00000E+00  0.00000E+00  0.00000E+00
     5274.0000  0.00000E+00  0.42684E+00  0.00000E+00  0.49486E+04  0.00000E+00  0.00000E+00  0.43910E-14  0.27553E-03  0.31900E+02  0.37906E-05  0.20710E-02  0.00000E+00    5281  0.00000E+00  0.00000E+00  0.00000E+00
     5284.0000  0.00000E+00  0.42636E+00  0.00000E+00  0.49529E+04  0.00000E+00  0.00000E+00  0.46342E-14  0.27943E-03  0.31900E+02  0.38489E-05  0.21092E-02  0.00000E+00    5291  0.00000E+00  0.00000E+00  0.00000E+00
     5294.0000  0.00000E+00  0.42588E+00  0.00000E+00  0.49572E+04  0.00000E+00  0.00000E+00  0.48900E-14  0.28336E-03  0.31900E+02  0.39080E-05  0.21480E-02  0.00000E+00    5301  0.00000E+00  0.00000E+00  0.00000E+00
     5304.0000  0.00000E+00  0.42540E+00  0.00000E+00  0.49614E+04  0.00000E+00  0.00000E+00  0.51589E-14  0.28734E-03  0.31900E+02  0.39677E-05  0.21874E-02  0.00000E+00    5311  0.00000E+00  0.00000E+00  0.00000E+00
     5314.0000  0.00000E+00  0.42491E+00  0.00000E+00  0.49657E+04  0.00000E+00  0.00000E+00  0.54417E-14  0.29136E-03  0.31900E+02  0.40281E-05  0.22274E-02  0.00000E+00    5321  0.00000E+00  0.00000E+00  0.00000E+00
     5324.0000  0.00000E+00  0.42446E+00  0.00000E+00  0.49699E+04  0.00000E+00  0.00000E+00  0.57389E-14  0.29542E-03  0.31900E+02  0.40893E-05  0.22680E-02  0.00000E+00    5331  0.00000E+00  0.00000E+00  0.00000E+00
     5334.0000  0.00000E+00  0.42398E+00  0.00000E+00  0.49742E+04  0.00000E+00  0.00000E+00  0.60512E-14  0.29953E-03  0.31900E+02  0.41512E-05  0.23093E-02  0.00000E+00    5341  0.00000E+00  0.00000E+00  0.00000E+00
     5344.0000  0.00000E+00  0.42350E+00  0.00000E+00  0.49784E+04  0.00000E+00  0.00000E+00  0.63794E-14  0.30368E-03  0.31900E+02  0.42138E-05  0.23511E-02  0.00000E+00    5351  0.00000E+00  0.00000E+00  0.00000E+00
     5354.0000  0.00000E+00  0.42302E+00  0.00000E+00  0.49826E+04  0.00000E+00  0.00000E+00  0.67242E-14  0.30787E-03  0.31900E+02  0.42772E-05  0.23936E-02  0.00000E+00    5361  0.00000E+00  0.00000E+00  0.00000E+00
     5364.0000  0.00000E+00  0.42258E+00  0.00000E+00  0.49869E+04  0.00000E+00  0.00000E+00  0.70864E-14  0.31210E-03  0.31900E+02  0.43413E-05  0.24367E-02  0.00000E+00    5371  0.00000E+00  0.00000E+00  0.00000E+00
     5374.0000  0.00000E+00  0.42210E+00  0.00000E+00  0.49911E+04  0.00000E+00  0.00000E+00  0.74668E-14  0.31638E-03  0.31900E+02  0.44062E-05  0.24805E-02  0.00000E+00    5381  0.00000E+00  0.00000E+00  0.00000E+00
     5384.0000  0.00000E+00  0.42162E+00  0.00000E+00  0.49953E+04  0.00000E+00  0.00000E+00  0.78661E-14  0.32071E-03  0.31900E+02  0.44718E-05  0.25249E-02  0.00000E+00    5391  0.00000E+00  0.00000E+00  0.00000E+00
     5394.0000  0.00000E+00  0.42118E+00  0.00000E+00  0.49995E+04  0.00000E+00  0.00000E+00  0.82854E-14  0.32507E-03  0.31900E+02  0.45382E-05  0.25700E-02  0.00000E+00    5401  0.00000E+00  0.00000E+00  0.00000E+00
     5404.0000  0.00000E+00  0.42070E+00  0.00000E+00  0.50037E+04  0.00000E+00  0.00000E+00  0.87255E-14  0.32949E-03  0.31900E+02  0.46053E-05  0.26158E-02  0.00000E+00    5411  0.00000E+00  0.00000E+00  0.00000E+00
     5414.0000  0.00000E+00  0.42026E+00  0.00000E+00  0.50079E+04  0.00000E+00  0.00000E+00  0.91874E-14  0.33394E-03  0.31900E+02  0.46733E-05  0.26622E-02  0.00000E+00    5421  0.00000E+00  0.00000E+00  0.00000E+00
     5424.0000  0.00000E+00  0.41978E+00  0.00000E+00  0.50121E+04  0.00000E+00  0.00000E+00  0.96721E-14  0.33845E-03  0.31900E+02  0.47420E-05  0.27093E-02  0.00000E+00    5431  0.00000E+00  0.00000E+00  0.00000E+00
     5434.0000  0.00000E+00  0.41934E+00  0.00000E+00  0.50163E+04  0.00000E+00  0.00000E+00  0.10181E-13  0.34300E-03  0.31900E+02  0.48115E-05  0.27571E-02  0.00000E+00    5441  0.00000E+00  0.00000E+00  0.00000E+00
     5444.0000  0.00000E+00  0.41886E+00  0.00000E+00  0.50205E+04  0.00000E+00  0.00000E+00  0.10714E-13  0.34759E-03  0.31900E+02  0.48818E-05  0.28056E-02  0.00000E+00    5451  0.00000E+00  0.00000E+00  0.00000E+00
     5454.0000  0.00000E+00  0.41842E+00  0.00000E+00  0.50247E+04  0.00000E+00  0.00000E+00  0.11273E-13  0.35223E-03  0.31900E+02  0.49529E-05  0.28548E-02  0.00000E+00    5461  0.00000E+00  0.00000E+00  0.00000E+00
     5464.0000  0.00000E+00  0.41795E+00  0.00000E+00  0.50289E+04  0.00000E+00  0.00000E+00  0.11860E-13  0.35692E-03  0.31900E+02  0.50248E-05  0.29047E-02  0.00000E+00    5471  0.00000E+00  0.00000E+00  0.00000E+00
     5474.0000  0.00000E+00  0.41751E+00  0.00000E+00  0.50331E+04  0.00000E+00  0.00000E+00  0.12475E-13  0.36165E-03  0.31900E+02  0.50976E-05  0.29554E-02  0.00000E+00    5481  0.00000E+00  0.00000E+00  0.00000E+00
     5475.0000  0.00000E+00  0.41746E+00  0.00000E+00  0.50335E+04  0.00000E+00  0.00000E+00  0.12538E-13  0.36213E-03  0.31900E+02  0.51049E-05  0.29605E-02  0.00000E+00    5482  0.00000E+00  0.00000E+00  0.00000E+00
     5484.0000  0.00000E+00  0.41704E+00  0.00000E+00  0.50372E+04  0.00000E+00  0.00000E+00  0.13120E-13  0.36643E-03  0.31900E+02  0.51711E-05  0.30068E-02  0.00000E+00    5491  0.00000E+00  0.00000E+00  0.00000E+00
     5494.0000  0.00000E+00  0.41660E+00  0.00000E+00  0.50414E+04  0.00000E+00  0.00000E+00  0.13795E-13  0.37126E-03  0.31900E+02  0.52455E-05  0.30589E-02  0.00000E+00    5501  0.00000E+00  0.00000E+00  0.00000E+00
     5504.0000  0.00000E+00  0.41616E+00  0.00000E+00  0.50456E+04  0.00000E+00  0.00000E+00  0.14504E-13  0.37614E-03  0.31900E+02  0.53207E-05  0.31118E-02  0.00000E+00    5511  0.00000E+00  0.00000E+00  0.00000E+00
     5514.0000  0.00000E+00  0.41569E+00  0.00000E+00  0.50497E+04  0.00000E+00  0.00000E+00  0.15246E-13  0.38106E-03  0.31900E+02  0.53968E-05  0.31654E-02  0.00000E+00    5521  0.00000E+00  0.00000E+00  0.00000E+00
     5524.0000  0.00000E+00  0.41525E+00  0.00000E+00  0.50539E+04  0.00000E+00  0.00000E+00  0.16023E-13  0.38603E-03  0.31900E+02  0.54737E-05  0.32198E-02  0.00000E+00    5531  0.00000E+00  0.00000E+00  0.00000E+00
     5534.0000  0.00000E+00  0.41479E+00  0.00000E+00  0.50580E+04  0.00000E+00  0.00000E+00  0.16837E-13  0.39105E-03  0.31900E+02  0.55514E-05  0.32749E-02  0.00000E+00    5541  0.00000E+00  0.00000E+00  0.00000E+00
     5544.0000  0.00000E+00  0.41435E+00  0.00000E+00  0.50622E+04  0.00000E+00  0.00000E+00  0.17690E-13  0.39612E-03  0.31900E+02  0.56300E-05  0.33309E-02  0.00000E+00    5551  0.00000E+00  0.00000E+00  0.00000E+00
     5554.0000  0.00000E+00  0.41391E+00  0.00000E+00  0.50663E+04  0.00000E+00  0.00000E+00  0.18582E-13  0.40124E-03  0.31900E+02  0.57095E-05  0.33876E-02  0.00000E+00    5561  0.00000E+00  0.00000E+00  0.00000E+00
     5564.0000  0.00000E+00  0.41348E+00  0.00000E+00  0.50705E+04  0.00000E+00  0.00000E+00  0.19517E-13  0.40641E-03  0.31900E+02  0.57899E-05  0.34452E-02  0.00000E+00    5571  0.00000E+00  0.00000E+00  0.00000E+00
     5574.0000  0.00000E+00  0.41301E+00  0.00000E+00  0.50746E+04  0.00000E+00  0.00000E+00  0.20495E-13  0.41163E-03  0.31900E+02  0.58711E-05  0.35035E-02  0.00000E+00    5581  0.00000E+00  0.00000E+00  0.00000E+00
     5584.0000  0.00000E+00  0.41258E+00  0.00000E+00  0.50787E+04  0.00000E+00  0.00000E+00  0.21519E-13  0.41690E-03  0.31900E+02  0.59532E-05  0.35627E-02  0.00000E+00    5591  0.00000E+00  0.00000E+00  0.00000E+00
     5594.0000  0.00000E+00  0.41215E+00  0.00000E+00  0.50828E+04  0.00000E+00  0.00000E+00  0.22591E-13  0.42221E-03  0.31900E+02  0.60362E-05  0.36226E-02  0.00000E+00    5601  0.00000E+00  0.00000E+00  0.00000E+00
     5604.0000  0.00000E+00  0.41171E+00  0.00000E+00  0.50870E+04  0.00000E+00  0.00000E+00  0.23712E-13  0.42758E-03  0.31900E+02  0.61201E-05  0.36835E-02  0.00000E+00    5611  0.00000E+00  0.00000E+00  0.00000E+00
     5614.0000  0.00000E+00  0.41128E+00  0.00000E+00  0.50911E+04  0.00000E+00  0.00000E+00  0.24885E-13  0.43300E-03  0.31900E+02  0.62050E-05  0.37451E-02  0.00000E+00    5621  0.00000E+00  0.00000E+00  0.00000E+00
     5624.0000  0.00000E+00  0.41082E+00  0.00000E+00  0.50952E+04  0.00000E+00  0.00000E+00  0.26112E-13  0.43847E-03  0.31900E+02  0.62907E-05  0.38077E-02  0.00000E+00    5631  0.00000E+00  0.00000E+00  0.00000E+00
     5634.0000  0.00000E+00  0.41039E+00  0.00000E+00  0.50993E+04  0.00000E+00  0.00000E+00  0.27395E-13  0.44399E-03  0.31900E+02  0.63773E-05  0.38710E-02  0.00000E+00    5641  0.00000E+00  0.00000E+00  0.00000E+00
     5644.0000  0.00000E+00  0.40996E+00  0.00000E+00  0.51034E+04  0.00000E+00  0.00000E+00  0.28736E-13  0.44957E-03  0.31900E+02  0.64649E-05  0.39353E-02  0.00000E+00    5651  0.00000E+00  0.00000E+00  0.00000E+00
     5654.0000  0.00000E+00  0.40953E+00  0.00000E+00  0.51075E+04  0.00000E+00  0.00000E+00  0.30139E-13  0.45519E-03  0.31900E+02  0.65534E-05  0.40004E-02  0.00000E+00    5661  0.00000E+00  0.00000E+00  0.00000E+00
     5664.0000  0.00000E+00  0.40910E+00  0.00000E+00  0.51116E+04  0.00000E+00  0.00000E+00  0.31605E-13  0.46087E-03  0.31900E+02  0.66428E-05  0.40665E-02  0.00000E+00    5671  0.00000E+00  0.00000E+00  0.00000E+00
     5674.0000  0.00000E+00  0.40867E+00  0.00000E+00  0.51157E+04  0.00000E+00  0.00000E+00  0.33137E-13  0.46660E-03  0.31900E+02  0.67332E-05  0.41334E-02  0.00000E+00    5681  0.00000E+00  0.00000E+00  0.00000E+00
     5684.0000  0.00000E+00  0.40824E+00  0.00000E+00  0.51197E+04  0.00000E+00  0.00000E+00  0.34739E-13  0.47238E-03  0.31900E+02  0.68246E-05  0.42012E-02  0.00000E+00    5691  0.00000E+00  0.00000E+00  0.00000E+00
     5694.0000  0.00000E+00  0.40781E+00  0.00000E+00  0.51238E+04  0.00000E+00  0.00000E+00  0.36412E-13  0.47822E-03  0.31900E+02  0.69169E-05  0.42700E-02  0.00000E+00    5701  0.00000E+00  0.00000E+00  0.00000E+00
     5704.0000  0.00000E+00  0.40738E+00  0.00000E+00  0.51279E+04  0.00000E+00  0.00000E+00  0.38160E-13  0.48411E-03  0.31900E+02  0.70101E-05  0.43396E-02  0.00000E+00    5711  0.00000E+00  0.00000E+00  0.00000E+00
     5714.0000  0.00000E+00  0.40696E+00  0.00000E+00  0.51320E+04  0.00000E+00  0.00000E+00  0.39986E-13  0.49005E-03  0.31900E+02  0.71044E-05  0.44103E-02  0.00000E+00    5721  0.00000E+00  0.00000E+00  0.00000E+00
     5724.0000  0.00000E+00  0.40653E+00  0.00000E+00  0.51360E+04  0.00000E+00  0.00000E+00  0.41893E-13  0.49605E-03  0.31900E+02  0.71996E-05  0.44818E-02  0.00000E+00    5731  0.00000E+00  0.00000E+00  0.00000E+00
     5734.0000  0.00000E+00  0.40611E+00  0.00000E+00  0.51401E+04  0.00000E+00  0.00000E+00  0.43885E-13  0.50210E-03  0.31900E+02  0.72958E-05  0.45544E-02  0.00000E+00    5741  0.00000E+00  0.00000E+00  0.00000E+00
     5744.0000  0.00000E+00  0.40568E+00  0.00000E+00  0.51442E+04  0.00000E+00  0.00000E+00  0.45964E-13  0.50821E-03  0.31900E+02  0.73930E-05  0.46278E-02  0.00000E+00    5751  0.00000E+00  0.00000E+00  0.00000E+00
     5754.0000  0.00000E+00  0.40526E+00  0.00000E+00  0.51482E+04  0.00000E+00  0.00000E+00  0.48135E-13  0.51437E-03  0.31900E+02  0.74912E-05  0.47023E-02  0.00000E+00    5761  0.00000E+00  0.00000E+00  0.00000E+00
     5764.0000  0.00000E+00  0.40483E+00  0.00000E+00  0.51523E+04  0.00000E+00  0.00000E+00  0.50401E-13  0.52058E-03  0.31900E+02  0.75904E-05  0.47778E-02  0.00000E+00    5771  0.00000E+00  0.00000E+00  0.00000E+00
     5774.0000  0.00000E+00  0.40441E+00  0.00000E+00  0.51563E+04  0.00000E+00  0.00000E+00  0.52766E-13  0.52686E-03  0.31900E+02  0.76906E-05  0.48542E-02  0.00000E+00    5781  0.00000E+00  0.00000E+00  0.00000E+00
     5784.0000  0.00000E+00  0.40402E+00  0.00000E+00  0.51604E+04  0.00000E+00  0.00000E+00  0.55233E-13  0.53318E-03  0.31900E+02  0.77919E-05  0.49317E-02  0.00000E+00    5791  0.00000E+00  0.00000E+00  0.00000E+00
     5794.0000  0.00000E+00  0.40359E+00  0.00000E+00  0.51644E+04  0.00000E+00  0.00000E+00  0.57808E-13  0.53957E-03  0.31900E+02  0.78941E-05  0.50102E-02  0.00000E+00    5801  0.00000E+00  0.00000E+00  0.00000E+00
     5804.0000  0.00000E+00  0.40317E+00  0.00000E+00  0.51684E+04  0.00000E+00  0.00000E+00  0.60494E-13  0.54601E-03  0.31900E+02  0.79974E-05  0.50897E-02  0.00000E+00    5811  0.00000E+00  0.00000E+00  0.00000E+00
     5814.0000  0.00000E+00  0.40275E+00  0.00000E+00  0.51725E+04  0.00000E+00  0.00000E+00  0.63296E-13  0.55251E-03  0.31900E+02  0.81018E-05  0.51702E-02  0.00000E+00    5821  0.00000E+00  0.00000E+00  0.00000E+00
     5824.0000  0.00000E+00  0.40233E+00  0.00000E+00  0.51765E+04  0.00000E+00  0.00000E+00  0.66218E-13  0.55906E-03  0.31900E+02  0.82072E-05  0.52518E-02  0.00000E+00    5831  0.00000E+00  0.00000E+00  0.00000E+00
     5834.0000  0.00000E+00  0.40194E+00  0.00000E+00  0.51805E+04  0.00000E+00  0.00000E+00  0.69265E-13  0.56567E-03  0.31900E+02  0.83136E-05  0.53345E-02  0.00000E+00    5841  0.00000E+00  0.00000E+00  0.00000E+00
     5840.0000  0.00000E+00  0.40167E+00  0.00000E+00  0.51829E+04  0.00000E+00  0.00000E+00  0.71155E-13  0.56967E-03  0.31900E+02  0.83780E-05  0.53846E-02  0.00000E+00    5847  0.00000E+00  0.00000E+00  0.00000E+00
     5844.0000  0.00000E+00  0.40152E+00  0.00000E+00  0.51845E+04  0.00000E+00  0.00000E+00  0.72442E-13  0.57234E-03  0.31900E+02  0.84211E-05  0.54182E-02  0.00000E+00    5851  0.00000E+00  0.00000E+00  0.00000E+00
     5854.0000  0.00000E+00  0.40110E+00  0.00000E+00  0.51885E+04  0.00000E+00  0.00000E+00  0.75754E-13  0.57907E-03  0.31900E+02  0.85297E-05  0.55030E-02  0.00000E+00    5861  0.00000E+00  0.00000E+00  0.00000E+00
     5864.0000  0.00000E+00  0.40069E+00  0.00000E+00  0.51925E+04  0.00000E+00  0.00000E+00  0.79206E-13  0.58585E-03  0.31900E+02  0.86394E-05  0.55889E-02  0.00000E+00    5871  0.00000E+00  0.00000E+00  0.00000E+00
     5874.0000  0.00000E+00  0.40030E+00  0.00000E+00  0.51965E+04  0.00000E+00  0.00000E+00  0.82804E-13  0.59270E-03  0.31900E+02  0.87501E-05  0.56759E-02  0.00000E+00    5881  0.00000E+00  0.00000E+00  0.00000E+00
     5884.0000  0.00000E+00  0.39988E+00  0.00000E+00  0.52005E+04  0.00000E+00  0.00000E+00  0.86554E-13  0.59960E-03  0.31900E+02  0.88620E-05  0.57640E-02  0.00000E+00    5891  0.00000E+00  0.00000E+00  0.00000E+00
     5894.0000  0.00000E+00  0.39946E+00  0.00000E+00  0.52045E+04  0.00000E+00  0.00000E+00  0.90461E-13  0.60656E-03  0.31900E+02  0.89749E-05  0.58533E-02  0.00000E+00    5901  0.00000E+00  0.00000E+00  0.00000E+00
     5904.0000  0.00000E+00  0.39908E+00  0.00000E+00  0.52085E+04  0.00000E+00  0.00000E+00  0.94531E-13  0.61358E-03  0.31900E+02  0.90889E-05  0.59436E-02  0.00000E+00    5911  0.00000E+00  0.00000E+00  0.00000E+00
     5914.0000  0.00000E+00  0.39866E+00  0.00000E+00  0.52125E+04  0.00000E+00  0.00000E+00  0.98770E-13  0.62066E-03  0.31900E+02  0.92041E-05  0.60352E-02  0.00000E+00    5921  0.00000E+00  0.00000E+00  0.00000E+00
     5924.0000  0.00000E+00  0.39825E+00  0.00000E+00  0.52165E+04  0.00000E+00  0.00000E+00  0.10319E-12  0.62780E-03  0.31900E+02  0.93204E-05  0.61278E-02  0.00000E+00    5931  0.00000E+00  0.00000E+00  0.00000E+00
     5934.0000  0.00000E+00  0.39786E+00  0.00000E+00  0.52205E+04  0.00000E+00  0.00000E+00  0.10778E-12  0.63500E-03  0.31900E+02  0.94378E-05  0.62217E-02  0.00000E+00    5941  0.00000E+00  0.00000E+00  0.00000E+00
     5944.0000  0.00000E+00  0.39745E+00  0.00000E+00  0.52245E+04  0.00000E+00  0.00000E+00  0.11257E-12  0.64226E-03  0.31900E+02  0.95563E-05  0.63167E-02  0.00000E+00    5951  0.00000E+00  0.00000E+00  0.00000E+00
     5954.0000  0.00000E+00  0.39706E+00  0.00000E+00  0.52284E+04  0.00000E+00  0.00000E+00  0.11756E-12  0.64958E-03  0.31900E+02  0.96760E-05  0.64129E-02  0.00000E+00    5961  0.00000E+00  0.00000E+00  0.00000E+00
     5964.0000  0.00000E+00  0.39665E+00  0.00000E+00  0.52324E+04  0.00000E+00  0.00000E+00  0.12275E-12  0.65697E-03  0.31900E+02  0.97968E-05  0.65104E-02  0.00000E+00    5971  0.00000E+00  0.00000E+00  0.00000E+00
     5974.0000  0.00000E+00  0.39627E+00  0.00000E+00  0.52364E+04  0.00000E+00  0.00000E+00  0.12815E-12  0.66441E-03  0.31900E+02  0.99188E-05  0.66090E-02  0.00000E+00    5981  0.00000E+00  0.00000E+00  0.00000E+00
     5984.0000  0.00000E+00  0.39586E+00  0.00000E+00  0.52403E+04  0.00000E+00  0.00000E+00  0.13377E-12  0.67192E-03  0.31900E+02  0.10042E-04  0.67089E-02  0.00000E+00    5991  0.00000E+00  0.00000E+00  0.00000E+00
     5994.0000  0.00000E+00  0.39547E+00  0.00000E+00  0.52443E+04  0.00000E+00  0.00000E+00  0.13962E-12  0.67949E-03  0.31900E+02  0.10166E-04  0.68100E-02  0.00000E+00    6001  0.00000E+00  0.00000E+00  0.00000E+00
     6004.0000  0.00000E+00  0.39506E+00  0.00000E+00  0.52482E+04  0.00000E+00  0.00000E+00  0.14570E-12  0.68712E-03  0.31900E+02  0.10292E-04  0.69123E-02  0.00000E+00    6011  0.00000E+00  0.00000E+00  0.00000E+00
     6014.0000  0.00000E+00  0.39468E+00  0.00000E+00  0.52522E+04  0.00000E+00  0.00000E+00  0.15203E-12  0.69481E-03  0.31900E+02  0.10419E-04  0.70159E-02  0.00000E+00    6021  0.00000E+00  0.00000E+00  0.00000E+00
     6024.0000  0.00000E+00  0.39427E+00  0.00000E+00  0.52561E+04  0.00000E+00  0.00000E+00  0.15862E-12  0.70257E-03  0.31900E+02  0.10546E-04  0.71208E-02  0.00000E+00    6031  0.00000E+00  0.00000E+00  0.00000E+00
     6034.0000  0.00000E+00  0.39389E+00  0.00000E+00  0.52601E+04  0.00000E+00  0.00000E+00  0.16547E-12  0.71039E-03  0.31900E+02  0.10675E-04  0.72270E-02  0.00000E+00    6041  0.00000E+00  0.00000E+00  0.00000E+00
     6044.0000  0.00000E+00  0.39348E+00  0.00000E+00  0.52640E+04  0.00000E+00  0.00000E+00  0.17259E-12  0.71827E-03  0.31900E+02  0.10806E-04  0.73345E-02  0.00000E+00    6051  0.00000E+00  0.00000E+00  0.00000E+00
     6054.0000  0.00000E+00  0.39311E+00  0.00000E+00  0.52679E+04  0.00000E+00  0.00000E+00  0.18000E-12  0.72621E-03  0.31900E+02  0.10937E-04  0.74433E-02  0.00000E+00    6061  0.00000E+00  0.00000E+00  0.00000E+00
     6064.0000  0.00000E+00  0.39273E+00  0.00000E+00  0.52719E+04  0.00000E+00  0.00000E+00  0.18770E-12  0.73423E-03  0.31900E+02  0.11070E-04  0.75534E-02  0.00000E+00    6071  0.00000E+00  0.00000E+00  0.00000E+00
     6074.0000  0.00000E+00  0.39232E+00  0.00000E+00  0.52758E+04  0.00000E+00  0.00000E+00  0.19570E-12  0.74230E-03  0.31900E+02  0.11204E-04  0.76648E-02  0.00000E+00    6081  0.00000E+00  0.00000E+00  0.00000E+00
     6084.0000  0.00000E+00  0.39194E+00  0.00000E+00  0.52797E+04  0.00000E+00  0.00000E+00  0.20402E-12  0.75044E-03  0.31900E+02  0.11339E-04  0.77776E-02  0.00000E+00    6091  0.00000E+00  0.00000E+00  0.00000E+00
     6094.0000  0.00000E+00  0.39154E+00  0.00000E+00  0.52836E+04  0.00000E+00  0.00000E+00  0.21267E-12  0.75864E-03  0.31900E+02  0.11476E-04  0.78917E-02  0.00000E+00    6101  0.00000E+00  0.00000E+00  0.00000E+00
     6104.0000  0.00000E+00  0.39116E+00  0.00000E+00  0.52875E+04  0.00000E+00  0.00000E+00  0.22165E-12  0.76691E-03  0.31900E+02  0.11613E-04  0.80072E-02  0.00000E+00    6111  0.00000E+00  0.00000E+00  0.00000E+00
     6114.0000  0.00000E+00  0.39078E+00  0.00000E+00  0.52915E+04  0.00000E+00  0.00000E+00  0.23099E-12  0.77525E-03  0.31900E+02  0.11752E-04  0.81241E-02  0.00000E+00    6121  0.00000E+00  0.00000E+00  0.00000E+00
     6124.0000  0.00000E+00  0.39041E+00  0.00000E+00  0.52954E+04  0.00000E+00  0.00000E+00  0.24069E-12  0.78365E-03  0.31900E+02  0.11893E-04  0.82424E-02  0.00000E+00    6131  0.00000E+00  0.00000E+00  0.00000E+00
     6134.0000  0.00000E+00  0.39000E+00  0.00000E+00  0.52993E+04  0.00000E+00  0.00000E+00  0.25076E-12  0.79212E-03  0.31900E+02  0.12034E-04  0.83621E-02  0.00000E+00    6141  0.00000E+00  0.00000E+00  0.00000E+00
     6144.0000  0.00000E+00  0.38963E+00  0.00000E+00  0.53032E+04  0.00000E+00  0.00000E+00  0.26122E-12  0.80065E-03  0.31900E+02  0.12177E-04  0.84832E-02  0.00000E+00    6151  0.00000E+00  0.00000E+00  0.00000E+00
     6154.0000  0.00000E+00  0.38926E+00  0.00000E+00  0.53071E+04  0.00000E+00  0.00000E+00  0.27209E-12  0.80925E-03  0.31900E+02  0.12321E-04  0.86058E-02  0.00000E+00    6161  0.00000E+00  0.00000E+00  0.00000E+00
     6164.0000  0.00000E+00  0.38888E+00  0.00000E+00  0.53109E+04  0.00000E+00  0.00000E+00  0.28337E-12  0.81792E-03  0.31900E+02  0.12466E-04  0.87298E-02  0.00000E+00    6171  0.00000E+00  0.00000E+00  0.00000E+00
     6174.0000  0.00000E+00  0.38848E+00  0.00000E+00  0.53148E+04  0.00000E+00  0.00000E+00  0.29509E-12  0.82665E-03  0.31900E+02  0.12613E-04  0.88553E-02  0.00000E+00    6181  0.00000E+00  0.00000E+00  0.00000E+00
     6184.0000  0.00000E+00  0.38811E+00  0.00000E+00  0.53187E+04  0.00000E+00  0.00000E+00  0.30725E-12  0.83546E-03  0.31900E+02  0.12761E-04  0.89822E-02  0.00000E+00    6191  0.00000E+00  0.00000E+00  0.00000E+00
     6194.0000  0.00000E+00  0.38774E+00  0.00000E+00  0.53226E+04  0.00000E+00  0.00000E+00  0.31988E-12  0.84433E-03  0.31900E+02  0.12910E-04  0.91106E-02  0.00000E+00    6201  0.00000E+00  0.00000E+00  0.00000E+00
     6204.0000  0.00000E+00  0.38736E+00  0.00000E+00  0.53265E+04  0.00000E+00  0.00000E+00  0.33298E-12  0.85327E-03  0.31900E+02  0.13061E-04  0.92406E-02  0.00000E+00    6211  0.00000E+00  0.00000E+00  0.00000E+00
     6205.0000  0.00000E+00  0.38732E+00  0.00000E+00  0.53269E+04  0.00000E+00  0.00000E+00  0.33432E-12  0.85416E-03  0.31900E+02  0.13076E-04  0.92536E-02  0.00000E+00    6212  0.00000E+00  0.00000E+00  0.00000E+00
     6214.0000  0.00000E+00  0.38699E+00  0.00000E+00  0.53303E+04  0.00000E+00  0.00000E+00  0.34658E-12  0.86227E-03  0.31900E+02  0.13213E-04  0.93720E-02  0.00000E+00    6221  0.00000E+00  0.00000E+00  0.00000E+00
     6224.0000  0.00000E+00  0.38659E+00  0.00000E+00  0.53342E+04  0.00000E+00  0.00000E+00  0.36069E-12  0.87135E-03  0.31900E+02  0.13366E-04  0.95050E-02  0.00000E+00    6231  0.00000E+00  0.00000E+00  0.00000E+00
     6234.0000  0.00000E+00  0.38622E+00  0.00000E+00  0.53381E+04  0.00000E+00  0.00000E+00  0.37533E-12  0.88049E-03  0.31900E+02  0.13521E-04  0.96395E-02  0.00000E+00    6241  0.00000E+00  0.00000E+00  0.00000E+00
     6244.0000  0.00000E+00  0.38585E+00  0.00000E+00  0.53419E+04  0.00000E+00  0.00000E+00  0.39052E-12  0.88971E-03  0.31900E+02  0.13677E-04  0.97756E-02  0.00000E+00    6251  0.00000E+00  0.00000E+00  0.00000E+00
     6254.0000  0.00000E+00  0.38548E+00  0.00000E+00  0.53458E+04  0.00000E+00  0.00000E+00  0.40628E-12  0.89899E-03  0.31900E+02  0.13834E-04  0.99132E-02  0.00000E+00    6261  0.00000E+00  0.00000E+00  0.00000E+00
     6264.0000  0.00000E+00  0.38512E+00  0.00000E+00  0.53496E+04  0.00000E+00  0.00000E+00  0.42262E-12  0.90835E-03  0.31900E+02  0.13993E-04  0.10052E-01  0.00000E+00    6271  0.00000E+00  0.00000E+00  0.00000E+00
     6274.0000  0.00000E+00  0.38475E+00  0.00000E+00  0.53535E+04  0.00000E+00  0.00000E+00  0.43957E-12  0.91777E-03  0.31900E+02  0.14153E-04  0.10193E-01  0.00000E+00    6281  0.00000E+00  0.00000E+00  0.00000E+00
     6284.0000  0.00000E+00  0.38438E+00  0.00000E+00  0.53573E+04  0.00000E+00  0.00000E+00  0.45714E-12  0.92726E-03  0.31900E+02  0.14315E-04  0.10336E-01  0.00000E+00    6291  0.00000E+00  0.00000E+00  0.00000E+00
     6294.0000  0.00000E+00  0.38401E+00  0.00000E+00  0.53612E+04  0.00000E+00  0.00000E+00  0.47537E-12  0.93683E-03  0.31900E+02  0.14478E-04  0.10480E-01  0.00000E+00    6301  0.00000E+00  0.00000E+00  0.00000E+00
     6304.0000  0.00000E+00  0.38365E+00  0.00000E+00  0.53650E+04  0.00000E+00  0.00000E+00  0.49426E-12  0.94647E-03  0.31900E+02  0.14642E-04  0.10625E-01  0.00000E+00    6311  0.00000E+00  0.00000E+00  0.00000E+00
     6314.0000  0.00000E+00  0.38328E+00  0.00000E+00  0.53689E+04  0.00000E+00  0.00000E+00  0.51384E-12  0.95617E-03  0.31900E+02  0.14808E-04  0.10773E-01  0.00000E+00    6321  0.00000E+00  0.00000E+00  0.00000E+00
     6324.0000  0.00000E+00  0.38291E+00  0.00000E+00  0.53727E+04  0.00000E+00  0.00000E+00  0.53414E-12  0.96595E-03  0.31900E+02  0.14975E-04  0.10922E-01  0.00000E+00    6331  0.00000E+00  0.00000E+00  0.00000E+00
     6334.0000  0.00000E+00  0.38255E+00  0.00000E+00  0.53765E+04  0.00000E+00  0.00000E+00  0.55517E-12  0.97580E-03  0.31900E+02  0.15144E-04  0.11072E-01  0.00000E+00    6341  0.00000E+00  0.00000E+00  0.00000E+00
     6344.0000  0.00000E+00  0.38218E+00  0.00000E+00  0.53803E+04  0.00000E+00  0.00000E+00  0.57697E-12  0.98573E-03  0.31900E+02  0.15314E-04  0.11225E-01  0.00000E+00    6351  0.00000E+00  0.00000E+00  0.00000E+00
     6354.0000  0.00000E+00  0.38182E+00  0.00000E+00  0.53842E+04  0.00000E+00  0.00000E+00  0.59956E-12  0.99572E-03  0.31900E+02  0.15485E-04  0.11379E-01  0.00000E+00    6361  0.00000E+00  0.00000E+00  0.00000E+00
     6364.0000  0.00000E+00  0.38145E+00  0.00000E+00  0.53880E+04  0.00000E+00  0.00000E+00  0.62296E-12  0.10058E-02  0.31900E+02  0.15658E-04  0.11535E-01  0.00000E+00    6371  0.00000E+00  0.00000E+00  0.00000E+00
     6374.0000  0.00000E+00  0.38109E+00  0.00000E+00  0.53918E+04  0.00000E+00  0.00000E+00  0.64720E-12  0.10159E-02  0.31900E+02  0.15833E-04  0.11692E-01  0.00000E+00    6381  0.00000E+00  0.00000E+00  0.00000E+00
     6384.0000  0.00000E+00  0.38073E+00  0.00000E+00  0.53956E+04  0.00000E+00  0.00000E+00  0.67231E-12  0.10262E-02  0.31900E+02  0.16009E-04  0.11851E-01  0.00000E+00    6391  0.00000E+00  0.00000E+00  0.00000E+00
     6394.0000  0.00000E+00  0.38036E+00  0.00000E+00  0.53994E+04  0.00000E+00  0.00000E+00  0.69832E-12  0.10364E-02  0.31900E+02  0.16186E-04  0.12013E-01  0.00000E+00    6401  0.00000E+00  0.00000E+00  0.00000E+00
     6404.0000  0.00000E+00  0.38000E+00  0.00000E+00  0.54032E+04  0.00000E+00  0.00000E+00  0.72525E-12  0.10468E-02  0.31900E+02  0.16365E-04  0.12175E-01  0.00000E+00    6411  0.00000E+00  0.00000E+00  0.00000E+00
     6414.0000  0.00000E+00  0.37967E+00  0.00000E+00  0.54070E+04  0.00000E+00  0.00000E+00  0.75314E-12  0.10572E-02  0.31900E+02  0.16545E-04  0.12340E-01  0.00000E+00    6421  0.00000E+00  0.00000E+00  0.00000E+00
     6424.0000  0.00000E+00  0.37931E+00  0.00000E+00  0.54108E+04  0.00000E+00  0.00000E+00  0.78202E-12  0.10678E-02  0.31900E+02  0.16727E-04  0.12506E-01  0.00000E+00    6431  0.00000E+00  0.00000E+00  0.00000E+00
     6434.0000  0.00000E+00  0.37895E+00  0.00000E+00  0.54146E+04  0.00000E+00  0.00000E+00  0.81191E-12  0.10783E-02  0.31900E+02  0.16910E-04  0.12675E-01  0.00000E+00    6441  0.00000E+00  0.00000E+00  0.00000E+00
     6444.0000  0.00000E+00  0.37858E+00  0.00000E+00  0.54184E+04  0.00000E+00  0.00000E+00  0.84286E-12  0.10890E-02  0.31900E+02  0.17095E-04  0.12845E-01  0.00000E+00    6451  0.00000E+00  0.00000E+00  0.00000E+00
     6454.0000  0.00000E+00  0.37822E+00  0.00000E+00  0.54222E+04  0.00000E+00  0.00000E+00  0.87488E-12  0.10997E-02  0.31900E+02  0.17282E-04  0.13017E-01  0.00000E+00    6461  0.00000E+00  0.00000E+00  0.00000E+00
     6464.0000  0.00000E+00  0.37786E+00  0.00000E+00  0.54259E+04  0.00000E+00  0.00000E+00  0.90803E-12  0.11106E-02  0.31900E+02  0.17470E-04  0.13191E-01  0.00000E+00    6471  0.00000E+00  0.00000E+00  0.00000E+00
     6474.0000  0.00000E+00  0.37753E+00  0.00000E+00  0.54297E+04  0.00000E+00  0.00000E+00  0.94234E-12  0.11214E-02  0.31900E+02  0.17659E-04  0.13366E-01  0.00000E+00    6481  0.00000E+00  0.00000E+00  0.00000E+00
     6484.0000  0.00000E+00  0.37717E+00  0.00000E+00  0.54335E+04  0.00000E+00  0.00000E+00  0.97783E-12  0.11324E-02  0.31900E+02  0.17850E-04  0.13544E-01  0.00000E+00    6491  0.00000E+00  0.00000E+00  0.00000E+00
     6494.0000  0.00000E+00  0.37682E+00  0.00000E+00  0.54372E+04  0.00000E+00  0.00000E+00  0.10146E-11  0.11434E-02  0.31900E+02  0.18043E-04  0.13724E-01  0.00000E+00    6501  0.00000E+00  0.00000E+00  0.00000E+00
     6504.0000  0.00000E+00  0.37646E+00  0.00000E+00  0.54410E+04  0.00000E+00  0.00000E+00  0.10525E-11  0.11546E-02  0.31900E+02  0.18237E-04  0.13905E-01  0.00000E+00    6511  0.00000E+00  0.00000E+00  0.00000E+00
     6514.0000  0.00000E+00  0.37613E+00  0.00000E+00  0.54448E+04  0.00000E+00  0.00000E+00  0.10918E-11  0.11658E-02  0.31900E+02  0.18432E-04  0.14089E-01  0.00000E+00    6521  0.00000E+00  0.00000E+00  0.00000E+00
     6524.0000  0.00000E+00  0.37577E+00  0.00000E+00  0.54485E+04  0.00000E+00  0.00000E+00  0.11325E-11  0.11770E-02  0.31900E+02  0.18630E-04  0.14274E-01  0.00000E+00    6531  0.00000E+00  0.00000E+00  0.00000E+00
     6534.0000  0.00000E+00  0.37541E+00  0.00000E+00  0.54523E+04  0.00000E+00  0.00000E+00  0.11745E-11  0.11884E-02  0.31900E+02  0.18829E-04  0.14461E-01  0.00000E+00    6541  0.00000E+00  0.00000E+00  0.00000E+00
     6544.0000  0.00000E+00  0.37506E+00  0.00000E+00  0.54560E+04  0.00000E+00  0.00000E+00  0.12180E-11  0.11998E-02  0.31900E+02  0.19029E-04  0.14651E-01  0.00000E+00    6551  0.00000E+00  0.00000E+00  0.00000E+00
     6554.0000  0.00000E+00  0.37473E+00  0.00000E+00  0.54598E+04  0.00000E+00  0.00000E+00  0.12629E-11  0.12113E-02  0.31900E+02  0.19231E-04  0.14842E-01  0.00000E+00    6561  0.00000E+00  0.00000E+00  0.00000E+00
     6564.0000  0.00000E+00  0.37438E+00  0.00000E+00  0.54635E+04  0.00000E+00  0.00000E+00  0.13094E-11  0.12229E-02  0.31900E+02  0.19435E-04  0.15036E-01  0.00000E+00    6571  0.00000E+00  0.00000E+00  0.00000E+00
     6570.0000  0.00000E+00  0.37418E+00  0.00000E+00  0.54658E+04  0.00000E+00  0.00000E+00  0.13380E-11  0.12299E-02  0.31900E+02  0.19558E-04  0.15153E-01  0.00000E+00    6577  0.00000E+00  0.00000E+00  0.00000E+00
     6574.0000  0.00000E+00  0.37402E+00  0.00000E+00  0.54673E+04  0.00000E+00  0.00000E+00  0.13575E-11  0.12346E-02  0.31900E+02  0.19640E-04  0.15231E-01  0.00000E+00    6581  0.00000E+00  0.00000E+00  0.00000E+00
     6584.0000  0.00000E+00  0.37370E+00  0.00000E+00  0.54710E+04  0.00000E+00  0.00000E+00  0.14071E-11  0.12463E-02  0.31900E+02  0.19847E-04  0.15429E-01  0.00000E+00    6591  0.00000E+00  0.00000E+00  0.00000E+00
     6594.0000  0.00000E+00  0.37334E+00  0.00000E+00  0.54748E+04  0.00000E+00  0.00000E+00  0.14584E-11  0.12581E-02  0.31900E+02  0.20056E-04  0.15628E-01  0.00000E+00    6601  0.00000E+00  0.00000E+00  0.00000E+00
     6604.0000  0.00000E+00  0.37302E+00  0.00000E+00  0.54785E+04  0.00000E+00  0.00000E+00  0.15115E-11  0.12700E-02  0.31900E+02  0.20266E-04  0.15830E-01  0.00000E+00    6611  0.00000E+00  0.00000E+00  0.00000E+00
     6614.0000  0.00000E+00  0.37266E+00  0.00000E+00  0.54822E+04  0.00000E+00  0.00000E+00  0.15663E-11  0.12820E-02  0.31900E+02  0.20478E-04  0.16034E-01  0.00000E+00    6621  0.00000E+00  0.00000E+00  0.00000E+00
     6624.0000  0.00000E+00  0.37231E+00  0.00000E+00  0.54859E+04  0.00000E+00  0.00000E+00  0.16229E-11  0.12941E-02  0.31900E+02  0.20691E-04  0.16240E-01  0.00000E+00    6631  0.00000E+00  0.00000E+00  0.00000E+00
     6634.0000  0.00000E+00  0.37199E+00  0.00000E+00  0.54897E+04  0.00000E+00  0.00000E+00  0.16814E-11  0.13062E-02  0.31900E+02  0.20906E-04  0.16448E-01  0.00000E+00    6641  0.00000E+00  0.00000E+00  0.00000E+00
     6644.0000  0.00000E+00  0.37163E+00  0.00000E+00  0.54934E+04  0.00000E+00  0.00000E+00  0.17419E-11  0.13185E-02  0.31900E+02  0.21123E-04  0.16658E-01  0.00000E+00    6651  0.00000E+00  0.00000E+00  0.00000E+00
     6654.0000  0.00000E+00  0.37131E+00  0.00000E+00  0.54971E+04  0.00000E+00  0.00000E+00  0.18043E-11  0.13308E-02  0.31900E+02  0.21342E-04  0.16870E-01  0.00000E+00    6661  0.00000E+00  0.00000E+00  0.00000E+00
     6664.0000  0.00000E+00  0.37096E+00  0.00000E+00  0.55008E+04  0.00000E+00  0.00000E+00  0.18688E-11  0.13432E-02  0.31900E+02  0.21562E-04  0.17085E-01  0.00000E+00    6671  0.00000E+00  0.00000E+00  0.00000E+00
     6674.0000  0.00000E+00  0.37064E+00  0.00000E+00  0.55045E+04  0.00000E+00  0.00000E+00  0.19355E-11  0.13556E-02  0.31900E+02  0.21784E-04  0.17302E-01  0.00000E+00    6681  0.00000E+00  0.00000E+00  0.00000E+00
     6684.0000  0.00000E+00  0.37029E+00  0.00000E+00  0.55082E+04  0.00000E+00  0.00000E+00  0.20043E-11  0.13682E-02  0.31900E+02  0.22008E-04  0.17521E-01  0.00000E+00    6691  0.00000E+00  0.00000E+00  0.00000E+00
     6694.0000  0.00000E+00  0.36997E+00  0.00000E+00  0.55119E+04  0.00000E+00  0.00000E+00  0.20753E-11  0.13808E-02  0.31900E+02  0.22233E-04  0.17742E-01  0.00000E+00    6701  0.00000E+00  0.00000E+00  0.00000E+00
     6704.0000  0.00000E+00  0.36962E+00  0.00000E+00  0.55156E+04  0.00000E+00  0.00000E+00  0.21486E-11  0.13935E-02  0.31900E+02  0.22460E-04  0.17966E-01  0.00000E+00    6711  0.00000E+00  0.00000E+00  0.00000E+00
     6714.0000  0.00000E+00  0.36930E+00  0.00000E+00  0.55193E+04  0.00000E+00  0.00000E+00  0.22243E-11  0.14063E-02  0.31900E+02  0.22689E-04  0.18192E-01  0.00000E+00    6721  0.00000E+00  0.00000E+00  0.00000E+00
     6724.0000  0.00000E+00  0.36895E+00  0.00000E+00  0.55230E+04  0.00000E+00  0.00000E+00  0.23025E-11  0.14192E-02  0.31900E+02  0.22920E-04  0.18420E-01  0.00000E+00    6731  0.00000E+00  0.00000E+00  0.00000E+00
     6734.0000  0.00000E+00  0.36863E+00  0.00000E+00  0.55267E+04  0.00000E+00  0.00000E+00  0.23832E-11  0.14322E-02  0.31900E+02  0.23152E-04  0.18650E-01  0.00000E+00    6741  0.00000E+00  0.00000E+00  0.00000E+00
     6744.0000  0.00000E+00  0.36828E+00  0.00000E+00  0.55304E+04  0.00000E+00  0.00000E+00  0.24665E-11  0.14452E-02  0.31900E+02  0.23386E-04  0.18883E-01  0.00000E+00    6751  0.00000E+00  0.00000E+00  0.00000E+00
     6754.0000  0.00000E+00  0.36796E+00  0.00000E+00  0.55341E+04  0.00000E+00  0.00000E+00  0.25524E-11  0.14583E-02  0.31900E+02  0.23622E-04  0.19118E-01  0.00000E+00    6761  0.00000E+00  0.00000E+00  0.00000E+00
     6764.0000  0.00000E+00  0.36761E+00  0.00000E+00  0.55377E+04  0.00000E+00  0.00000E+00  0.26411E-11  0.14716E-02  0.31900E+02  0.23860E-04  0.19356E-01  0.00000E+00    6771  0.00000E+00  0.00000E+00  0.00000E+00
     6774.0000  0.00000E+00  0.36729E+00  0.00000E+00  0.55414E+04  0.00000E+00  0.00000E+00  0.27326E-11  0.14849E-02  0.31900E+02  0.24099E-04  0.19596E-01  0.00000E+00    6781  0.00000E+00  0.00000E+00  0.00000E+00
     6784.0000  0.00000E+00  0.36698E+00  0.00000E+00  0.55451E+04  0.00000E+00  0.00000E+00  0.28270E-11  0.14982E-02  0.31900E+02  0.24340E-04  0.19838E-01  0.00000E+00    6791  0.00000E+00  0.00000E+00  0.00000E+00
     6794.0000  0.00000E+00  0.36663E+00  0.00000E+00  0.55487E+04  0.00000E+00  0.00000E+00  0.29243E-11  0.15117E-02  0.31900E+02  0.24583E-04  0.20083E-01  0.00000E+00    6801  0.00000E+00  0.00000E+00  0.00000E+00
     6804.0000  0.00000E+00  0.36631E+00  0.00000E+00  0.55524E+04  0.00000E+00  0.00000E+00  0.30248E-11  0.15253E-02  0.31900E+02  0.24828E-04  0.20330E-01  0.00000E+00    6811  0.00000E+00  0.00000E+00  0.00000E+00
     6814.0000  0.00000E+00  0.36600E+00  0.00000E+00  0.55561E+04  0.00000E+00  0.00000E+00  0.31284E-11  0.15389E-02  0.31900E+02  0.25075E-04  0.20580E-01  0.00000E+00    6821  0.00000E+00  0.00000E+00  0.00000E+00
     6824.0000  0.00000E+00  0.36565E+00  0.00000E+00  0.55597E+04  0.00000E+00  0.00000E+00  0.32353E-11  0.15526E-02  0.31900E+02  0.25323E-04  0.20832E-01  0.00000E+00    6831  0.00000E+00  0.00000E+00  0.00000E+00
     6834.0000  0.00000E+00  0.36534E+00  0.00000E+00  0.55634E+04  0.00000E+00  0.00000E+00  0.33455E-11  0.15664E-02  0.31900E+02  0.25573E-04  0.21086E-01  0.00000E+00    6841  0.00000E+00  0.00000E+00  0.00000E+00
     6844.0000  0.00000E+00  0.36502E+00  0.00000E+00  0.55670E+04  0.00000E+00  0.00000E+00  0.34591E-11  0.15803E-02  0.31900E+02  0.25825E-04  0.21343E-01  0.00000E+00    6851  0.00000E+00  0.00000E+00  0.00000E+00
     6854.0000  0.00000E+00  0.36468E+00  0.00000E+00  0.55707E+04  0.00000E+00  0.00000E+00  0.35763E-11  0.15943E-02  0.31900E+02  0.26079E-04  0.21603E-01  0.00000E+00    6861  0.00000E+00  0.00000E+00  0.00000E+00
     6864.0000  0.00000E+00  0.36436E+00  0.00000E+00  0.55743E+04  0.00000E+00  0.00000E+00  0.36971E-11  0.16084E-02  0.31900E+02  0.26335E-04  0.21865E-01  0.00000E+00    6871  0.00000E+00  0.00000E+00  0.00000E+00
     6874.0000  0.00000E+00  0.36405E+00  0.00000E+00  0.55780E+04  0.00000E+00  0.00000E+00  0.38216E-11  0.16225E-02  0.31900E+02  0.26593E-04  0.22130E-01  0.00000E+00    6881  0.00000E+00  0.00000E+00  0.00000E+00
     6884.0000  0.00000E+00  0.36370E+00  0.00000E+00  0.55816E+04  0.00000E+00  0.00000E+00  0.39500E-11  0.16368E-02  0.31900E+02  0.26853E-04  0.22397E-01  0.00000E+00    6891  0.00000E+00  0.00000E+00  0.00000E+00
     6894.0000  0.00000E+00  0.36339E+00  0.00000E+00  0.55852E+04  0.00000E+00  0.00000E+00  0.40823E-11  0.16511E-02  0.31900E+02  0.27114E-04  0.22667E-01  0.00000E+00    6901  0.00000E+00  0.00000E+00  0.00000E+00
     6904.0000  0.00000E+00  0.36308E+00  0.00000E+00  0.55889E+04  0.00000E+00  0.00000E+00  0.42186E-11  0.16655E-02  0.31900E+02  0.27377E-04  0.22940E-01  0.00000E+00    6911  0.00000E+00  0.00000E+00  0.00000E+00
     6914.0000  0.00000E+00  0.36277E+00  0.00000E+00  0.55925E+04  0.00000E+00  0.00000E+00  0.43592E-11  0.16801E-02  0.31900E+02  0.27643E-04  0.23215E-01  0.00000E+00    6921  0.00000E+00  0.00000E+00  0.00000E+00
     6924.0000  0.00000E+00  0.36242E+00  0.00000E+00  0.55961E+04  0.00000E+00  0.00000E+00  0.45040E-11  0.16947E-02  0.31900E+02  0.27910E-04  0.23493E-01  0.00000E+00    6931  0.00000E+00  0.00000E+00  0.00000E+00
     6934.0000  0.00000E+00  0.36211E+00  0.00000E+00  0.55998E+04  0.00000E+00  0.00000E+00  0.46532E-11  0.17093E-02  0.31900E+02  0.28179E-04  0.23774E-01  0.00000E+00    6941  0.00000E+00  0.00000E+00  0.00000E+00
     6935.0000  0.00000E+00  0.36210E+00  0.00000E+00  0.56001E+04  0.00000E+00  0.00000E+00  0.46683E-11  0.17108E-02  0.31900E+02  0.28206E-04  0.23802E-01  0.00000E+00    6942  0.00000E+00  0.00000E+00  0.00000E+00
     6944.0000  0.00000E+00  0.36180E+00  0.00000E+00  0.56034E+04  0.00000E+00  0.00000E+00  0.48069E-11  0.17241E-02  0.31900E+02  0.28450E-04  0.24057E-01  0.00000E+00    6951  0.00000E+00  0.00000E+00  0.00000E+00
     6954.0000  0.00000E+00  0.36149E+00  0.00000E+00  0.56070E+04  0.00000E+00  0.00000E+00  0.49652E-11  0.17390E-02  0.31900E+02  0.28723E-04  0.24343E-01  0.00000E+00    6961  0.00000E+00  0.00000E+00  0.00000E+00
     6964.0000  0.00000E+00  0.36118E+00  0.00000E+00  0.56106E+04  0.00000E+00  0.00000E+00  0.51283E-11  0.17539E-02  0.31900E+02  0.28998E-04  0.24632E-01  0.00000E+00    6971  0.00000E+00  0.00000E+00  0.00000E+00
     6974.0000  0.00000E+00  0.36084E+00  0.00000E+00  0.56142E+04  0.00000E+00  0.00000E+00  0.52964E-11  0.17690E-02  0.31900E+02  0.29274E-04  0.24923E-01  0.00000E+00    6981  0.00000E+00  0.00000E+00  0.00000E+00
     6984.0000  0.00000E+00  0.36053E+00  0.00000E+00  0.56178E+04  0.00000E+00  0.00000E+00  0.54694E-11  0.17841E-02  0.31900E+02  0.29553E-04  0.25217E-01  0.00000E+00    6991  0.00000E+00  0.00000E+00  0.00000E+00
     6994.0000  0.00000E+00  0.36022E+00  0.00000E+00  0.56214E+04  0.00000E+00  0.00000E+00  0.56476E-11  0.17993E-02  0.31900E+02  0.29834E-04  0.25515E-01  0.00000E+00    7001  0.00000E+00  0.00000E+00  0.00000E+00
     7004.0000  0.00000E+00  0.35991E+00  0.00000E+00  0.56250E+04  0.00000E+00  0.00000E+00  0.58311E-11  0.18147E-02  0.31900E+02  0.30117E-04  0.25814E-01  0.00000E+00    7011  0.00000E+00  0.00000E+00  0.00000E+00
     7014.0000  0.00000E+00  0.35960E+00  0.00000E+00  0.56286E+04  0.00000E+00  0.00000E+00  0.60201E-11  0.18301E-02  0.31900E+02  0.30401E-04  0.26117E-01  0.00000E+00    7021  0.00000E+00  0.00000E+00  0.00000E+00
     7024.0000  0.00000E+00  0.35929E+00  0.00000E+00  0.56322E+04  0.00000E+00  0.00000E+00  0.62146E-11  0.18456E-02  0.31900E+02  0.30688E-04  0.26423E-01  0.00000E+00    7031  0.00000E+00  0.00000E+00  0.00000E+00
     7034.0000  0.00000E+00  0.35898E+00  0.00000E+00  0.56358E+04  0.00000E+00  0.00000E+00  0.64149E-11  0.18611E-02  0.31900E+02  0.30977E-04  0.26731E-01  0.00000E+00    7041  0.00000E+00  0.00000E+00  0.00000E+00
     7044.0000  0.00000E+00  0.35867E+00  0.00000E+00  0.56394E+04  0.00000E+00  0.00000E+00  0.66210E-11  0.18768E-02  0.31900E+02  0.31268E-04  0.27043E-01  0.00000E+00    7051  0.00000E+00  0.00000E+00  0.00000E+00
     7054.0000  0.00000E+00  0.35834E+00  0.00000E+00  0.56430E+04  0.00000E+00  0.00000E+00  0.68332E-11  0.18926E-02  0.31900E+02  0.31560E-04  0.27357E-01  0.00000E+00    7061  0.00000E+00  0.00000E+00  0.00000E+00
     7064.0000  0.00000E+00  0.35803E+00  0.00000E+00  0.56466E+04  0.00000E+00  0.00000E+00  0.70516E-11  0.19085E-02  0.31900E+02  0.31855E-04  0.27674E-01  0.00000E+00    7071  0.00000E+00  0.00000E+00  0.00000E+00
     7074.0000  0.00000E+00  0.35772E+00  0.00000E+00  0.56501E+04  0.00000E+00  0.00000E+00  0.72764E-11  0.19244E-02  0.31900E+02  0.32152E-04  0.27994E-01  0.00000E+00    7081  0.00000E+00  0.00000E+00  0.00000E+00
     7084.0000  0.00000E+00  0.35741E+00  0.00000E+00  0.56537E+04  0.00000E+00  0.00000E+00  0.75077E-11  0.19405E-02  0.31900E+02  0.32451E-04  0.28317E-01  0.00000E+00    7091  0.00000E+00  0.00000E+00  0.00000E+00
     7094.0000  0.00000E+00  0.35711E+00  0.00000E+00  0.56573E+04  0.00000E+00  0.00000E+00  0.77458E-11  0.19566E-02  0.31900E+02  0.32751E-04  0.28644E-01  0.00000E+00    7101  0.00000E+00  0.00000E+00  0.00000E+00
     7104.0000  0.00000E+00  0.35680E+00  0.00000E+00  0.56609E+04  0.00000E+00  0.00000E+00  0.79907E-11  0.19728E-02  0.31900E+02  0.33054E-04  0.28973E-01  0.00000E+00    7111  0.00000E+00  0.00000E+00  0.00000E+00
     7114.0000  0.00000E+00  0.35649E+00  0.00000E+00  0.56644E+04  0.00000E+00  0.00000E+00  0.82426E-11  0.19892E-02  0.31900E+02  0.33359E-04  0.29305E-01  0.00000E+00    7121  0.00000E+00  0.00000E+00  0.00000E+00
     7124.0000  0.00000E+00  0.35619E+00  0.00000E+00  0.56680E+04  0.00000E+00  0.00000E+00  0.85018E-11  0.20056E-02  0.31900E+02  0.33666E-04  0.29640E-01  0.00000E+00    7131  0.00000E+00  0.00000E+00  0.00000E+00
     7134.0000  0.00000E+00  0.35589E+00  0.00000E+00  0.56715E+04  0.00000E+00  0.00000E+00  0.87685E-11  0.20221E-02  0.31900E+02  0.33975E-04  0.29979E-01  0.00000E+00    7141  0.00000E+00  0.00000E+00  0.00000E+00
     7144.0000  0.00000E+00  0.35558E+00  0.00000E+00  0.56751E+04  0.00000E+00  0.00000E+00  0.90427E-11  0.20387E-02  0.31900E+02  0.34287E-04  0.30320E-01  0.00000E+00    7151  0.00000E+00  0.00000E+00  0.00000E+00
     7154.0000  0.00000E+00  0.35527E+00  0.00000E+00  0.56787E+04  0.00000E+00  0.00000E+00  0.93248E-11  0.20554E-02  0.31900E+02  0.34600E-04  0.30665E-01  0.00000E+00    7161  0.00000E+00  0.00000E+00  0.00000E+00
     7164.0000  0.00000E+00  0.35497E+00  0.00000E+00  0.56822E+04  0.00000E+00  0.00000E+00  0.96149E-11  0.20722E-02  0.31900E+02  0.34916E-04  0.31012E-01  0.00000E+00    7171  0.00000E+00  0.00000E+00  0.00000E+00
     7174.0000  0.00000E+00  0.35467E+00  0.00000E+00  0.56858E+04  0.00000E+00  0.00000E+00  0.99132E-11  0.20891E-02  0.31900E+02  0.35233E-04  0.31363E-01  0.00000E+00    7181  0.00000E+00  0.00000E+00  0.00000E+00
     7184.0000  0.00000E+00  0.35436E+00  0.00000E+00  0.56893E+04  0.00000E+00  0.00000E+00  0.10220E-10  0.21061E-02  0.31900E+02  0.35553E-04  0.31717E-01  0.00000E+00    7191  0.00000E+00  0.00000E+00  0.00000E+00
     7194.0000  0.00000E+00  0.35406E+00  0.00000E+00  0.56928E+04  0.00000E+00  0.00000E+00  0.10535E-10  0.21232E-02  0.31900E+02  0.35875E-04  0.32075E-01  0.00000E+00    7201  0.00000E+00  0.00000E+00  0.00000E+00
     7204.0000  0.00000E+00  0.35376E+00  0.00000E+00  0.56964E+04  0.00000E+00  0.00000E+00  0.10860E-10  0.21403E-02  0.31900E+02  0.36199E-04  0.32435E-01  0.00000E+00    7211  0.00000E+00  0.00000E+00  0.00000E+00
     7214.0000  0.00000E+00  0.35345E+00  0.00000E+00  0.56999E+04  0.00000E+00  0.00000E+00  0.11193E-10  0.21576E-02  0.31900E+02  0.36525E-04  0.32799E-01  0.00000E+00    7221  0.00000E+00  0.00000E+00  0.00000E+00
     7224.0000  0.00000E+00  0.35318E+00  0.00000E+00  0.57034E+04  0.00000E+00  0.00000E+00  0.11535E-10  0.21750E-02  0.31900E+02  0.36853E-04  0.33166E-01  0.00000E+00    7231  0.00000E+00  0.00000E+00  0.00000E+00
     7234.0000  0.00000E+00  0.35288E+00  0.00000E+00  0.57070E+04  0.00000E+00  0.00000E+00  0.11888E-10  0.21925E-02  0.31900E+02  0.37183E-04  0.33536E-01  0.00000E+00    7241  0.00000E+00  0.00000E+00  0.00000E+00
     7244.0000  0.00000E+00  0.35258E+00  0.00000E+00  0.57105E+04  0.00000E+00  0.00000E+00  0.12250E-10  0.22100E-02  0.31900E+02  0.37516E-04  0.33910E-01  0.00000E+00    7251  0.00000E+00  0.00000E+00  0.00000E+00
     7254.0000  0.00000E+00  0.35228E+00  0.00000E+00  0.57140E+04  0.00000E+00  0.00000E+00  0.12622E-10  0.22277E-02  0.31900E+02  0.37851E-04  0.34287E-01  0.00000E+00    7261  0.00000E+00  0.00000E+00  0.00000E+00
     7264.0000  0.00000E+00  0.35197E+00  0.00000E+00  0.57175E+04  0.00000E+00  0.00000E+00  0.13004E-10  0.22454E-02  0.31900E+02  0.38188E-04  0.34667E-01  0.00000E+00    7271  0.00000E+00  0.00000E+00  0.00000E+00
     7274.0000  0.00000E+00  0.35167E+00  0.00000E+00  0.57211E+04  0.00000E+00  0.00000E+00  0.13397E-10  0.22633E-02  0.31900E+02  0.38527E-04  0.35051E-01  0.00000E+00    7281  0.00000E+00  0.00000E+00  0.00000E+00
     7284.0000  0.00000E+00  0.35137E+00  0.00000E+00  0.57246E+04  0.00000E+00  0.00000E+00  0.13800E-10  0.22813E-02  0.31900E+02  0.38868E-04  0.35438E-01  0.00000E+00    7291  0.00000E+00  0.00000E+00  0.00000E+00
     7294.0000  0.00000E+00  0.35107E+00  0.00000E+00  0.57281E+04  0.00000E+00  0.00000E+00  0.14215E-10  0.22993E-02  0.31900E+02  0.39212E-04  0.35829E-01  0.00000E+00    7301  0.00000E+00  0.00000E+00  0.00000E+00
     7300.0000  0.00000E+00  0.35092E+00  0.00000E+00  0.57302E+04  0.00000E+00  0.00000E+00  0.14469E-10  0.23102E-02  0.31900E+02  0.39419E-04  0.36065E-01  0.00000E+00    7307  0.00000E+00  0.00000E+00  0.00000E+00
end
