 ******* Program HYDRUS
 ******* 
 Welcome to HYDRUS-1D                                                    
 Date:  26. 3.2026    Time:   6:18:19
 Units: L = cm   , T = days , M = micro

       Time          rTop        rRoot        vTop         vRoot        vBot       sum(rTop)   sum(rRoot)    sum(vTop)   sum(vRoot)    sum(vBot)      hTop         hRoot        hBot        RunOff    sum(RunOff)     Volume     sum(Infil)    sum(Evap) TLevel Cum(WTrans)  SnowLayer
        [T]         [L/T]        [L/T]        [L/T]        [L/T]        [L/T]         [L]          [L]          [L]         [L]           [L]         [L]           [L]         [L]          [L/T]         [L]          [L]          [L]          [L]

       0.1000 -0.19882E+00  0.19472E+00 -0.19882E+00  0.19472E+00  0.14094E-04 -0.19882E-01  0.19472E-01 -0.19882E-01  0.19472E-01  0.14094E-05 -0.16751E+03 -0.11476E+03  0.00000E+00  0.00000E+00  0.00000E+00  0.55919E+02  0.30210E-01  0.10328E-01      1  0.00000E+00      0.000
       4.3015 -0.19882E+00  0.19472E+00 -0.19882E+00  0.19472E+00  0.16677E-01 -0.85522E+00  0.83758E+00 -0.85522E+00  0.83758E+00  0.40662E-01 -0.15656E+03 -0.11310E+03  0.00000E+00  0.00000E+00  0.00000E+00  0.55977E+02  0.12995E+01  0.44427E+00     11  0.00000E+00      0.000
      14.3015 -0.19882E+00  0.19472E+00 -0.19882E+00  0.19472E+00  0.13870E-01 -0.28434E+01  0.27848E+01 -0.28434E+01  0.27848E+01  0.21600E+00 -0.15228E+03 -0.10999E+03  0.00000E+00  0.00000E+00  0.00000E+00  0.56194E+02  0.43205E+01  0.14771E+01     21  0.00000E+00      0.000
      24.3015 -0.19882E+00  0.19472E+00 -0.19882E+00  0.19472E+00  0.54572E-02 -0.48316E+01  0.47319E+01 -0.48316E+01  0.47319E+01  0.30490E+00 -0.15034E+03 -0.10829E+03  0.00000E+00  0.00000E+00  0.00000E+00  0.56323E+02  0.73415E+01  0.25099E+01     31  0.00000E+00      0.000
      34.3015 -0.19882E+00  0.19472E+00 -0.19882E+00  0.19472E+00  0.79864E-03 -0.68198E+01  0.66791E+01 -0.68198E+01  0.66791E+01  0.33140E+00 -0.14935E+03 -0.10741E+03  0.00000E+00  0.00000E+00  0.00000E+00  0.56391E+02  0.10362E+02  0.35427E+01     41  0.00000E+00      0.000
      44.3015 -0.19882E+00  0.19472E+00 -0.19882E+00  0.19472E+00 -0.16169E-02 -0.88079E+01  0.86263E+01 -0.88079E+01  0.86263E+01  0.32480E+00 -0.14884E+03 -0.10697E+03  0.00000E+00  0.00000E+00  0.00000E+00  0.56425E+02  0.13383E+02  0.45755E+01     51  0.00000E+00      0.000
      54.3015 -0.19882E+00  0.19472E+00 -0.19882E+00  0.19472E+00 -0.28485E-02 -0.10796E+02  0.10573E+02 -0.10796E+02  0.10573E+02  0.30117E+00 -0.14859E+03 -0.10675E+03  0.00000E+00  0.00000E+00  0.00000E+00  0.56443E+02  0.16404E+02  0.56084E+01     61  0.00000E+00      0.000
      64.3015 -0.19882E+00  0.19472E+00 -0.19882E+00  0.19472E+00 -0.34726E-02 -0.12784E+02  0.12521E+02 -0.12784E+02  0.12521E+02  0.26890E+00 -0.14846E+03 -0.10663E+03  0.00000E+00  0.00000E+00  0.00000E+00  0.56451E+02  0.19425E+02  0.66412E+01     71  0.00000E+00      0.000
      74.3015 -0.19882E+00  0.19472E+00 -0.19882E+00  0.19472E+00 -0.37850E-02 -0.14772E+02  0.14468E+02 -0.14772E+02  0.14468E+02  0.23227E+00 -0.14840E+03 -0.10658E+03  0.00000E+00  0.00000E+00  0.00000E+00  0.56456E+02  0.22446E+02  0.76740E+01     81  0.00000E+00      0.000
      84.3015 -0.19882E+00  0.19472E+00 -0.19882E+00  0.19472E+00 -0.39416E-02 -0.16761E+02  0.16415E+02 -0.16761E+02  0.16415E+02  0.19347E+00 -0.14836E+03 -0.10655E+03  0.00000E+00  0.00000E+00  0.00000E+00  0.56458E+02  0.25467E+02  0.87068E+01     91  0.00000E+00      0.000
      94.3015 -0.19882E+00  0.19472E+00 -0.19882E+00  0.19472E+00 -0.40215E-02 -0.18749E+02  0.18362E+02 -0.18749E+02  0.18362E+02  0.15356E+00 -0.14835E+03 -0.10654E+03  0.00000E+00  0.00000E+00  0.00000E+00  0.56459E+02  0.28488E+02  0.97396E+01    101  0.00000E+00      0.000
     104.3015 -0.19882E+00  0.19472E+00 -0.19882E+00  0.19472E+00 -0.40607E-02 -0.20737E+02  0.20309E+02 -0.20737E+02  0.20309E+02  0.11311E+00 -0.14834E+03 -0.10653E+03  0.00000E+00  0.00000E+00  0.00000E+00  0.56460E+02  0.31509E+02  0.10772E+02    111  0.00000E+00      0.000
     114.3015 -0.19882E+00  0.19472E+00 -0.19882E+00  0.19472E+00 -0.40810E-02 -0.22725E+02  0.22257E+02 -0.22725E+02  0.22257E+02  0.72379E-01 -0.14834E+03 -0.10653E+03  0.00000E+00  0.00000E+00  0.00000E+00  0.56460E+02  0.34530E+02  0.11805E+02    121  0.00000E+00      0.000
     124.3015 -0.19882E+00  0.19472E+00 -0.19882E+00  0.19472E+00 -0.40888E-02 -0.24713E+02  0.24204E+02 -0.24713E+02  0.24204E+02  0.31515E-01 -0.14833E+03 -0.10652E+03  0.00000E+00  0.00000E+00  0.00000E+00  0.56460E+02  0.37551E+02  0.12838E+02    131  0.00000E+00      0.000
     134.3015 -0.19882E+00  0.19472E+00 -0.19882E+00  0.19472E+00 -0.40951E-02 -0.26702E+02  0.26151E+02 -0.26702E+02  0.26151E+02 -0.94154E-02 -0.14833E+03 -0.10652E+03  0.00000E+00  0.00000E+00  0.00000E+00  0.56460E+02  0.40572E+02  0.13871E+02    141  0.00000E+00      0.000
     144.3015 -0.19882E+00  0.19472E+00 -0.19882E+00  0.19472E+00 -0.40982E-02 -0.28690E+02  0.28098E+02 -0.28690E+02  0.28098E+02 -0.50378E-01 -0.14833E+03 -0.10652E+03  0.00000E+00  0.00000E+00  0.00000E+00  0.56460E+02  0.43593E+02  0.14904E+02    151  0.00000E+00      0.000
     154.3015 -0.19882E+00  0.19472E+00 -0.19882E+00  0.19472E+00 -0.40990E-02 -0.30678E+02  0.30045E+02 -0.30678E+02  0.30045E+02 -0.91367E-01 -0.14833E+03 -0.10652E+03  0.00000E+00  0.00000E+00  0.00000E+00  0.56460E+02  0.46614E+02  0.15937E+02    161  0.00000E+00      0.000
     164.3015 -0.19882E+00  0.19472E+00 -0.19882E+00  0.19472E+00 -0.40990E-02 -0.32666E+02  0.31992E+02 -0.32666E+02  0.31992E+02 -0.13236E+00 -0.14833E+03 -0.10652E+03  0.00000E+00  0.00000E+00  0.00000E+00  0.56460E+02  0.49635E+02  0.16969E+02    171  0.00000E+00      0.000
     174.3015 -0.19882E+00  0.19472E+00 -0.19882E+00  0.19472E+00 -0.40990E-02 -0.34654E+02  0.33940E+02 -0.34654E+02  0.33940E+02 -0.17335E+00 -0.14833E+03 -0.10652E+03  0.00000E+00  0.00000E+00  0.00000E+00  0.56460E+02  0.52656E+02  0.18002E+02    181  0.00000E+00      0.000
     184.3015 -0.19882E+00  0.19472E+00 -0.19882E+00  0.19472E+00 -0.40990E-02 -0.36642E+02  0.35887E+02 -0.36642E+02  0.35887E+02 -0.21434E+00 -0.14833E+03 -0.10652E+03  0.00000E+00  0.00000E+00  0.00000E+00  0.56460E+02  0.55677E+02  0.19035E+02    191  0.00000E+00      0.000
     194.3015 -0.19882E+00  0.19472E+00 -0.19882E+00  0.19472E+00 -0.40990E-02 -0.38631E+02  0.37834E+02 -0.38631E+02  0.37834E+02 -0.25533E+00 -0.14833E+03 -0.10652E+03  0.00000E+00  0.00000E+00  0.00000E+00  0.56460E+02  0.58698E+02  0.20068E+02    201  0.00000E+00      0.000
     204.3015 -0.19882E+00  0.19472E+00 -0.19882E+00  0.19472E+00 -0.40990E-02 -0.40619E+02  0.39781E+02 -0.40619E+02  0.39781E+02 -0.29632E+00 -0.14833E+03 -0.10652E+03  0.00000E+00  0.00000E+00  0.00000E+00  0.56460E+02  0.61720E+02  0.21101E+02    211  0.00000E+00      0.000
     214.3015 -0.19882E+00  0.19472E+00 -0.19882E+00  0.19472E+00 -0.40990E-02 -0.42607E+02  0.41728E+02 -0.42607E+02  0.41728E+02 -0.33731E+00 -0.14833E+03 -0.10652E+03  0.00000E+00  0.00000E+00  0.00000E+00  0.56460E+02  0.64741E+02  0.22134E+02    221  0.00000E+00      0.000
     224.3015 -0.19882E+00  0.19472E+00 -0.19882E+00  0.19472E+00 -0.40990E-02 -0.44595E+02  0.43675E+02 -0.44595E+02  0.43675E+02 -0.37830E+00 -0.14833E+03 -0.10652E+03  0.00000E+00  0.00000E+00  0.00000E+00  0.56460E+02  0.67762E+02  0.23166E+02    231  0.00000E+00      0.000
     234.3015 -0.19882E+00  0.19472E+00 -0.19882E+00  0.19472E+00 -0.40990E-02 -0.46583E+02  0.45623E+02 -0.46583E+02  0.45623E+02 -0.41929E+00 -0.14833E+03 -0.10652E+03  0.00000E+00  0.00000E+00  0.00000E+00  0.56460E+02  0.70783E+02  0.24199E+02    241  0.00000E+00      0.000
     244.3015 -0.19882E+00  0.19472E+00 -0.19882E+00  0.19472E+00 -0.40990E-02 -0.48572E+02  0.47570E+02 -0.48572E+02  0.47570E+02 -0.46028E+00 -0.14833E+03 -0.10652E+03  0.00000E+00  0.00000E+00  0.00000E+00  0.56460E+02  0.73804E+02  0.25232E+02    251  0.00000E+00      0.000
     254.3015 -0.19882E+00  0.19472E+00 -0.19882E+00  0.19472E+00 -0.40990E-02 -0.50560E+02  0.49517E+02 -0.50560E+02  0.49517E+02 -0.50127E+00 -0.14833E+03 -0.10652E+03  0.00000E+00  0.00000E+00  0.00000E+00  0.56460E+02  0.76825E+02  0.26265E+02    261  0.00000E+00      0.000
     264.3015 -0.19882E+00  0.19472E+00 -0.19882E+00  0.19472E+00 -0.40990E-02 -0.52548E+02  0.51464E+02 -0.52548E+02  0.51464E+02 -0.54226E+00 -0.14833E+03 -0.10652E+03  0.00000E+00  0.00000E+00  0.00000E+00  0.56460E+02  0.79846E+02  0.27298E+02    271  0.00000E+00      0.000
     274.3015 -0.19882E+00  0.19472E+00 -0.19882E+00  0.19472E+00 -0.40990E-02 -0.54536E+02  0.53411E+02 -0.54536E+02  0.53411E+02 -0.58325E+00 -0.14833E+03 -0.10652E+03  0.00000E+00  0.00000E+00  0.00000E+00  0.56460E+02  0.82867E+02  0.28331E+02    281  0.00000E+00      0.000
     284.3015 -0.19882E+00  0.19472E+00 -0.19882E+00  0.19472E+00 -0.40990E-02 -0.56524E+02  0.55359E+02 -0.56524E+02  0.55359E+02 -0.62424E+00 -0.14833E+03 -0.10652E+03  0.00000E+00  0.00000E+00  0.00000E+00  0.56460E+02  0.85888E+02  0.29363E+02    291  0.00000E+00      0.000
     294.3015 -0.19882E+00  0.19472E+00 -0.19882E+00  0.19472E+00 -0.40990E-02 -0.58512E+02  0.57306E+02 -0.58512E+02  0.57306E+02 -0.66523E+00 -0.14833E+03 -0.10652E+03  0.00000E+00  0.00000E+00  0.00000E+00  0.56460E+02  0.88909E+02  0.30396E+02    301  0.00000E+00      0.000
     304.3015 -0.19882E+00  0.19472E+00 -0.19882E+00  0.19472E+00 -0.40990E-02 -0.60501E+02  0.59253E+02 -0.60501E+02  0.59253E+02 -0.70622E+00 -0.14833E+03 -0.10652E+03  0.00000E+00  0.00000E+00  0.00000E+00  0.56460E+02  0.91930E+02  0.31429E+02    311  0.00000E+00      0.000
     314.3015 -0.19882E+00  0.19472E+00 -0.19882E+00  0.19472E+00 -0.40990E-02 -0.62489E+02  0.61200E+02 -0.62489E+02  0.61200E+02 -0.74721E+00 -0.14833E+03 -0.10652E+03  0.00000E+00  0.00000E+00  0.00000E+00  0.56460E+02  0.94951E+02  0.32462E+02    321  0.00000E+00      0.000
     324.3015 -0.19882E+00  0.19472E+00 -0.19882E+00  0.19472E+00 -0.40990E-02 -0.64477E+02  0.63147E+02 -0.64477E+02  0.63147E+02 -0.78820E+00 -0.14833E+03 -0.10652E+03  0.00000E+00  0.00000E+00  0.00000E+00  0.56460E+02  0.97972E+02  0.33495E+02    331  0.00000E+00      0.000
     334.3015 -0.19882E+00  0.19472E+00 -0.19882E+00  0.19472E+00 -0.40990E-02 -0.66465E+02  0.65094E+02 -0.66465E+02  0.65094E+02 -0.82919E+00 -0.14833E+03 -0.10652E+03  0.00000E+00  0.00000E+00  0.00000E+00  0.56460E+02  0.10099E+03  0.34527E+02    341  0.00000E+00      0.000
     344.3015 -0.19882E+00  0.19472E+00 -0.19882E+00  0.19472E+00 -0.40990E-02 -0.68453E+02  0.67042E+02 -0.68453E+02  0.67042E+02 -0.87018E+00 -0.14833E+03 -0.10652E+03  0.00000E+00  0.00000E+00  0.00000E+00  0.56460E+02  0.10401E+03  0.35560E+02    351  0.00000E+00      0.000
     354.3015 -0.19882E+00  0.19472E+00 -0.19882E+00  0.19472E+00 -0.40990E-02 -0.70441E+02  0.68989E+02 -0.70441E+02  0.68989E+02 -0.91117E+00 -0.14833E+03 -0.10652E+03  0.00000E+00  0.00000E+00  0.00000E+00  0.56460E+02  0.10703E+03  0.36593E+02    361  0.00000E+00      0.000
     364.0301 -0.19882E+00  0.19472E+00 -0.19882E+00  0.19472E+00 -0.40990E-02 -0.72376E+02  0.70883E+02 -0.72376E+02  0.70883E+02 -0.95105E+00 -0.14833E+03 -0.10652E+03  0.00000E+00  0.00000E+00  0.00000E+00  0.56460E+02  0.10997E+03  0.37598E+02    371  0.00000E+00      0.000
     365.0000 -0.19882E+00  0.19472E+00 -0.19882E+00  0.19472E+00 -0.40990E-02 -0.72569E+02  0.71072E+02 -0.72568E+02  0.71072E+02 -0.95503E+00 -0.14833E+03 -0.10652E+03  0.00000E+00  0.00000E+00  0.00000E+00  0.56460E+02  0.11027E+03  0.37698E+02    372  0.00000E+00      0.000
     374.0000 -0.19882E+00  0.19472E+00 -0.19882E+00  0.19472E+00 -0.40990E-02 -0.74358E+02  0.72824E+02 -0.74358E+02  0.72824E+02 -0.99192E+00 -0.14833E+03 -0.10652E+03  0.00000E+00  0.00000E+00  0.00000E+00  0.56460E+02  0.11299E+03  0.38628E+02    381  0.00000E+00      0.000
     384.0000 -0.19882E+00  0.19472E+00 -0.19882E+00  0.19472E+00 -0.40990E-02 -0.76346E+02  0.74772E+02 -0.76346E+02  0.74772E+02 -0.10329E+01 -0.14833E+03 -0.10652E+03  0.00000E+00  0.00000E+00  0.00000E+00  0.56460E+02  0.11601E+03  0.39660E+02    391  0.00000E+00      0.000
     394.0000 -0.19882E+00  0.19472E+00 -0.19882E+00  0.19472E+00 -0.40990E-02 -0.78334E+02  0.76719E+02 -0.78334E+02  0.76719E+02 -0.10739E+01 -0.14833E+03 -0.10652E+03  0.00000E+00  0.00000E+00  0.00000E+00  0.56460E+02  0.11903E+03  0.40693E+02    401  0.00000E+00      0.000
     404.0000 -0.19882E+00  0.19472E+00 -0.19882E+00  0.19472E+00 -0.40990E-02 -0.80322E+02  0.78666E+02 -0.80322E+02  0.78666E+02 -0.11149E+01 -0.14833E+03 -0.10652E+03  0.00000E+00  0.00000E+00  0.00000E+00  0.56460E+02  0.12205E+03  0.41726E+02    411  0.00000E+00      0.000
     414.0000 -0.19882E+00  0.19472E+00 -0.19882E+00  0.19472E+00 -0.40990E-02 -0.82310E+02  0.80613E+02 -0.82310E+02  0.80613E+02 -0.11559E+01 -0.14833E+03 -0.10652E+03  0.00000E+00  0.00000E+00  0.00000E+00  0.56460E+02  0.12507E+03  0.42759E+02    421  0.00000E+00      0.000
     424.0000 -0.19882E+00  0.19472E+00 -0.19882E+00  0.19472E+00 -0.40990E-02 -0.84299E+02  0.82560E+02 -0.84299E+02  0.82560E+02 -0.11969E+01 -0.14833E+03 -0.10652E+03  0.00000E+00  0.00000E+00  0.00000E+00  0.56460E+02  0.12809E+03  0.43792E+02    431  0.00000E+00      0.000
     434.0000 -0.19882E+00  0.19472E+00 -0.19882E+00  0.19472E+00 -0.40990E-02 -0.86287E+02  0.84507E+02 -0.86287E+02  0.84507E+02 -0.12379E+01 -0.14833E+03 -0.10652E+03  0.00000E+00  0.00000E+00  0.00000E+00  0.56460E+02  0.13111E+03  0.44825E+02    441  0.00000E+00      0.000
     444.0000 -0.19882E+00  0.19472E+00 -0.19882E+00  0.19472E+00 -0.40990E-02 -0.88275E+02  0.86455E+02 -0.88275E+02  0.86455E+02 -0.12788E+01 -0.14833E+03 -0.10652E+03  0.00000E+00  0.00000E+00  0.00000E+00  0.56460E+02  0.13413E+03  0.45857E+02    451  0.00000E+00      0.000
     454.0000 -0.19882E+00  0.19472E+00 -0.19882E+00  0.19472E+00 -0.40990E-02 -0.90263E+02  0.88402E+02 -0.90263E+02  0.88402E+02 -0.13198E+01 -0.14833E+03 -0.10652E+03  0.00000E+00  0.00000E+00  0.00000E+00  0.56460E+02  0.13715E+03  0.46890E+02    461  0.00000E+00      0.000
     464.0000 -0.19882E+00  0.19472E+00 -0.19882E+00  0.19472E+00 -0.40990E-02 -0.92251E+02  0.90349E+02 -0.92251E+02  0.90349E+02 -0.13608E+01 -0.14833E+03 -0.10652E+03  0.00000E+00  0.00000E+00  0.00000E+00  0.56460E+02  0.14017E+03  0.47923E+02    471  0.00000E+00      0.000
     474.0000 -0.19882E+00  0.19472E+00 -0.19882E+00  0.19472E+00 -0.40990E-02 -0.94239E+02  0.92296E+02 -0.94239E+02  0.92296E+02 -0.14018E+01 -0.14833E+03 -0.10652E+03  0.00000E+00  0.00000E+00  0.00000E+00  0.56460E+02  0.14320E+03  0.48956E+02    481  0.00000E+00      0.000
     484.0000 -0.19882E+00  0.19472E+00 -0.19882E+00  0.19472E+00 -0.40990E-02 -0.96227E+02  0.94243E+02 -0.96227E+02  0.94243E+02 -0.14428E+01 -0.14833E+03 -0.10652E+03  0.00000E+00  0.00000E+00  0.00000E+00  0.56460E+02  0.14622E+03  0.49989E+02    491  0.00000E+00      0.000
     494.0000 -0.19882E+00  0.19472E+00 -0.19882E+00  0.19472E+00 -0.40990E-02 -0.98216E+02  0.96190E+02 -0.98216E+02  0.96190E+02 -0.14838E+01 -0.14833E+03 -0.10652E+03  0.00000E+00  0.00000E+00  0.00000E+00  0.56460E+02  0.14924E+03  0.51022E+02    501  0.00000E+00      0.000
     504.0000 -0.19882E+00  0.19472E+00 -0.19882E+00  0.19472E+00 -0.40990E-02 -0.10020E+03  0.98138E+02 -0.10020E+03  0.98138E+02 -0.15248E+01 -0.14833E+03 -0.10652E+03  0.00000E+00  0.00000E+00  0.00000E+00  0.56460E+02  0.15226E+03  0.52054E+02    511  0.00000E+00      0.000
     514.0000 -0.19882E+00  0.19472E+00 -0.19882E+00  0.19472E+00 -0.40990E-02 -0.10219E+03  0.10008E+03 -0.10219E+03  0.10008E+03 -0.15658E+01 -0.14833E+03 -0.10652E+03  0.00000E+00  0.00000E+00  0.00000E+00  0.56460E+02  0.15528E+03  0.53087E+02    521  0.00000E+00      0.000
     524.0000 -0.19882E+00  0.19472E+00 -0.19882E+00  0.19472E+00 -0.40990E-02 -0.10418E+03  0.10203E+03 -0.10418E+03  0.10203E+03 -0.16068E+01 -0.14833E+03 -0.10652E+03  0.00000E+00  0.00000E+00  0.00000E+00  0.56460E+02  0.15830E+03  0.54120E+02    531  0.00000E+00      0.000
     534.0000 -0.19882E+00  0.19472E+00 -0.19882E+00  0.19472E+00 -0.40990E-02 -0.10617E+03  0.10398E+03 -0.10617E+03  0.10398E+03 -0.16478E+01 -0.14833E+03 -0.10652E+03  0.00000E+00  0.00000E+00  0.00000E+00  0.56460E+02  0.16132E+03  0.55153E+02    541  0.00000E+00      0.000
     544.0000 -0.19882E+00  0.19472E+00 -0.19882E+00  0.19472E+00 -0.40990E-02 -0.10816E+03  0.10593E+03 -0.10816E+03  0.10593E+03 -0.16887E+01 -0.14833E+03 -0.10652E+03  0.00000E+00  0.00000E+00  0.00000E+00  0.56460E+02  0.16434E+03  0.56186E+02    551  0.00000E+00      0.000
     554.0000 -0.19882E+00  0.19472E+00 -0.19882E+00  0.19472E+00 -0.40990E-02 -0.11014E+03  0.10787E+03 -0.11014E+03  0.10787E+03 -0.17297E+01 -0.14833E+03 -0.10652E+03  0.00000E+00  0.00000E+00  0.00000E+00  0.56460E+02  0.16736E+03  0.57219E+02    561  0.00000E+00      0.000
     564.0000 -0.19882E+00  0.19472E+00 -0.19882E+00  0.19472E+00 -0.40990E-02 -0.11213E+03  0.10982E+03 -0.11213E+03  0.10982E+03 -0.17707E+01 -0.14833E+03 -0.10652E+03  0.00000E+00  0.00000E+00  0.00000E+00  0.56460E+02  0.17038E+03  0.58251E+02    571  0.00000E+00      0.000
     574.0000 -0.19882E+00  0.19472E+00 -0.19882E+00  0.19472E+00 -0.40990E-02 -0.11412E+03  0.11177E+03 -0.11412E+03  0.11177E+03 -0.18117E+01 -0.14833E+03 -0.10652E+03  0.00000E+00  0.00000E+00  0.00000E+00  0.56460E+02  0.17340E+03  0.59284E+02    581  0.00000E+00      0.000
     584.0000 -0.19882E+00  0.19472E+00 -0.19882E+00  0.19472E+00 -0.40990E-02 -0.11611E+03  0.11372E+03 -0.11611E+03  0.11372E+03 -0.18527E+01 -0.14833E+03 -0.10652E+03  0.00000E+00  0.00000E+00  0.00000E+00  0.56460E+02  0.17643E+03  0.60317E+02    591  0.00000E+00      0.000
     594.0000 -0.19882E+00  0.19472E+00 -0.19882E+00  0.19472E+00 -0.40990E-02 -0.11810E+03  0.11566E+03 -0.11810E+03  0.11566E+03 -0.18937E+01 -0.14833E+03 -0.10652E+03  0.00000E+00  0.00000E+00  0.00000E+00  0.56460E+02  0.17945E+03  0.61350E+02    601  0.00000E+00      0.000
     604.0000 -0.19882E+00  0.19472E+00 -0.19882E+00  0.19472E+00 -0.40990E-02 -0.12009E+03  0.11761E+03 -0.12009E+03  0.11761E+03 -0.19347E+01 -0.14833E+03 -0.10652E+03  0.00000E+00  0.00000E+00  0.00000E+00  0.56460E+02  0.18247E+03  0.62383E+02    611  0.00000E+00      0.000
     614.0000 -0.19882E+00  0.19472E+00 -0.19882E+00  0.19472E+00 -0.40990E-02 -0.12207E+03  0.11956E+03 -0.12207E+03  0.11956E+03 -0.19757E+01 -0.14833E+03 -0.10652E+03  0.00000E+00  0.00000E+00  0.00000E+00  0.56460E+02  0.18549E+03  0.63416E+02    621  0.00000E+00      0.000
     624.0000 -0.19882E+00  0.19472E+00 -0.19882E+00  0.19472E+00 -0.40990E-02 -0.12406E+03  0.12150E+03 -0.12406E+03  0.12150E+03 -0.20167E+01 -0.14833E+03 -0.10652E+03  0.00000E+00  0.00000E+00  0.00000E+00  0.56460E+02  0.18851E+03  0.64448E+02    631  0.00000E+00      0.000
     634.0000 -0.19882E+00  0.19472E+00 -0.19882E+00  0.19472E+00 -0.40990E-02 -0.12605E+03  0.12345E+03 -0.12605E+03  0.12345E+03 -0.20577E+01 -0.14833E+03 -0.10652E+03  0.00000E+00  0.00000E+00  0.00000E+00  0.56460E+02  0.19153E+03  0.65481E+02    641  0.00000E+00      0.000
     644.0000 -0.19882E+00  0.19472E+00 -0.19882E+00  0.19472E+00 -0.40990E-02 -0.12804E+03  0.12540E+03 -0.12804E+03  0.12540E+03 -0.20987E+01 -0.14833E+03 -0.10652E+03  0.00000E+00  0.00000E+00  0.00000E+00  0.56460E+02  0.19455E+03  0.66514E+02    651  0.00000E+00      0.000
     654.0000 -0.19882E+00  0.19472E+00 -0.19882E+00  0.19472E+00 -0.40990E-02 -0.13003E+03  0.12735E+03 -0.13003E+03  0.12735E+03 -0.21396E+01 -0.14833E+03 -0.10652E+03  0.00000E+00  0.00000E+00  0.00000E+00  0.56460E+02  0.19757E+03  0.67547E+02    661  0.00000E+00      0.000
     664.0000 -0.19882E+00  0.19472E+00 -0.19882E+00  0.19472E+00 -0.40990E-02 -0.13201E+03  0.12929E+03 -0.13201E+03  0.12929E+03 -0.21806E+01 -0.14833E+03 -0.10652E+03  0.00000E+00  0.00000E+00  0.00000E+00  0.56460E+02  0.20059E+03  0.68580E+02    671  0.00000E+00      0.000
     674.0000 -0.19882E+00  0.19472E+00 -0.19882E+00  0.19472E+00 -0.40990E-02 -0.13400E+03  0.13124E+03 -0.13400E+03  0.13124E+03 -0.22216E+01 -0.14833E+03 -0.10652E+03  0.00000E+00  0.00000E+00  0.00000E+00  0.56460E+02  0.20361E+03  0.69612E+02    681  0.00000E+00      0.000
     684.0000 -0.19882E+00  0.19472E+00 -0.19882E+00  0.19472E+00 -0.40990E-02 -0.13599E+03  0.13319E+03 -0.13599E+03  0.13319E+03 -0.22626E+01 -0.14833E+03 -0.10652E+03  0.00000E+00  0.00000E+00  0.00000E+00  0.56460E+02  0.20663E+03  0.70645E+02    691  0.00000E+00      0.000
     694.0000 -0.19882E+00  0.19472E+00 -0.19882E+00  0.19472E+00 -0.40990E-02 -0.13798E+03  0.13513E+03 -0.13798E+03  0.13513E+03 -0.23036E+01 -0.14833E+03 -0.10652E+03  0.00000E+00  0.00000E+00  0.00000E+00  0.56460E+02  0.20966E+03  0.71678E+02    701  0.00000E+00      0.000
     704.0000 -0.19882E+00  0.19472E+00 -0.19882E+00  0.19472E+00 -0.40990E-02 -0.13997E+03  0.13708E+03 -0.13997E+03  0.13708E+03 -0.23446E+01 -0.14833E+03 -0.10652E+03  0.00000E+00  0.00000E+00  0.00000E+00  0.56460E+02  0.21268E+03  0.72711E+02    711  0.00000E+00      0.000
     714.0000 -0.19882E+00  0.19472E+00 -0.19882E+00  0.19472E+00 -0.40990E-02 -0.14196E+03  0.13903E+03 -0.14196E+03  0.13903E+03 -0.23856E+01 -0.14833E+03 -0.10652E+03  0.00000E+00  0.00000E+00  0.00000E+00  0.56460E+02  0.21570E+03  0.73743E+02    721  0.00000E+00      0.000
     724.0000 -0.19882E+00  0.19472E+00 -0.19882E+00  0.19472E+00 -0.40990E-02 -0.14394E+03  0.14098E+03 -0.14394E+03  0.14098E+03 -0.24266E+01 -0.14833E+03 -0.10652E+03  0.00000E+00  0.00000E+00  0.00000E+00  0.56460E+02  0.21872E+03  0.74776E+02    731  0.00000E+00      0.000
     730.0000 -0.19882E+00  0.19472E+00 -0.19882E+00  0.19472E+00 -0.40990E-02 -0.14514E+03  0.14214E+03 -0.14514E+03  0.14214E+03 -0.24512E+01 -0.14833E+03 -0.10652E+03  0.00000E+00  0.00000E+00  0.00000E+00  0.56460E+02  0.22053E+03  0.75396E+02    737  0.00000E+00      0.000
     734.0000 -0.19882E+00  0.19472E+00 -0.19882E+00  0.19472E+00 -0.40990E-02 -0.14593E+03  0.14292E+03 -0.14593E+03  0.14292E+03 -0.24676E+01 -0.14833E+03 -0.10652E+03  0.00000E+00  0.00000E+00  0.00000E+00  0.56460E+02  0.22174E+03  0.75809E+02    741  0.00000E+00      0.000
     744.0000 -0.19882E+00  0.19472E+00 -0.19882E+00  0.19472E+00 -0.40990E-02 -0.14792E+03  0.14487E+03 -0.14792E+03  0.14487E+03 -0.25086E+01 -0.14833E+03 -0.10652E+03  0.00000E+00  0.00000E+00  0.00000E+00  0.56460E+02  0.22476E+03  0.76842E+02    751  0.00000E+00      0.000
     754.0000 -0.19882E+00  0.19472E+00 -0.19882E+00  0.19472E+00 -0.40990E-02 -0.14991E+03  0.14682E+03 -0.14991E+03  0.14682E+03 -0.25496E+01 -0.14833E+03 -0.10652E+03  0.00000E+00  0.00000E+00  0.00000E+00  0.56460E+02  0.22778E+03  0.77875E+02    761  0.00000E+00      0.000
     764.0000 -0.19882E+00  0.19472E+00 -0.19882E+00  0.19472E+00 -0.40990E-02 -0.15190E+03  0.14876E+03 -0.15190E+03  0.14876E+03 -0.25905E+01 -0.14833E+03 -0.10652E+03  0.00000E+00  0.00000E+00  0.00000E+00  0.56460E+02  0.23080E+03  0.78907E+02    771  0.00000E+00      0.000
     774.0000 -0.19882E+00  0.19472E+00 -0.19882E+00  0.19472E+00 -0.40990E-02 -0.15388E+03  0.15071E+03 -0.15388E+03  0.15071E+03 -0.26315E+01 -0.14833E+03 -0.10652E+03  0.00000E+00  0.00000E+00  0.00000E+00  0.56460E+02  0.23382E+03  0.79940E+02    781  0.00000E+00      0.000
     784.0000 -0.19882E+00  0.19472E+00 -0.19882E+00  0.19472E+00 -0.40990E-02 -0.15587E+03  0.15266E+03 -0.15587E+03  0.15266E+03 -0.26725E+01 -0.14833E+03 -0.10652E+03  0.00000E+00  0.00000E+00  0.00000E+00  0.56460E+02  0.23684E+03  0.80973E+02    791  0.00000E+00      0.000
     794.0000 -0.19882E+00  0.19472E+00 -0.19882E+00  0.19472E+00 -0.40990E-02 -0.15786E+03  0.15461E+03 -0.15786E+03  0.15461E+03 -0.27135E+01 -0.14833E+03 -0.10652E+03  0.00000E+00  0.00000E+00  0.00000E+00  0.56460E+02  0.23987E+03  0.82006E+02    801  0.00000E+00      0.000
     804.0000 -0.19882E+00  0.19472E+00 -0.19882E+00  0.19472E+00 -0.40990E-02 -0.15985E+03  0.15655E+03 -0.15985E+03  0.15655E+03 -0.27545E+01 -0.14833E+03 -0.10652E+03  0.00000E+00  0.00000E+00  0.00000E+00  0.56460E+02  0.24289E+03  0.83039E+02    811  0.00000E+00      0.000
     814.0000 -0.19882E+00  0.19472E+00 -0.19882E+00  0.19472E+00 -0.40990E-02 -0.16184E+03  0.15850E+03 -0.16184E+03  0.15850E+03 -0.27955E+01 -0.14833E+03 -0.10652E+03  0.00000E+00  0.00000E+00  0.00000E+00  0.56460E+02  0.24591E+03  0.84071E+02    821  0.00000E+00      0.000
     824.0000 -0.19882E+00  0.19472E+00 -0.19882E+00  0.19472E+00 -0.40990E-02 -0.16383E+03  0.16045E+03 -0.16383E+03  0.16045E+03 -0.28365E+01 -0.14833E+03 -0.10652E+03  0.00000E+00  0.00000E+00  0.00000E+00  0.56460E+02  0.24893E+03  0.85104E+02    831  0.00000E+00      0.000
     834.0000 -0.19882E+00  0.19472E+00 -0.19882E+00  0.19472E+00 -0.40990E-02 -0.16581E+03  0.16239E+03 -0.16581E+03  0.16239E+03 -0.28775E+01 -0.14833E+03 -0.10652E+03  0.00000E+00  0.00000E+00  0.00000E+00  0.56460E+02  0.25195E+03  0.86137E+02    841  0.00000E+00      0.000
     844.0000 -0.19882E+00  0.19472E+00 -0.19882E+00  0.19472E+00 -0.40990E-02 -0.16780E+03  0.16434E+03 -0.16780E+03  0.16434E+03 -0.29185E+01 -0.14833E+03 -0.10652E+03  0.00000E+00  0.00000E+00  0.00000E+00  0.56460E+02  0.25497E+03  0.87170E+02    851  0.00000E+00      0.000
     854.0000 -0.19882E+00  0.19472E+00 -0.19882E+00  0.19472E+00 -0.40990E-02 -0.16979E+03  0.16629E+03 -0.16979E+03  0.16629E+03 -0.29595E+01 -0.14833E+03 -0.10652E+03  0.00000E+00  0.00000E+00  0.00000E+00  0.56460E+02  0.25799E+03  0.88203E+02    861  0.00000E+00      0.000
     864.0000 -0.19882E+00  0.19472E+00 -0.19882E+00  0.19472E+00 -0.40990E-02 -0.17178E+03  0.16824E+03 -0.17178E+03  0.16824E+03 -0.30005E+01 -0.14833E+03 -0.10652E+03  0.00000E+00  0.00000E+00  0.00000E+00  0.56460E+02  0.26101E+03  0.89235E+02    871  0.00000E+00      0.000
     874.0000 -0.19882E+00  0.19472E+00 -0.19882E+00  0.19472E+00 -0.40990E-02 -0.17377E+03  0.17018E+03 -0.17377E+03  0.17018E+03 -0.30415E+01 -0.14833E+03 -0.10652E+03  0.00000E+00  0.00000E+00  0.00000E+00  0.56460E+02  0.26403E+03  0.90268E+02    881  0.00000E+00      0.000
     884.0000 -0.19882E+00  0.19472E+00 -0.19882E+00  0.19472E+00 -0.40990E-02 -0.17576E+03  0.17213E+03 -0.17575E+03  0.17213E+03 -0.30824E+01 -0.14833E+03 -0.10652E+03  0.00000E+00  0.00000E+00  0.00000E+00  0.56460E+02  0.26705E+03  0.91301E+02    891  0.00000E+00      0.000
     894.0000 -0.19882E+00  0.19472E+00 -0.19882E+00  0.19472E+00 -0.40990E-02 -0.17774E+03  0.17408E+03 -0.17774E+03  0.17408E+03 -0.31234E+01 -0.14833E+03 -0.10652E+03  0.00000E+00  0.00000E+00  0.00000E+00  0.56460E+02  0.27007E+03  0.92334E+02    901  0.00000E+00      0.000
     904.0000 -0.19882E+00  0.19472E+00 -0.19882E+00  0.19472E+00 -0.40990E-02 -0.17973E+03  0.17602E+03 -0.17973E+03  0.17602E+03 -0.31644E+01 -0.14833E+03 -0.10652E+03  0.00000E+00  0.00000E+00  0.00000E+00  0.56460E+02  0.27310E+03  0.93367E+02    911  0.00000E+00      0.000
     914.0000 -0.19882E+00  0.19472E+00 -0.19882E+00  0.19472E+00 -0.40990E-02 -0.18172E+03  0.17797E+03 -0.18172E+03  0.17797E+03 -0.32054E+01 -0.14833E+03 -0.10652E+03  0.00000E+00  0.00000E+00  0.00000E+00  0.56460E+02  0.27612E+03  0.94399E+02    921  0.00000E+00      0.000
     924.0000 -0.19882E+00  0.19472E+00 -0.19882E+00  0.19472E+00 -0.40990E-02 -0.18371E+03  0.17992E+03 -0.18371E+03  0.17992E+03 -0.32464E+01 -0.14833E+03 -0.10652E+03  0.00000E+00  0.00000E+00  0.00000E+00  0.56460E+02  0.27914E+03  0.95432E+02    931  0.00000E+00      0.000
     934.0000 -0.19882E+00  0.19472E+00 -0.19882E+00  0.19472E+00 -0.40990E-02 -0.18570E+03  0.18187E+03 -0.18570E+03  0.18187E+03 -0.32874E+01 -0.14833E+03 -0.10652E+03  0.00000E+00  0.00000E+00  0.00000E+00  0.56460E+02  0.28216E+03  0.96465E+02    941  0.00000E+00      0.000
     944.0000 -0.19882E+00  0.19472E+00 -0.19882E+00  0.19472E+00 -0.40990E-02 -0.18768E+03  0.18381E+03 -0.18768E+03  0.18381E+03 -0.33284E+01 -0.14833E+03 -0.10652E+03  0.00000E+00  0.00000E+00  0.00000E+00  0.56460E+02  0.28518E+03  0.97498E+02    951  0.00000E+00      0.000
     954.0000 -0.19882E+00  0.19472E+00 -0.19882E+00  0.19472E+00 -0.40990E-02 -0.18967E+03  0.18576E+03 -0.18967E+03  0.18576E+03 -0.33694E+01 -0.14833E+03 -0.10652E+03  0.00000E+00  0.00000E+00  0.00000E+00  0.56460E+02  0.28820E+03  0.98530E+02    961  0.00000E+00      0.000
     964.0000 -0.19882E+00  0.19472E+00 -0.19882E+00  0.19472E+00 -0.40990E-02 -0.19166E+03  0.18771E+03 -0.19166E+03  0.18771E+03 -0.34104E+01 -0.14833E+03 -0.10652E+03  0.00000E+00  0.00000E+00  0.00000E+00  0.56460E+02  0.29122E+03  0.99563E+02    971  0.00000E+00      0.000
     974.0000 -0.19882E+00  0.19472E+00 -0.19882E+00  0.19472E+00 -0.40990E-02 -0.19365E+03  0.18965E+03 -0.19365E+03  0.18965E+03 -0.34514E+01 -0.14833E+03 -0.10652E+03  0.00000E+00  0.00000E+00  0.00000E+00  0.56460E+02  0.29424E+03  0.10060E+03    981  0.00000E+00      0.000
     984.0000 -0.19882E+00  0.19472E+00 -0.19882E+00  0.19472E+00 -0.40990E-02 -0.19564E+03  0.19160E+03 -0.19564E+03  0.19160E+03 -0.34924E+01 -0.14833E+03 -0.10652E+03  0.00000E+00  0.00000E+00  0.00000E+00  0.56460E+02  0.29726E+03  0.10163E+03    991  0.00000E+00      0.000
     994.0000 -0.19882E+00  0.19472E+00 -0.19882E+00  0.19472E+00 -0.40990E-02 -0.19763E+03  0.19355E+03 -0.19763E+03  0.19355E+03 -0.35333E+01 -0.14833E+03 -0.10652E+03  0.00000E+00  0.00000E+00  0.00000E+00  0.56460E+02  0.30028E+03  0.10266E+03   1001  0.00000E+00      0.000
    1004.0000 -0.19882E+00  0.19472E+00 -0.19882E+00  0.19472E+00 -0.40990E-02 -0.19961E+03  0.19550E+03 -0.19961E+03  0.19550E+03 -0.35743E+01 -0.14833E+03 -0.10652E+03  0.00000E+00  0.00000E+00  0.00000E+00  0.56460E+02  0.30330E+03  0.10369E+03   1011  0.00000E+00      0.000
    1014.0000 -0.19882E+00  0.19472E+00 -0.19882E+00  0.19472E+00 -0.40990E-02 -0.20160E+03  0.19744E+03 -0.20160E+03  0.19744E+03 -0.36153E+01 -0.14833E+03 -0.10652E+03  0.00000E+00  0.00000E+00  0.00000E+00  0.56460E+02  0.30633E+03  0.10473E+03   1021  0.00000E+00      0.000
    1024.0000 -0.19882E+00  0.19472E+00 -0.19882E+00  0.19472E+00 -0.40990E-02 -0.20359E+03  0.19939E+03 -0.20359E+03  0.19939E+03 -0.36563E+01 -0.14833E+03 -0.10652E+03  0.00000E+00  0.00000E+00  0.00000E+00  0.56460E+02  0.30935E+03  0.10576E+03   1031  0.00000E+00      0.000
    1034.0000 -0.19882E+00  0.19472E+00 -0.19882E+00  0.19472E+00 -0.40990E-02 -0.20558E+03  0.20134E+03 -0.20558E+03  0.20134E+03 -0.36973E+01 -0.14833E+03 -0.10652E+03  0.00000E+00  0.00000E+00  0.00000E+00  0.56460E+02  0.31237E+03  0.10679E+03   1041  0.00000E+00      0.000
    1044.0000 -0.19882E+00  0.19472E+00 -0.19882E+00  0.19472E+00 -0.40990E-02 -0.20757E+03  0.20329E+03 -0.20757E+03  0.20329E+03 -0.37383E+01 -0.14833E+03 -0.10652E+03  0.00000E+00  0.00000E+00  0.00000E+00  0.56460E+02  0.31539E+03  0.10783E+03   1051  0.00000E+00      0.000
    1054.0000 -0.19882E+00  0.19472E+00 -0.19882E+00  0.19472E+00 -0.40990E-02 -0.20955E+03  0.20523E+03 -0.20955E+03  0.20523E+03 -0.37793E+01 -0.14833E+03 -0.10652E+03  0.00000E+00  0.00000E+00  0.00000E+00  0.56460E+02  0.31841E+03  0.10886E+03   1061  0.00000E+00      0.000
    1064.0000 -0.19882E+00  0.19472E+00 -0.19882E+00  0.19472E+00 -0.40990E-02 -0.21154E+03  0.20718E+03 -0.21154E+03  0.20718E+03 -0.38203E+01 -0.14833E+03 -0.10652E+03  0.00000E+00  0.00000E+00  0.00000E+00  0.56460E+02  0.32143E+03  0.10989E+03   1071  0.00000E+00      0.000
    1074.0000 -0.19882E+00  0.19472E+00 -0.19882E+00  0.19472E+00 -0.40990E-02 -0.21353E+03  0.20913E+03 -0.21353E+03  0.20913E+03 -0.38613E+01 -0.14833E+03 -0.10652E+03  0.00000E+00  0.00000E+00  0.00000E+00  0.56460E+02  0.32445E+03  0.11092E+03   1081  0.00000E+00      0.000
    1084.0000 -0.19882E+00  0.19472E+00 -0.19882E+00  0.19472E+00 -0.40990E-02 -0.21552E+03  0.21107E+03 -0.21552E+03  0.21107E+03 -0.39023E+01 -0.14833E+03 -0.10652E+03  0.00000E+00  0.00000E+00  0.00000E+00  0.56460E+02  0.32747E+03  0.11196E+03   1091  0.00000E+00      0.000
    1094.0000 -0.19882E+00  0.19472E+00 -0.19882E+00  0.19472E+00 -0.40990E-02 -0.21751E+03  0.21302E+03 -0.21751E+03  0.21302E+03 -0.39433E+01 -0.14833E+03 -0.10652E+03  0.00000E+00  0.00000E+00  0.00000E+00  0.56460E+02  0.33049E+03  0.11299E+03   1101  0.00000E+00      0.000
    1095.0000 -0.19882E+00  0.19472E+00 -0.19882E+00  0.19472E+00 -0.40990E-02 -0.21771E+03  0.21322E+03 -0.21771E+03  0.21322E+03 -0.39474E+01 -0.14833E+03 -0.10652E+03  0.00000E+00  0.00000E+00  0.00000E+00  0.56460E+02  0.33080E+03  0.11309E+03   1102  0.00000E+00      0.000
    1104.0000 -0.19882E+00  0.19472E+00 -0.19882E+00  0.19472E+00 -0.40990E-02 -0.21950E+03  0.21497E+03 -0.21950E+03  0.21497E+03 -0.39843E+01 -0.14833E+03 -0.10652E+03  0.00000E+00  0.00000E+00  0.00000E+00  0.56460E+02  0.33351E+03  0.11402E+03   1111  0.00000E+00      0.000
    1114.0000 -0.19882E+00  0.19472E+00 -0.19882E+00  0.19472E+00 -0.40990E-02 -0.22148E+03  0.21692E+03 -0.22148E+03  0.21692E+03 -0.40252E+01 -0.14833E+03 -0.10652E+03  0.00000E+00  0.00000E+00  0.00000E+00  0.56460E+02  0.33654E+03  0.11506E+03   1121  0.00000E+00      0.000
    1124.0000 -0.19882E+00  0.19472E+00 -0.19882E+00  0.19472E+00 -0.40990E-02 -0.22347E+03  0.21886E+03 -0.22347E+03  0.21886E+03 -0.40662E+01 -0.14833E+03 -0.10652E+03  0.00000E+00  0.00000E+00  0.00000E+00  0.56460E+02  0.33956E+03  0.11609E+03   1131  0.00000E+00      0.000
    1134.0000 -0.19882E+00  0.19472E+00 -0.19882E+00  0.19472E+00 -0.40990E-02 -0.22546E+03  0.22081E+03 -0.22546E+03  0.22081E+03 -0.41072E+01 -0.14833E+03 -0.10652E+03  0.00000E+00  0.00000E+00  0.00000E+00  0.56460E+02  0.34258E+03  0.11712E+03   1141  0.00000E+00      0.000
    1144.0000 -0.19882E+00  0.19472E+00 -0.19882E+00  0.19472E+00 -0.40990E-02 -0.22745E+03  0.22276E+03 -0.22745E+03  0.22276E+03 -0.41482E+01 -0.14833E+03 -0.10652E+03  0.00000E+00  0.00000E+00  0.00000E+00  0.56460E+02  0.34560E+03  0.11815E+03   1151  0.00000E+00      0.000
    1154.0000 -0.19882E+00  0.19472E+00 -0.19882E+00  0.19472E+00 -0.40990E-02 -0.22944E+03  0.22470E+03 -0.22944E+03  0.22470E+03 -0.41892E+01 -0.14833E+03 -0.10652E+03  0.00000E+00  0.00000E+00  0.00000E+00  0.56460E+02  0.34862E+03  0.11919E+03   1161  0.00000E+00      0.000
    1164.0000 -0.19882E+00  0.19472E+00 -0.19882E+00  0.19472E+00 -0.40990E-02 -0.23143E+03  0.22665E+03 -0.23143E+03  0.22665E+03 -0.42302E+01 -0.14833E+03 -0.10652E+03  0.00000E+00  0.00000E+00  0.00000E+00  0.56460E+02  0.35164E+03  0.12022E+03   1171  0.00000E+00      0.000
    1174.0000 -0.19882E+00  0.19472E+00 -0.19882E+00  0.19472E+00 -0.40990E-02 -0.23341E+03  0.22860E+03 -0.23341E+03  0.22860E+03 -0.42712E+01 -0.14833E+03 -0.10652E+03  0.00000E+00  0.00000E+00  0.00000E+00  0.56460E+02  0.35466E+03  0.12125E+03   1181  0.00000E+00      0.000
    1184.0000 -0.19882E+00  0.19472E+00 -0.19882E+00  0.19472E+00 -0.40990E-02 -0.23540E+03  0.23055E+03 -0.23540E+03  0.23055E+03 -0.43122E+01 -0.14833E+03 -0.10652E+03  0.00000E+00  0.00000E+00  0.00000E+00  0.56460E+02  0.35768E+03  0.12228E+03   1191  0.00000E+00      0.000
    1194.0000 -0.19882E+00  0.19472E+00 -0.19882E+00  0.19472E+00 -0.40990E-02 -0.23739E+03  0.23249E+03 -0.23739E+03  0.23249E+03 -0.43532E+01 -0.14833E+03 -0.10652E+03  0.00000E+00  0.00000E+00  0.00000E+00  0.56460E+02  0.36070E+03  0.12332E+03   1201  0.00000E+00      0.000
    1204.0000 -0.19882E+00  0.19472E+00 -0.19882E+00  0.19472E+00 -0.40990E-02 -0.23938E+03  0.23444E+03 -0.23938E+03  0.23444E+03 -0.43941E+01 -0.14833E+03 -0.10652E+03  0.00000E+00  0.00000E+00  0.00000E+00  0.56460E+02  0.36372E+03  0.12435E+03   1211  0.00000E+00      0.000
    1214.0000 -0.19882E+00  0.19472E+00 -0.19882E+00  0.19472E+00 -0.40990E-02 -0.24137E+03  0.23639E+03 -0.24137E+03  0.23639E+03 -0.44351E+01 -0.14833E+03 -0.10652E+03  0.00000E+00  0.00000E+00  0.00000E+00  0.56460E+02  0.36674E+03  0.12538E+03   1221  0.00000E+00      0.000
    1224.0000 -0.19882E+00  0.19472E+00 -0.19882E+00  0.19472E+00 -0.40990E-02 -0.24335E+03  0.23833E+03 -0.24335E+03  0.23833E+03 -0.44761E+01 -0.14833E+03 -0.10652E+03  0.00000E+00  0.00000E+00  0.00000E+00  0.56460E+02  0.36977E+03  0.12642E+03   1231  0.00000E+00      0.000
    1234.0000 -0.19882E+00  0.19472E+00 -0.19882E+00  0.19472E+00 -0.40990E-02 -0.24534E+03  0.24028E+03 -0.24534E+03  0.24028E+03 -0.45171E+01 -0.14833E+03 -0.10652E+03  0.00000E+00  0.00000E+00  0.00000E+00  0.56460E+02  0.37279E+03  0.12745E+03   1241  0.00000E+00      0.000
    1244.0000 -0.19882E+00  0.19472E+00 -0.19882E+00  0.19472E+00 -0.40990E-02 -0.24733E+03  0.24223E+03 -0.24733E+03  0.24223E+03 -0.45581E+01 -0.14833E+03 -0.10652E+03  0.00000E+00  0.00000E+00  0.00000E+00  0.56460E+02  0.37581E+03  0.12848E+03   1251  0.00000E+00      0.000
    1254.0000 -0.19882E+00  0.19472E+00 -0.19882E+00  0.19472E+00 -0.40990E-02 -0.24932E+03  0.24418E+03 -0.24932E+03  0.24418E+03 -0.45991E+01 -0.14833E+03 -0.10652E+03  0.00000E+00  0.00000E+00  0.00000E+00  0.56460E+02  0.37883E+03  0.12951E+03   1261  0.00000E+00      0.000
    1264.0000 -0.19882E+00  0.19472E+00 -0.19882E+00  0.19472E+00 -0.40990E-02 -0.25131E+03  0.24612E+03 -0.25131E+03  0.24612E+03 -0.46401E+01 -0.14833E+03 -0.10652E+03  0.00000E+00  0.00000E+00  0.00000E+00  0.56460E+02  0.38185E+03  0.13055E+03   1271  0.00000E+00      0.000
    1274.0000 -0.19882E+00  0.19472E+00 -0.19882E+00  0.19472E+00 -0.40990E-02 -0.25330E+03  0.24807E+03 -0.25330E+03  0.24807E+03 -0.46811E+01 -0.14833E+03 -0.10652E+03  0.00000E+00  0.00000E+00  0.00000E+00  0.56460E+02  0.38487E+03  0.13158E+03   1281  0.00000E+00      0.000
    1284.0000 -0.19882E+00  0.19472E+00 -0.19882E+00  0.19472E+00 -0.40990E-02 -0.25528E+03  0.25002E+03 -0.25528E+03  0.25002E+03 -0.47221E+01 -0.14833E+03 -0.10652E+03  0.00000E+00  0.00000E+00  0.00000E+00  0.56460E+02  0.38789E+03  0.13261E+03   1291  0.00000E+00      0.000
    1294.0000 -0.19882E+00  0.19472E+00 -0.19882E+00  0.19472E+00 -0.40990E-02 -0.25727E+03  0.25196E+03 -0.25727E+03  0.25196E+03 -0.47630E+01 -0.14833E+03 -0.10652E+03  0.00000E+00  0.00000E+00  0.00000E+00  0.56460E+02  0.39091E+03  0.13365E+03   1301  0.00000E+00      0.000
    1304.0000 -0.19882E+00  0.19472E+00 -0.19882E+00  0.19472E+00 -0.40990E-02 -0.25926E+03  0.25391E+03 -0.25926E+03  0.25391E+03 -0.48040E+01 -0.14833E+03 -0.10652E+03  0.00000E+00  0.00000E+00  0.00000E+00  0.56460E+02  0.39393E+03  0.13468E+03   1311  0.00000E+00      0.000
    1314.0000 -0.19882E+00  0.19472E+00 -0.19882E+00  0.19472E+00 -0.40990E-02 -0.26125E+03  0.25586E+03 -0.26125E+03  0.25586E+03 -0.48450E+01 -0.14833E+03 -0.10652E+03  0.00000E+00  0.00000E+00  0.00000E+00  0.56460E+02  0.39695E+03  0.13571E+03   1321  0.00000E+00      0.000
    1324.0000 -0.19882E+00  0.19472E+00 -0.19882E+00  0.19472E+00 -0.40990E-02 -0.26324E+03  0.25781E+03 -0.26324E+03  0.25781E+03 -0.48860E+01 -0.14833E+03 -0.10652E+03  0.00000E+00  0.00000E+00  0.00000E+00  0.56460E+02  0.39997E+03  0.13674E+03   1331  0.00000E+00      0.000
    1334.0000 -0.19882E+00  0.19472E+00 -0.19882E+00  0.19472E+00 -0.40990E-02 -0.26522E+03  0.25975E+03 -0.26522E+03  0.25975E+03 -0.49270E+01 -0.14833E+03 -0.10652E+03  0.00000E+00  0.00000E+00  0.00000E+00  0.56460E+02  0.40300E+03  0.13778E+03   1341  0.00000E+00      0.000
    1344.0000 -0.19882E+00  0.19472E+00 -0.19882E+00  0.19472E+00 -0.40990E-02 -0.26721E+03  0.26170E+03 -0.26721E+03  0.26170E+03 -0.49680E+01 -0.14833E+03 -0.10652E+03  0.00000E+00  0.00000E+00  0.00000E+00  0.56460E+02  0.40602E+03  0.13881E+03   1351  0.00000E+00      0.000
    1354.0000 -0.19882E+00  0.19472E+00 -0.19882E+00  0.19472E+00 -0.40990E-02 -0.26920E+03  0.26365E+03 -0.26920E+03  0.26365E+03 -0.50090E+01 -0.14833E+03 -0.10652E+03  0.00000E+00  0.00000E+00  0.00000E+00  0.56460E+02  0.40904E+03  0.13984E+03   1361  0.00000E+00      0.000
    1364.0000 -0.19882E+00  0.19472E+00 -0.19882E+00  0.19472E+00 -0.40990E-02 -0.27119E+03  0.26560E+03 -0.27119E+03  0.26560E+03 -0.50500E+01 -0.14833E+03 -0.10652E+03  0.00000E+00  0.00000E+00  0.00000E+00  0.56460E+02  0.41206E+03  0.14088E+03   1371  0.00000E+00      0.000
    1374.0000 -0.19882E+00  0.19472E+00 -0.19882E+00  0.19472E+00 -0.40990E-02 -0.27318E+03  0.26754E+03 -0.27318E+03  0.26754E+03 -0.50910E+01 -0.14833E+03 -0.10652E+03  0.00000E+00  0.00000E+00  0.00000E+00  0.56460E+02  0.41508E+03  0.14191E+03   1381  0.00000E+00      0.000
    1384.0000 -0.19882E+00  0.19472E+00 -0.19882E+00  0.19472E+00 -0.40990E-02 -0.27517E+03  0.26949E+03 -0.27517E+03  0.26949E+03 -0.51319E+01 -0.14833E+03 -0.10652E+03  0.00000E+00  0.00000E+00  0.00000E+00  0.56460E+02  0.41810E+03  0.14294E+03   1391  0.00000E+00      0.000
    1394.0000 -0.19882E+00  0.19472E+00 -0.19882E+00  0.19472E+00 -0.40990E-02 -0.27715E+03  0.27144E+03 -0.27715E+03  0.27144E+03 -0.51729E+01 -0.14833E+03 -0.10652E+03  0.00000E+00  0.00000E+00  0.00000E+00  0.56460E+02  0.42112E+03  0.14397E+03   1401  0.00000E+00      0.000
    1404.0000 -0.19882E+00  0.19472E+00 -0.19882E+00  0.19472E+00 -0.40990E-02 -0.27914E+03  0.27338E+03 -0.27914E+03  0.27338E+03 -0.52139E+01 -0.14833E+03 -0.10652E+03  0.00000E+00  0.00000E+00  0.00000E+00  0.56460E+02  0.42414E+03  0.14501E+03   1411  0.00000E+00      0.000
    1414.0000 -0.19882E+00  0.19472E+00 -0.19882E+00  0.19472E+00 -0.40990E-02 -0.28113E+03  0.27533E+03 -0.28113E+03  0.27533E+03 -0.52549E+01 -0.14833E+03 -0.10652E+03  0.00000E+00  0.00000E+00  0.00000E+00  0.56460E+02  0.42716E+03  0.14604E+03   1421  0.00000E+00      0.000
    1424.0000 -0.19882E+00  0.19472E+00 -0.19882E+00  0.19472E+00 -0.40990E-02 -0.28312E+03  0.27728E+03 -0.28312E+03  0.27728E+03 -0.52959E+01 -0.14833E+03 -0.10652E+03  0.00000E+00  0.00000E+00  0.00000E+00  0.56460E+02  0.43018E+03  0.14707E+03   1431  0.00000E+00      0.000
    1434.0000 -0.19882E+00  0.19472E+00 -0.19882E+00  0.19472E+00 -0.40990E-02 -0.28511E+03  0.27923E+03 -0.28511E+03  0.27923E+03 -0.53369E+01 -0.14833E+03 -0.10652E+03  0.00000E+00  0.00000E+00  0.00000E+00  0.56460E+02  0.43321E+03  0.14811E+03   1441  0.00000E+00      0.000
    1444.0000 -0.19882E+00  0.19472E+00 -0.19882E+00  0.19472E+00 -0.40990E-02 -0.28710E+03  0.28117E+03 -0.28710E+03  0.28117E+03 -0.53779E+01 -0.14833E+03 -0.10652E+03  0.00000E+00  0.00000E+00  0.00000E+00  0.56460E+02  0.43623E+03  0.14914E+03   1451  0.00000E+00      0.000
    1454.0000 -0.19882E+00  0.19472E+00 -0.19882E+00  0.19472E+00 -0.40990E-02 -0.28908E+03  0.28312E+03 -0.28908E+03  0.28312E+03 -0.54189E+01 -0.14833E+03 -0.10652E+03  0.00000E+00  0.00000E+00  0.00000E+00  0.56460E+02  0.43925E+03  0.15017E+03   1461  0.00000E+00      0.000
    1460.0000 -0.19882E+00  0.19472E+00 -0.19882E+00  0.19472E+00 -0.40990E-02 -0.29028E+03  0.28429E+03 -0.29028E+03  0.28429E+03 -0.54435E+01 -0.14833E+03 -0.10652E+03  0.00000E+00  0.00000E+00  0.00000E+00  0.56460E+02  0.44106E+03  0.15079E+03   1467  0.00000E+00      0.000
    1464.0000 -0.19882E+00  0.19472E+00 -0.19882E+00  0.19472E+00 -0.40990E-02 -0.29107E+03  0.28507E+03 -0.29107E+03  0.28507E+03 -0.54599E+01 -0.14833E+03 -0.10652E+03  0.00000E+00  0.00000E+00  0.00000E+00  0.56460E+02  0.44227E+03  0.15120E+03   1471  0.00000E+00      0.000
    1474.0000 -0.19882E+00  0.19472E+00 -0.19882E+00  0.19472E+00 -0.40990E-02 -0.29306E+03  0.28702E+03 -0.29306E+03  0.28702E+03 -0.55008E+01 -0.14833E+03 -0.10652E+03  0.00000E+00  0.00000E+00  0.00000E+00  0.56460E+02  0.44529E+03  0.15224E+03   1481  0.00000E+00      0.000
    1484.0000 -0.19882E+00  0.19472E+00 -0.19882E+00  0.19472E+00 -0.40990E-02 -0.29505E+03  0.28896E+03 -0.29505E+03  0.28896E+03 -0.55418E+01 -0.14833E+03 -0.10652E+03  0.00000E+00  0.00000E+00  0.00000E+00  0.56460E+02  0.44831E+03  0.15327E+03   1491  0.00000E+00      0.000
    1494.0000 -0.19882E+00  0.19472E+00 -0.19882E+00  0.19472E+00 -0.40990E-02 -0.29704E+03  0.29091E+03 -0.29704E+03  0.29091E+03 -0.55828E+01 -0.14833E+03 -0.10652E+03  0.00000E+00  0.00000E+00  0.00000E+00  0.56460E+02  0.45133E+03  0.15430E+03   1501  0.00000E+00      0.000
    1504.0000 -0.19882E+00  0.19472E+00 -0.19882E+00  0.19472E+00 -0.40990E-02 -0.29902E+03  0.29286E+03 -0.29902E+03  0.29286E+03 -0.56238E+01 -0.14833E+03 -0.10652E+03  0.00000E+00  0.00000E+00  0.00000E+00  0.56460E+02  0.45435E+03  0.15534E+03   1511  0.00000E+00      0.000
    1514.0000 -0.19882E+00  0.19472E+00 -0.19882E+00  0.19472E+00 -0.40990E-02 -0.30101E+03  0.29481E+03 -0.30101E+03  0.29481E+03 -0.56648E+01 -0.14833E+03 -0.10652E+03  0.00000E+00  0.00000E+00  0.00000E+00  0.56460E+02  0.45737E+03  0.15637E+03   1521  0.00000E+00      0.000
    1524.0000 -0.19882E+00  0.19472E+00 -0.19882E+00  0.19472E+00 -0.40990E-02 -0.30300E+03  0.29675E+03 -0.30300E+03  0.29675E+03 -0.57058E+01 -0.14833E+03 -0.10652E+03  0.00000E+00  0.00000E+00  0.00000E+00  0.56460E+02  0.46039E+03  0.15740E+03   1531  0.00000E+00      0.000
    1534.0000 -0.19882E+00  0.19472E+00 -0.19882E+00  0.19472E+00 -0.40990E-02 -0.30499E+03  0.29870E+03 -0.30499E+03  0.29870E+03 -0.57468E+01 -0.14833E+03 -0.10652E+03  0.00000E+00  0.00000E+00  0.00000E+00  0.56460E+02  0.46341E+03  0.15843E+03   1541  0.00000E+00      0.000
    1544.0000 -0.19882E+00  0.19472E+00 -0.19882E+00  0.19472E+00 -0.40990E-02 -0.30698E+03  0.30065E+03 -0.30698E+03  0.30065E+03 -0.57878E+01 -0.14833E+03 -0.10652E+03  0.00000E+00  0.00000E+00  0.00000E+00  0.56460E+02  0.46644E+03  0.15947E+03   1551  0.00000E+00      0.000
    1554.0000 -0.19882E+00  0.19472E+00 -0.19882E+00  0.19472E+00 -0.40990E-02 -0.30897E+03  0.30259E+03 -0.30897E+03  0.30259E+03 -0.58288E+01 -0.14833E+03 -0.10652E+03  0.00000E+00  0.00000E+00  0.00000E+00  0.56460E+02  0.46946E+03  0.16050E+03   1561  0.00000E+00      0.000
    1564.0000 -0.19882E+00  0.19472E+00 -0.19882E+00  0.19472E+00 -0.40990E-02 -0.31095E+03  0.30454E+03 -0.31095E+03  0.30454E+03 -0.58697E+01 -0.14833E+03 -0.10652E+03  0.00000E+00  0.00000E+00  0.00000E+00  0.56460E+02  0.47248E+03  0.16153E+03   1571  0.00000E+00      0.000
    1574.0000 -0.19882E+00  0.19472E+00 -0.19882E+00  0.19472E+00 -0.40990E-02 -0.31294E+03  0.30649E+03 -0.31294E+03  0.30649E+03 -0.59107E+01 -0.14833E+03 -0.10652E+03  0.00000E+00  0.00000E+00  0.00000E+00  0.56460E+02  0.47550E+03  0.16257E+03   1581  0.00000E+00      0.000
    1584.0000 -0.19882E+00  0.19472E+00 -0.19882E+00  0.19472E+00 -0.40990E-02 -0.31493E+03  0.30844E+03 -0.31493E+03  0.30844E+03 -0.59517E+01 -0.14833E+03 -0.10652E+03  0.00000E+00  0.00000E+00  0.00000E+00  0.56460E+02  0.47852E+03  0.16360E+03   1591  0.00000E+00      0.000
    1594.0000 -0.19882E+00  0.19472E+00 -0.19882E+00  0.19472E+00 -0.40990E-02 -0.31692E+03  0.31038E+03 -0.31692E+03  0.31038E+03 -0.59927E+01 -0.14833E+03 -0.10652E+03  0.00000E+00  0.00000E+00  0.00000E+00  0.56460E+02  0.48154E+03  0.16463E+03   1601  0.00000E+00      0.000
    1604.0000 -0.19882E+00  0.19472E+00 -0.19882E+00  0.19472E+00 -0.40990E-02 -0.31891E+03  0.31233E+03 -0.31891E+03  0.31233E+03 -0.60337E+01 -0.14833E+03 -0.10652E+03  0.00000E+00  0.00000E+00  0.00000E+00  0.56460E+02  0.48456E+03  0.16566E+03   1611  0.00000E+00      0.000
    1614.0000 -0.19882E+00  0.19472E+00 -0.19882E+00  0.19472E+00 -0.40990E-02 -0.32090E+03  0.31428E+03 -0.32090E+03  0.31428E+03 -0.60747E+01 -0.14833E+03 -0.10652E+03  0.00000E+00  0.00000E+00  0.00000E+00  0.56460E+02  0.48758E+03  0.16670E+03   1621  0.00000E+00      0.000
    1624.0000 -0.19882E+00  0.19472E+00 -0.19882E+00  0.19472E+00 -0.40990E-02 -0.32288E+03  0.31623E+03 -0.32288E+03  0.31623E+03 -0.61157E+01 -0.14833E+03 -0.10652E+03  0.00000E+00  0.00000E+00  0.00000E+00  0.56460E+02  0.49060E+03  0.16773E+03   1631  0.00000E+00      0.000
    1634.0000 -0.19882E+00  0.19472E+00 -0.19882E+00  0.19472E+00 -0.40990E-02 -0.32487E+03  0.31817E+03 -0.32487E+03  0.31817E+03 -0.61567E+01 -0.14833E+03 -0.10652E+03  0.00000E+00  0.00000E+00  0.00000E+00  0.56460E+02  0.49362E+03  0.16876E+03   1641  0.00000E+00      0.000
    1644.0000 -0.19882E+00  0.19472E+00 -0.19882E+00  0.19472E+00 -0.40990E-02 -0.32686E+03  0.32012E+03 -0.32686E+03  0.32012E+03 -0.61977E+01 -0.14833E+03 -0.10652E+03  0.00000E+00  0.00000E+00  0.00000E+00  0.56460E+02  0.49664E+03  0.16980E+03   1651  0.00000E+00      0.000
    1654.0000 -0.19882E+00  0.19472E+00 -0.19882E+00  0.19472E+00 -0.40990E-02 -0.32885E+03  0.32207E+03 -0.32885E+03  0.32207E+03 -0.62386E+01 -0.14833E+03 -0.10652E+03  0.00000E+00  0.00000E+00  0.00000E+00  0.56460E+02  0.49967E+03  0.17083E+03   1661  0.00000E+00      0.000
    1664.0000 -0.19882E+00  0.19472E+00 -0.19882E+00  0.19472E+00 -0.40990E-02 -0.33084E+03  0.32402E+03 -0.33084E+03  0.32402E+03 -0.62796E+01 -0.14833E+03 -0.10652E+03  0.00000E+00  0.00000E+00  0.00000E+00  0.56460E+02  0.50269E+03  0.17186E+03   1671  0.00000E+00      0.000
    1674.0000 -0.19882E+00  0.19472E+00 -0.19882E+00  0.19472E+00 -0.40990E-02 -0.33282E+03  0.32596E+03 -0.33282E+03  0.32596E+03 -0.63206E+01 -0.14833E+03 -0.10652E+03  0.00000E+00  0.00000E+00  0.00000E+00  0.56460E+02  0.50571E+03  0.17289E+03   1681  0.00000E+00      0.000
    1684.0000 -0.19882E+00  0.19472E+00 -0.19882E+00  0.19472E+00 -0.40990E-02 -0.33481E+03  0.32791E+03 -0.33481E+03  0.32791E+03 -0.63616E+01 -0.14833E+03 -0.10652E+03  0.00000E+00  0.00000E+00  0.00000E+00  0.56460E+02  0.50873E+03  0.17393E+03   1691  0.00000E+00      0.000
    1694.0000 -0.19882E+00  0.19472E+00 -0.19882E+00  0.19472E+00 -0.40990E-02 -0.33680E+03  0.32986E+03 -0.33680E+03  0.32986E+03 -0.64026E+01 -0.14833E+03 -0.10652E+03  0.00000E+00  0.00000E+00  0.00000E+00  0.56460E+02  0.51175E+03  0.17496E+03   1701  0.00000E+00      0.000
    1704.0000 -0.19882E+00  0.19472E+00 -0.19882E+00  0.19472E+00 -0.40990E-02 -0.33879E+03  0.33180E+03 -0.33879E+03  0.33180E+03 -0.64436E+01 -0.14833E+03 -0.10652E+03  0.00000E+00  0.00000E+00  0.00000E+00  0.56460E+02  0.51477E+03  0.17599E+03   1711  0.00000E+00      0.000
    1714.0000 -0.19882E+00  0.19472E+00 -0.19882E+00  0.19472E+00 -0.40990E-02 -0.34078E+03  0.33375E+03 -0.34078E+03  0.33375E+03 -0.64846E+01 -0.14833E+03 -0.10652E+03  0.00000E+00  0.00000E+00  0.00000E+00  0.56460E+02  0.51779E+03  0.17703E+03   1721  0.00000E+00      0.000
    1724.0000 -0.19882E+00  0.19472E+00 -0.19882E+00  0.19472E+00 -0.40990E-02 -0.34277E+03  0.33570E+03 -0.34277E+03  0.33570E+03 -0.65256E+01 -0.14833E+03 -0.10652E+03  0.00000E+00  0.00000E+00  0.00000E+00  0.56460E+02  0.52081E+03  0.17806E+03   1731  0.00000E+00      0.000
    1734.0000 -0.19882E+00  0.19472E+00 -0.19882E+00  0.19472E+00 -0.40990E-02 -0.34475E+03  0.33765E+03 -0.34475E+03  0.33765E+03 -0.65666E+01 -0.14833E+03 -0.10652E+03  0.00000E+00  0.00000E+00  0.00000E+00  0.56460E+02  0.52383E+03  0.17909E+03   1741  0.00000E+00      0.000
    1744.0000 -0.19882E+00  0.19472E+00 -0.19882E+00  0.19472E+00 -0.40990E-02 -0.34674E+03  0.33959E+03 -0.34674E+03  0.33959E+03 -0.66075E+01 -0.14833E+03 -0.10652E+03  0.00000E+00  0.00000E+00  0.00000E+00  0.56460E+02  0.52686E+03  0.18012E+03   1751  0.00000E+00      0.000
    1754.0000 -0.19882E+00  0.19472E+00 -0.19882E+00  0.19472E+00 -0.40990E-02 -0.34873E+03  0.34154E+03 -0.34873E+03  0.34154E+03 -0.66485E+01 -0.14833E+03 -0.10652E+03  0.00000E+00  0.00000E+00  0.00000E+00  0.56460E+02  0.52988E+03  0.18116E+03   1761  0.00000E+00      0.000
    1764.0000 -0.19882E+00  0.19472E+00 -0.19882E+00  0.19472E+00 -0.40990E-02 -0.35072E+03  0.34349E+03 -0.35072E+03  0.34349E+03 -0.66895E+01 -0.14833E+03 -0.10652E+03  0.00000E+00  0.00000E+00  0.00000E+00  0.56460E+02  0.53290E+03  0.18219E+03   1771  0.00000E+00      0.000
    1774.0000 -0.19882E+00  0.19472E+00 -0.19882E+00  0.19472E+00 -0.40990E-02 -0.35271E+03  0.34544E+03 -0.35271E+03  0.34544E+03 -0.67305E+01 -0.14833E+03 -0.10652E+03  0.00000E+00  0.00000E+00  0.00000E+00  0.56460E+02  0.53592E+03  0.18322E+03   1781  0.00000E+00      0.000
    1784.0000 -0.19882E+00  0.19472E+00 -0.19882E+00  0.19472E+00 -0.40990E-02 -0.35469E+03  0.34738E+03 -0.35469E+03  0.34738E+03 -0.67715E+01 -0.14833E+03 -0.10652E+03  0.00000E+00  0.00000E+00  0.00000E+00  0.56460E+02  0.53894E+03  0.18426E+03   1791  0.00000E+00      0.000
    1794.0000 -0.19882E+00  0.19472E+00 -0.19882E+00  0.19472E+00 -0.40990E-02 -0.35668E+03  0.34933E+03 -0.35668E+03  0.34933E+03 -0.68125E+01 -0.14833E+03 -0.10652E+03  0.00000E+00  0.00000E+00  0.00000E+00  0.56460E+02  0.54196E+03  0.18529E+03   1801  0.00000E+00      0.000
    1804.0000 -0.19882E+00  0.19472E+00 -0.19882E+00  0.19472E+00 -0.40990E-02 -0.35867E+03  0.35128E+03 -0.35867E+03  0.35128E+03 -0.68535E+01 -0.14833E+03 -0.10652E+03  0.00000E+00  0.00000E+00  0.00000E+00  0.56460E+02  0.54498E+03  0.18632E+03   1811  0.00000E+00      0.000
    1814.0000 -0.19882E+00  0.19472E+00 -0.19882E+00  0.19472E+00 -0.40990E-02 -0.36066E+03  0.35323E+03 -0.36066E+03  0.35323E+03 -0.68945E+01 -0.14833E+03 -0.10652E+03  0.00000E+00  0.00000E+00  0.00000E+00  0.56460E+02  0.54800E+03  0.18735E+03   1821  0.00000E+00      0.000
    1824.0000 -0.19882E+00  0.19472E+00 -0.19882E+00  0.19472E+00 -0.40990E-02 -0.36265E+03  0.35517E+03 -0.36265E+03  0.35517E+03 -0.69355E+01 -0.14833E+03 -0.10652E+03  0.00000E+00  0.00000E+00  0.00000E+00  0.56460E+02  0.55103E+03  0.18839E+03   1831  0.00000E+00      0.000
    1825.0000 -0.19882E+00  0.19472E+00 -0.19882E+00  0.19472E+00 -0.40990E-02 -0.36285E+03  0.35537E+03 -0.36285E+03  0.35537E+03 -0.69396E+01 -0.14833E+03 -0.10652E+03  0.00000E+00  0.00000E+00  0.00000E+00  0.56460E+02  0.55133E+03  0.18849E+03   1832  0.00000E+00      0.000
    1834.0000 -0.19882E+00  0.19472E+00 -0.19882E+00  0.19472E+00 -0.40990E-02 -0.36464E+03  0.35712E+03 -0.36464E+03  0.35712E+03 -0.69764E+01 -0.14833E+03 -0.10652E+03  0.00000E+00  0.00000E+00  0.00000E+00  0.56460E+02  0.55405E+03  0.18942E+03   1841  0.00000E+00      0.000
    1844.0000 -0.19882E+00  0.19472E+00 -0.19882E+00  0.19472E+00 -0.40990E-02 -0.36662E+03  0.35907E+03 -0.36662E+03  0.35907E+03 -0.70174E+01 -0.14833E+03 -0.10652E+03  0.00000E+00  0.00000E+00  0.00000E+00  0.56460E+02  0.55707E+03  0.19045E+03   1851  0.00000E+00      0.000
    1854.0000 -0.19882E+00  0.19472E+00 -0.19882E+00  0.19472E+00 -0.40990E-02 -0.36861E+03  0.36101E+03 -0.36861E+03  0.36101E+03 -0.70584E+01 -0.14833E+03 -0.10652E+03  0.00000E+00  0.00000E+00  0.00000E+00  0.56460E+02  0.56009E+03  0.19149E+03   1861  0.00000E+00      0.000
    1864.0000 -0.19882E+00  0.19472E+00 -0.19882E+00  0.19472E+00 -0.40990E-02 -0.37060E+03  0.36296E+03 -0.37060E+03  0.36296E+03 -0.70994E+01 -0.14833E+03 -0.10652E+03  0.00000E+00  0.00000E+00  0.00000E+00  0.56460E+02  0.56311E+03  0.19252E+03   1871  0.00000E+00      0.000
    1874.0000 -0.19882E+00  0.19472E+00 -0.19882E+00  0.19472E+00 -0.40990E-02 -0.37259E+03  0.36491E+03 -0.37259E+03  0.36491E+03 -0.71404E+01 -0.14833E+03 -0.10652E+03  0.00000E+00  0.00000E+00  0.00000E+00  0.56460E+02  0.56613E+03  0.19355E+03   1881  0.00000E+00      0.000
    1884.0000 -0.19882E+00  0.19472E+00 -0.19882E+00  0.19472E+00 -0.40990E-02 -0.37458E+03  0.36686E+03 -0.37458E+03  0.36686E+03 -0.71814E+01 -0.14833E+03 -0.10652E+03  0.00000E+00  0.00000E+00  0.00000E+00  0.56460E+02  0.56915E+03  0.19458E+03   1891  0.00000E+00      0.000
    1894.0000 -0.19882E+00  0.19472E+00 -0.19882E+00  0.19472E+00 -0.40990E-02 -0.37657E+03  0.36880E+03 -0.37657E+03  0.36880E+03 -0.72224E+01 -0.14833E+03 -0.10652E+03  0.00000E+00  0.00000E+00  0.00000E+00  0.56460E+02  0.57217E+03  0.19562E+03   1901  0.00000E+00      0.000
    1904.0000 -0.19882E+00  0.19472E+00 -0.19882E+00  0.19472E+00 -0.40990E-02 -0.37855E+03  0.37075E+03 -0.37855E+03  0.37075E+03 -0.72634E+01 -0.14833E+03 -0.10652E+03  0.00000E+00  0.00000E+00  0.00000E+00  0.56460E+02  0.57520E+03  0.19665E+03   1911  0.00000E+00      0.000
    1914.0000 -0.19882E+00  0.19472E+00 -0.19882E+00  0.19472E+00 -0.40990E-02 -0.38054E+03  0.37270E+03 -0.38054E+03  0.37270E+03 -0.73044E+01 -0.14833E+03 -0.10652E+03  0.00000E+00  0.00000E+00  0.00000E+00  0.56460E+02  0.57822E+03  0.19768E+03   1921  0.00000E+00      0.000
    1924.0000 -0.19882E+00  0.19472E+00 -0.19882E+00  0.19472E+00 -0.40990E-02 -0.38253E+03  0.37465E+03 -0.38253E+03  0.37465E+03 -0.73453E+01 -0.14833E+03 -0.10652E+03  0.00000E+00  0.00000E+00  0.00000E+00  0.56460E+02  0.58124E+03  0.19872E+03   1931  0.00000E+00      0.000
    1934.0000 -0.19882E+00  0.19472E+00 -0.19882E+00  0.19472E+00 -0.40990E-02 -0.38452E+03  0.37659E+03 -0.38452E+03  0.37659E+03 -0.73863E+01 -0.14833E+03 -0.10652E+03  0.00000E+00  0.00000E+00  0.00000E+00  0.56460E+02  0.58426E+03  0.19975E+03   1941  0.00000E+00      0.000
    1944.0000 -0.19882E+00  0.19472E+00 -0.19882E+00  0.19472E+00 -0.40990E-02 -0.38651E+03  0.37854E+03 -0.38651E+03  0.37854E+03 -0.74273E+01 -0.14833E+03 -0.10652E+03  0.00000E+00  0.00000E+00  0.00000E+00  0.56460E+02  0.58728E+03  0.20078E+03   1951  0.00000E+00      0.000
    1954.0000 -0.19882E+00  0.19472E+00 -0.19882E+00  0.19472E+00 -0.40990E-02 -0.38849E+03  0.38049E+03 -0.38849E+03  0.38049E+03 -0.74683E+01 -0.14833E+03 -0.10652E+03  0.00000E+00  0.00000E+00  0.00000E+00  0.56460E+02  0.59030E+03  0.20182E+03   1961  0.00000E+00      0.000
    1964.0000 -0.19882E+00  0.19472E+00 -0.19882E+00  0.19472E+00 -0.40990E-02 -0.39048E+03  0.38243E+03 -0.39048E+03  0.38243E+03 -0.75093E+01 -0.14833E+03 -0.10652E+03  0.00000E+00  0.00000E+00  0.00000E+00  0.56460E+02  0.59332E+03  0.20285E+03   1971  0.00000E+00      0.000
    1974.0000 -0.19882E+00  0.19472E+00 -0.19882E+00  0.19472E+00 -0.40990E-02 -0.39247E+03  0.38438E+03 -0.39247E+03  0.38438E+03 -0.75503E+01 -0.14833E+03 -0.10652E+03  0.00000E+00  0.00000E+00  0.00000E+00  0.56460E+02  0.59634E+03  0.20388E+03   1981  0.00000E+00      0.000
    1984.0000 -0.19882E+00  0.19472E+00 -0.19882E+00  0.19472E+00 -0.40990E-02 -0.39446E+03  0.38633E+03 -0.39446E+03  0.38633E+03 -0.75913E+01 -0.14833E+03 -0.10652E+03  0.00000E+00  0.00000E+00  0.00000E+00  0.56460E+02  0.59937E+03  0.20491E+03   1991  0.00000E+00      0.000
    1994.0000 -0.19882E+00  0.19472E+00 -0.19882E+00  0.19472E+00 -0.40990E-02 -0.39645E+03  0.38828E+03 -0.39645E+03  0.38828E+03 -0.76323E+01 -0.14833E+03 -0.10652E+03  0.00000E+00  0.00000E+00  0.00000E+00  0.56460E+02  0.60239E+03  0.20595E+03   2001  0.00000E+00      0.000
    2004.0000 -0.19882E+00  0.19472E+00 -0.19882E+00  0.19472E+00 -0.40990E-02 -0.39844E+03  0.39022E+03 -0.39844E+03  0.39022E+03 -0.76733E+01 -0.14833E+03 -0.10652E+03  0.00000E+00  0.00000E+00  0.00000E+00  0.56460E+02  0.60541E+03  0.20698E+03   2011  0.00000E+00      0.000
    2014.0000 -0.19882E+00  0.19472E+00 -0.19882E+00  0.19472E+00 -0.40990E-02 -0.40042E+03  0.39217E+03 -0.40042E+03  0.39217E+03 -0.77142E+01 -0.14833E+03 -0.10652E+03  0.00000E+00  0.00000E+00  0.00000E+00  0.56460E+02  0.60843E+03  0.20801E+03   2021  0.00000E+00      0.000
    2024.0000 -0.19882E+00  0.19472E+00 -0.19882E+00  0.19472E+00 -0.40990E-02 -0.40241E+03  0.39412E+03 -0.40241E+03  0.39412E+03 -0.77552E+01 -0.14833E+03 -0.10652E+03  0.00000E+00  0.00000E+00  0.00000E+00  0.56460E+02  0.61145E+03  0.20905E+03   2031  0.00000E+00      0.000
    2034.0000 -0.19882E+00  0.19472E+00 -0.19882E+00  0.19472E+00 -0.40990E-02 -0.40440E+03  0.39607E+03 -0.40440E+03  0.39607E+03 -0.77962E+01 -0.14833E+03 -0.10652E+03  0.00000E+00  0.00000E+00  0.00000E+00  0.56460E+02  0.61447E+03  0.21008E+03   2041  0.00000E+00      0.000
    2044.0000 -0.19882E+00  0.19472E+00 -0.19882E+00  0.19472E+00 -0.40990E-02 -0.40639E+03  0.39801E+03 -0.40639E+03  0.39801E+03 -0.78372E+01 -0.14833E+03 -0.10652E+03  0.00000E+00  0.00000E+00  0.00000E+00  0.56460E+02  0.61749E+03  0.21111E+03   2051  0.00000E+00      0.000
    2054.0000 -0.19882E+00  0.19472E+00 -0.19882E+00  0.19472E+00 -0.40990E-02 -0.40838E+03  0.39996E+03 -0.40838E+03  0.39996E+03 -0.78782E+01 -0.14833E+03 -0.10652E+03  0.00000E+00  0.00000E+00  0.00000E+00  0.56460E+02  0.62051E+03  0.21214E+03   2061  0.00000E+00      0.000
    2064.0000 -0.19882E+00  0.19472E+00 -0.19882E+00  0.19472E+00 -0.40990E-02 -0.41036E+03  0.40191E+03 -0.41036E+03  0.40191E+03 -0.79192E+01 -0.14833E+03 -0.10652E+03  0.00000E+00  0.00000E+00  0.00000E+00  0.56460E+02  0.62354E+03  0.21318E+03   2071  0.00000E+00      0.000
    2074.0000 -0.19882E+00  0.19472E+00 -0.19882E+00  0.19472E+00 -0.40990E-02 -0.41235E+03  0.40386E+03 -0.41235E+03  0.40386E+03 -0.79602E+01 -0.14833E+03 -0.10652E+03  0.00000E+00  0.00000E+00  0.00000E+00  0.56460E+02  0.62656E+03  0.21421E+03   2081  0.00000E+00      0.000
    2084.0000 -0.19882E+00  0.19472E+00 -0.19882E+00  0.19472E+00 -0.40990E-02 -0.41434E+03  0.40580E+03 -0.41434E+03  0.40580E+03 -0.80012E+01 -0.14833E+03 -0.10652E+03  0.00000E+00  0.00000E+00  0.00000E+00  0.56460E+02  0.62958E+03  0.21524E+03   2091  0.00000E+00      0.000
    2094.0000 -0.19882E+00  0.19472E+00 -0.19882E+00  0.19472E+00 -0.40990E-02 -0.41633E+03  0.40775E+03 -0.41633E+03  0.40775E+03 -0.80422E+01 -0.14833E+03 -0.10652E+03  0.00000E+00  0.00000E+00  0.00000E+00  0.56460E+02  0.63260E+03  0.21628E+03   2101  0.00000E+00      0.000
    2104.0000 -0.19882E+00  0.19472E+00 -0.19882E+00  0.19472E+00 -0.40990E-02 -0.41832E+03  0.40970E+03 -0.41832E+03  0.40970E+03 -0.80831E+01 -0.14833E+03 -0.10652E+03  0.00000E+00  0.00000E+00  0.00000E+00  0.56460E+02  0.63562E+03  0.21731E+03   2111  0.00000E+00      0.000
    2114.0000 -0.19882E+00  0.19472E+00 -0.19882E+00  0.19472E+00 -0.40990E-02 -0.42031E+03  0.41164E+03 -0.42031E+03  0.41164E+03 -0.81241E+01 -0.14833E+03 -0.10652E+03  0.00000E+00  0.00000E+00  0.00000E+00  0.56460E+02  0.63864E+03  0.21834E+03   2121  0.00000E+00      0.000
    2124.0000 -0.19882E+00  0.19472E+00 -0.19882E+00  0.19472E+00 -0.40990E-02 -0.42229E+03  0.41359E+03 -0.42229E+03  0.41359E+03 -0.81651E+01 -0.14833E+03 -0.10652E+03  0.00000E+00  0.00000E+00  0.00000E+00  0.56460E+02  0.64166E+03  0.21937E+03   2131  0.00000E+00      0.000
    2134.0000 -0.19882E+00  0.19472E+00 -0.19882E+00  0.19472E+00 -0.40990E-02 -0.42428E+03  0.41554E+03 -0.42428E+03  0.41554E+03 -0.82061E+01 -0.14833E+03 -0.10652E+03  0.00000E+00  0.00000E+00  0.00000E+00  0.56460E+02  0.64468E+03  0.22041E+03   2141  0.00000E+00      0.000
    2144.0000 -0.19882E+00  0.19472E+00 -0.19882E+00  0.19472E+00 -0.40990E-02 -0.42627E+03  0.41749E+03 -0.42627E+03  0.41749E+03 -0.82471E+01 -0.14833E+03 -0.10652E+03  0.00000E+00  0.00000E+00  0.00000E+00  0.56460E+02  0.64771E+03  0.22144E+03   2151  0.00000E+00      0.000
    2154.0000 -0.19882E+00  0.19472E+00 -0.19882E+00  0.19472E+00 -0.40990E-02 -0.42826E+03  0.41943E+03 -0.42826E+03  0.41943E+03 -0.82881E+01 -0.14833E+03 -0.10652E+03  0.00000E+00  0.00000E+00  0.00000E+00  0.56460E+02  0.65073E+03  0.22247E+03   2161  0.00000E+00      0.000
    2164.0000 -0.19882E+00  0.19472E+00 -0.19882E+00  0.19472E+00 -0.40990E-02 -0.43025E+03  0.42138E+03 -0.43025E+03  0.42138E+03 -0.83291E+01 -0.14833E+03 -0.10652E+03  0.00000E+00  0.00000E+00  0.00000E+00  0.56460E+02  0.65375E+03  0.22351E+03   2171  0.00000E+00      0.000
    2174.0000 -0.19882E+00  0.19472E+00 -0.19882E+00  0.19472E+00 -0.40990E-02 -0.43224E+03  0.42333E+03 -0.43224E+03  0.42333E+03 -0.83701E+01 -0.14833E+03 -0.10652E+03  0.00000E+00  0.00000E+00  0.00000E+00  0.56460E+02  0.65677E+03  0.22454E+03   2181  0.00000E+00      0.000
    2184.0000 -0.19882E+00  0.19472E+00 -0.19882E+00  0.19472E+00 -0.40990E-02 -0.43422E+03  0.42528E+03 -0.43422E+03  0.42528E+03 -0.84111E+01 -0.14833E+03 -0.10652E+03  0.00000E+00  0.00000E+00  0.00000E+00  0.56460E+02  0.65979E+03  0.22557E+03   2191  0.00000E+00      0.000
    2190.0000 -0.19882E+00  0.19472E+00 -0.19882E+00  0.19472E+00 -0.40990E-02 -0.43542E+03  0.42644E+03 -0.43542E+03  0.42644E+03 -0.84357E+01 -0.14833E+03 -0.10652E+03  0.00000E+00  0.00000E+00  0.00000E+00  0.56460E+02  0.66160E+03  0.22619E+03   2197  0.00000E+00      0.000
    2194.0000 -0.19882E+00  0.19472E+00 -0.19882E+00  0.19472E+00 -0.40990E-02 -0.43621E+03  0.42722E+03 -0.43621E+03  0.42722E+03 -0.84520E+01 -0.14833E+03 -0.10652E+03  0.00000E+00  0.00000E+00  0.00000E+00  0.56460E+02  0.66281E+03  0.22660E+03   2201  0.00000E+00      0.000
    2204.0000 -0.19882E+00  0.19472E+00 -0.19882E+00  0.19472E+00 -0.40990E-02 -0.43820E+03  0.42917E+03 -0.43820E+03  0.42917E+03 -0.84930E+01 -0.14833E+03 -0.10652E+03  0.00000E+00  0.00000E+00  0.00000E+00  0.56460E+02  0.66583E+03  0.22764E+03   2211  0.00000E+00      0.000
    2214.0000 -0.19882E+00  0.19472E+00 -0.19882E+00  0.19472E+00 -0.40990E-02 -0.44019E+03  0.43112E+03 -0.44019E+03  0.43112E+03 -0.85340E+01 -0.14833E+03 -0.10652E+03  0.00000E+00  0.00000E+00  0.00000E+00  0.56460E+02  0.66885E+03  0.22867E+03   2221  0.00000E+00      0.000
    2224.0000 -0.19882E+00  0.19472E+00 -0.19882E+00  0.19472E+00 -0.40990E-02 -0.44218E+03  0.43307E+03 -0.44218E+03  0.43307E+03 -0.85750E+01 -0.14833E+03 -0.10652E+03  0.00000E+00  0.00000E+00  0.00000E+00  0.56460E+02  0.67188E+03  0.22970E+03   2231  0.00000E+00      0.000
    2234.0000 -0.19882E+00  0.19472E+00 -0.19882E+00  0.19472E+00 -0.40990E-02 -0.44416E+03  0.43501E+03 -0.44416E+03  0.43501E+03 -0.86160E+01 -0.14833E+03 -0.10652E+03  0.00000E+00  0.00000E+00  0.00000E+00  0.56460E+02  0.67490E+03  0.23074E+03   2241  0.00000E+00      0.000
    2244.0000 -0.19882E+00  0.19472E+00 -0.19882E+00  0.19472E+00 -0.40990E-02 -0.44615E+03  0.43696E+03 -0.44615E+03  0.43696E+03 -0.86570E+01 -0.14833E+03 -0.10652E+03  0.00000E+00  0.00000E+00  0.00000E+00  0.56460E+02  0.67792E+03  0.23177E+03   2251  0.00000E+00      0.000
    2254.0000 -0.19882E+00  0.19472E+00 -0.19882E+00  0.19472E+00 -0.40990E-02 -0.44814E+03  0.43891E+03 -0.44814E+03  0.43891E+03 -0.86980E+01 -0.14833E+03 -0.10652E+03  0.00000E+00  0.00000E+00  0.00000E+00  0.56460E+02  0.68094E+03  0.23280E+03   2261  0.00000E+00      0.000
    2264.0000 -0.19882E+00  0.19472E+00 -0.19882E+00  0.19472E+00 -0.40990E-02 -0.45013E+03  0.44085E+03 -0.45013E+03  0.44085E+03 -0.87390E+01 -0.14833E+03 -0.10652E+03  0.00000E+00  0.00000E+00  0.00000E+00  0.56460E+02  0.68396E+03  0.23383E+03   2271  0.00000E+00      0.000
    2274.0000 -0.19882E+00  0.19472E+00 -0.19882E+00  0.19472E+00 -0.40990E-02 -0.45212E+03  0.44280E+03 -0.45212E+03  0.44280E+03 -0.87800E+01 -0.14833E+03 -0.10652E+03  0.00000E+00  0.00000E+00  0.00000E+00  0.56460E+02  0.68698E+03  0.23487E+03   2281  0.00000E+00      0.000
    2284.0000 -0.19882E+00  0.19472E+00 -0.19882E+00  0.19472E+00 -0.40990E-02 -0.45411E+03  0.44475E+03 -0.45411E+03  0.44475E+03 -0.88209E+01 -0.14833E+03 -0.10652E+03  0.00000E+00  0.00000E+00  0.00000E+00  0.56460E+02  0.69000E+03  0.23590E+03   2291  0.00000E+00      0.000
    2294.0000 -0.19882E+00  0.19472E+00 -0.19882E+00  0.19472E+00 -0.40990E-02 -0.45609E+03  0.44670E+03 -0.45609E+03  0.44670E+03 -0.88619E+01 -0.14833E+03 -0.10652E+03  0.00000E+00  0.00000E+00  0.00000E+00  0.56460E+02  0.69302E+03  0.23693E+03   2301  0.00000E+00      0.000
    2304.0000 -0.19882E+00  0.19472E+00 -0.19882E+00  0.19472E+00 -0.40990E-02 -0.45808E+03  0.44864E+03 -0.45808E+03  0.44864E+03 -0.89029E+01 -0.14833E+03 -0.10652E+03  0.00000E+00  0.00000E+00  0.00000E+00  0.56460E+02  0.69605E+03  0.23797E+03   2311  0.00000E+00      0.000
    2314.0000 -0.19882E+00  0.19472E+00 -0.19882E+00  0.19472E+00 -0.40990E-02 -0.46007E+03  0.45059E+03 -0.46007E+03  0.45059E+03 -0.89439E+01 -0.14833E+03 -0.10652E+03  0.00000E+00  0.00000E+00  0.00000E+00  0.56460E+02  0.69907E+03  0.23900E+03   2321  0.00000E+00      0.000
    2324.0000 -0.19882E+00  0.19472E+00 -0.19882E+00  0.19472E+00 -0.40990E-02 -0.46206E+03  0.45254E+03 -0.46206E+03  0.45254E+03 -0.89849E+01 -0.14833E+03 -0.10652E+03  0.00000E+00  0.00000E+00  0.00000E+00  0.56460E+02  0.70209E+03  0.24003E+03   2331  0.00000E+00      0.000
    2334.0000 -0.19882E+00  0.19472E+00 -0.19882E+00  0.19472E+00 -0.40990E-02 -0.46405E+03  0.45449E+03 -0.46405E+03  0.45449E+03 -0.90259E+01 -0.14833E+03 -0.10652E+03  0.00000E+00  0.00000E+00  0.00000E+00  0.56460E+02  0.70511E+03  0.24106E+03   2341  0.00000E+00      0.000
    2344.0000 -0.19882E+00  0.19472E+00 -0.19882E+00  0.19472E+00 -0.40990E-02 -0.46604E+03  0.45643E+03 -0.46604E+03  0.45643E+03 -0.90669E+01 -0.14833E+03 -0.10652E+03  0.00000E+00  0.00000E+00  0.00000E+00  0.56460E+02  0.70813E+03  0.24210E+03   2351  0.00000E+00      0.000
    2354.0000 -0.19882E+00  0.19472E+00 -0.19882E+00  0.19472E+00 -0.40990E-02 -0.46802E+03  0.45838E+03 -0.46802E+03  0.45838E+03 -0.91079E+01 -0.14833E+03 -0.10652E+03  0.00000E+00  0.00000E+00  0.00000E+00  0.56460E+02  0.71115E+03  0.24313E+03   2361  0.00000E+00      0.000
    2364.0000 -0.19882E+00  0.19472E+00 -0.19882E+00  0.19472E+00 -0.40990E-02 -0.47001E+03  0.46033E+03 -0.47001E+03  0.46033E+03 -0.91489E+01 -0.14833E+03 -0.10652E+03  0.00000E+00  0.00000E+00  0.00000E+00  0.56460E+02  0.71417E+03  0.24416E+03   2371  0.00000E+00      0.000
    2374.0000 -0.19882E+00  0.19472E+00 -0.19882E+00  0.19472E+00 -0.40990E-02 -0.47200E+03  0.46228E+03 -0.47200E+03  0.46228E+03 -0.91898E+01 -0.14833E+03 -0.10652E+03  0.00000E+00  0.00000E+00  0.00000E+00  0.56460E+02  0.71719E+03  0.24520E+03   2381  0.00000E+00      0.000
    2384.0000 -0.19882E+00  0.19472E+00 -0.19882E+00  0.19472E+00 -0.40990E-02 -0.47399E+03  0.46422E+03 -0.47399E+03  0.46422E+03 -0.92308E+01 -0.14833E+03 -0.10652E+03  0.00000E+00  0.00000E+00  0.00000E+00  0.56460E+02  0.72021E+03  0.24623E+03   2391  0.00000E+00      0.000
    2394.0000 -0.19882E+00  0.19472E+00 -0.19882E+00  0.19472E+00 -0.40990E-02 -0.47598E+03  0.46617E+03 -0.47598E+03  0.46617E+03 -0.92718E+01 -0.14833E+03 -0.10652E+03  0.00000E+00  0.00000E+00  0.00000E+00  0.56460E+02  0.72324E+03  0.24726E+03   2401  0.00000E+00      0.000
    2404.0000 -0.19882E+00  0.19472E+00 -0.19882E+00  0.19472E+00 -0.40990E-02 -0.47796E+03  0.46812E+03 -0.47796E+03  0.46812E+03 -0.93128E+01 -0.14833E+03 -0.10652E+03  0.00000E+00  0.00000E+00  0.00000E+00  0.56460E+02  0.72626E+03  0.24829E+03   2411  0.00000E+00      0.000
    2414.0000 -0.19882E+00  0.19472E+00 -0.19882E+00  0.19472E+00 -0.40990E-02 -0.47995E+03  0.47006E+03 -0.47995E+03  0.47006E+03 -0.93538E+01 -0.14833E+03 -0.10652E+03  0.00000E+00  0.00000E+00  0.00000E+00  0.56460E+02  0.72928E+03  0.24933E+03   2421  0.00000E+00      0.000
    2424.0000 -0.19882E+00  0.19472E+00 -0.19882E+00  0.19472E+00 -0.40990E-02 -0.48194E+03  0.47201E+03 -0.48194E+03  0.47201E+03 -0.93948E+01 -0.14833E+03 -0.10652E+03  0.00000E+00  0.00000E+00  0.00000E+00  0.56460E+02  0.73230E+03  0.25036E+03   2431  0.00000E+00      0.000
    2434.0000 -0.19882E+00  0.19472E+00 -0.19882E+00  0.19472E+00 -0.40990E-02 -0.48393E+03  0.47396E+03 -0.48393E+03  0.47396E+03 -0.94358E+01 -0.14833E+03 -0.10652E+03  0.00000E+00  0.00000E+00  0.00000E+00  0.56460E+02  0.73532E+03  0.25139E+03   2441  0.00000E+00      0.000
    2444.0000 -0.19882E+00  0.19472E+00 -0.19882E+00  0.19472E+00 -0.40990E-02 -0.48592E+03  0.47591E+03 -0.48592E+03  0.47591E+03 -0.94768E+01 -0.14833E+03 -0.10652E+03  0.00000E+00  0.00000E+00  0.00000E+00  0.56460E+02  0.73834E+03  0.25243E+03   2451  0.00000E+00      0.000
    2454.0000 -0.19882E+00  0.19472E+00 -0.19882E+00  0.19472E+00 -0.40990E-02 -0.48791E+03  0.47785E+03 -0.48791E+03  0.47785E+03 -0.95178E+01 -0.14833E+03 -0.10652E+03  0.00000E+00  0.00000E+00  0.00000E+00  0.56460E+02  0.74136E+03  0.25346E+03   2461  0.00000E+00      0.000
    2464.0000 -0.19882E+00  0.19472E+00 -0.19882E+00  0.19472E+00 -0.40990E-02 -0.48989E+03  0.47980E+03 -0.48989E+03  0.47980E+03 -0.95587E+01 -0.14833E+03 -0.10652E+03  0.00000E+00  0.00000E+00  0.00000E+00  0.56460E+02  0.74438E+03  0.25449E+03   2471  0.00000E+00      0.000
    2474.0000 -0.19882E+00  0.19472E+00 -0.19882E+00  0.19472E+00 -0.40990E-02 -0.49188E+03  0.48175E+03 -0.49188E+03  0.48175E+03 -0.95997E+01 -0.14833E+03 -0.10652E+03  0.00000E+00  0.00000E+00  0.00000E+00  0.56460E+02  0.74741E+03  0.25552E+03   2481  0.00000E+00      0.000
    2484.0000 -0.19882E+00  0.19472E+00 -0.19882E+00  0.19472E+00 -0.40990E-02 -0.49387E+03  0.48370E+03 -0.49387E+03  0.48370E+03 -0.96407E+01 -0.14833E+03 -0.10652E+03  0.00000E+00  0.00000E+00  0.00000E+00  0.56460E+02  0.75043E+03  0.25656E+03   2491  0.00000E+00      0.000
    2494.0000 -0.19882E+00  0.19472E+00 -0.19882E+00  0.19472E+00 -0.40990E-02 -0.49586E+03  0.48564E+03 -0.49586E+03  0.48564E+03 -0.96817E+01 -0.14833E+03 -0.10652E+03  0.00000E+00  0.00000E+00  0.00000E+00  0.56460E+02  0.75345E+03  0.25759E+03   2501  0.00000E+00      0.000
    2504.0000 -0.19882E+00  0.19472E+00 -0.19882E+00  0.19472E+00 -0.40990E-02 -0.49785E+03  0.48759E+03 -0.49785E+03  0.48759E+03 -0.97227E+01 -0.14833E+03 -0.10652E+03  0.00000E+00  0.00000E+00  0.00000E+00  0.56460E+02  0.75647E+03  0.25862E+03   2511  0.00000E+00      0.000
    2514.0000 -0.19882E+00  0.19472E+00 -0.19882E+00  0.19472E+00 -0.40990E-02 -0.49983E+03  0.48954E+03 -0.49983E+03  0.48954E+03 -0.97637E+01 -0.14833E+03 -0.10652E+03  0.00000E+00  0.00000E+00  0.00000E+00  0.56460E+02  0.75949E+03  0.25966E+03   2521  0.00000E+00      0.000
    2524.0000 -0.19882E+00  0.19472E+00 -0.19882E+00  0.19472E+00 -0.40990E-02 -0.50182E+03  0.49149E+03 -0.50182E+03  0.49149E+03 -0.98047E+01 -0.14833E+03 -0.10652E+03  0.00000E+00  0.00000E+00  0.00000E+00  0.56460E+02  0.76251E+03  0.26069E+03   2531  0.00000E+00      0.000
    2534.0000 -0.19882E+00  0.19472E+00 -0.19882E+00  0.19472E+00 -0.40990E-02 -0.50381E+03  0.49343E+03 -0.50381E+03  0.49343E+03 -0.98457E+01 -0.14833E+03 -0.10652E+03  0.00000E+00  0.00000E+00  0.00000E+00  0.56460E+02  0.76553E+03  0.26172E+03   2541  0.00000E+00      0.000
    2544.0000 -0.19882E+00  0.19472E+00 -0.19882E+00  0.19472E+00 -0.40990E-02 -0.50580E+03  0.49538E+03 -0.50580E+03  0.49538E+03 -0.98867E+01 -0.14833E+03 -0.10652E+03  0.00000E+00  0.00000E+00  0.00000E+00  0.56460E+02  0.76855E+03  0.26275E+03   2551  0.00000E+00      0.000
    2554.0000 -0.19882E+00  0.19472E+00 -0.19882E+00  0.19472E+00 -0.40990E-02 -0.50779E+03  0.49733E+03 -0.50779E+03  0.49733E+03 -0.99276E+01 -0.14833E+03 -0.10652E+03  0.00000E+00  0.00000E+00  0.00000E+00  0.56460E+02  0.77158E+03  0.26379E+03   2561  0.00000E+00      0.000
    2555.0000 -0.19882E+00  0.19472E+00 -0.19882E+00  0.19472E+00 -0.40990E-02 -0.50799E+03  0.49752E+03 -0.50799E+03  0.49752E+03 -0.99317E+01 -0.14833E+03 -0.10652E+03  0.00000E+00  0.00000E+00  0.00000E+00  0.56460E+02  0.77188E+03  0.26389E+03   2562  0.00000E+00      0.000
    2564.0000 -0.19882E+00  0.19472E+00 -0.19882E+00  0.19472E+00 -0.40990E-02 -0.50978E+03  0.49927E+03 -0.50978E+03  0.49927E+03 -0.99686E+01 -0.14833E+03 -0.10652E+03  0.00000E+00  0.00000E+00  0.00000E+00  0.56460E+02  0.77460E+03  0.26482E+03   2571  0.00000E+00      0.000
    2574.0000 -0.19882E+00  0.19472E+00 -0.19882E+00  0.19472E+00 -0.40990E-02 -0.51176E+03  0.50122E+03 -0.51176E+03  0.50122E+03 -0.10010E+02 -0.14833E+03 -0.10652E+03  0.00000E+00  0.00000E+00  0.00000E+00  0.56460E+02  0.77762E+03  0.26585E+03   2581  0.00000E+00      0.000
    2584.0000 -0.19882E+00  0.19472E+00 -0.19882E+00  0.19472E+00 -0.40990E-02 -0.51375E+03  0.50317E+03 -0.51375E+03  0.50317E+03 -0.10051E+02 -0.14833E+03 -0.10652E+03  0.00000E+00  0.00000E+00  0.00000E+00  0.56460E+02  0.78064E+03  0.26688E+03   2591  0.00000E+00      0.000
    2594.0000 -0.19882E+00  0.19472E+00 -0.19882E+00  0.19472E+00 -0.40990E-02 -0.51574E+03  0.50512E+03 -0.51574E+03  0.50512E+03 -0.10092E+02 -0.14833E+03 -0.10652E+03  0.00000E+00  0.00000E+00  0.00000E+00  0.56460E+02  0.78366E+03  0.26792E+03   2601  0.00000E+00      0.000
    2604.0000 -0.19882E+00  0.19472E+00 -0.19882E+00  0.19472E+00 -0.40990E-02 -0.51773E+03  0.50706E+03 -0.51773E+03  0.50706E+03 -0.10133E+02 -0.14833E+03 -0.10652E+03  0.00000E+00  0.00000E+00  0.00000E+00  0.56460E+02  0.78668E+03  0.26895E+03   2611  0.00000E+00      0.000
    2614.0000 -0.19882E+00  0.19472E+00 -0.19882E+00  0.19472E+00 -0.40990E-02 -0.51972E+03  0.50901E+03 -0.51972E+03  0.50901E+03 -0.10174E+02 -0.14833E+03 -0.10652E+03  0.00000E+00  0.00000E+00  0.00000E+00  0.56460E+02  0.78970E+03  0.26998E+03   2621  0.00000E+00      0.000
    2624.0000 -0.19882E+00  0.19472E+00 -0.19882E+00  0.19472E+00 -0.40990E-02 -0.52170E+03  0.51096E+03 -0.52170E+03  0.51096E+03 -0.10215E+02 -0.14833E+03 -0.10652E+03  0.00000E+00  0.00000E+00  0.00000E+00  0.56460E+02  0.79272E+03  0.27101E+03   2631  0.00000E+00      0.000
    2634.0000 -0.19882E+00  0.19472E+00 -0.19882E+00  0.19472E+00 -0.40990E-02 -0.52369E+03  0.51291E+03 -0.52369E+03  0.51291E+03 -0.10256E+02 -0.14833E+03 -0.10652E+03  0.00000E+00  0.00000E+00  0.00000E+00  0.56460E+02  0.79575E+03  0.27205E+03   2641  0.00000E+00      0.000
    2644.0000 -0.19882E+00  0.19472E+00 -0.19882E+00  0.19472E+00 -0.40990E-02 -0.52568E+03  0.51485E+03 -0.52568E+03  0.51485E+03 -0.10297E+02 -0.14833E+03 -0.10652E+03  0.00000E+00  0.00000E+00  0.00000E+00  0.56460E+02  0.79877E+03  0.27308E+03   2651  0.00000E+00      0.000
    2654.0000 -0.19882E+00  0.19472E+00 -0.19882E+00  0.19472E+00 -0.40990E-02 -0.52767E+03  0.51680E+03 -0.52767E+03  0.51680E+03 -0.10338E+02 -0.14833E+03 -0.10652E+03  0.00000E+00  0.00000E+00  0.00000E+00  0.56460E+02  0.80179E+03  0.27411E+03   2661  0.00000E+00      0.000
    2664.0000 -0.19882E+00  0.19472E+00 -0.19882E+00  0.19472E+00 -0.40990E-02 -0.52966E+03  0.51875E+03 -0.52966E+03  0.51875E+03 -0.10379E+02 -0.14833E+03 -0.10652E+03  0.00000E+00  0.00000E+00  0.00000E+00  0.56460E+02  0.80481E+03  0.27515E+03   2671  0.00000E+00      0.000
    2674.0000 -0.19882E+00  0.19472E+00 -0.19882E+00  0.19472E+00 -0.40990E-02 -0.53164E+03  0.52069E+03 -0.53164E+03  0.52069E+03 -0.10420E+02 -0.14833E+03 -0.10652E+03  0.00000E+00  0.00000E+00  0.00000E+00  0.56460E+02  0.80783E+03  0.27618E+03   2681  0.00000E+00      0.000
    2684.0000 -0.19882E+00  0.19472E+00 -0.19882E+00  0.19472E+00 -0.40990E-02 -0.53363E+03  0.52264E+03 -0.53363E+03  0.52264E+03 -0.10461E+02 -0.14833E+03 -0.10652E+03  0.00000E+00  0.00000E+00  0.00000E+00  0.56460E+02  0.81085E+03  0.27721E+03   2691  0.00000E+00      0.000
    2694.0000 -0.19882E+00  0.19472E+00 -0.19882E+00  0.19472E+00 -0.40990E-02 -0.53562E+03  0.52459E+03 -0.53562E+03  0.52459E+03 -0.10501E+02 -0.14833E+03 -0.10652E+03  0.00000E+00  0.00000E+00  0.00000E+00  0.56460E+02  0.81387E+03  0.27824E+03   2701  0.00000E+00      0.000
    2704.0000 -0.19882E+00  0.19472E+00 -0.19882E+00  0.19472E+00 -0.40990E-02 -0.53761E+03  0.52653E+03 -0.53761E+03  0.52653E+03 -0.10542E+02 -0.14833E+03 -0.10652E+03  0.00000E+00  0.00000E+00  0.00000E+00  0.56460E+02  0.81689E+03  0.27928E+03   2711  0.00000E+00      0.000
    2714.0000 -0.19882E+00  0.19472E+00 -0.19882E+00  0.19472E+00 -0.40990E-02 -0.53960E+03  0.52848E+03 -0.53960E+03  0.52848E+03 -0.10583E+02 -0.14833E+03 -0.10652E+03  0.00000E+00  0.00000E+00  0.00000E+00  0.56460E+02  0.81992E+03  0.28031E+03   2721  0.00000E+00      0.000
    2724.0000 -0.19882E+00  0.19472E+00 -0.19882E+00  0.19472E+00 -0.40990E-02 -0.54158E+03  0.53043E+03 -0.54158E+03  0.53043E+03 -0.10624E+02 -0.14833E+03 -0.10652E+03  0.00000E+00  0.00000E+00  0.00000E+00  0.56460E+02  0.82294E+03  0.28134E+03   2731  0.00000E+00      0.000
    2734.0000 -0.19882E+00  0.19472E+00 -0.19882E+00  0.19472E+00 -0.40990E-02 -0.54357E+03  0.53238E+03 -0.54357E+03  0.53238E+03 -0.10665E+02 -0.14833E+03 -0.10652E+03  0.00000E+00  0.00000E+00  0.00000E+00  0.56460E+02  0.82596E+03  0.28237E+03   2741  0.00000E+00      0.000
    2744.0000 -0.19882E+00  0.19472E+00 -0.19882E+00  0.19472E+00 -0.40990E-02 -0.54556E+03  0.53432E+03 -0.54556E+03  0.53432E+03 -0.10706E+02 -0.14833E+03 -0.10652E+03  0.00000E+00  0.00000E+00  0.00000E+00  0.56460E+02  0.82898E+03  0.28341E+03   2751  0.00000E+00      0.000
    2754.0000 -0.19882E+00  0.19472E+00 -0.19882E+00  0.19472E+00 -0.40990E-02 -0.54755E+03  0.53627E+03 -0.54755E+03  0.53627E+03 -0.10747E+02 -0.14833E+03 -0.10652E+03  0.00000E+00  0.00000E+00  0.00000E+00  0.56460E+02  0.83200E+03  0.28444E+03   2761  0.00000E+00      0.000
    2764.0000 -0.19882E+00  0.19472E+00 -0.19882E+00  0.19472E+00 -0.40990E-02 -0.54953E+03  0.53822E+03 -0.54953E+03  0.53822E+03 -0.10788E+02 -0.14833E+03 -0.10652E+03  0.00000E+00  0.00000E+00  0.00000E+00  0.56460E+02  0.83502E+03  0.28547E+03   2771  0.00000E+00      0.000
    2774.0000 -0.19882E+00  0.19472E+00 -0.19882E+00  0.19472E+00 -0.40990E-02 -0.55152E+03  0.54016E+03 -0.55152E+03  0.54016E+03 -0.10829E+02 -0.14833E+03 -0.10652E+03  0.00000E+00  0.00000E+00  0.00000E+00  0.56460E+02  0.83804E+03  0.28651E+03   2781  0.00000E+00      0.000
    2784.0000 -0.19882E+00  0.19472E+00 -0.19882E+00  0.19472E+00 -0.40990E-02 -0.55351E+03  0.54211E+03 -0.55351E+03  0.54211E+03 -0.10870E+02 -0.14833E+03 -0.10652E+03  0.00000E+00  0.00000E+00  0.00000E+00  0.56460E+02  0.84106E+03  0.28754E+03   2791  0.00000E+00      0.000
    2794.0000 -0.19882E+00  0.19472E+00 -0.19882E+00  0.19472E+00 -0.40990E-02 -0.55550E+03  0.54406E+03 -0.55550E+03  0.54406E+03 -0.10911E+02 -0.14833E+03 -0.10652E+03  0.00000E+00  0.00000E+00  0.00000E+00  0.56460E+02  0.84409E+03  0.28857E+03   2801  0.00000E+00      0.000
    2804.0000 -0.19882E+00  0.19472E+00 -0.19882E+00  0.19472E+00 -0.40990E-02 -0.55749E+03  0.54601E+03 -0.55749E+03  0.54601E+03 -0.10952E+02 -0.14833E+03 -0.10652E+03  0.00000E+00  0.00000E+00  0.00000E+00  0.56460E+02  0.84711E+03  0.28960E+03   2811  0.00000E+00      0.000
    2814.0000 -0.19882E+00  0.19472E+00 -0.19882E+00  0.19472E+00 -0.40990E-02 -0.55947E+03  0.54795E+03 -0.55947E+03  0.54795E+03 -0.10993E+02 -0.14833E+03 -0.10652E+03  0.00000E+00  0.00000E+00  0.00000E+00  0.56460E+02  0.85013E+03  0.29064E+03   2821  0.00000E+00      0.000
    2824.0000 -0.19882E+00  0.19472E+00 -0.19882E+00  0.19472E+00 -0.40990E-02 -0.56146E+03  0.54990E+03 -0.56146E+03  0.54990E+03 -0.11034E+02 -0.14833E+03 -0.10652E+03  0.00000E+00  0.00000E+00  0.00000E+00  0.56460E+02  0.85315E+03  0.29167E+03   2831  0.00000E+00      0.000
    2834.0000 -0.19882E+00  0.19472E+00 -0.19882E+00  0.19472E+00 -0.40990E-02 -0.56345E+03  0.55185E+03 -0.56345E+03  0.55185E+03 -0.11075E+02 -0.14833E+03 -0.10652E+03  0.00000E+00  0.00000E+00  0.00000E+00  0.56460E+02  0.85617E+03  0.29270E+03   2841  0.00000E+00      0.000
    2844.0000 -0.19882E+00  0.19472E+00 -0.19882E+00  0.19472E+00 -0.40990E-02 -0.56544E+03  0.55379E+03 -0.56544E+03  0.55379E+03 -0.11116E+02 -0.14833E+03 -0.10652E+03  0.00000E+00  0.00000E+00  0.00000E+00  0.56460E+02  0.85919E+03  0.29373E+03   2851  0.00000E+00      0.000
    2854.0000 -0.19882E+00  0.19472E+00 -0.19882E+00  0.19472E+00 -0.40990E-02 -0.56743E+03  0.55574E+03 -0.56743E+03  0.55574E+03 -0.11157E+02 -0.14833E+03 -0.10652E+03  0.00000E+00  0.00000E+00  0.00000E+00  0.56460E+02  0.86221E+03  0.29477E+03   2861  0.00000E+00      0.000
    2864.0000 -0.19882E+00  0.19472E+00 -0.19882E+00  0.19472E+00 -0.40990E-02 -0.56941E+03  0.55769E+03 -0.56941E+03  0.55769E+03 -0.11198E+02 -0.14833E+03 -0.10652E+03  0.00000E+00  0.00000E+00  0.00000E+00  0.56460E+02  0.86523E+03  0.29580E+03   2871  0.00000E+00      0.000
    2874.0000 -0.19882E+00  0.19472E+00 -0.19882E+00  0.19472E+00 -0.40990E-02 -0.57140E+03  0.55963E+03 -0.57140E+03  0.55963E+03 -0.11239E+02 -0.14833E+03 -0.10652E+03  0.00000E+00  0.00000E+00  0.00000E+00  0.56460E+02  0.86826E+03  0.29683E+03   2881  0.00000E+00      0.000
    2884.0000 -0.19882E+00  0.19472E+00 -0.19882E+00  0.19472E+00 -0.40990E-02 -0.57339E+03  0.56158E+03 -0.57339E+03  0.56158E+03 -0.11280E+02 -0.14833E+03 -0.10652E+03  0.00000E+00  0.00000E+00  0.00000E+00  0.56460E+02  0.87128E+03  0.29787E+03   2891  0.00000E+00      0.000
    2894.0000 -0.19882E+00  0.19472E+00 -0.19882E+00  0.19472E+00 -0.40990E-02 -0.57538E+03  0.56353E+03 -0.57538E+03  0.56353E+03 -0.11321E+02 -0.14833E+03 -0.10652E+03  0.00000E+00  0.00000E+00  0.00000E+00  0.56460E+02  0.87430E+03  0.29890E+03   2901  0.00000E+00      0.000
    2904.0000 -0.19882E+00  0.19472E+00 -0.19882E+00  0.19472E+00 -0.40990E-02 -0.57737E+03  0.56548E+03 -0.57737E+03  0.56548E+03 -0.11362E+02 -0.14833E+03 -0.10652E+03  0.00000E+00  0.00000E+00  0.00000E+00  0.56460E+02  0.87732E+03  0.29993E+03   2911  0.00000E+00      0.000
    2914.0000 -0.19882E+00  0.19472E+00 -0.19882E+00  0.19472E+00 -0.40990E-02 -0.57935E+03  0.56742E+03 -0.57935E+03  0.56742E+03 -0.11403E+02 -0.14833E+03 -0.10652E+03  0.00000E+00  0.00000E+00  0.00000E+00  0.56460E+02  0.88034E+03  0.30096E+03   2921  0.00000E+00      0.000
    2920.0000 -0.19882E+00  0.19472E+00 -0.19882E+00  0.19472E+00 -0.40990E-02 -0.58055E+03  0.56859E+03 -0.58055E+03  0.56859E+03 -0.11428E+02 -0.14833E+03 -0.10652E+03  0.00000E+00  0.00000E+00  0.00000E+00  0.56460E+02  0.88215E+03  0.30158E+03   2927  0.00000E+00      0.000
    2924.0000 -0.19882E+00  0.19472E+00 -0.19882E+00  0.19472E+00 -0.40990E-02 -0.58134E+03  0.56937E+03 -0.58134E+03  0.56937E+03 -0.11444E+02 -0.14833E+03 -0.10652E+03  0.00000E+00  0.00000E+00  0.00000E+00  0.56460E+02  0.88336E+03  0.30200E+03   2931  0.00000E+00      0.000
    2934.0000 -0.19882E+00  0.19472E+00 -0.19882E+00  0.19472E+00 -0.40990E-02 -0.58333E+03  0.57132E+03 -0.58333E+03  0.57132E+03 -0.11485E+02 -0.14833E+03 -0.10652E+03  0.00000E+00  0.00000E+00  0.00000E+00  0.56460E+02  0.88638E+03  0.30303E+03   2941  0.00000E+00      0.000
    2944.0000 -0.19882E+00  0.19472E+00 -0.19882E+00  0.19472E+00 -0.40990E-02 -0.58532E+03  0.57326E+03 -0.58532E+03  0.57326E+03 -0.11526E+02 -0.14833E+03 -0.10652E+03  0.00000E+00  0.00000E+00  0.00000E+00  0.56460E+02  0.88940E+03  0.30406E+03   2951  0.00000E+00      0.000
    2954.0000 -0.19882E+00  0.19472E+00 -0.19882E+00  0.19472E+00 -0.40990E-02 -0.58731E+03  0.57521E+03 -0.58730E+03  0.57521E+03 -0.11567E+02 -0.14833E+03 -0.10652E+03  0.00000E+00  0.00000E+00  0.00000E+00  0.56460E+02  0.89243E+03  0.30509E+03   2961  0.00000E+00      0.000
    2964.0000 -0.19882E+00  0.19472E+00 -0.19882E+00  0.19472E+00 -0.40990E-02 -0.58929E+03  0.57716E+03 -0.58929E+03  0.57716E+03 -0.11608E+02 -0.14833E+03 -0.10652E+03  0.00000E+00  0.00000E+00  0.00000E+00  0.56460E+02  0.89545E+03  0.30613E+03   2971  0.00000E+00      0.000
    2974.0000 -0.19882E+00  0.19472E+00 -0.19882E+00  0.19472E+00 -0.40990E-02 -0.59128E+03  0.57910E+03 -0.59128E+03  0.57910E+03 -0.11649E+02 -0.14833E+03 -0.10652E+03  0.00000E+00  0.00000E+00  0.00000E+00  0.56460E+02  0.89847E+03  0.30716E+03   2981  0.00000E+00      0.000
    2984.0000 -0.19882E+00  0.19472E+00 -0.19882E+00  0.19472E+00 -0.40990E-02 -0.59327E+03  0.58105E+03 -0.59327E+03  0.58105E+03 -0.11690E+02 -0.14833E+03 -0.10652E+03  0.00000E+00  0.00000E+00  0.00000E+00  0.56460E+02  0.90149E+03  0.30819E+03   2991  0.00000E+00      0.000
    2994.0000 -0.19882E+00  0.19472E+00 -0.19882E+00  0.19472E+00 -0.40990E-02 -0.59526E+03  0.58300E+03 -0.59526E+03  0.58300E+03 -0.11731E+02 -0.14833E+03 -0.10652E+03  0.00000E+00  0.00000E+00  0.00000E+00  0.56460E+02  0.90451E+03  0.30923E+03   3001  0.00000E+00      0.000
    3004.0000 -0.19882E+00  0.19472E+00 -0.19882E+00  0.19472E+00 -0.40990E-02 -0.59724E+03  0.58495E+03 -0.59724E+03  0.58495E+03 -0.11772E+02 -0.14833E+03 -0.10652E+03  0.00000E+00  0.00000E+00  0.00000E+00  0.56460E+02  0.90753E+03  0.31026E+03   3011  0.00000E+00      0.000
    3014.0000 -0.19882E+00  0.19472E+00 -0.19882E+00  0.19472E+00 -0.40990E-02 -0.59923E+03  0.58689E+03 -0.59923E+03  0.58689E+03 -0.11813E+02 -0.14833E+03 -0.10652E+03  0.00000E+00  0.00000E+00  0.00000E+00  0.56460E+02  0.91055E+03  0.31129E+03   3021  0.00000E+00      0.000
    3024.0000 -0.19882E+00  0.19472E+00 -0.19882E+00  0.19472E+00 -0.40990E-02 -0.60122E+03  0.58884E+03 -0.60122E+03  0.58884E+03 -0.11854E+02 -0.14833E+03 -0.10652E+03  0.00000E+00  0.00000E+00  0.00000E+00  0.56460E+02  0.91357E+03  0.31232E+03   3031  0.00000E+00      0.000
    3034.0000 -0.19882E+00  0.19472E+00 -0.19882E+00  0.19472E+00 -0.40990E-02 -0.60321E+03  0.59079E+03 -0.60321E+03  0.59079E+03 -0.11895E+02 -0.14833E+03 -0.10652E+03  0.00000E+00  0.00000E+00  0.00000E+00  0.56460E+02  0.91660E+03  0.31336E+03   3041  0.00000E+00      0.000
    3044.0000 -0.19882E+00  0.19472E+00 -0.19882E+00  0.19472E+00 -0.40990E-02 -0.60520E+03  0.59273E+03 -0.60520E+03  0.59273E+03 -0.11936E+02 -0.14833E+03 -0.10652E+03  0.00000E+00  0.00000E+00  0.00000E+00  0.56460E+02  0.91962E+03  0.31439E+03   3051  0.00000E+00      0.000
    3054.0000 -0.19882E+00  0.19472E+00 -0.19882E+00  0.19472E+00 -0.40990E-02 -0.60718E+03  0.59468E+03 -0.60718E+03  0.59468E+03 -0.11977E+02 -0.14833E+03 -0.10652E+03  0.00000E+00  0.00000E+00  0.00000E+00  0.56460E+02  0.92264E+03  0.31542E+03   3061  0.00000E+00      0.000
    3064.0000 -0.19882E+00  0.19472E+00 -0.19882E+00  0.19472E+00 -0.40990E-02 -0.60917E+03  0.59663E+03 -0.60917E+03  0.59663E+03 -0.12018E+02 -0.14833E+03 -0.10652E+03  0.00000E+00  0.00000E+00  0.00000E+00  0.56460E+02  0.92566E+03  0.31645E+03   3071  0.00000E+00      0.000
    3074.0000 -0.19882E+00  0.19472E+00 -0.19882E+00  0.19472E+00 -0.40990E-02 -0.61116E+03  0.59857E+03 -0.61116E+03  0.59857E+03 -0.12059E+02 -0.14833E+03 -0.10652E+03  0.00000E+00  0.00000E+00  0.00000E+00  0.56460E+02  0.92868E+03  0.31749E+03   3081  0.00000E+00      0.000
    3084.0000 -0.19882E+00  0.19472E+00 -0.19882E+00  0.19472E+00 -0.40990E-02 -0.61315E+03  0.60052E+03 -0.61315E+03  0.60052E+03 -0.12100E+02 -0.14833E+03 -0.10652E+03  0.00000E+00  0.00000E+00  0.00000E+00  0.56460E+02  0.93170E+03  0.31852E+03   3091  0.00000E+00      0.000
    3094.0000 -0.19882E+00  0.19472E+00 -0.19882E+00  0.19472E+00 -0.40990E-02 -0.61514E+03  0.60247E+03 -0.61514E+03  0.60247E+03 -0.12141E+02 -0.14833E+03 -0.10652E+03  0.00000E+00  0.00000E+00  0.00000E+00  0.56460E+02  0.93472E+03  0.31955E+03   3101  0.00000E+00      0.000
    3104.0000 -0.19882E+00  0.19472E+00 -0.19882E+00  0.19472E+00 -0.40990E-02 -0.61712E+03  0.60442E+03 -0.61712E+03  0.60442E+03 -0.12182E+02 -0.14833E+03 -0.10652E+03  0.00000E+00  0.00000E+00  0.00000E+00  0.56460E+02  0.93774E+03  0.32059E+03   3111  0.00000E+00      0.000
    3114.0000 -0.19882E+00  0.19472E+00 -0.19882E+00  0.19472E+00 -0.40990E-02 -0.61911E+03  0.60636E+03 -0.61911E+03  0.60636E+03 -0.12223E+02 -0.14833E+03 -0.10652E+03  0.00000E+00  0.00000E+00  0.00000E+00  0.56460E+02  0.94077E+03  0.32162E+03   3121  0.00000E+00      0.000
    3124.0000 -0.19882E+00  0.19472E+00 -0.19882E+00  0.19472E+00 -0.40990E-02 -0.62110E+03  0.60831E+03 -0.62110E+03  0.60831E+03 -0.12264E+02 -0.14833E+03 -0.10652E+03  0.00000E+00  0.00000E+00  0.00000E+00  0.56460E+02  0.94379E+03  0.32265E+03   3131  0.00000E+00      0.000
    3134.0000 -0.19882E+00  0.19472E+00 -0.19882E+00  0.19472E+00 -0.40990E-02 -0.62309E+03  0.61026E+03 -0.62309E+03  0.61026E+03 -0.12305E+02 -0.14833E+03 -0.10652E+03  0.00000E+00  0.00000E+00  0.00000E+00  0.56460E+02  0.94681E+03  0.32368E+03   3141  0.00000E+00      0.000
    3144.0000 -0.19882E+00  0.19472E+00 -0.19882E+00  0.19472E+00 -0.40990E-02 -0.62508E+03  0.61220E+03 -0.62508E+03  0.61220E+03 -0.12346E+02 -0.14833E+03 -0.10652E+03  0.00000E+00  0.00000E+00  0.00000E+00  0.56460E+02  0.94983E+03  0.32472E+03   3151  0.00000E+00      0.000
    3154.0000 -0.19882E+00  0.19472E+00 -0.19882E+00  0.19472E+00 -0.40990E-02 -0.62706E+03  0.61415E+03 -0.62706E+03  0.61415E+03 -0.12387E+02 -0.14833E+03 -0.10652E+03  0.00000E+00  0.00000E+00  0.00000E+00  0.56460E+02  0.95285E+03  0.32575E+03   3161  0.00000E+00      0.000
    3164.0000 -0.19882E+00  0.19472E+00 -0.19882E+00  0.19472E+00 -0.40990E-02 -0.62905E+03  0.61610E+03 -0.62905E+03  0.61610E+03 -0.12428E+02 -0.14833E+03 -0.10652E+03  0.00000E+00  0.00000E+00  0.00000E+00  0.56460E+02  0.95587E+03  0.32678E+03   3171  0.00000E+00      0.000
    3174.0000 -0.19882E+00  0.19472E+00 -0.19882E+00  0.19472E+00 -0.40990E-02 -0.63104E+03  0.61804E+03 -0.63104E+03  0.61804E+03 -0.12469E+02 -0.14833E+03 -0.10652E+03  0.00000E+00  0.00000E+00  0.00000E+00  0.56460E+02  0.95889E+03  0.32781E+03   3181  0.00000E+00      0.000
    3184.0000 -0.19882E+00  0.19472E+00 -0.19882E+00  0.19472E+00 -0.40990E-02 -0.63303E+03  0.61999E+03 -0.63303E+03  0.61999E+03 -0.12510E+02 -0.14833E+03 -0.10652E+03  0.00000E+00  0.00000E+00  0.00000E+00  0.56460E+02  0.96191E+03  0.32885E+03   3191  0.00000E+00      0.000
    3194.0000 -0.19882E+00  0.19472E+00 -0.19882E+00  0.19472E+00 -0.40990E-02 -0.63502E+03  0.62194E+03 -0.63501E+03  0.62194E+03 -0.12551E+02 -0.14833E+03 -0.10652E+03  0.00000E+00  0.00000E+00  0.00000E+00  0.56460E+02  0.96494E+03  0.32988E+03   3201  0.00000E+00      0.000
    3204.0000 -0.19882E+00  0.19472E+00 -0.19882E+00  0.19472E+00 -0.40990E-02 -0.63700E+03  0.62389E+03 -0.63700E+03  0.62389E+03 -0.12592E+02 -0.14833E+03 -0.10652E+03  0.00000E+00  0.00000E+00  0.00000E+00  0.56460E+02  0.96796E+03  0.33091E+03   3211  0.00000E+00      0.000
    3214.0000 -0.19882E+00  0.19472E+00 -0.19882E+00  0.19472E+00 -0.40990E-02 -0.63899E+03  0.62583E+03 -0.63899E+03  0.62583E+03 -0.12633E+02 -0.14833E+03 -0.10652E+03  0.00000E+00  0.00000E+00  0.00000E+00  0.56460E+02  0.97098E+03  0.33195E+03   3221  0.00000E+00      0.000
    3224.0000 -0.19882E+00  0.19472E+00 -0.19882E+00  0.19472E+00 -0.40990E-02 -0.64098E+03  0.62778E+03 -0.64098E+03  0.62778E+03 -0.12674E+02 -0.14833E+03 -0.10652E+03  0.00000E+00  0.00000E+00  0.00000E+00  0.56460E+02  0.97400E+03  0.33298E+03   3231  0.00000E+00      0.000
    3234.0000 -0.19882E+00  0.19472E+00 -0.19882E+00  0.19472E+00 -0.40990E-02 -0.64297E+03  0.62973E+03 -0.64297E+03  0.62973E+03 -0.12715E+02 -0.14833E+03 -0.10652E+03  0.00000E+00  0.00000E+00  0.00000E+00  0.56460E+02  0.97702E+03  0.33401E+03   3241  0.00000E+00      0.000
    3244.0000 -0.19882E+00  0.19472E+00 -0.19882E+00  0.19472E+00 -0.40990E-02 -0.64495E+03  0.63167E+03 -0.64495E+03  0.63167E+03 -0.12756E+02 -0.14833E+03 -0.10652E+03  0.00000E+00  0.00000E+00  0.00000E+00  0.56460E+02  0.98004E+03  0.33504E+03   3251  0.00000E+00      0.000
    3254.0000 -0.19882E+00  0.19472E+00 -0.19882E+00  0.19472E+00 -0.40990E-02 -0.64694E+03  0.63362E+03 -0.64694E+03  0.63362E+03 -0.12797E+02 -0.14833E+03 -0.10652E+03  0.00000E+00  0.00000E+00  0.00000E+00  0.56460E+02  0.98306E+03  0.33608E+03   3261  0.00000E+00      0.000
    3264.0000 -0.19882E+00  0.19472E+00 -0.19882E+00  0.19472E+00 -0.40990E-02 -0.64893E+03  0.63557E+03 -0.64893E+03  0.63557E+03 -0.12838E+02 -0.14833E+03 -0.10652E+03  0.00000E+00  0.00000E+00  0.00000E+00  0.56460E+02  0.98608E+03  0.33711E+03   3271  0.00000E+00      0.000
    3274.0000 -0.19882E+00  0.19472E+00 -0.19882E+00  0.19472E+00 -0.40990E-02 -0.65092E+03  0.63752E+03 -0.65092E+03  0.63752E+03 -0.12879E+02 -0.14833E+03 -0.10652E+03  0.00000E+00  0.00000E+00  0.00000E+00  0.56460E+02  0.98911E+03  0.33814E+03   3281  0.00000E+00      0.000
    3284.0000 -0.19882E+00  0.19472E+00 -0.19882E+00  0.19472E+00 -0.40990E-02 -0.65291E+03  0.63946E+03 -0.65291E+03  0.63946E+03 -0.12920E+02 -0.14833E+03 -0.10652E+03  0.00000E+00  0.00000E+00  0.00000E+00  0.56460E+02  0.99213E+03  0.33917E+03   3291  0.00000E+00      0.000
    3285.0000 -0.19882E+00  0.19472E+00 -0.19882E+00  0.19472E+00 -0.40990E-02 -0.65311E+03  0.63966E+03 -0.65310E+03  0.63966E+03 -0.12924E+02 -0.14833E+03 -0.10652E+03  0.00000E+00  0.00000E+00  0.00000E+00  0.56460E+02  0.99243E+03  0.33928E+03   3292  0.00000E+00      0.000
    3294.0000 -0.19882E+00  0.19472E+00 -0.19882E+00  0.19472E+00 -0.40990E-02 -0.65489E+03  0.64141E+03 -0.65489E+03  0.64141E+03 -0.12961E+02 -0.14833E+03 -0.10652E+03  0.00000E+00  0.00000E+00  0.00000E+00  0.56460E+02  0.99515E+03  0.34021E+03   3301  0.00000E+00      0.000
    3304.0000 -0.19882E+00  0.19472E+00 -0.19882E+00  0.19472E+00 -0.40990E-02 -0.65688E+03  0.64336E+03 -0.65688E+03  0.64336E+03 -0.13002E+02 -0.14833E+03 -0.10652E+03  0.00000E+00  0.00000E+00  0.00000E+00  0.56460E+02  0.99817E+03  0.34124E+03   3311  0.00000E+00      0.000
    3314.0000 -0.19882E+00  0.19472E+00 -0.19882E+00  0.19472E+00 -0.40990E-02 -0.65887E+03  0.64530E+03 -0.65887E+03  0.64530E+03 -0.13043E+02 -0.14833E+03 -0.10652E+03  0.00000E+00  0.00000E+00  0.00000E+00  0.56460E+02  0.10012E+04  0.34227E+03   3321  0.00000E+00      0.000
    3324.0000 -0.19882E+00  0.19472E+00 -0.19882E+00  0.19472E+00 -0.40990E-02 -0.66086E+03  0.64725E+03 -0.66086E+03  0.64725E+03 -0.13084E+02 -0.14833E+03 -0.10652E+03  0.00000E+00  0.00000E+00  0.00000E+00  0.56460E+02  0.10042E+04  0.34330E+03   3331  0.00000E+00      0.000
    3334.0000 -0.19882E+00  0.19472E+00 -0.19882E+00  0.19472E+00 -0.40990E-02 -0.66285E+03  0.64920E+03 -0.66285E+03  0.64920E+03 -0.13125E+02 -0.14833E+03 -0.10652E+03  0.00000E+00  0.00000E+00  0.00000E+00  0.56460E+02  0.10072E+04  0.34434E+03   3341  0.00000E+00      0.000
    3344.0000 -0.19882E+00  0.19472E+00 -0.19882E+00  0.19472E+00 -0.40990E-02 -0.66483E+03  0.65114E+03 -0.66483E+03  0.65114E+03 -0.13166E+02 -0.14833E+03 -0.10652E+03  0.00000E+00  0.00000E+00  0.00000E+00  0.56460E+02  0.10103E+04  0.34537E+03   3351  0.00000E+00      0.000
    3354.0000 -0.19882E+00  0.19472E+00 -0.19882E+00  0.19472E+00 -0.40990E-02 -0.66682E+03  0.65309E+03 -0.66682E+03  0.65309E+03 -0.13207E+02 -0.14833E+03 -0.10652E+03  0.00000E+00  0.00000E+00  0.00000E+00  0.56460E+02  0.10133E+04  0.34640E+03   3361  0.00000E+00      0.000
    3364.0000 -0.19882E+00  0.19472E+00 -0.19882E+00  0.19472E+00 -0.40990E-02 -0.66881E+03  0.65504E+03 -0.66881E+03  0.65504E+03 -0.13248E+02 -0.14833E+03 -0.10652E+03  0.00000E+00  0.00000E+00  0.00000E+00  0.56460E+02  0.10163E+04  0.34744E+03   3371  0.00000E+00      0.000
    3374.0000 -0.19882E+00  0.19472E+00 -0.19882E+00  0.19472E+00 -0.40990E-02 -0.67080E+03  0.65699E+03 -0.67080E+03  0.65699E+03 -0.13289E+02 -0.14833E+03 -0.10652E+03  0.00000E+00  0.00000E+00  0.00000E+00  0.56460E+02  0.10193E+04  0.34847E+03   3381  0.00000E+00      0.000
    3384.0000 -0.19882E+00  0.19472E+00 -0.19882E+00  0.19472E+00 -0.40990E-02 -0.67279E+03  0.65893E+03 -0.67279E+03  0.65893E+03 -0.13330E+02 -0.14833E+03 -0.10652E+03  0.00000E+00  0.00000E+00  0.00000E+00  0.56460E+02  0.10223E+04  0.34950E+03   3391  0.00000E+00      0.000
    3394.0000 -0.19882E+00  0.19472E+00 -0.19882E+00  0.19472E+00 -0.40990E-02 -0.67477E+03  0.66088E+03 -0.67477E+03  0.66088E+03 -0.13371E+02 -0.14833E+03 -0.10652E+03  0.00000E+00  0.00000E+00  0.00000E+00  0.56460E+02  0.10254E+04  0.35053E+03   3401  0.00000E+00      0.000
    3404.0000 -0.19882E+00  0.19472E+00 -0.19882E+00  0.19472E+00 -0.40990E-02 -0.67676E+03  0.66283E+03 -0.67676E+03  0.66283E+03 -0.13412E+02 -0.14833E+03 -0.10652E+03  0.00000E+00  0.00000E+00  0.00000E+00  0.56460E+02  0.10284E+04  0.35157E+03   3411  0.00000E+00      0.000
    3414.0000 -0.19882E+00  0.19472E+00 -0.19882E+00  0.19472E+00 -0.40990E-02 -0.67875E+03  0.66477E+03 -0.67875E+03  0.66477E+03 -0.13453E+02 -0.14833E+03 -0.10652E+03  0.00000E+00  0.00000E+00  0.00000E+00  0.56460E+02  0.10314E+04  0.35260E+03   3421  0.00000E+00      0.000
    3424.0000 -0.19882E+00  0.19472E+00 -0.19882E+00  0.19472E+00 -0.40990E-02 -0.68074E+03  0.66672E+03 -0.68074E+03  0.66672E+03 -0.13494E+02 -0.14833E+03 -0.10652E+03  0.00000E+00  0.00000E+00  0.00000E+00  0.56460E+02  0.10344E+04  0.35363E+03   3431  0.00000E+00      0.000
    3434.0000 -0.19882E+00  0.19472E+00 -0.19882E+00  0.19472E+00 -0.40990E-02 -0.68272E+03  0.66867E+03 -0.68272E+03  0.66867E+03 -0.13535E+02 -0.14833E+03 -0.10652E+03  0.00000E+00  0.00000E+00  0.00000E+00  0.56460E+02  0.10374E+04  0.35466E+03   3441  0.00000E+00      0.000
    3444.0000 -0.19882E+00  0.19472E+00 -0.19882E+00  0.19472E+00 -0.40990E-02 -0.68471E+03  0.67061E+03 -0.68471E+03  0.67061E+03 -0.13576E+02 -0.14833E+03 -0.10652E+03  0.00000E+00  0.00000E+00  0.00000E+00  0.56460E+02  0.10405E+04  0.35570E+03   3451  0.00000E+00      0.000
    3454.0000 -0.19882E+00  0.19472E+00 -0.19882E+00  0.19472E+00 -0.40990E-02 -0.68670E+03  0.67256E+03 -0.68670E+03  0.67256E+03 -0.13617E+02 -0.14833E+03 -0.10652E+03  0.00000E+00  0.00000E+00  0.00000E+00  0.56460E+02  0.10435E+04  0.35673E+03   3461  0.00000E+00      0.000
    3464.0000 -0.19882E+00  0.19472E+00 -0.19882E+00  0.19472E+00 -0.40990E-02 -0.68869E+03  0.67451E+03 -0.68869E+03  0.67451E+03 -0.13658E+02 -0.14833E+03 -0.10652E+03  0.00000E+00  0.00000E+00  0.00000E+00  0.56460E+02  0.10465E+04  0.35776E+03   3471  0.00000E+00      0.000
    3474.0000 -0.19882E+00  0.19472E+00 -0.19882E+00  0.19472E+00 -0.40990E-02 -0.69068E+03  0.67646E+03 -0.69068E+03  0.67646E+03 -0.13699E+02 -0.14833E+03 -0.10652E+03  0.00000E+00  0.00000E+00  0.00000E+00  0.56460E+02  0.10495E+04  0.35880E+03   3481  0.00000E+00      0.000
    3484.0000 -0.19882E+00  0.19472E+00 -0.19882E+00  0.19472E+00 -0.40990E-02 -0.69266E+03  0.67840E+03 -0.69266E+03  0.67840E+03 -0.13740E+02 -0.14833E+03 -0.10652E+03  0.00000E+00  0.00000E+00  0.00000E+00  0.56460E+02  0.10526E+04  0.35983E+03   3491  0.00000E+00      0.000
    3494.0000 -0.19882E+00  0.19472E+00 -0.19882E+00  0.19472E+00 -0.40990E-02 -0.69465E+03  0.68035E+03 -0.69465E+03  0.68035E+03 -0.13781E+02 -0.14833E+03 -0.10652E+03  0.00000E+00  0.00000E+00  0.00000E+00  0.56460E+02  0.10556E+04  0.36086E+03   3501  0.00000E+00      0.000
    3504.0000 -0.19882E+00  0.19472E+00 -0.19882E+00  0.19472E+00 -0.40990E-02 -0.69664E+03  0.68230E+03 -0.69664E+03  0.68230E+03 -0.13822E+02 -0.14833E+03 -0.10652E+03  0.00000E+00  0.00000E+00  0.00000E+00  0.56460E+02  0.10586E+04  0.36189E+03   3511  0.00000E+00      0.000
    3514.0000 -0.19882E+00  0.19472E+00 -0.19882E+00  0.19472E+00 -0.40990E-02 -0.69863E+03  0.68424E+03 -0.69863E+03  0.68424E+03 -0.13863E+02 -0.14833E+03 -0.10652E+03  0.00000E+00  0.00000E+00  0.00000E+00  0.56460E+02  0.10616E+04  0.36293E+03   3521  0.00000E+00      0.000
    3524.0000 -0.19882E+00  0.19472E+00 -0.19882E+00  0.19472E+00 -0.40990E-02 -0.70062E+03  0.68619E+03 -0.70062E+03  0.68619E+03 -0.13904E+02 -0.14833E+03 -0.10652E+03  0.00000E+00  0.00000E+00  0.00000E+00  0.56460E+02  0.10646E+04  0.36396E+03   3531  0.00000E+00      0.000
    3534.0000 -0.19882E+00  0.19472E+00 -0.19882E+00  0.19472E+00 -0.40990E-02 -0.70260E+03  0.68814E+03 -0.70260E+03  0.68814E+03 -0.13945E+02 -0.14833E+03 -0.10652E+03  0.00000E+00  0.00000E+00  0.00000E+00  0.56460E+02  0.10677E+04  0.36499E+03   3541  0.00000E+00      0.000
    3544.0000 -0.19882E+00  0.19472E+00 -0.19882E+00  0.19472E+00 -0.40990E-02 -0.70459E+03  0.69008E+03 -0.70459E+03  0.69008E+03 -0.13986E+02 -0.14833E+03 -0.10652E+03  0.00000E+00  0.00000E+00  0.00000E+00  0.56460E+02  0.10707E+04  0.36602E+03   3551  0.00000E+00      0.000
    3554.0000 -0.19882E+00  0.19472E+00 -0.19882E+00  0.19472E+00 -0.40990E-02 -0.70658E+03  0.69203E+03 -0.70658E+03  0.69203E+03 -0.14027E+02 -0.14833E+03 -0.10652E+03  0.00000E+00  0.00000E+00  0.00000E+00  0.56460E+02  0.10737E+04  0.36706E+03   3561  0.00000E+00      0.000
    3564.0000 -0.19882E+00  0.19472E+00 -0.19882E+00  0.19472E+00 -0.40990E-02 -0.70857E+03  0.69398E+03 -0.70857E+03  0.69398E+03 -0.14068E+02 -0.14833E+03 -0.10652E+03  0.00000E+00  0.00000E+00  0.00000E+00  0.56460E+02  0.10767E+04  0.36809E+03   3571  0.00000E+00      0.000
    3574.0000 -0.19882E+00  0.19472E+00 -0.19882E+00  0.19472E+00 -0.40990E-02 -0.71056E+03  0.69593E+03 -0.71056E+03  0.69593E+03 -0.14109E+02 -0.14833E+03 -0.10652E+03  0.00000E+00  0.00000E+00  0.00000E+00  0.56460E+02  0.10797E+04  0.36912E+03   3581  0.00000E+00      0.000
    3584.0000 -0.19882E+00  0.19472E+00 -0.19882E+00  0.19472E+00 -0.40990E-02 -0.71254E+03  0.69787E+03 -0.71254E+03  0.69787E+03 -0.14150E+02 -0.14833E+03 -0.10652E+03  0.00000E+00  0.00000E+00  0.00000E+00  0.56460E+02  0.10828E+04  0.37016E+03   3591  0.00000E+00      0.000
    3594.0000 -0.19882E+00  0.19472E+00 -0.19882E+00  0.19472E+00 -0.40990E-02 -0.71453E+03  0.69982E+03 -0.71453E+03  0.69982E+03 -0.14190E+02 -0.14833E+03 -0.10652E+03  0.00000E+00  0.00000E+00  0.00000E+00  0.56460E+02  0.10858E+04  0.37119E+03   3601  0.00000E+00      0.000
    3604.0000 -0.19882E+00  0.19472E+00 -0.19882E+00  0.19472E+00 -0.40990E-02 -0.71652E+03  0.70177E+03 -0.71652E+03  0.70177E+03 -0.14231E+02 -0.14833E+03 -0.10652E+03  0.00000E+00  0.00000E+00  0.00000E+00  0.56460E+02  0.10888E+04  0.37222E+03   3611  0.00000E+00      0.000
    3614.0000 -0.19882E+00  0.19472E+00 -0.19882E+00  0.19472E+00 -0.40990E-02 -0.71851E+03  0.70371E+03 -0.71851E+03  0.70371E+03 -0.14272E+02 -0.14833E+03 -0.10652E+03  0.00000E+00  0.00000E+00  0.00000E+00  0.56460E+02  0.10918E+04  0.37325E+03   3621  0.00000E+00      0.000
    3624.0000 -0.19882E+00  0.19472E+00 -0.19882E+00  0.19472E+00 -0.40990E-02 -0.72050E+03  0.70566E+03 -0.72050E+03  0.70566E+03 -0.14313E+02 -0.14833E+03 -0.10652E+03  0.00000E+00  0.00000E+00  0.00000E+00  0.56460E+02  0.10948E+04  0.37429E+03   3631  0.00000E+00      0.000
    3634.0000 -0.19882E+00  0.19472E+00 -0.19882E+00  0.19472E+00 -0.40990E-02 -0.72248E+03  0.70761E+03 -0.72248E+03  0.70761E+03 -0.14354E+02 -0.14833E+03 -0.10652E+03  0.00000E+00  0.00000E+00  0.00000E+00  0.56460E+02  0.10979E+04  0.37532E+03   3641  0.00000E+00      0.000
    3644.0000 -0.19882E+00  0.19472E+00 -0.19882E+00  0.19472E+00 -0.40990E-02 -0.72447E+03  0.70955E+03 -0.72447E+03  0.70955E+03 -0.14395E+02 -0.14833E+03 -0.10652E+03  0.00000E+00  0.00000E+00  0.00000E+00  0.56460E+02  0.11009E+04  0.37635E+03   3651  0.00000E+00      0.000
    3650.0000 -0.19882E+00  0.19472E+00 -0.19882E+00  0.19472E+00 -0.40990E-02 -0.72566E+03  0.71072E+03 -0.72566E+03  0.71072E+03 -0.14420E+02 -0.14833E+03 -0.10652E+03  0.00000E+00  0.00000E+00  0.00000E+00  0.56460E+02  0.11027E+04  0.37697E+03   3657  0.00000E+00      0.000
    3654.0000 -0.19882E+00  0.19472E+00 -0.19882E+00  0.19472E+00 -0.40990E-02 -0.72646E+03  0.71150E+03 -0.72646E+03  0.71150E+03 -0.14436E+02 -0.14833E+03 -0.10652E+03  0.00000E+00  0.00000E+00  0.00000E+00  0.56460E+02  0.11039E+04  0.37738E+03   3661  0.00000E+00      0.000
    3664.0000 -0.19882E+00  0.19472E+00 -0.19882E+00  0.19472E+00 -0.40990E-02 -0.72845E+03  0.71345E+03 -0.72845E+03  0.71345E+03 -0.14477E+02 -0.14833E+03 -0.10652E+03  0.00000E+00  0.00000E+00  0.00000E+00  0.56460E+02  0.11069E+04  0.37842E+03   3671  0.00000E+00      0.000
    3674.0000 -0.19882E+00  0.19472E+00 -0.19882E+00  0.19472E+00 -0.40990E-02 -0.73043E+03  0.71540E+03 -0.73043E+03  0.71540E+03 -0.14518E+02 -0.14833E+03 -0.10652E+03  0.00000E+00  0.00000E+00  0.00000E+00  0.56460E+02  0.11100E+04  0.37945E+03   3681  0.00000E+00      0.000
    3684.0000 -0.19882E+00  0.19472E+00 -0.19882E+00  0.19472E+00 -0.40990E-02 -0.73242E+03  0.71734E+03 -0.73242E+03  0.71734E+03 -0.14559E+02 -0.14833E+03 -0.10652E+03  0.00000E+00  0.00000E+00  0.00000E+00  0.56460E+02  0.11130E+04  0.38048E+03   3691  0.00000E+00      0.000
    3694.0000 -0.19882E+00  0.19472E+00 -0.19882E+00  0.19472E+00 -0.40990E-02 -0.73441E+03  0.71929E+03 -0.73441E+03  0.71929E+03 -0.14600E+02 -0.14833E+03 -0.10652E+03  0.00000E+00  0.00000E+00  0.00000E+00  0.56460E+02  0.11160E+04  0.38152E+03   3701  0.00000E+00      0.000
    3704.0000 -0.19882E+00  0.19472E+00 -0.19882E+00  0.19472E+00 -0.40990E-02 -0.73640E+03  0.72124E+03 -0.73640E+03  0.72124E+03 -0.14641E+02 -0.14833E+03 -0.10652E+03  0.00000E+00  0.00000E+00  0.00000E+00  0.56460E+02  0.11190E+04  0.38255E+03   3711  0.00000E+00      0.000
    3714.0000 -0.19882E+00  0.19472E+00 -0.19882E+00  0.19472E+00 -0.40990E-02 -0.73839E+03  0.72318E+03 -0.73839E+03  0.72318E+03 -0.14682E+02 -0.14833E+03 -0.10652E+03  0.00000E+00  0.00000E+00  0.00000E+00  0.56460E+02  0.11220E+04  0.38358E+03   3721  0.00000E+00      0.000
    3724.0000 -0.19882E+00  0.19472E+00 -0.19882E+00  0.19472E+00 -0.40990E-02 -0.74037E+03  0.72513E+03 -0.74037E+03  0.72513E+03 -0.14723E+02 -0.14833E+03 -0.10652E+03  0.00000E+00  0.00000E+00  0.00000E+00  0.56460E+02  0.11251E+04  0.38461E+03   3731  0.00000E+00      0.000
    3734.0000 -0.19882E+00  0.19472E+00 -0.19882E+00  0.19472E+00 -0.40990E-02 -0.74236E+03  0.72708E+03 -0.74236E+03  0.72708E+03 -0.14764E+02 -0.14833E+03 -0.10652E+03  0.00000E+00  0.00000E+00  0.00000E+00  0.56460E+02  0.11281E+04  0.38565E+03   3741  0.00000E+00      0.000
    3744.0000 -0.19882E+00  0.19472E+00 -0.19882E+00  0.19472E+00 -0.40990E-02 -0.74435E+03  0.72903E+03 -0.74435E+03  0.72903E+03 -0.14805E+02 -0.14833E+03 -0.10652E+03  0.00000E+00  0.00000E+00  0.00000E+00  0.56460E+02  0.11311E+04  0.38668E+03   3751  0.00000E+00      0.000
    3754.0000 -0.19882E+00  0.19472E+00 -0.19882E+00  0.19472E+00 -0.40990E-02 -0.74634E+03  0.73097E+03 -0.74634E+03  0.73097E+03 -0.14846E+02 -0.14833E+03 -0.10652E+03  0.00000E+00  0.00000E+00  0.00000E+00  0.56460E+02  0.11341E+04  0.38771E+03   3761  0.00000E+00      0.000
    3764.0000 -0.19882E+00  0.19472E+00 -0.19882E+00  0.19472E+00 -0.40990E-02 -0.74833E+03  0.73292E+03 -0.74833E+03  0.73292E+03 -0.14887E+02 -0.14833E+03 -0.10652E+03  0.00000E+00  0.00000E+00  0.00000E+00  0.56460E+02  0.11371E+04  0.38874E+03   3771  0.00000E+00      0.000
    3774.0000 -0.19882E+00  0.19472E+00 -0.19882E+00  0.19472E+00 -0.40990E-02 -0.75031E+03  0.73487E+03 -0.75031E+03  0.73487E+03 -0.14928E+02 -0.14833E+03 -0.10652E+03  0.00000E+00  0.00000E+00  0.00000E+00  0.56460E+02  0.11402E+04  0.38978E+03   3781  0.00000E+00      0.000
    3784.0000 -0.19882E+00  0.19472E+00 -0.19882E+00  0.19472E+00 -0.40990E-02 -0.75230E+03  0.73681E+03 -0.75230E+03  0.73681E+03 -0.14969E+02 -0.14833E+03 -0.10652E+03  0.00000E+00  0.00000E+00  0.00000E+00  0.56460E+02  0.11432E+04  0.39081E+03   3791  0.00000E+00      0.000
    3794.0000 -0.19882E+00  0.19472E+00 -0.19882E+00  0.19472E+00 -0.40990E-02 -0.75429E+03  0.73876E+03 -0.75429E+03  0.73876E+03 -0.15010E+02 -0.14833E+03 -0.10652E+03  0.00000E+00  0.00000E+00  0.00000E+00  0.56460E+02  0.11462E+04  0.39184E+03   3801  0.00000E+00      0.000
    3804.0000 -0.19882E+00  0.19472E+00 -0.19882E+00  0.19472E+00 -0.40990E-02 -0.75628E+03  0.74071E+03 -0.75628E+03  0.74071E+03 -0.15051E+02 -0.14833E+03 -0.10652E+03  0.00000E+00  0.00000E+00  0.00000E+00  0.56460E+02  0.11492E+04  0.39288E+03   3811  0.00000E+00      0.000
    3814.0000 -0.19882E+00  0.19472E+00 -0.19882E+00  0.19472E+00 -0.40990E-02 -0.75827E+03  0.74265E+03 -0.75827E+03  0.74265E+03 -0.15092E+02 -0.14833E+03 -0.10652E+03  0.00000E+00  0.00000E+00  0.00000E+00  0.56460E+02  0.11523E+04  0.39391E+03   3821  0.00000E+00      0.000
    3824.0000 -0.19882E+00  0.19472E+00 -0.19882E+00  0.19472E+00 -0.40990E-02 -0.76025E+03  0.74460E+03 -0.76025E+03  0.74460E+03 -0.15133E+02 -0.14833E+03 -0.10652E+03  0.00000E+00  0.00000E+00  0.00000E+00  0.56460E+02  0.11553E+04  0.39494E+03   3831  0.00000E+00      0.000
    3834.0000 -0.19882E+00  0.19472E+00 -0.19882E+00  0.19472E+00 -0.40990E-02 -0.76224E+03  0.74655E+03 -0.76224E+03  0.74655E+03 -0.15174E+02 -0.14833E+03 -0.10652E+03  0.00000E+00  0.00000E+00  0.00000E+00  0.56460E+02  0.11583E+04  0.39597E+03   3841  0.00000E+00      0.000
    3844.0000 -0.19882E+00  0.19472E+00 -0.19882E+00  0.19472E+00 -0.40990E-02 -0.76423E+03  0.74850E+03 -0.76423E+03  0.74850E+03 -0.15215E+02 -0.14833E+03 -0.10652E+03  0.00000E+00  0.00000E+00  0.00000E+00  0.56460E+02  0.11613E+04  0.39701E+03   3851  0.00000E+00      0.000
    3854.0000 -0.19882E+00  0.19472E+00 -0.19882E+00  0.19472E+00 -0.40990E-02 -0.76622E+03  0.75044E+03 -0.76622E+03  0.75044E+03 -0.15256E+02 -0.14833E+03 -0.10652E+03  0.00000E+00  0.00000E+00  0.00000E+00  0.56460E+02  0.11643E+04  0.39804E+03   3861  0.00000E+00      0.000
    3864.0000 -0.19882E+00  0.19472E+00 -0.19882E+00  0.19472E+00 -0.40990E-02 -0.76821E+03  0.75239E+03 -0.76821E+03  0.75239E+03 -0.15297E+02 -0.14833E+03 -0.10652E+03  0.00000E+00  0.00000E+00  0.00000E+00  0.56460E+02  0.11674E+04  0.39907E+03   3871  0.00000E+00      0.000
    3874.0000 -0.19882E+00  0.19472E+00 -0.19882E+00  0.19472E+00 -0.40990E-02 -0.77019E+03  0.75434E+03 -0.77019E+03  0.75434E+03 -0.15338E+02 -0.14833E+03 -0.10652E+03  0.00000E+00  0.00000E+00  0.00000E+00  0.56460E+02  0.11704E+04  0.40010E+03   3881  0.00000E+00      0.000
    3884.0000 -0.19882E+00  0.19472E+00 -0.19882E+00  0.19472E+00 -0.40990E-02 -0.77218E+03  0.75628E+03 -0.77218E+03  0.75628E+03 -0.15379E+02 -0.14833E+03 -0.10652E+03  0.00000E+00  0.00000E+00  0.00000E+00  0.56460E+02  0.11734E+04  0.40114E+03   3891  0.00000E+00      0.000
    3894.0000 -0.19882E+00  0.19472E+00 -0.19882E+00  0.19472E+00 -0.40990E-02 -0.77417E+03  0.75823E+03 -0.77417E+03  0.75823E+03 -0.15420E+02 -0.14833E+03 -0.10652E+03  0.00000E+00  0.00000E+00  0.00000E+00  0.56460E+02  0.11764E+04  0.40217E+03   3901  0.00000E+00      0.000
    3904.0000 -0.19882E+00  0.19472E+00 -0.19882E+00  0.19472E+00 -0.40990E-02 -0.77616E+03  0.76018E+03 -0.77616E+03  0.76018E+03 -0.15461E+02 -0.14833E+03 -0.10652E+03  0.00000E+00  0.00000E+00  0.00000E+00  0.56460E+02  0.11794E+04  0.40320E+03   3911  0.00000E+00      0.000
    3914.0000 -0.19882E+00  0.19472E+00 -0.19882E+00  0.19472E+00 -0.40990E-02 -0.77814E+03  0.76212E+03 -0.77814E+03  0.76212E+03 -0.15502E+02 -0.14833E+03 -0.10652E+03  0.00000E+00  0.00000E+00  0.00000E+00  0.56460E+02  0.11825E+04  0.40424E+03   3921  0.00000E+00      0.000
    3924.0000 -0.19882E+00  0.19472E+00 -0.19882E+00  0.19472E+00 -0.40990E-02 -0.78013E+03  0.76407E+03 -0.78013E+03  0.76407E+03 -0.15543E+02 -0.14833E+03 -0.10652E+03  0.00000E+00  0.00000E+00  0.00000E+00  0.56460E+02  0.11855E+04  0.40527E+03   3931  0.00000E+00      0.000
    3934.0000 -0.19882E+00  0.19472E+00 -0.19882E+00  0.19472E+00 -0.40990E-02 -0.78212E+03  0.76602E+03 -0.78212E+03  0.76602E+03 -0.15584E+02 -0.14833E+03 -0.10652E+03  0.00000E+00  0.00000E+00  0.00000E+00  0.56460E+02  0.11885E+04  0.40630E+03   3941  0.00000E+00      0.000
    3944.0000 -0.19882E+00  0.19472E+00 -0.19882E+00  0.19472E+00 -0.40990E-02 -0.78411E+03  0.76797E+03 -0.78411E+03  0.76797E+03 -0.15625E+02 -0.14833E+03 -0.10652E+03  0.00000E+00  0.00000E+00  0.00000E+00  0.56460E+02  0.11915E+04  0.40733E+03   3951  0.00000E+00      0.000
    3954.0000 -0.19882E+00  0.19472E+00 -0.19882E+00  0.19472E+00 -0.40990E-02 -0.78610E+03  0.76991E+03 -0.78610E+03  0.76991E+03 -0.15666E+02 -0.14833E+03 -0.10652E+03  0.00000E+00  0.00000E+00  0.00000E+00  0.56460E+02  0.11945E+04  0.40837E+03   3961  0.00000E+00      0.000
    3964.0000 -0.19882E+00  0.19472E+00 -0.19882E+00  0.19472E+00 -0.40990E-02 -0.78808E+03  0.77186E+03 -0.78808E+03  0.77186E+03 -0.15707E+02 -0.14833E+03 -0.10652E+03  0.00000E+00  0.00000E+00  0.00000E+00  0.56460E+02  0.11976E+04  0.40940E+03   3971  0.00000E+00      0.000
    3974.0000 -0.19882E+00  0.19472E+00 -0.19882E+00  0.19472E+00 -0.40990E-02 -0.79007E+03  0.77381E+03 -0.79007E+03  0.77381E+03 -0.15748E+02 -0.14833E+03 -0.10652E+03  0.00000E+00  0.00000E+00  0.00000E+00  0.56460E+02  0.12006E+04  0.41043E+03   3981  0.00000E+00      0.000
    3984.0000 -0.19882E+00  0.19472E+00 -0.19882E+00  0.19472E+00 -0.40990E-02 -0.79206E+03  0.77575E+03 -0.79206E+03  0.77575E+03 -0.15789E+02 -0.14833E+03 -0.10652E+03  0.00000E+00  0.00000E+00  0.00000E+00  0.56460E+02  0.12036E+04  0.41146E+03   3991  0.00000E+00      0.000
    3994.0000 -0.19882E+00  0.19472E+00 -0.19882E+00  0.19472E+00 -0.40990E-02 -0.79405E+03  0.77770E+03 -0.79405E+03  0.77770E+03 -0.15830E+02 -0.14833E+03 -0.10652E+03  0.00000E+00  0.00000E+00  0.00000E+00  0.56460E+02  0.12066E+04  0.41250E+03   4001  0.00000E+00      0.000
    4004.0000 -0.19882E+00  0.19472E+00 -0.19882E+00  0.19472E+00 -0.40990E-02 -0.79604E+03  0.77965E+03 -0.79604E+03  0.77965E+03 -0.15871E+02 -0.14833E+03 -0.10652E+03  0.00000E+00  0.00000E+00  0.00000E+00  0.56460E+02  0.12097E+04  0.41353E+03   4011  0.00000E+00      0.000
    4014.0000 -0.19882E+00  0.19472E+00 -0.19882E+00  0.19472E+00 -0.40990E-02 -0.79802E+03  0.78159E+03 -0.79802E+03  0.78159E+03 -0.15912E+02 -0.14833E+03 -0.10652E+03  0.00000E+00  0.00000E+00  0.00000E+00  0.56460E+02  0.12127E+04  0.41456E+03   4021  0.00000E+00      0.000
    4015.0000 -0.19882E+00  0.19472E+00 -0.19882E+00  0.19472E+00 -0.40990E-02 -0.79822E+03  0.78179E+03 -0.79822E+03  0.78179E+03 -0.15916E+02 -0.14833E+03 -0.10652E+03  0.00000E+00  0.00000E+00  0.00000E+00  0.56460E+02  0.12130E+04  0.41467E+03   4022  0.00000E+00      0.000
    4024.0000 -0.19882E+00  0.19472E+00 -0.19882E+00  0.19472E+00 -0.40990E-02 -0.80001E+03  0.78354E+03 -0.80001E+03  0.78354E+03 -0.15953E+02 -0.14833E+03 -0.10652E+03  0.00000E+00  0.00000E+00  0.00000E+00  0.56460E+02  0.12157E+04  0.41560E+03   4031  0.00000E+00      0.000
    4034.0000 -0.19882E+00  0.19472E+00 -0.19882E+00  0.19472E+00 -0.40990E-02 -0.80200E+03  0.78549E+03 -0.80200E+03  0.78549E+03 -0.15994E+02 -0.14833E+03 -0.10652E+03  0.00000E+00  0.00000E+00  0.00000E+00  0.56460E+02  0.12187E+04  0.41663E+03   4041  0.00000E+00      0.000
    4044.0000 -0.19882E+00  0.19472E+00 -0.19882E+00  0.19472E+00 -0.40990E-02 -0.80399E+03  0.78744E+03 -0.80399E+03  0.78744E+03 -0.16035E+02 -0.14833E+03 -0.10652E+03  0.00000E+00  0.00000E+00  0.00000E+00  0.56460E+02  0.12217E+04  0.41766E+03   4051  0.00000E+00      0.000
    4054.0000 -0.19882E+00  0.19472E+00 -0.19882E+00  0.19472E+00 -0.40990E-02 -0.80598E+03  0.78938E+03 -0.80598E+03  0.78938E+03 -0.16076E+02 -0.14833E+03 -0.10652E+03  0.00000E+00  0.00000E+00  0.00000E+00  0.56460E+02  0.12248E+04  0.41869E+03   4061  0.00000E+00      0.000
    4064.0000 -0.19882E+00  0.19472E+00 -0.19882E+00  0.19472E+00 -0.40990E-02 -0.80796E+03  0.79133E+03 -0.80796E+03  0.79133E+03 -0.16117E+02 -0.14833E+03 -0.10652E+03  0.00000E+00  0.00000E+00  0.00000E+00  0.56460E+02  0.12278E+04  0.41973E+03   4071  0.00000E+00      0.000
    4074.0000 -0.19882E+00  0.19472E+00 -0.19882E+00  0.19472E+00 -0.40990E-02 -0.80995E+03  0.79328E+03 -0.80995E+03  0.79328E+03 -0.16158E+02 -0.14833E+03 -0.10652E+03  0.00000E+00  0.00000E+00  0.00000E+00  0.56460E+02  0.12308E+04  0.42076E+03   4081  0.00000E+00      0.000
    4084.0000 -0.19882E+00  0.19472E+00 -0.19882E+00  0.19472E+00 -0.40990E-02 -0.81194E+03  0.79522E+03 -0.81194E+03  0.79522E+03 -0.16199E+02 -0.14833E+03 -0.10652E+03  0.00000E+00  0.00000E+00  0.00000E+00  0.56460E+02  0.12338E+04  0.42179E+03   4091  0.00000E+00      0.000
    4094.0000 -0.19882E+00  0.19472E+00 -0.19882E+00  0.19472E+00 -0.40990E-02 -0.81393E+03  0.79717E+03 -0.81393E+03  0.79717E+03 -0.16240E+02 -0.14833E+03 -0.10652E+03  0.00000E+00  0.00000E+00  0.00000E+00  0.56460E+02  0.12368E+04  0.42282E+03   4101  0.00000E+00      0.000
    4104.0000 -0.19882E+00  0.19472E+00 -0.19882E+00  0.19472E+00 -0.40990E-02 -0.81592E+03  0.79912E+03 -0.81592E+03  0.79912E+03 -0.16281E+02 -0.14833E+03 -0.10652E+03  0.00000E+00  0.00000E+00  0.00000E+00  0.56460E+02  0.12399E+04  0.42386E+03   4111  0.00000E+00      0.000
    4114.0000 -0.19882E+00  0.19472E+00 -0.19882E+00  0.19472E+00 -0.40990E-02 -0.81790E+03  0.80106E+03 -0.81790E+03  0.80106E+03 -0.16322E+02 -0.14833E+03 -0.10652E+03  0.00000E+00  0.00000E+00  0.00000E+00  0.56460E+02  0.12429E+04  0.42489E+03   4121  0.00000E+00      0.000
    4124.0000 -0.19882E+00  0.19472E+00 -0.19882E+00  0.19472E+00 -0.40990E-02 -0.81989E+03  0.80301E+03 -0.81989E+03  0.80301E+03 -0.16363E+02 -0.14833E+03 -0.10652E+03  0.00000E+00  0.00000E+00  0.00000E+00  0.56460E+02  0.12459E+04  0.42592E+03   4131  0.00000E+00      0.000
    4134.0000 -0.19882E+00  0.19472E+00 -0.19882E+00  0.19472E+00 -0.40990E-02 -0.82188E+03  0.80496E+03 -0.82188E+03  0.80496E+03 -0.16404E+02 -0.14833E+03 -0.10652E+03  0.00000E+00  0.00000E+00  0.00000E+00  0.56460E+02  0.12489E+04  0.42695E+03   4141  0.00000E+00      0.000
    4144.0000 -0.19882E+00  0.19472E+00 -0.19882E+00  0.19472E+00 -0.40990E-02 -0.82387E+03  0.80691E+03 -0.82387E+03  0.80691E+03 -0.16445E+02 -0.14833E+03 -0.10652E+03  0.00000E+00  0.00000E+00  0.00000E+00  0.56460E+02  0.12520E+04  0.42799E+03   4151  0.00000E+00      0.000
    4154.0000 -0.19882E+00  0.19472E+00 -0.19882E+00  0.19472E+00 -0.40990E-02 -0.82585E+03  0.80885E+03 -0.82585E+03  0.80885E+03 -0.16486E+02 -0.14833E+03 -0.10652E+03  0.00000E+00  0.00000E+00  0.00000E+00  0.56460E+02  0.12550E+04  0.42902E+03   4161  0.00000E+00      0.000
    4164.0000 -0.19882E+00  0.19472E+00 -0.19882E+00  0.19472E+00 -0.40990E-02 -0.82784E+03  0.81080E+03 -0.82784E+03  0.81080E+03 -0.16527E+02 -0.14833E+03 -0.10652E+03  0.00000E+00  0.00000E+00  0.00000E+00  0.56460E+02  0.12580E+04  0.43005E+03   4171  0.00000E+00      0.000
    4174.0000 -0.19882E+00  0.19472E+00 -0.19882E+00  0.19472E+00 -0.40990E-02 -0.82983E+03  0.81275E+03 -0.82983E+03  0.81275E+03 -0.16568E+02 -0.14833E+03 -0.10652E+03  0.00000E+00  0.00000E+00  0.00000E+00  0.56460E+02  0.12610E+04  0.43109E+03   4181  0.00000E+00      0.000
    4184.0000 -0.19882E+00  0.19472E+00 -0.19882E+00  0.19472E+00 -0.40990E-02 -0.83182E+03  0.81469E+03 -0.83182E+03  0.81469E+03 -0.16609E+02 -0.14833E+03 -0.10652E+03  0.00000E+00  0.00000E+00  0.00000E+00  0.56460E+02  0.12640E+04  0.43212E+03   4191  0.00000E+00      0.000
    4194.0000 -0.19882E+00  0.19472E+00 -0.19882E+00  0.19472E+00 -0.40990E-02 -0.83381E+03  0.81664E+03 -0.83381E+03  0.81664E+03 -0.16650E+02 -0.14833E+03 -0.10652E+03  0.00000E+00  0.00000E+00  0.00000E+00  0.56460E+02  0.12671E+04  0.43315E+03   4201  0.00000E+00      0.000
    4204.0000 -0.19882E+00  0.19472E+00 -0.19882E+00  0.19472E+00 -0.40990E-02 -0.83579E+03  0.81859E+03 -0.83579E+03  0.81859E+03 -0.16691E+02 -0.14833E+03 -0.10652E+03  0.00000E+00  0.00000E+00  0.00000E+00  0.56460E+02  0.12701E+04  0.43418E+03   4211  0.00000E+00      0.000
    4214.0000 -0.19882E+00  0.19472E+00 -0.19882E+00  0.19472E+00 -0.40990E-02 -0.83778E+03  0.82054E+03 -0.83778E+03  0.82054E+03 -0.16732E+02 -0.14833E+03 -0.10652E+03  0.00000E+00  0.00000E+00  0.00000E+00  0.56460E+02  0.12731E+04  0.43522E+03   4221  0.00000E+00      0.000
    4224.0000 -0.19882E+00  0.19472E+00 -0.19882E+00  0.19472E+00 -0.40990E-02 -0.83977E+03  0.82248E+03 -0.83977E+03  0.82248E+03 -0.16773E+02 -0.14833E+03 -0.10652E+03  0.00000E+00  0.00000E+00  0.00000E+00  0.56460E+02  0.12761E+04  0.43625E+03   4231  0.00000E+00      0.000
    4234.0000 -0.19882E+00  0.19472E+00 -0.19882E+00  0.19472E+00 -0.40990E-02 -0.84176E+03  0.82443E+03 -0.84176E+03  0.82443E+03 -0.16814E+02 -0.14833E+03 -0.10652E+03  0.00000E+00  0.00000E+00  0.00000E+00  0.56460E+02  0.12791E+04  0.43728E+03   4241  0.00000E+00      0.000
    4244.0000 -0.19882E+00  0.19472E+00 -0.19882E+00  0.19472E+00 -0.40990E-02 -0.84375E+03  0.82638E+03 -0.84375E+03  0.82638E+03 -0.16855E+02 -0.14833E+03 -0.10652E+03  0.00000E+00  0.00000E+00  0.00000E+00  0.56460E+02  0.12822E+04  0.43831E+03   4251  0.00000E+00      0.000
    4254.0000 -0.19882E+00  0.19472E+00 -0.19882E+00  0.19472E+00 -0.40990E-02 -0.84573E+03  0.82832E+03 -0.84573E+03  0.82832E+03 -0.16896E+02 -0.14833E+03 -0.10652E+03  0.00000E+00  0.00000E+00  0.00000E+00  0.56460E+02  0.12852E+04  0.43935E+03   4261  0.00000E+00      0.000
    4264.0000 -0.19882E+00  0.19472E+00 -0.19882E+00  0.19472E+00 -0.40990E-02 -0.84772E+03  0.83027E+03 -0.84772E+03  0.83027E+03 -0.16937E+02 -0.14833E+03 -0.10652E+03  0.00000E+00  0.00000E+00  0.00000E+00  0.56460E+02  0.12882E+04  0.44038E+03   4271  0.00000E+00      0.000
    4274.0000 -0.19882E+00  0.19472E+00 -0.19882E+00  0.19472E+00 -0.40990E-02 -0.84971E+03  0.83222E+03 -0.84971E+03  0.83222E+03 -0.16978E+02 -0.14833E+03 -0.10652E+03  0.00000E+00  0.00000E+00  0.00000E+00  0.56460E+02  0.12912E+04  0.44141E+03   4281  0.00000E+00      0.000
    4284.0000 -0.19882E+00  0.19472E+00 -0.19882E+00  0.19472E+00 -0.40990E-02 -0.85170E+03  0.83416E+03 -0.85170E+03  0.83416E+03 -0.17019E+02 -0.14833E+03 -0.10652E+03  0.00000E+00  0.00000E+00  0.00000E+00  0.56460E+02  0.12943E+04  0.44245E+03   4291  0.00000E+00      0.000
    4294.0000 -0.19882E+00  0.19472E+00 -0.19882E+00  0.19472E+00 -0.40990E-02 -0.85369E+03  0.83611E+03 -0.85369E+03  0.83611E+03 -0.17060E+02 -0.14833E+03 -0.10652E+03  0.00000E+00  0.00000E+00  0.00000E+00  0.56460E+02  0.12973E+04  0.44348E+03   4301  0.00000E+00      0.000
    4304.0000 -0.19882E+00  0.19472E+00 -0.19882E+00  0.19472E+00 -0.40990E-02 -0.85567E+03  0.83806E+03 -0.85567E+03  0.83806E+03 -0.17101E+02 -0.14833E+03 -0.10652E+03  0.00000E+00  0.00000E+00  0.00000E+00  0.56460E+02  0.13003E+04  0.44451E+03   4311  0.00000E+00      0.000
    4314.0000 -0.19882E+00  0.19472E+00 -0.19882E+00  0.19472E+00 -0.40990E-02 -0.85766E+03  0.84001E+03 -0.85766E+03  0.84001E+03 -0.17142E+02 -0.14833E+03 -0.10652E+03  0.00000E+00  0.00000E+00  0.00000E+00  0.56460E+02  0.13033E+04  0.44554E+03   4321  0.00000E+00      0.000
    4324.0000 -0.19882E+00  0.19472E+00 -0.19882E+00  0.19472E+00 -0.40990E-02 -0.85965E+03  0.84195E+03 -0.85965E+03  0.84195E+03 -0.17183E+02 -0.14833E+03 -0.10652E+03  0.00000E+00  0.00000E+00  0.00000E+00  0.56460E+02  0.13063E+04  0.44658E+03   4331  0.00000E+00      0.000
    4334.0000 -0.19882E+00  0.19472E+00 -0.19882E+00  0.19472E+00 -0.40990E-02 -0.86164E+03  0.84390E+03 -0.86164E+03  0.84390E+03 -0.17224E+02 -0.14833E+03 -0.10652E+03  0.00000E+00  0.00000E+00  0.00000E+00  0.56460E+02  0.13094E+04  0.44761E+03   4341  0.00000E+00      0.000
    4344.0000 -0.19882E+00  0.19472E+00 -0.19882E+00  0.19472E+00 -0.40990E-02 -0.86363E+03  0.84585E+03 -0.86363E+03  0.84585E+03 -0.17265E+02 -0.14833E+03 -0.10652E+03  0.00000E+00  0.00000E+00  0.00000E+00  0.56460E+02  0.13124E+04  0.44864E+03   4351  0.00000E+00      0.000
    4354.0000 -0.19882E+00  0.19472E+00 -0.19882E+00  0.19472E+00 -0.40990E-02 -0.86561E+03  0.84779E+03 -0.86561E+03  0.84779E+03 -0.17306E+02 -0.14833E+03 -0.10652E+03  0.00000E+00  0.00000E+00  0.00000E+00  0.56460E+02  0.13154E+04  0.44967E+03   4361  0.00000E+00      0.000
    4364.0000 -0.19882E+00  0.19472E+00 -0.19882E+00  0.19472E+00 -0.40990E-02 -0.86760E+03  0.84974E+03 -0.86760E+03  0.84974E+03 -0.17347E+02 -0.14833E+03 -0.10652E+03  0.00000E+00  0.00000E+00  0.00000E+00  0.56460E+02  0.13184E+04  0.45071E+03   4371  0.00000E+00      0.000
    4374.0000 -0.19882E+00  0.19472E+00 -0.19882E+00  0.19472E+00 -0.40990E-02 -0.86959E+03  0.85169E+03 -0.86959E+03  0.85169E+03 -0.17388E+02 -0.14833E+03 -0.10652E+03  0.00000E+00  0.00000E+00  0.00000E+00  0.56460E+02  0.13214E+04  0.45174E+03   4381  0.00000E+00      0.000
    4380.0000 -0.19882E+00  0.19472E+00 -0.19882E+00  0.19472E+00 -0.40990E-02 -0.87078E+03  0.85286E+03 -0.87078E+03  0.85286E+03 -0.17412E+02 -0.14833E+03 -0.10652E+03  0.00000E+00  0.00000E+00  0.00000E+00  0.56460E+02  0.13233E+04  0.45236E+03   4387  0.00000E+00      0.000
    4384.0000 -0.19882E+00  0.19472E+00 -0.19882E+00  0.19472E+00 -0.40990E-02 -0.87158E+03  0.85363E+03 -0.87158E+03  0.85363E+03 -0.17429E+02 -0.14833E+03 -0.10652E+03  0.00000E+00  0.00000E+00  0.00000E+00  0.56460E+02  0.13245E+04  0.45277E+03   4391  0.00000E+00      0.000
    4394.0000 -0.19882E+00  0.19472E+00 -0.19882E+00  0.19472E+00 -0.40990E-02 -0.87356E+03  0.85558E+03 -0.87356E+03  0.85558E+03 -0.17470E+02 -0.14833E+03 -0.10652E+03  0.00000E+00  0.00000E+00  0.00000E+00  0.56460E+02  0.13275E+04  0.45381E+03   4401  0.00000E+00      0.000
    4404.0000 -0.19882E+00  0.19472E+00 -0.19882E+00  0.19472E+00 -0.40990E-02 -0.87555E+03  0.85753E+03 -0.87555E+03  0.85753E+03 -0.17511E+02 -0.14833E+03 -0.10652E+03  0.00000E+00  0.00000E+00  0.00000E+00  0.56460E+02  0.13305E+04  0.45484E+03   4411  0.00000E+00      0.000
    4414.0000 -0.19882E+00  0.19472E+00 -0.19882E+00  0.19472E+00 -0.40990E-02 -0.87754E+03  0.85948E+03 -0.87754E+03  0.85948E+03 -0.17552E+02 -0.14833E+03 -0.10652E+03  0.00000E+00  0.00000E+00  0.00000E+00  0.56460E+02  0.13335E+04  0.45587E+03   4421  0.00000E+00      0.000
    4424.0000 -0.19882E+00  0.19472E+00 -0.19882E+00  0.19472E+00 -0.40990E-02 -0.87953E+03  0.86142E+03 -0.87953E+03  0.86142E+03 -0.17593E+02 -0.14833E+03 -0.10652E+03  0.00000E+00  0.00000E+00  0.00000E+00  0.56460E+02  0.13365E+04  0.45690E+03   4431  0.00000E+00      0.000
    4434.0000 -0.19882E+00  0.19472E+00 -0.19882E+00  0.19472E+00 -0.40990E-02 -0.88152E+03  0.86337E+03 -0.88152E+03  0.86337E+03 -0.17634E+02 -0.14833E+03 -0.10652E+03  0.00000E+00  0.00000E+00  0.00000E+00  0.56460E+02  0.13396E+04  0.45794E+03   4441  0.00000E+00      0.000
    4444.0000 -0.19882E+00  0.19472E+00 -0.19882E+00  0.19472E+00 -0.40990E-02 -0.88350E+03  0.86532E+03 -0.88350E+03  0.86532E+03 -0.17675E+02 -0.14833E+03 -0.10652E+03  0.00000E+00  0.00000E+00  0.00000E+00  0.56460E+02  0.13426E+04  0.45897E+03   4451  0.00000E+00      0.000
    4454.0000 -0.19882E+00  0.19472E+00 -0.19882E+00  0.19472E+00 -0.40990E-02 -0.88549E+03  0.86726E+03 -0.88549E+03  0.86726E+03 -0.17716E+02 -0.14833E+03 -0.10652E+03  0.00000E+00  0.00000E+00  0.00000E+00  0.56460E+02  0.13456E+04  0.46000E+03   4461  0.00000E+00      0.000
    4464.0000 -0.19882E+00  0.19472E+00 -0.19882E+00  0.19472E+00 -0.40990E-02 -0.88748E+03  0.86921E+03 -0.88748E+03  0.86921E+03 -0.17757E+02 -0.14833E+03 -0.10652E+03  0.00000E+00  0.00000E+00  0.00000E+00  0.56460E+02  0.13486E+04  0.46103E+03   4471  0.00000E+00      0.000
    4474.0000 -0.19882E+00  0.19472E+00 -0.19882E+00  0.19472E+00 -0.40990E-02 -0.88947E+03  0.87116E+03 -0.88947E+03  0.87116E+03 -0.17798E+02 -0.14833E+03 -0.10652E+03  0.00000E+00  0.00000E+00  0.00000E+00  0.56460E+02  0.13517E+04  0.46207E+03   4481  0.00000E+00      0.000
    4484.0000 -0.19882E+00  0.19472E+00 -0.19882E+00  0.19472E+00 -0.40990E-02 -0.89146E+03  0.87310E+03 -0.89146E+03  0.87310E+03 -0.17839E+02 -0.14833E+03 -0.10652E+03  0.00000E+00  0.00000E+00  0.00000E+00  0.56460E+02  0.13547E+04  0.46310E+03   4491  0.00000E+00      0.000
    4494.0000 -0.19882E+00  0.19472E+00 -0.19882E+00  0.19472E+00 -0.40990E-02 -0.89344E+03  0.87505E+03 -0.89344E+03  0.87505E+03 -0.17879E+02 -0.14833E+03 -0.10652E+03  0.00000E+00  0.00000E+00  0.00000E+00  0.56460E+02  0.13577E+04  0.46413E+03   4501  0.00000E+00      0.000
    4504.0000 -0.19882E+00  0.19472E+00 -0.19882E+00  0.19472E+00 -0.40990E-02 -0.89543E+03  0.87700E+03 -0.89543E+03  0.87700E+03 -0.17920E+02 -0.14833E+03 -0.10652E+03  0.00000E+00  0.00000E+00  0.00000E+00  0.56460E+02  0.13607E+04  0.46517E+03   4511  0.00000E+00      0.000
    4514.0000 -0.19882E+00  0.19472E+00 -0.19882E+00  0.19472E+00 -0.40990E-02 -0.89742E+03  0.87895E+03 -0.89742E+03  0.87895E+03 -0.17961E+02 -0.14833E+03 -0.10652E+03  0.00000E+00  0.00000E+00  0.00000E+00  0.56460E+02  0.13637E+04  0.46620E+03   4521  0.00000E+00      0.000
    4524.0000 -0.19882E+00  0.19472E+00 -0.19882E+00  0.19472E+00 -0.40990E-02 -0.89941E+03  0.88089E+03 -0.89941E+03  0.88089E+03 -0.18002E+02 -0.14833E+03 -0.10652E+03  0.00000E+00  0.00000E+00  0.00000E+00  0.56460E+02  0.13668E+04  0.46723E+03   4531  0.00000E+00      0.000
    4534.0000 -0.19882E+00  0.19472E+00 -0.19882E+00  0.19472E+00 -0.40990E-02 -0.90140E+03  0.88284E+03 -0.90140E+03  0.88284E+03 -0.18043E+02 -0.14833E+03 -0.10652E+03  0.00000E+00  0.00000E+00  0.00000E+00  0.56460E+02  0.13698E+04  0.46826E+03   4541  0.00000E+00      0.000
    4544.0000 -0.19882E+00  0.19472E+00 -0.19882E+00  0.19472E+00 -0.40990E-02 -0.90338E+03  0.88479E+03 -0.90338E+03  0.88479E+03 -0.18084E+02 -0.14833E+03 -0.10652E+03  0.00000E+00  0.00000E+00  0.00000E+00  0.56460E+02  0.13728E+04  0.46930E+03   4551  0.00000E+00      0.000
    4554.0000 -0.19882E+00  0.19472E+00 -0.19882E+00  0.19472E+00 -0.40990E-02 -0.90537E+03  0.88673E+03 -0.90537E+03  0.88673E+03 -0.18125E+02 -0.14833E+03 -0.10652E+03  0.00000E+00  0.00000E+00  0.00000E+00  0.56460E+02  0.13758E+04  0.47033E+03   4561  0.00000E+00      0.000
    4564.0000 -0.19882E+00  0.19472E+00 -0.19882E+00  0.19472E+00 -0.40990E-02 -0.90736E+03  0.88868E+03 -0.90736E+03  0.88868E+03 -0.18166E+02 -0.14833E+03 -0.10652E+03  0.00000E+00  0.00000E+00  0.00000E+00  0.56460E+02  0.13788E+04  0.47136E+03   4571  0.00000E+00      0.000
    4574.0000 -0.19882E+00  0.19472E+00 -0.19882E+00  0.19472E+00 -0.40990E-02 -0.90935E+03  0.89063E+03 -0.90935E+03  0.89063E+03 -0.18207E+02 -0.14833E+03 -0.10652E+03  0.00000E+00  0.00000E+00  0.00000E+00  0.56460E+02  0.13819E+04  0.47239E+03   4581  0.00000E+00      0.000
    4584.0000 -0.19882E+00  0.19472E+00 -0.19882E+00  0.19472E+00 -0.40990E-02 -0.91134E+03  0.89257E+03 -0.91134E+03  0.89257E+03 -0.18248E+02 -0.14833E+03 -0.10652E+03  0.00000E+00  0.00000E+00  0.00000E+00  0.56460E+02  0.13849E+04  0.47343E+03   4591  0.00000E+00      0.000
    4594.0000 -0.19882E+00  0.19472E+00 -0.19882E+00  0.19472E+00 -0.40990E-02 -0.91332E+03  0.89452E+03 -0.91332E+03  0.89452E+03 -0.18289E+02 -0.14833E+03 -0.10652E+03  0.00000E+00  0.00000E+00  0.00000E+00  0.56460E+02  0.13879E+04  0.47446E+03   4601  0.00000E+00      0.000
    4604.0000 -0.19882E+00  0.19472E+00 -0.19882E+00  0.19472E+00 -0.40990E-02 -0.91531E+03  0.89647E+03 -0.91531E+03  0.89647E+03 -0.18330E+02 -0.14833E+03 -0.10652E+03  0.00000E+00  0.00000E+00  0.00000E+00  0.56460E+02  0.13909E+04  0.47549E+03   4611  0.00000E+00      0.000
    4614.0000 -0.19882E+00  0.19472E+00 -0.19882E+00  0.19472E+00 -0.40990E-02 -0.91730E+03  0.89842E+03 -0.91730E+03  0.89842E+03 -0.18371E+02 -0.14833E+03 -0.10652E+03  0.00000E+00  0.00000E+00  0.00000E+00  0.56460E+02  0.13940E+04  0.47653E+03   4621  0.00000E+00      0.000
    4624.0000 -0.19882E+00  0.19472E+00 -0.19882E+00  0.19472E+00 -0.40990E-02 -0.91929E+03  0.90036E+03 -0.91929E+03  0.90036E+03 -0.18412E+02 -0.14833E+03 -0.10652E+03  0.00000E+00  0.00000E+00  0.00000E+00  0.56460E+02  0.13970E+04  0.47756E+03   4631  0.00000E+00      0.000
    4634.0000 -0.19882E+00  0.19472E+00 -0.19882E+00  0.19472E+00 -0.40990E-02 -0.92127E+03  0.90231E+03 -0.92127E+03  0.90231E+03 -0.18453E+02 -0.14833E+03 -0.10652E+03  0.00000E+00  0.00000E+00  0.00000E+00  0.56460E+02  0.14000E+04  0.47859E+03   4641  0.00000E+00      0.000
    4644.0000 -0.19882E+00  0.19472E+00 -0.19882E+00  0.19472E+00 -0.40990E-02 -0.92326E+03  0.90426E+03 -0.92326E+03  0.90426E+03 -0.18494E+02 -0.14833E+03 -0.10652E+03  0.00000E+00  0.00000E+00  0.00000E+00  0.56460E+02  0.14030E+04  0.47962E+03   4651  0.00000E+00      0.000
    4654.0000 -0.19882E+00  0.19472E+00 -0.19882E+00  0.19472E+00 -0.40990E-02 -0.92525E+03  0.90620E+03 -0.92525E+03  0.90620E+03 -0.18535E+02 -0.14833E+03 -0.10652E+03  0.00000E+00  0.00000E+00  0.00000E+00  0.56460E+02  0.14060E+04  0.48066E+03   4661  0.00000E+00      0.000
    4664.0000 -0.19882E+00  0.19472E+00 -0.19882E+00  0.19472E+00 -0.40990E-02 -0.92724E+03  0.90815E+03 -0.92724E+03  0.90815E+03 -0.18576E+02 -0.14833E+03 -0.10652E+03  0.00000E+00  0.00000E+00  0.00000E+00  0.56460E+02  0.14091E+04  0.48169E+03   4671  0.00000E+00      0.000
    4674.0000 -0.19882E+00  0.19472E+00 -0.19882E+00  0.19472E+00 -0.40990E-02 -0.92923E+03  0.91010E+03 -0.92923E+03  0.91010E+03 -0.18617E+02 -0.14833E+03 -0.10652E+03  0.00000E+00  0.00000E+00  0.00000E+00  0.56460E+02  0.14121E+04  0.48272E+03   4681  0.00000E+00      0.000
    4684.0000 -0.19882E+00  0.19472E+00 -0.19882E+00  0.19472E+00 -0.40990E-02 -0.93121E+03  0.91205E+03 -0.93121E+03  0.91205E+03 -0.18658E+02 -0.14833E+03 -0.10652E+03  0.00000E+00  0.00000E+00  0.00000E+00  0.56460E+02  0.14151E+04  0.48375E+03   4691  0.00000E+00      0.000
    4694.0000 -0.19882E+00  0.19472E+00 -0.19882E+00  0.19472E+00 -0.40990E-02 -0.93320E+03  0.91399E+03 -0.93320E+03  0.91399E+03 -0.18699E+02 -0.14833E+03 -0.10652E+03  0.00000E+00  0.00000E+00  0.00000E+00  0.56460E+02  0.14181E+04  0.48479E+03   4701  0.00000E+00      0.000
    4704.0000 -0.19882E+00  0.19472E+00 -0.19882E+00  0.19472E+00 -0.40990E-02 -0.93519E+03  0.91594E+03 -0.93519E+03  0.91594E+03 -0.18740E+02 -0.14833E+03 -0.10652E+03  0.00000E+00  0.00000E+00  0.00000E+00  0.56460E+02  0.14211E+04  0.48582E+03   4711  0.00000E+00      0.000
    4714.0000 -0.19882E+00  0.19472E+00 -0.19882E+00  0.19472E+00 -0.40990E-02 -0.93718E+03  0.91789E+03 -0.93718E+03  0.91789E+03 -0.18781E+02 -0.14833E+03 -0.10652E+03  0.00000E+00  0.00000E+00  0.00000E+00  0.56460E+02  0.14242E+04  0.48685E+03   4721  0.00000E+00      0.000
    4724.0000 -0.19882E+00  0.19472E+00 -0.19882E+00  0.19472E+00 -0.40990E-02 -0.93917E+03  0.91983E+03 -0.93917E+03  0.91983E+03 -0.18822E+02 -0.14833E+03 -0.10652E+03  0.00000E+00  0.00000E+00  0.00000E+00  0.56460E+02  0.14272E+04  0.48789E+03   4731  0.00000E+00      0.000
    4734.0000 -0.19882E+00  0.19472E+00 -0.19882E+00  0.19472E+00 -0.40990E-02 -0.94115E+03  0.92178E+03 -0.94115E+03  0.92178E+03 -0.18863E+02 -0.14833E+03 -0.10652E+03  0.00000E+00  0.00000E+00  0.00000E+00  0.56460E+02  0.14302E+04  0.48892E+03   4741  0.00000E+00      0.000
    4744.0000 -0.19882E+00  0.19472E+00 -0.19882E+00  0.19472E+00 -0.40990E-02 -0.94314E+03  0.92373E+03 -0.94314E+03  0.92373E+03 -0.18904E+02 -0.14833E+03 -0.10652E+03  0.00000E+00  0.00000E+00  0.00000E+00  0.56460E+02  0.14332E+04  0.48995E+03   4751  0.00000E+00      0.000
    4745.0000 -0.19882E+00  0.19472E+00 -0.19882E+00  0.19472E+00 -0.40990E-02 -0.94334E+03  0.92392E+03 -0.94334E+03  0.92392E+03 -0.18908E+02 -0.14833E+03 -0.10652E+03  0.00000E+00  0.00000E+00  0.00000E+00  0.56460E+02  0.14335E+04  0.49005E+03   4752  0.00000E+00      0.000
    4754.0000 -0.19882E+00  0.19472E+00 -0.19882E+00  0.19472E+00 -0.40990E-02 -0.94513E+03  0.92567E+03 -0.94513E+03  0.92567E+03 -0.18945E+02 -0.14833E+03 -0.10652E+03  0.00000E+00  0.00000E+00  0.00000E+00  0.56460E+02  0.14362E+04  0.49098E+03   4761  0.00000E+00      0.000
    4764.0000 -0.19882E+00  0.19472E+00 -0.19882E+00  0.19472E+00 -0.40990E-02 -0.94712E+03  0.92762E+03 -0.94712E+03  0.92762E+03 -0.18986E+02 -0.14833E+03 -0.10652E+03  0.00000E+00  0.00000E+00  0.00000E+00  0.56460E+02  0.14393E+04  0.49202E+03   4771  0.00000E+00      0.000
    4774.0000 -0.19882E+00  0.19472E+00 -0.19882E+00  0.19472E+00 -0.40990E-02 -0.94911E+03  0.92957E+03 -0.94911E+03  0.92957E+03 -0.19027E+02 -0.14833E+03 -0.10652E+03  0.00000E+00  0.00000E+00  0.00000E+00  0.56460E+02  0.14423E+04  0.49305E+03   4781  0.00000E+00      0.000
    4784.0000 -0.19882E+00  0.19472E+00 -0.19882E+00  0.19472E+00 -0.40990E-02 -0.95109E+03  0.93152E+03 -0.95109E+03  0.93152E+03 -0.19068E+02 -0.14833E+03 -0.10652E+03  0.00000E+00  0.00000E+00  0.00000E+00  0.56460E+02  0.14453E+04  0.49408E+03   4791  0.00000E+00      0.000
    4794.0000 -0.19882E+00  0.19472E+00 -0.19882E+00  0.19472E+00 -0.40990E-02 -0.95308E+03  0.93346E+03 -0.95308E+03  0.93346E+03 -0.19109E+02 -0.14833E+03 -0.10652E+03  0.00000E+00  0.00000E+00  0.00000E+00  0.56460E+02  0.14483E+04  0.49511E+03   4801  0.00000E+00      0.000
    4804.0000 -0.19882E+00  0.19472E+00 -0.19882E+00  0.19472E+00 -0.40990E-02 -0.95507E+03  0.93541E+03 -0.95507E+03  0.93541E+03 -0.19150E+02 -0.14833E+03 -0.10652E+03  0.00000E+00  0.00000E+00  0.00000E+00  0.56460E+02  0.14514E+04  0.49615E+03   4811  0.00000E+00      0.000
    4814.0000 -0.19882E+00  0.19472E+00 -0.19882E+00  0.19472E+00 -0.40990E-02 -0.95706E+03  0.93736E+03 -0.95706E+03  0.93736E+03 -0.19191E+02 -0.14833E+03 -0.10652E+03  0.00000E+00  0.00000E+00  0.00000E+00  0.56460E+02  0.14544E+04  0.49718E+03   4821  0.00000E+00      0.000
    4824.0000 -0.19882E+00  0.19472E+00 -0.19882E+00  0.19472E+00 -0.40990E-02 -0.95905E+03  0.93930E+03 -0.95905E+03  0.93930E+03 -0.19232E+02 -0.14833E+03 -0.10652E+03  0.00000E+00  0.00000E+00  0.00000E+00  0.56460E+02  0.14574E+04  0.49821E+03   4831  0.00000E+00      0.000
    4834.0000 -0.19882E+00  0.19472E+00 -0.19882E+00  0.19472E+00 -0.40990E-02 -0.96103E+03  0.94125E+03 -0.96103E+03  0.94125E+03 -0.19273E+02 -0.14833E+03 -0.10652E+03  0.00000E+00  0.00000E+00  0.00000E+00  0.56460E+02  0.14604E+04  0.49924E+03   4841  0.00000E+00      0.000
    4844.0000 -0.19882E+00  0.19472E+00 -0.19882E+00  0.19472E+00 -0.40990E-02 -0.96302E+03  0.94320E+03 -0.96302E+03  0.94320E+03 -0.19314E+02 -0.14833E+03 -0.10652E+03  0.00000E+00  0.00000E+00  0.00000E+00  0.56460E+02  0.14634E+04  0.50028E+03   4851  0.00000E+00      0.000
    4854.0000 -0.19882E+00  0.19472E+00 -0.19882E+00  0.19472E+00 -0.40990E-02 -0.96501E+03  0.94514E+03 -0.96501E+03  0.94514E+03 -0.19355E+02 -0.14833E+03 -0.10652E+03  0.00000E+00  0.00000E+00  0.00000E+00  0.56460E+02  0.14665E+04  0.50131E+03   4861  0.00000E+00      0.000
    4864.0000 -0.19882E+00  0.19472E+00 -0.19882E+00  0.19472E+00 -0.40990E-02 -0.96700E+03  0.94709E+03 -0.96700E+03  0.94709E+03 -0.19396E+02 -0.14833E+03 -0.10652E+03  0.00000E+00  0.00000E+00  0.00000E+00  0.56460E+02  0.14695E+04  0.50234E+03   4871  0.00000E+00      0.000
    4874.0000 -0.19882E+00  0.19472E+00 -0.19882E+00  0.19472E+00 -0.40990E-02 -0.96898E+03  0.94904E+03 -0.96898E+03  0.94904E+03 -0.19437E+02 -0.14833E+03 -0.10652E+03  0.00000E+00  0.00000E+00  0.00000E+00  0.56460E+02  0.14725E+04  0.50338E+03   4881  0.00000E+00      0.000
    4884.0000 -0.19882E+00  0.19472E+00 -0.19882E+00  0.19472E+00 -0.40990E-02 -0.97097E+03  0.95099E+03 -0.97097E+03  0.95099E+03 -0.19478E+02 -0.14833E+03 -0.10652E+03  0.00000E+00  0.00000E+00  0.00000E+00  0.56460E+02  0.14755E+04  0.50441E+03   4891  0.00000E+00      0.000
    4894.0000 -0.19882E+00  0.19472E+00 -0.19882E+00  0.19472E+00 -0.40990E-02 -0.97296E+03  0.95293E+03 -0.97296E+03  0.95293E+03 -0.19519E+02 -0.14833E+03 -0.10652E+03  0.00000E+00  0.00000E+00  0.00000E+00  0.56460E+02  0.14785E+04  0.50544E+03   4901  0.00000E+00      0.000
    4904.0000 -0.19882E+00  0.19472E+00 -0.19882E+00  0.19472E+00 -0.40990E-02 -0.97495E+03  0.95488E+03 -0.97495E+03  0.95488E+03 -0.19560E+02 -0.14833E+03 -0.10652E+03  0.00000E+00  0.00000E+00  0.00000E+00  0.56460E+02  0.14816E+04  0.50647E+03   4911  0.00000E+00      0.000
    4914.0000 -0.19882E+00  0.19472E+00 -0.19882E+00  0.19472E+00 -0.40990E-02 -0.97694E+03  0.95683E+03 -0.97694E+03  0.95683E+03 -0.19601E+02 -0.14833E+03 -0.10652E+03  0.00000E+00  0.00000E+00  0.00000E+00  0.56460E+02  0.14846E+04  0.50751E+03   4921  0.00000E+00      0.000
    4924.0000 -0.19882E+00  0.19472E+00 -0.19882E+00  0.19472E+00 -0.40990E-02 -0.97892E+03  0.95877E+03 -0.97892E+03  0.95877E+03 -0.19642E+02 -0.14833E+03 -0.10652E+03  0.00000E+00  0.00000E+00  0.00000E+00  0.56460E+02  0.14876E+04  0.50854E+03   4931  0.00000E+00      0.000
    4934.0000 -0.19882E+00  0.19472E+00 -0.19882E+00  0.19472E+00 -0.40990E-02 -0.98091E+03  0.96072E+03 -0.98091E+03  0.96072E+03 -0.19683E+02 -0.14833E+03 -0.10652E+03  0.00000E+00  0.00000E+00  0.00000E+00  0.56460E+02  0.14906E+04  0.50957E+03   4941  0.00000E+00      0.000
    4944.0000 -0.19882E+00  0.19472E+00 -0.19882E+00  0.19472E+00 -0.40990E-02 -0.98290E+03  0.96267E+03 -0.98290E+03  0.96267E+03 -0.19724E+02 -0.14833E+03 -0.10652E+03  0.00000E+00  0.00000E+00  0.00000E+00  0.56460E+02  0.14937E+04  0.51060E+03   4951  0.00000E+00      0.000
    4954.0000 -0.19882E+00  0.19472E+00 -0.19882E+00  0.19472E+00 -0.40990E-02 -0.98489E+03  0.96461E+03 -0.98489E+03  0.96461E+03 -0.19765E+02 -0.14833E+03 -0.10652E+03  0.00000E+00  0.00000E+00  0.00000E+00  0.56460E+02  0.14967E+04  0.51164E+03   4961  0.00000E+00      0.000
    4964.0000 -0.19882E+00  0.19472E+00 -0.19882E+00  0.19472E+00 -0.40990E-02 -0.98688E+03  0.96656E+03 -0.98688E+03  0.96656E+03 -0.19806E+02 -0.14833E+03 -0.10652E+03  0.00000E+00  0.00000E+00  0.00000E+00  0.56460E+02  0.14997E+04  0.51267E+03   4971  0.00000E+00      0.000
    4974.0000 -0.19882E+00  0.19472E+00 -0.19882E+00  0.19472E+00 -0.40990E-02 -0.98886E+03  0.96851E+03 -0.98886E+03  0.96851E+03 -0.19847E+02 -0.14833E+03 -0.10652E+03  0.00000E+00  0.00000E+00  0.00000E+00  0.56460E+02  0.15027E+04  0.51370E+03   4981  0.00000E+00      0.000
    4984.0000 -0.19882E+00  0.19472E+00 -0.19882E+00  0.19472E+00 -0.40990E-02 -0.99085E+03  0.97046E+03 -0.99085E+03  0.97046E+03 -0.19888E+02 -0.14833E+03 -0.10652E+03  0.00000E+00  0.00000E+00  0.00000E+00  0.56460E+02  0.15057E+04  0.51474E+03   4991  0.00000E+00      0.000
    4994.0000 -0.19882E+00  0.19472E+00 -0.19882E+00  0.19472E+00 -0.40990E-02 -0.99284E+03  0.97240E+03 -0.99284E+03  0.97240E+03 -0.19929E+02 -0.14833E+03 -0.10652E+03  0.00000E+00  0.00000E+00  0.00000E+00  0.56460E+02  0.15088E+04  0.51577E+03   5001  0.00000E+00      0.000
    5004.0000 -0.19882E+00  0.19472E+00 -0.19882E+00  0.19472E+00 -0.40990E-02 -0.99483E+03  0.97435E+03 -0.99483E+03  0.97435E+03 -0.19970E+02 -0.14833E+03 -0.10652E+03  0.00000E+00  0.00000E+00  0.00000E+00  0.56460E+02  0.15118E+04  0.51680E+03   5011  0.00000E+00      0.000
    5014.0000 -0.19882E+00  0.19472E+00 -0.19882E+00  0.19472E+00 -0.40990E-02 -0.99682E+03  0.97630E+03 -0.99682E+03  0.97630E+03 -0.20011E+02 -0.14833E+03 -0.10652E+03  0.00000E+00  0.00000E+00  0.00000E+00  0.56460E+02  0.15148E+04  0.51783E+03   5021  0.00000E+00      0.000
    5024.0000 -0.19882E+00  0.19472E+00 -0.19882E+00  0.19472E+00 -0.40990E-02 -0.99880E+03  0.97824E+03 -0.99880E+03  0.97824E+03 -0.20052E+02 -0.14833E+03 -0.10652E+03  0.00000E+00  0.00000E+00  0.00000E+00  0.56460E+02  0.15178E+04  0.51887E+03   5031  0.00000E+00      0.000
    5034.0000 -0.19882E+00  0.19472E+00 -0.19882E+00  0.19472E+00 -0.40990E-02 -0.10008E+04  0.98019E+03 -0.10008E+04  0.98019E+03 -0.20093E+02 -0.14833E+03 -0.10652E+03  0.00000E+00  0.00000E+00  0.00000E+00  0.56460E+02  0.15208E+04  0.51990E+03   5041  0.00000E+00      0.000
    5044.0000 -0.19882E+00  0.19472E+00 -0.19882E+00  0.19472E+00 -0.40990E-02 -0.10028E+04  0.98214E+03 -0.10028E+04  0.98214E+03 -0.20134E+02 -0.14833E+03 -0.10652E+03  0.00000E+00  0.00000E+00  0.00000E+00  0.56460E+02  0.15239E+04  0.52093E+03   5051  0.00000E+00      0.000
    5054.0000 -0.19882E+00  0.19472E+00 -0.19882E+00  0.19472E+00 -0.40990E-02 -0.10048E+04  0.98408E+03 -0.10048E+04  0.98408E+03 -0.20175E+02 -0.14833E+03 -0.10652E+03  0.00000E+00  0.00000E+00  0.00000E+00  0.56460E+02  0.15269E+04  0.52196E+03   5061  0.00000E+00      0.000
    5064.0000 -0.19882E+00  0.19472E+00 -0.19882E+00  0.19472E+00 -0.40990E-02 -0.10068E+04  0.98603E+03 -0.10068E+04  0.98603E+03 -0.20216E+02 -0.14833E+03 -0.10652E+03  0.00000E+00  0.00000E+00  0.00000E+00  0.56460E+02  0.15299E+04  0.52300E+03   5071  0.00000E+00      0.000
    5074.0000 -0.19882E+00  0.19472E+00 -0.19882E+00  0.19472E+00 -0.40990E-02 -0.10087E+04  0.98798E+03 -0.10087E+04  0.98798E+03 -0.20257E+02 -0.14833E+03 -0.10652E+03  0.00000E+00  0.00000E+00  0.00000E+00  0.56460E+02  0.15329E+04  0.52403E+03   5081  0.00000E+00      0.000
    5084.0000 -0.19882E+00  0.19472E+00 -0.19882E+00  0.19472E+00 -0.40990E-02 -0.10107E+04  0.98993E+03 -0.10107E+04  0.98993E+03 -0.20298E+02 -0.14833E+03 -0.10652E+03  0.00000E+00  0.00000E+00  0.00000E+00  0.56460E+02  0.15359E+04  0.52506E+03   5091  0.00000E+00      0.000
    5094.0000 -0.19882E+00  0.19472E+00 -0.19882E+00  0.19472E+00 -0.40990E-02 -0.10127E+04  0.99187E+03 -0.10127E+04  0.99187E+03 -0.20339E+02 -0.14833E+03 -0.10652E+03  0.00000E+00  0.00000E+00  0.00000E+00  0.56460E+02  0.15390E+04  0.52610E+03   5101  0.00000E+00      0.000
    5104.0000 -0.19882E+00  0.19472E+00 -0.19882E+00  0.19472E+00 -0.40990E-02 -0.10147E+04  0.99382E+03 -0.10147E+04  0.99382E+03 -0.20380E+02 -0.14833E+03 -0.10652E+03  0.00000E+00  0.00000E+00  0.00000E+00  0.56460E+02  0.15420E+04  0.52713E+03   5111  0.00000E+00      0.000
    5110.0000 -0.19882E+00  0.19472E+00 -0.19882E+00  0.19472E+00 -0.40990E-02 -0.10159E+04  0.99499E+03 -0.10159E+04  0.99499E+03 -0.20404E+02 -0.14833E+03 -0.10652E+03  0.00000E+00  0.00000E+00  0.00000E+00  0.56460E+02  0.15438E+04  0.52775E+03   5117  0.00000E+00      0.000
    5114.0000 -0.19882E+00  0.19472E+00 -0.19882E+00  0.19472E+00 -0.40990E-02 -0.10167E+04  0.99577E+03 -0.10167E+04  0.99577E+03 -0.20421E+02 -0.14833E+03 -0.10652E+03  0.00000E+00  0.00000E+00  0.00000E+00  0.56460E+02  0.15450E+04  0.52816E+03   5121  0.00000E+00      0.000
    5124.0000 -0.19882E+00  0.19472E+00 -0.19882E+00  0.19472E+00 -0.40990E-02 -0.10187E+04  0.99771E+03 -0.10187E+04  0.99771E+03 -0.20462E+02 -0.14833E+03 -0.10652E+03  0.00000E+00  0.00000E+00  0.00000E+00  0.56460E+02  0.15480E+04  0.52919E+03   5131  0.00000E+00      0.000
    5134.0000 -0.19882E+00  0.19472E+00 -0.19882E+00  0.19472E+00 -0.40990E-02 -0.10207E+04  0.99966E+03 -0.10207E+04  0.99966E+03 -0.20503E+02 -0.14833E+03 -0.10652E+03  0.00000E+00  0.00000E+00  0.00000E+00  0.56460E+02  0.15511E+04  0.53023E+03   5141  0.00000E+00      0.000
    5144.0000 -0.19882E+00  0.19472E+00 -0.19882E+00  0.19472E+00 -0.40990E-02 -0.10227E+04  0.10016E+04 -0.10227E+04  0.10016E+04 -0.20544E+02 -0.14833E+03 -0.10652E+03  0.00000E+00  0.00000E+00  0.00000E+00  0.56460E+02  0.15541E+04  0.53126E+03   5151  0.00000E+00      0.000
    5154.0000 -0.19882E+00  0.19472E+00 -0.19882E+00  0.19472E+00 -0.40990E-02 -0.10246E+04  0.10036E+04 -0.10246E+04  0.10036E+04 -0.20585E+02 -0.14833E+03 -0.10652E+03  0.00000E+00  0.00000E+00  0.00000E+00  0.56460E+02  0.15571E+04  0.53229E+03   5161  0.00000E+00      0.000
    5164.0000 -0.19882E+00  0.19472E+00 -0.19882E+00  0.19472E+00 -0.40990E-02 -0.10266E+04  0.10055E+04 -0.10266E+04  0.10055E+04 -0.20626E+02 -0.14833E+03 -0.10652E+03  0.00000E+00  0.00000E+00  0.00000E+00  0.56460E+02  0.15601E+04  0.53332E+03   5171  0.00000E+00      0.000
    5174.0000 -0.19882E+00  0.19472E+00 -0.19882E+00  0.19472E+00 -0.40990E-02 -0.10286E+04  0.10074E+04 -0.10286E+04  0.10074E+04 -0.20667E+02 -0.14833E+03 -0.10652E+03  0.00000E+00  0.00000E+00  0.00000E+00  0.56460E+02  0.15631E+04  0.53436E+03   5181  0.00000E+00      0.000
    5184.0000 -0.19882E+00  0.19472E+00 -0.19882E+00  0.19472E+00 -0.40990E-02 -0.10306E+04  0.10094E+04 -0.10306E+04  0.10094E+04 -0.20708E+02 -0.14833E+03 -0.10652E+03  0.00000E+00  0.00000E+00  0.00000E+00  0.56460E+02  0.15662E+04  0.53539E+03   5191  0.00000E+00      0.000
    5194.0000 -0.19882E+00  0.19472E+00 -0.19882E+00  0.19472E+00 -0.40990E-02 -0.10326E+04  0.10113E+04 -0.10326E+04  0.10113E+04 -0.20749E+02 -0.14833E+03 -0.10652E+03  0.00000E+00  0.00000E+00  0.00000E+00  0.56460E+02  0.15692E+04  0.53642E+03   5201  0.00000E+00      0.000
    5204.0000 -0.19882E+00  0.19472E+00 -0.19882E+00  0.19472E+00 -0.40990E-02 -0.10346E+04  0.10133E+04 -0.10346E+04  0.10133E+04 -0.20790E+02 -0.14833E+03 -0.10652E+03  0.00000E+00  0.00000E+00  0.00000E+00  0.56460E+02  0.15722E+04  0.53746E+03   5211  0.00000E+00      0.000
    5214.0000 -0.19882E+00  0.19472E+00 -0.19882E+00  0.19472E+00 -0.40990E-02 -0.10366E+04  0.10152E+04 -0.10366E+04  0.10152E+04 -0.20831E+02 -0.14833E+03 -0.10652E+03  0.00000E+00  0.00000E+00  0.00000E+00  0.56460E+02  0.15752E+04  0.53849E+03   5221  0.00000E+00      0.000
    5224.0000 -0.19882E+00  0.19472E+00 -0.19882E+00  0.19472E+00 -0.40990E-02 -0.10386E+04  0.10172E+04 -0.10386E+04  0.10172E+04 -0.20872E+02 -0.14833E+03 -0.10652E+03  0.00000E+00  0.00000E+00  0.00000E+00  0.56460E+02  0.15782E+04  0.53952E+03   5231  0.00000E+00      0.000
    5234.0000 -0.19882E+00  0.19472E+00 -0.19882E+00  0.19472E+00 -0.40990E-02 -0.10406E+04  0.10191E+04 -0.10406E+04  0.10191E+04 -0.20913E+02 -0.14833E+03 -0.10652E+03  0.00000E+00  0.00000E+00  0.00000E+00  0.56460E+02  0.15813E+04  0.54055E+03   5241  0.00000E+00      0.000
    5244.0000 -0.19882E+00  0.19472E+00 -0.19882E+00  0.19472E+00 -0.40990E-02 -0.10425E+04  0.10211E+04 -0.10425E+04  0.10211E+04 -0.20954E+02 -0.14833E+03 -0.10652E+03  0.00000E+00  0.00000E+00  0.00000E+00  0.56460E+02  0.15843E+04  0.54159E+03   5251  0.00000E+00      0.000
    5254.0000 -0.19882E+00  0.19472E+00 -0.19882E+00  0.19472E+00 -0.40990E-02 -0.10445E+04  0.10230E+04 -0.10445E+04  0.10230E+04 -0.20995E+02 -0.14833E+03 -0.10652E+03  0.00000E+00  0.00000E+00  0.00000E+00  0.56460E+02  0.15873E+04  0.54262E+03   5261  0.00000E+00      0.000
    5264.0000 -0.19882E+00  0.19472E+00 -0.19882E+00  0.19472E+00 -0.40990E-02 -0.10465E+04  0.10250E+04 -0.10465E+04  0.10250E+04 -0.21036E+02 -0.14833E+03 -0.10652E+03  0.00000E+00  0.00000E+00  0.00000E+00  0.56460E+02  0.15903E+04  0.54365E+03   5271  0.00000E+00      0.000
    5274.0000 -0.19882E+00  0.19472E+00 -0.19882E+00  0.19472E+00 -0.40990E-02 -0.10485E+04  0.10269E+04 -0.10485E+04  0.10269E+04 -0.21077E+02 -0.14833E+03 -0.10652E+03  0.00000E+00  0.00000E+00  0.00000E+00  0.56460E+02  0.15934E+04  0.54468E+03   5281  0.00000E+00      0.000
    5284.0000 -0.19882E+00  0.19472E+00 -0.19882E+00  0.19472E+00 -0.40990E-02 -0.10505E+04  0.10289E+04 -0.10505E+04  0.10289E+04 -0.21118E+02 -0.14833E+03 -0.10652E+03  0.00000E+00  0.00000E+00  0.00000E+00  0.56460E+02  0.15964E+04  0.54572E+03   5291  0.00000E+00      0.000
    5294.0000 -0.19882E+00  0.19472E+00 -0.19882E+00  0.19472E+00 -0.40990E-02 -0.10525E+04  0.10308E+04 -0.10525E+04  0.10308E+04 -0.21159E+02 -0.14833E+03 -0.10652E+03  0.00000E+00  0.00000E+00  0.00000E+00  0.56460E+02  0.15994E+04  0.54675E+03   5301  0.00000E+00      0.000
    5304.0000 -0.19882E+00  0.19472E+00 -0.19882E+00  0.19472E+00 -0.40990E-02 -0.10545E+04  0.10328E+04 -0.10545E+04  0.10328E+04 -0.21200E+02 -0.14833E+03 -0.10652E+03  0.00000E+00  0.00000E+00  0.00000E+00  0.56460E+02  0.16024E+04  0.54778E+03   5311  0.00000E+00      0.000
    5314.0000 -0.19882E+00  0.19472E+00 -0.19882E+00  0.19472E+00 -0.40990E-02 -0.10565E+04  0.10347E+04 -0.10565E+04  0.10347E+04 -0.21241E+02 -0.14833E+03 -0.10652E+03  0.00000E+00  0.00000E+00  0.00000E+00  0.56460E+02  0.16054E+04  0.54882E+03   5321  0.00000E+00      0.000
    5324.0000 -0.19882E+00  0.19472E+00 -0.19882E+00  0.19472E+00 -0.40990E-02 -0.10585E+04  0.10367E+04 -0.10585E+04  0.10367E+04 -0.21282E+02 -0.14833E+03 -0.10652E+03  0.00000E+00  0.00000E+00  0.00000E+00  0.56460E+02  0.16085E+04  0.54985E+03   5331  0.00000E+00      0.000
    5334.0000 -0.19882E+00  0.19472E+00 -0.19882E+00  0.19472E+00 -0.40990E-02 -0.10604E+04  0.10386E+04 -0.10604E+04  0.10386E+04 -0.21323E+02 -0.14833E+03 -0.10652E+03  0.00000E+00  0.00000E+00  0.00000E+00  0.56460E+02  0.16115E+04  0.55088E+03   5341  0.00000E+00      0.000
    5344.0000 -0.19882E+00  0.19472E+00 -0.19882E+00  0.19472E+00 -0.40990E-02 -0.10624E+04  0.10405E+04 -0.10624E+04  0.10405E+04 -0.21364E+02 -0.14833E+03 -0.10652E+03  0.00000E+00  0.00000E+00  0.00000E+00  0.56460E+02  0.16145E+04  0.55191E+03   5351  0.00000E+00      0.000
    5354.0000 -0.19882E+00  0.19472E+00 -0.19882E+00  0.19472E+00 -0.40990E-02 -0.10644E+04  0.10425E+04 -0.10644E+04  0.10425E+04 -0.21405E+02 -0.14833E+03 -0.10652E+03  0.00000E+00  0.00000E+00  0.00000E+00  0.56460E+02  0.16175E+04  0.55295E+03   5361  0.00000E+00      0.000
    5364.0000 -0.19882E+00  0.19472E+00 -0.19882E+00  0.19472E+00 -0.40990E-02 -0.10664E+04  0.10444E+04 -0.10664E+04  0.10444E+04 -0.21446E+02 -0.14833E+03 -0.10652E+03  0.00000E+00  0.00000E+00  0.00000E+00  0.56460E+02  0.16205E+04  0.55398E+03   5371  0.00000E+00      0.000
    5374.0000 -0.19882E+00  0.19472E+00 -0.19882E+00  0.19472E+00 -0.40990E-02 -0.10684E+04  0.10464E+04 -0.10684E+04  0.10464E+04 -0.21487E+02 -0.14833E+03 -0.10652E+03  0.00000E+00  0.00000E+00  0.00000E+00  0.56460E+02  0.16236E+04  0.55501E+03   5381  0.00000E+00      0.000
    5384.0000 -0.19882E+00  0.19472E+00 -0.19882E+00  0.19472E+00 -0.40990E-02 -0.10704E+04  0.10483E+04 -0.10704E+04  0.10483E+04 -0.21528E+02 -0.14833E+03 -0.10652E+03  0.00000E+00  0.00000E+00  0.00000E+00  0.56460E+02  0.16266E+04  0.55604E+03   5391  0.00000E+00      0.000
    5394.0000 -0.19882E+00  0.19472E+00 -0.19882E+00  0.19472E+00 -0.40990E-02 -0.10724E+04  0.10503E+04 -0.10724E+04  0.10503E+04 -0.21569E+02 -0.14833E+03 -0.10652E+03  0.00000E+00  0.00000E+00  0.00000E+00  0.56460E+02  0.16296E+04  0.55708E+03   5401  0.00000E+00      0.000
    5404.0000 -0.19882E+00  0.19472E+00 -0.19882E+00  0.19472E+00 -0.40990E-02 -0.10744E+04  0.10522E+04 -0.10744E+04  0.10522E+04 -0.21609E+02 -0.14833E+03 -0.10652E+03  0.00000E+00  0.00000E+00  0.00000E+00  0.56460E+02  0.16326E+04  0.55811E+03   5411  0.00000E+00      0.000
    5414.0000 -0.19882E+00  0.19472E+00 -0.19882E+00  0.19472E+00 -0.40990E-02 -0.10763E+04  0.10542E+04 -0.10763E+04  0.10542E+04 -0.21650E+02 -0.14833E+03 -0.10652E+03  0.00000E+00  0.00000E+00  0.00000E+00  0.56460E+02  0.16357E+04  0.55914E+03   5421  0.00000E+00      0.000
    5424.0000 -0.19882E+00  0.19472E+00 -0.19882E+00  0.19472E+00 -0.40990E-02 -0.10783E+04  0.10561E+04 -0.10783E+04  0.10561E+04 -0.21691E+02 -0.14833E+03 -0.10652E+03  0.00000E+00  0.00000E+00  0.00000E+00  0.56460E+02  0.16387E+04  0.56018E+03   5431  0.00000E+00      0.000
    5434.0000 -0.19882E+00  0.19472E+00 -0.19882E+00  0.19472E+00 -0.40990E-02 -0.10803E+04  0.10581E+04 -0.10803E+04  0.10581E+04 -0.21732E+02 -0.14833E+03 -0.10652E+03  0.00000E+00  0.00000E+00  0.00000E+00  0.56460E+02  0.16417E+04  0.56121E+03   5441  0.00000E+00      0.000
    5444.0000 -0.19882E+00  0.19472E+00 -0.19882E+00  0.19472E+00 -0.40990E-02 -0.10823E+04  0.10600E+04 -0.10823E+04  0.10600E+04 -0.21773E+02 -0.14833E+03 -0.10652E+03  0.00000E+00  0.00000E+00  0.00000E+00  0.56460E+02  0.16447E+04  0.56224E+03   5451  0.00000E+00      0.000
    5454.0000 -0.19882E+00  0.19472E+00 -0.19882E+00  0.19472E+00 -0.40990E-02 -0.10843E+04  0.10620E+04 -0.10843E+04  0.10620E+04 -0.21814E+02 -0.14833E+03 -0.10652E+03  0.00000E+00  0.00000E+00  0.00000E+00  0.56460E+02  0.16477E+04  0.56327E+03   5461  0.00000E+00      0.000
    5464.0000 -0.19882E+00  0.19472E+00 -0.19882E+00  0.19472E+00 -0.40990E-02 -0.10863E+04  0.10639E+04 -0.10863E+04  0.10639E+04 -0.21855E+02 -0.14833E+03 -0.10652E+03  0.00000E+00  0.00000E+00  0.00000E+00  0.56460E+02  0.16508E+04  0.56431E+03   5471  0.00000E+00      0.000
    5474.0000 -0.19882E+00  0.19472E+00 -0.19882E+00  0.19472E+00 -0.40990E-02 -0.10883E+04  0.10659E+04 -0.10883E+04  0.10659E+04 -0.21896E+02 -0.14833E+03 -0.10652E+03  0.00000E+00  0.00000E+00  0.00000E+00  0.56460E+02  0.16538E+04  0.56534E+03   5481  0.00000E+00      0.000
    5475.0000 -0.19882E+00  0.19472E+00 -0.19882E+00  0.19472E+00 -0.40990E-02 -0.10885E+04  0.10661E+04 -0.10885E+04  0.10661E+04 -0.21901E+02 -0.14833E+03 -0.10652E+03  0.00000E+00  0.00000E+00  0.00000E+00  0.56460E+02  0.16541E+04  0.56544E+03   5482  0.00000E+00      0.000
    5484.0000 -0.19882E+00  0.19472E+00 -0.19882E+00  0.19472E+00 -0.40990E-02 -0.10903E+04  0.10678E+04 -0.10903E+04  0.10678E+04 -0.21937E+02 -0.14833E+03 -0.10652E+03  0.00000E+00  0.00000E+00  0.00000E+00  0.56460E+02  0.16568E+04  0.56637E+03   5491  0.00000E+00      0.000
    5494.0000 -0.19882E+00  0.19472E+00 -0.19882E+00  0.19472E+00 -0.40990E-02 -0.10923E+04  0.10698E+04 -0.10923E+04  0.10698E+04 -0.21978E+02 -0.14833E+03 -0.10652E+03  0.00000E+00  0.00000E+00  0.00000E+00  0.56460E+02  0.16598E+04  0.56740E+03   5501  0.00000E+00      0.000
    5504.0000 -0.19882E+00  0.19472E+00 -0.19882E+00  0.19472E+00 -0.40990E-02 -0.10942E+04  0.10717E+04 -0.10942E+04  0.10717E+04 -0.22019E+02 -0.14833E+03 -0.10652E+03  0.00000E+00  0.00000E+00  0.00000E+00  0.56460E+02  0.16628E+04  0.56844E+03   5511  0.00000E+00      0.000
    5514.0000 -0.19882E+00  0.19472E+00 -0.19882E+00  0.19472E+00 -0.40990E-02 -0.10962E+04  0.10736E+04 -0.10962E+04  0.10736E+04 -0.22060E+02 -0.14833E+03 -0.10652E+03  0.00000E+00  0.00000E+00  0.00000E+00  0.56460E+02  0.16659E+04  0.56947E+03   5521  0.00000E+00      0.000
    5524.0000 -0.19882E+00  0.19472E+00 -0.19882E+00  0.19472E+00 -0.40990E-02 -0.10982E+04  0.10756E+04 -0.10982E+04  0.10756E+04 -0.22101E+02 -0.14833E+03 -0.10652E+03  0.00000E+00  0.00000E+00  0.00000E+00  0.56460E+02  0.16689E+04  0.57050E+03   5531  0.00000E+00      0.000
    5534.0000 -0.19882E+00  0.19472E+00 -0.19882E+00  0.19472E+00 -0.40990E-02 -0.11002E+04  0.10775E+04 -0.11002E+04  0.10775E+04 -0.22142E+02 -0.14833E+03 -0.10652E+03  0.00000E+00  0.00000E+00  0.00000E+00  0.56460E+02  0.16719E+04  0.57153E+03   5541  0.00000E+00      0.000
    5544.0000 -0.19882E+00  0.19472E+00 -0.19882E+00  0.19472E+00 -0.40990E-02 -0.11022E+04  0.10795E+04 -0.11022E+04  0.10795E+04 -0.22183E+02 -0.14833E+03 -0.10652E+03  0.00000E+00  0.00000E+00  0.00000E+00  0.56460E+02  0.16749E+04  0.57257E+03   5551  0.00000E+00      0.000
    5554.0000 -0.19882E+00  0.19472E+00 -0.19882E+00  0.19472E+00 -0.40990E-02 -0.11042E+04  0.10814E+04 -0.11042E+04  0.10814E+04 -0.22224E+02 -0.14833E+03 -0.10652E+03  0.00000E+00  0.00000E+00  0.00000E+00  0.56460E+02  0.16779E+04  0.57360E+03   5561  0.00000E+00      0.000
    5564.0000 -0.19882E+00  0.19472E+00 -0.19882E+00  0.19472E+00 -0.40990E-02 -0.11062E+04  0.10834E+04 -0.11062E+04  0.10834E+04 -0.22265E+02 -0.14833E+03 -0.10652E+03  0.00000E+00  0.00000E+00  0.00000E+00  0.56460E+02  0.16810E+04  0.57463E+03   5571  0.00000E+00      0.000
    5574.0000 -0.19882E+00  0.19472E+00 -0.19882E+00  0.19472E+00 -0.40990E-02 -0.11082E+04  0.10853E+04 -0.11082E+04  0.10853E+04 -0.22306E+02 -0.14833E+03 -0.10652E+03  0.00000E+00  0.00000E+00  0.00000E+00  0.56460E+02  0.16840E+04  0.57567E+03   5581  0.00000E+00      0.000
    5584.0000 -0.19882E+00  0.19472E+00 -0.19882E+00  0.19472E+00 -0.40990E-02 -0.11102E+04  0.10873E+04 -0.11102E+04  0.10873E+04 -0.22347E+02 -0.14833E+03 -0.10652E+03  0.00000E+00  0.00000E+00  0.00000E+00  0.56460E+02  0.16870E+04  0.57670E+03   5591  0.00000E+00      0.000
    5594.0000 -0.19882E+00  0.19472E+00 -0.19882E+00  0.19472E+00 -0.40990E-02 -0.11121E+04  0.10892E+04 -0.11121E+04  0.10892E+04 -0.22388E+02 -0.14833E+03 -0.10652E+03  0.00000E+00  0.00000E+00  0.00000E+00  0.56460E+02  0.16900E+04  0.57773E+03   5601  0.00000E+00      0.000
    5604.0000 -0.19882E+00  0.19472E+00 -0.19882E+00  0.19472E+00 -0.40990E-02 -0.11141E+04  0.10912E+04 -0.11141E+04  0.10912E+04 -0.22429E+02 -0.14833E+03 -0.10652E+03  0.00000E+00  0.00000E+00  0.00000E+00  0.56460E+02  0.16931E+04  0.57876E+03   5611  0.00000E+00      0.000
    5614.0000 -0.19882E+00  0.19472E+00 -0.19882E+00  0.19472E+00 -0.40990E-02 -0.11161E+04  0.10931E+04 -0.11161E+04  0.10931E+04 -0.22470E+02 -0.14833E+03 -0.10652E+03  0.00000E+00  0.00000E+00  0.00000E+00  0.56460E+02  0.16961E+04  0.57980E+03   5621  0.00000E+00      0.000
    5624.0000 -0.19882E+00  0.19472E+00 -0.19882E+00  0.19472E+00 -0.40990E-02 -0.11181E+04  0.10951E+04 -0.11181E+04  0.10951E+04 -0.22511E+02 -0.14833E+03 -0.10652E+03  0.00000E+00  0.00000E+00  0.00000E+00  0.56460E+02  0.16991E+04  0.58083E+03   5631  0.00000E+00      0.000
    5634.0000 -0.19882E+00  0.19472E+00 -0.19882E+00  0.19472E+00 -0.40990E-02 -0.11201E+04  0.10970E+04 -0.11201E+04  0.10970E+04 -0.22552E+02 -0.14833E+03 -0.10652E+03  0.00000E+00  0.00000E+00  0.00000E+00  0.56460E+02  0.17021E+04  0.58186E+03   5641  0.00000E+00      0.000
    5644.0000 -0.19882E+00  0.19472E+00 -0.19882E+00  0.19472E+00 -0.40990E-02 -0.11221E+04  0.10990E+04 -0.11221E+04  0.10990E+04 -0.22593E+02 -0.14833E+03 -0.10652E+03  0.00000E+00  0.00000E+00  0.00000E+00  0.56460E+02  0.17051E+04  0.58289E+03   5651  0.00000E+00      0.000
    5654.0000 -0.19882E+00  0.19472E+00 -0.19882E+00  0.19472E+00 -0.40990E-02 -0.11241E+04  0.11009E+04 -0.11241E+04  0.11009E+04 -0.22634E+02 -0.14833E+03 -0.10652E+03  0.00000E+00  0.00000E+00  0.00000E+00  0.56460E+02  0.17082E+04  0.58393E+03   5661  0.00000E+00      0.000
    5664.0000 -0.19882E+00  0.19472E+00 -0.19882E+00  0.19472E+00 -0.40990E-02 -0.11261E+04  0.11029E+04 -0.11261E+04  0.11029E+04 -0.22675E+02 -0.14833E+03 -0.10652E+03  0.00000E+00  0.00000E+00  0.00000E+00  0.56460E+02  0.17112E+04  0.58496E+03   5671  0.00000E+00      0.000
    5674.0000 -0.19882E+00  0.19472E+00 -0.19882E+00  0.19472E+00 -0.40990E-02 -0.11280E+04  0.11048E+04 -0.11280E+04  0.11048E+04 -0.22716E+02 -0.14833E+03 -0.10652E+03  0.00000E+00  0.00000E+00  0.00000E+00  0.56460E+02  0.17142E+04  0.58599E+03   5681  0.00000E+00      0.000
    5684.0000 -0.19882E+00  0.19472E+00 -0.19882E+00  0.19472E+00 -0.40990E-02 -0.11300E+04  0.11067E+04 -0.11300E+04  0.11067E+04 -0.22757E+02 -0.14833E+03 -0.10652E+03  0.00000E+00  0.00000E+00  0.00000E+00  0.56460E+02  0.17172E+04  0.58703E+03   5691  0.00000E+00      0.000
    5694.0000 -0.19882E+00  0.19472E+00 -0.19882E+00  0.19472E+00 -0.40990E-02 -0.11320E+04  0.11087E+04 -0.11320E+04  0.11087E+04 -0.22798E+02 -0.14833E+03 -0.10652E+03  0.00000E+00  0.00000E+00  0.00000E+00  0.56460E+02  0.17202E+04  0.58806E+03   5701  0.00000E+00      0.000
    5704.0000 -0.19882E+00  0.19472E+00 -0.19882E+00  0.19472E+00 -0.40990E-02 -0.11340E+04  0.11106E+04 -0.11340E+04  0.11106E+04 -0.22839E+02 -0.14833E+03 -0.10652E+03  0.00000E+00  0.00000E+00  0.00000E+00  0.56460E+02  0.17233E+04  0.58909E+03   5711  0.00000E+00      0.000
    5714.0000 -0.19882E+00  0.19472E+00 -0.19882E+00  0.19472E+00 -0.40990E-02 -0.11360E+04  0.11126E+04 -0.11360E+04  0.11126E+04 -0.22880E+02 -0.14833E+03 -0.10652E+03  0.00000E+00  0.00000E+00  0.00000E+00  0.56460E+02  0.17263E+04  0.59012E+03   5721  0.00000E+00      0.000
    5724.0000 -0.19882E+00  0.19472E+00 -0.19882E+00  0.19472E+00 -0.40990E-02 -0.11380E+04  0.11145E+04 -0.11380E+04  0.11145E+04 -0.22921E+02 -0.14833E+03 -0.10652E+03  0.00000E+00  0.00000E+00  0.00000E+00  0.56460E+02  0.17293E+04  0.59116E+03   5731  0.00000E+00      0.000
    5734.0000 -0.19882E+00  0.19472E+00 -0.19882E+00  0.19472E+00 -0.40990E-02 -0.11400E+04  0.11165E+04 -0.11400E+04  0.11165E+04 -0.22962E+02 -0.14833E+03 -0.10652E+03  0.00000E+00  0.00000E+00  0.00000E+00  0.56460E+02  0.17323E+04  0.59219E+03   5741  0.00000E+00      0.000
    5744.0000 -0.19882E+00  0.19472E+00 -0.19882E+00  0.19472E+00 -0.40990E-02 -0.11420E+04  0.11184E+04 -0.11420E+04  0.11184E+04 -0.23003E+02 -0.14833E+03 -0.10652E+03  0.00000E+00  0.00000E+00  0.00000E+00  0.56460E+02  0.17354E+04  0.59322E+03   5751  0.00000E+00      0.000
    5754.0000 -0.19882E+00  0.19472E+00 -0.19882E+00  0.19472E+00 -0.40990E-02 -0.11440E+04  0.11204E+04 -0.11440E+04  0.11204E+04 -0.23044E+02 -0.14833E+03 -0.10652E+03  0.00000E+00  0.00000E+00  0.00000E+00  0.56460E+02  0.17384E+04  0.59425E+03   5761  0.00000E+00      0.000
    5764.0000 -0.19882E+00  0.19472E+00 -0.19882E+00  0.19472E+00 -0.40990E-02 -0.11459E+04  0.11223E+04 -0.11459E+04  0.11223E+04 -0.23085E+02 -0.14833E+03 -0.10652E+03  0.00000E+00  0.00000E+00  0.00000E+00  0.56460E+02  0.17414E+04  0.59529E+03   5771  0.00000E+00      0.000
    5774.0000 -0.19882E+00  0.19472E+00 -0.19882E+00  0.19472E+00 -0.40990E-02 -0.11479E+04  0.11243E+04 -0.11479E+04  0.11243E+04 -0.23126E+02 -0.14833E+03 -0.10652E+03  0.00000E+00  0.00000E+00  0.00000E+00  0.56460E+02  0.17444E+04  0.59632E+03   5781  0.00000E+00      0.000
    5784.0000 -0.19882E+00  0.19472E+00 -0.19882E+00  0.19472E+00 -0.40990E-02 -0.11499E+04  0.11262E+04 -0.11499E+04  0.11262E+04 -0.23167E+02 -0.14833E+03 -0.10652E+03  0.00000E+00  0.00000E+00  0.00000E+00  0.56460E+02  0.17474E+04  0.59735E+03   5791  0.00000E+00      0.000
    5794.0000 -0.19882E+00  0.19472E+00 -0.19882E+00  0.19472E+00 -0.40990E-02 -0.11519E+04  0.11282E+04 -0.11519E+04  0.11282E+04 -0.23208E+02 -0.14833E+03 -0.10652E+03  0.00000E+00  0.00000E+00  0.00000E+00  0.56460E+02  0.17505E+04  0.59839E+03   5801  0.00000E+00      0.000
    5804.0000 -0.19882E+00  0.19472E+00 -0.19882E+00  0.19472E+00 -0.40990E-02 -0.11539E+04  0.11301E+04 -0.11539E+04  0.11301E+04 -0.23249E+02 -0.14833E+03 -0.10652E+03  0.00000E+00  0.00000E+00  0.00000E+00  0.56460E+02  0.17535E+04  0.59942E+03   5811  0.00000E+00      0.000
    5814.0000 -0.19882E+00  0.19472E+00 -0.19882E+00  0.19472E+00 -0.40990E-02 -0.11559E+04  0.11321E+04 -0.11559E+04  0.11321E+04 -0.23290E+02 -0.14833E+03 -0.10652E+03  0.00000E+00  0.00000E+00  0.00000E+00  0.56460E+02  0.17565E+04  0.60045E+03   5821  0.00000E+00      0.000
    5824.0000 -0.19882E+00  0.19472E+00 -0.19882E+00  0.19472E+00 -0.40990E-02 -0.11579E+04  0.11340E+04 -0.11579E+04  0.11340E+04 -0.23331E+02 -0.14833E+03 -0.10652E+03  0.00000E+00  0.00000E+00  0.00000E+00  0.56460E+02  0.17595E+04  0.60148E+03   5831  0.00000E+00      0.000
    5834.0000 -0.19882E+00  0.19472E+00 -0.19882E+00  0.19472E+00 -0.40990E-02 -0.11599E+04  0.11360E+04 -0.11599E+04  0.11360E+04 -0.23372E+02 -0.14833E+03 -0.10652E+03  0.00000E+00  0.00000E+00  0.00000E+00  0.56460E+02  0.17625E+04  0.60252E+03   5841  0.00000E+00      0.000
    5840.0000 -0.19882E+00  0.19472E+00 -0.19882E+00  0.19472E+00 -0.40990E-02 -0.11611E+04  0.11371E+04 -0.11611E+04  0.11371E+04 -0.23397E+02 -0.14833E+03 -0.10652E+03  0.00000E+00  0.00000E+00  0.00000E+00  0.56460E+02  0.17644E+04  0.60314E+03   5847  0.00000E+00      0.000
    5844.0000 -0.19882E+00  0.19472E+00 -0.19882E+00  0.19472E+00 -0.40990E-02 -0.11619E+04  0.11379E+04 -0.11619E+04  0.11379E+04 -0.23413E+02 -0.14833E+03 -0.10652E+03  0.00000E+00  0.00000E+00  0.00000E+00  0.56460E+02  0.17656E+04  0.60355E+03   5851  0.00000E+00      0.000
    5854.0000 -0.19882E+00  0.19472E+00 -0.19882E+00  0.19472E+00 -0.40990E-02 -0.11638E+04  0.11398E+04 -0.11638E+04  0.11398E+04 -0.23454E+02 -0.14833E+03 -0.10652E+03  0.00000E+00  0.00000E+00  0.00000E+00  0.56460E+02  0.17686E+04  0.60458E+03   5861  0.00000E+00      0.000
    5864.0000 -0.19882E+00  0.19472E+00 -0.19882E+00  0.19472E+00 -0.40990E-02 -0.11658E+04  0.11418E+04 -0.11658E+04  0.11418E+04 -0.23495E+02 -0.14833E+03 -0.10652E+03  0.00000E+00  0.00000E+00  0.00000E+00  0.56460E+02  0.17716E+04  0.60561E+03   5871  0.00000E+00      0.000
    5874.0000 -0.19882E+00  0.19472E+00 -0.19882E+00  0.19472E+00 -0.40990E-02 -0.11678E+04  0.11437E+04 -0.11678E+04  0.11437E+04 -0.23536E+02 -0.14833E+03 -0.10652E+03  0.00000E+00  0.00000E+00  0.00000E+00  0.56460E+02  0.17746E+04  0.60665E+03   5881  0.00000E+00      0.000
    5884.0000 -0.19882E+00  0.19472E+00 -0.19882E+00  0.19472E+00 -0.40990E-02 -0.11698E+04  0.11457E+04 -0.11698E+04  0.11457E+04 -0.23577E+02 -0.14833E+03 -0.10652E+03  0.00000E+00  0.00000E+00  0.00000E+00  0.56460E+02  0.17776E+04  0.60768E+03   5891  0.00000E+00      0.000
    5894.0000 -0.19882E+00  0.19472E+00 -0.19882E+00  0.19472E+00 -0.40990E-02 -0.11718E+04  0.11476E+04 -0.11718E+04  0.11476E+04 -0.23618E+02 -0.14833E+03 -0.10652E+03  0.00000E+00  0.00000E+00  0.00000E+00  0.56460E+02  0.17807E+04  0.60871E+03   5901  0.00000E+00      0.000
    5904.0000 -0.19882E+00  0.19472E+00 -0.19882E+00  0.19472E+00 -0.40990E-02 -0.11738E+04  0.11496E+04 -0.11738E+04  0.11496E+04 -0.23659E+02 -0.14833E+03 -0.10652E+03  0.00000E+00  0.00000E+00  0.00000E+00  0.56460E+02  0.17837E+04  0.60975E+03   5911  0.00000E+00      0.000
    5914.0000 -0.19882E+00  0.19472E+00 -0.19882E+00  0.19472E+00 -0.40990E-02 -0.11758E+04  0.11515E+04 -0.11758E+04  0.11515E+04 -0.23700E+02 -0.14833E+03 -0.10652E+03  0.00000E+00  0.00000E+00  0.00000E+00  0.56460E+02  0.17867E+04  0.61078E+03   5921  0.00000E+00      0.000
    5924.0000 -0.19882E+00  0.19472E+00 -0.19882E+00  0.19472E+00 -0.40990E-02 -0.11778E+04  0.11535E+04 -0.11778E+04  0.11535E+04 -0.23741E+02 -0.14833E+03 -0.10652E+03  0.00000E+00  0.00000E+00  0.00000E+00  0.56460E+02  0.17897E+04  0.61181E+03   5931  0.00000E+00      0.000
    5934.0000 -0.19882E+00  0.19472E+00 -0.19882E+00  0.19472E+00 -0.40990E-02 -0.11798E+04  0.11554E+04 -0.11798E+04  0.11554E+04 -0.23782E+02 -0.14833E+03 -0.10652E+03  0.00000E+00  0.00000E+00  0.00000E+00  0.56460E+02  0.17928E+04  0.61284E+03   5941  0.00000E+00      0.000
    5944.0000 -0.19882E+00  0.19472E+00 -0.19882E+00  0.19472E+00 -0.40990E-02 -0.11817E+04  0.11574E+04 -0.11817E+04  0.11574E+04 -0.23823E+02 -0.14833E+03 -0.10652E+03  0.00000E+00  0.00000E+00  0.00000E+00  0.56460E+02  0.17958E+04  0.61388E+03   5951  0.00000E+00      0.000
    5954.0000 -0.19882E+00  0.19472E+00 -0.19882E+00  0.19472E+00 -0.40990E-02 -0.11837E+04  0.11593E+04 -0.11837E+04  0.11593E+04 -0.23864E+02 -0.14833E+03 -0.10652E+03  0.00000E+00  0.00000E+00  0.00000E+00  0.56460E+02  0.17988E+04  0.61491E+03   5961  0.00000E+00      0.000
    5964.0000 -0.19882E+00  0.19472E+00 -0.19882E+00  0.19472E+00 -0.40990E-02 -0.11857E+04  0.11613E+04 -0.11857E+04  0.11613E+04 -0.23905E+02 -0.14833E+03 -0.10652E+03  0.00000E+00  0.00000E+00  0.00000E+00  0.56460E+02  0.18018E+04  0.61594E+03   5971  0.00000E+00      0.000
    5974.0000 -0.19882E+00  0.19472E+00 -0.19882E+00  0.19472E+00 -0.40990E-02 -0.11877E+04  0.11632E+04 -0.11877E+04  0.11632E+04 -0.23946E+02 -0.14833E+03 -0.10652E+03  0.00000E+00  0.00000E+00  0.00000E+00  0.56460E+02  0.18048E+04  0.61697E+03   5981  0.00000E+00      0.000
    5984.0000 -0.19882E+00  0.19472E+00 -0.19882E+00  0.19472E+00 -0.40990E-02 -0.11897E+04  0.11652E+04 -0.11897E+04  0.11652E+04 -0.23987E+02 -0.14833E+03 -0.10652E+03  0.00000E+00  0.00000E+00  0.00000E+00  0.56460E+02  0.18079E+04  0.61801E+03   5991  0.00000E+00      0.000
    5994.0000 -0.19882E+00  0.19472E+00 -0.19882E+00  0.19472E+00 -0.40990E-02 -0.11917E+04  0.11671E+04 -0.11917E+04  0.11671E+04 -0.24028E+02 -0.14833E+03 -0.10652E+03  0.00000E+00  0.00000E+00  0.00000E+00  0.56460E+02  0.18109E+04  0.61904E+03   6001  0.00000E+00      0.000
    6004.0000 -0.19882E+00  0.19472E+00 -0.19882E+00  0.19472E+00 -0.40990E-02 -0.11937E+04  0.11691E+04 -0.11937E+04  0.11691E+04 -0.24069E+02 -0.14833E+03 -0.10652E+03  0.00000E+00  0.00000E+00  0.00000E+00  0.56460E+02  0.18139E+04  0.62007E+03   6011  0.00000E+00      0.000
    6014.0000 -0.19882E+00  0.19472E+00 -0.19882E+00  0.19472E+00 -0.40990E-02 -0.11957E+04  0.11710E+04 -0.11957E+04  0.11710E+04 -0.24110E+02 -0.14833E+03 -0.10652E+03  0.00000E+00  0.00000E+00  0.00000E+00  0.56460E+02  0.18169E+04  0.62111E+03   6021  0.00000E+00      0.000
    6024.0000 -0.19882E+00  0.19472E+00 -0.19882E+00  0.19472E+00 -0.40990E-02 -0.11976E+04  0.11729E+04 -0.11976E+04  0.11729E+04 -0.24151E+02 -0.14833E+03 -0.10652E+03  0.00000E+00  0.00000E+00  0.00000E+00  0.56460E+02  0.18199E+04  0.62214E+03   6031  0.00000E+00      0.000
    6034.0000 -0.19882E+00  0.19472E+00 -0.19882E+00  0.19472E+00 -0.40990E-02 -0.11996E+04  0.11749E+04 -0.11996E+04  0.11749E+04 -0.24192E+02 -0.14833E+03 -0.10652E+03  0.00000E+00  0.00000E+00  0.00000E+00  0.56460E+02  0.18230E+04  0.62317E+03   6041  0.00000E+00      0.000
    6044.0000 -0.19882E+00  0.19472E+00 -0.19882E+00  0.19472E+00 -0.40990E-02 -0.12016E+04  0.11768E+04 -0.12016E+04  0.11768E+04 -0.24233E+02 -0.14833E+03 -0.10652E+03  0.00000E+00  0.00000E+00  0.00000E+00  0.56460E+02  0.18260E+04  0.62420E+03   6051  0.00000E+00      0.000
    6054.0000 -0.19882E+00  0.19472E+00 -0.19882E+00  0.19472E+00 -0.40990E-02 -0.12036E+04  0.11788E+04 -0.12036E+04  0.11788E+04 -0.24274E+02 -0.14833E+03 -0.10652E+03  0.00000E+00  0.00000E+00  0.00000E+00  0.56460E+02  0.18290E+04  0.62524E+03   6061  0.00000E+00      0.000
    6064.0000 -0.19882E+00  0.19472E+00 -0.19882E+00  0.19472E+00 -0.40990E-02 -0.12056E+04  0.11807E+04 -0.12056E+04  0.11807E+04 -0.24315E+02 -0.14833E+03 -0.10652E+03  0.00000E+00  0.00000E+00  0.00000E+00  0.56460E+02  0.18320E+04  0.62627E+03   6071  0.00000E+00      0.000
    6074.0000 -0.19882E+00  0.19472E+00 -0.19882E+00  0.19472E+00 -0.40990E-02 -0.12076E+04  0.11827E+04 -0.12076E+04  0.11827E+04 -0.24356E+02 -0.14833E+03 -0.10652E+03  0.00000E+00  0.00000E+00  0.00000E+00  0.56460E+02  0.18351E+04  0.62730E+03   6081  0.00000E+00      0.000
    6084.0000 -0.19882E+00  0.19472E+00 -0.19882E+00  0.19472E+00 -0.40990E-02 -0.12096E+04  0.11846E+04 -0.12096E+04  0.11846E+04 -0.24397E+02 -0.14833E+03 -0.10652E+03  0.00000E+00  0.00000E+00  0.00000E+00  0.56460E+02  0.18381E+04  0.62833E+03   6091  0.00000E+00      0.000
    6094.0000 -0.19882E+00  0.19472E+00 -0.19882E+00  0.19472E+00 -0.40990E-02 -0.12116E+04  0.11866E+04 -0.12116E+04  0.11866E+04 -0.24438E+02 -0.14833E+03 -0.10652E+03  0.00000E+00  0.00000E+00  0.00000E+00  0.56460E+02  0.18411E+04  0.62937E+03   6101  0.00000E+00      0.000
    6104.0000 -0.19882E+00  0.19472E+00 -0.19882E+00  0.19472E+00 -0.40990E-02 -0.12136E+04  0.11885E+04 -0.12136E+04  0.11885E+04 -0.24479E+02 -0.14833E+03 -0.10652E+03  0.00000E+00  0.00000E+00  0.00000E+00  0.56460E+02  0.18441E+04  0.63040E+03   6111  0.00000E+00      0.000
    6114.0000 -0.19882E+00  0.19472E+00 -0.19882E+00  0.19472E+00 -0.40990E-02 -0.12155E+04  0.11905E+04 -0.12155E+04  0.11905E+04 -0.24520E+02 -0.14833E+03 -0.10652E+03  0.00000E+00  0.00000E+00  0.00000E+00  0.56460E+02  0.18471E+04  0.63143E+03   6121  0.00000E+00      0.000
    6124.0000 -0.19882E+00  0.19472E+00 -0.19882E+00  0.19472E+00 -0.40990E-02 -0.12175E+04  0.11924E+04 -0.12175E+04  0.11924E+04 -0.24561E+02 -0.14833E+03 -0.10652E+03  0.00000E+00  0.00000E+00  0.00000E+00  0.56460E+02  0.18502E+04  0.63247E+03   6131  0.00000E+00      0.000
    6134.0000 -0.19882E+00  0.19472E+00 -0.19882E+00  0.19472E+00 -0.40990E-02 -0.12195E+04  0.11944E+04 -0.12195E+04  0.11944E+04 -0.24602E+02 -0.14833E+03 -0.10652E+03  0.00000E+00  0.00000E+00  0.00000E+00  0.56460E+02  0.18532E+04  0.63350E+03   6141  0.00000E+00      0.000
    6144.0000 -0.19882E+00  0.19472E+00 -0.19882E+00  0.19472E+00 -0.40990E-02 -0.12215E+04  0.11963E+04 -0.12215E+04  0.11963E+04 -0.24643E+02 -0.14833E+03 -0.10652E+03  0.00000E+00  0.00000E+00  0.00000E+00  0.56460E+02  0.18562E+04  0.63453E+03   6151  0.00000E+00      0.000
    6154.0000 -0.19882E+00  0.19472E+00 -0.19882E+00  0.19472E+00 -0.40990E-02 -0.12235E+04  0.11983E+04 -0.12235E+04  0.11983E+04 -0.24684E+02 -0.14833E+03 -0.10652E+03  0.00000E+00  0.00000E+00  0.00000E+00  0.56460E+02  0.18592E+04  0.63556E+03   6161  0.00000E+00      0.000
    6164.0000 -0.19882E+00  0.19472E+00 -0.19882E+00  0.19472E+00 -0.40990E-02 -0.12255E+04  0.12002E+04 -0.12255E+04  0.12002E+04 -0.24725E+02 -0.14833E+03 -0.10652E+03  0.00000E+00  0.00000E+00  0.00000E+00  0.56460E+02  0.18622E+04  0.63660E+03   6171  0.00000E+00      0.000
    6174.0000 -0.19882E+00  0.19472E+00 -0.19882E+00  0.19472E+00 -0.40990E-02 -0.12275E+04  0.12022E+04 -0.12275E+04  0.12022E+04 -0.24766E+02 -0.14833E+03 -0.10652E+03  0.00000E+00  0.00000E+00  0.00000E+00  0.56460E+02  0.18653E+04  0.63763E+03   6181  0.00000E+00      0.000
    6184.0000 -0.19882E+00  0.19472E+00 -0.19882E+00  0.19472E+00 -0.40990E-02 -0.12295E+04  0.12041E+04 -0.12295E+04  0.12041E+04 -0.24807E+02 -0.14833E+03 -0.10652E+03  0.00000E+00  0.00000E+00  0.00000E+00  0.56460E+02  0.18683E+04  0.63866E+03   6191  0.00000E+00      0.000
    6194.0000 -0.19882E+00  0.19472E+00 -0.19882E+00  0.19472E+00 -0.40990E-02 -0.12315E+04  0.12060E+04 -0.12315E+04  0.12060E+04 -0.24848E+02 -0.14833E+03 -0.10652E+03  0.00000E+00  0.00000E+00  0.00000E+00  0.56460E+02  0.18713E+04  0.63969E+03   6201  0.00000E+00      0.000
    6204.0000 -0.19882E+00  0.19472E+00 -0.19882E+00  0.19472E+00 -0.40990E-02 -0.12334E+04  0.12080E+04 -0.12334E+04  0.12080E+04 -0.24889E+02 -0.14833E+03 -0.10652E+03  0.00000E+00  0.00000E+00  0.00000E+00  0.56460E+02  0.18743E+04  0.64073E+03   6211  0.00000E+00      0.000
    6205.0000 -0.19882E+00  0.19472E+00 -0.19882E+00  0.19472E+00 -0.40990E-02 -0.12336E+04  0.12082E+04 -0.12336E+04  0.12082E+04 -0.24893E+02 -0.14833E+03 -0.10652E+03  0.00000E+00  0.00000E+00  0.00000E+00  0.56460E+02  0.18746E+04  0.64083E+03   6212  0.00000E+00      0.000
    6214.0000 -0.19882E+00  0.19472E+00 -0.19882E+00  0.19472E+00 -0.40990E-02 -0.12354E+04  0.12099E+04 -0.12354E+04  0.12099E+04 -0.24930E+02 -0.14833E+03 -0.10652E+03  0.00000E+00  0.00000E+00  0.00000E+00  0.56460E+02  0.18773E+04  0.64176E+03   6221  0.00000E+00      0.000
    6224.0000 -0.19882E+00  0.19472E+00 -0.19882E+00  0.19472E+00 -0.40990E-02 -0.12374E+04  0.12119E+04 -0.12374E+04  0.12119E+04 -0.24971E+02 -0.14833E+03 -0.10652E+03  0.00000E+00  0.00000E+00  0.00000E+00  0.56460E+02  0.18804E+04  0.64279E+03   6231  0.00000E+00      0.000
    6234.0000 -0.19882E+00  0.19472E+00 -0.19882E+00  0.19472E+00 -0.40990E-02 -0.12394E+04  0.12138E+04 -0.12394E+04  0.12138E+04 -0.25012E+02 -0.14833E+03 -0.10652E+03  0.00000E+00  0.00000E+00  0.00000E+00  0.56460E+02  0.18834E+04  0.64383E+03   6241  0.00000E+00      0.000
    6244.0000 -0.19882E+00  0.19472E+00 -0.19882E+00  0.19472E+00 -0.40990E-02 -0.12414E+04  0.12158E+04 -0.12414E+04  0.12158E+04 -0.25053E+02 -0.14833E+03 -0.10652E+03  0.00000E+00  0.00000E+00  0.00000E+00  0.56460E+02  0.18864E+04  0.64486E+03   6251  0.00000E+00      0.000
    6254.0000 -0.19882E+00  0.19472E+00 -0.19882E+00  0.19472E+00 -0.40990E-02 -0.12434E+04  0.12177E+04 -0.12434E+04  0.12177E+04 -0.25094E+02 -0.14833E+03 -0.10652E+03  0.00000E+00  0.00000E+00  0.00000E+00  0.56460E+02  0.18894E+04  0.64589E+03   6261  0.00000E+00      0.000
    6264.0000 -0.19882E+00  0.19472E+00 -0.19882E+00  0.19472E+00 -0.40990E-02 -0.12454E+04  0.12197E+04 -0.12454E+04  0.12197E+04 -0.25135E+02 -0.14833E+03 -0.10652E+03  0.00000E+00  0.00000E+00  0.00000E+00  0.56460E+02  0.18925E+04  0.64692E+03   6271  0.00000E+00      0.000
    6274.0000 -0.19882E+00  0.19472E+00 -0.19882E+00  0.19472E+00 -0.40990E-02 -0.12474E+04  0.12216E+04 -0.12474E+04  0.12216E+04 -0.25176E+02 -0.14833E+03 -0.10652E+03  0.00000E+00  0.00000E+00  0.00000E+00  0.56460E+02  0.18955E+04  0.64796E+03   6281  0.00000E+00      0.000
    6284.0000 -0.19882E+00  0.19472E+00 -0.19882E+00  0.19472E+00 -0.40990E-02 -0.12493E+04  0.12236E+04 -0.12493E+04  0.12236E+04 -0.25217E+02 -0.14833E+03 -0.10652E+03  0.00000E+00  0.00000E+00  0.00000E+00  0.56460E+02  0.18985E+04  0.64899E+03   6291  0.00000E+00      0.000
    6294.0000 -0.19882E+00  0.19472E+00 -0.19882E+00  0.19472E+00 -0.40990E-02 -0.12513E+04  0.12255E+04 -0.12513E+04  0.12255E+04 -0.25258E+02 -0.14833E+03 -0.10652E+03  0.00000E+00  0.00000E+00  0.00000E+00  0.56460E+02  0.19015E+04  0.65002E+03   6301  0.00000E+00      0.000
    6304.0000 -0.19882E+00  0.19472E+00 -0.19882E+00  0.19472E+00 -0.40990E-02 -0.12533E+04  0.12275E+04 -0.12533E+04  0.12275E+04 -0.25298E+02 -0.14833E+03 -0.10652E+03  0.00000E+00  0.00000E+00  0.00000E+00  0.56460E+02  0.19045E+04  0.65105E+03   6311  0.00000E+00      0.000
    6314.0000 -0.19882E+00  0.19472E+00 -0.19882E+00  0.19472E+00 -0.40990E-02 -0.12553E+04  0.12294E+04 -0.12553E+04  0.12294E+04 -0.25339E+02 -0.14833E+03 -0.10652E+03  0.00000E+00  0.00000E+00  0.00000E+00  0.56460E+02  0.19076E+04  0.65209E+03   6321  0.00000E+00      0.000
    6324.0000 -0.19882E+00  0.19472E+00 -0.19882E+00  0.19472E+00 -0.40990E-02 -0.12573E+04  0.12314E+04 -0.12573E+04  0.12314E+04 -0.25380E+02 -0.14833E+03 -0.10652E+03  0.00000E+00  0.00000E+00  0.00000E+00  0.56460E+02  0.19106E+04  0.65312E+03   6331  0.00000E+00      0.000
    6334.0000 -0.19882E+00  0.19472E+00 -0.19882E+00  0.19472E+00 -0.40990E-02 -0.12593E+04  0.12333E+04 -0.12593E+04  0.12333E+04 -0.25421E+02 -0.14833E+03 -0.10652E+03  0.00000E+00  0.00000E+00  0.00000E+00  0.56460E+02  0.19136E+04  0.65415E+03   6341  0.00000E+00      0.000
    6344.0000 -0.19882E+00  0.19472E+00 -0.19882E+00  0.19472E+00 -0.40990E-02 -0.12613E+04  0.12353E+04 -0.12613E+04  0.12353E+04 -0.25462E+02 -0.14833E+03 -0.10652E+03  0.00000E+00  0.00000E+00  0.00000E+00  0.56460E+02  0.19166E+04  0.65518E+03   6351  0.00000E+00      0.000
    6354.0000 -0.19882E+00  0.19472E+00 -0.19882E+00  0.19472E+00 -0.40990E-02 -0.12633E+04  0.12372E+04 -0.12633E+04  0.12372E+04 -0.25503E+02 -0.14833E+03 -0.10652E+03  0.00000E+00  0.00000E+00  0.00000E+00  0.56460E+02  0.19196E+04  0.65622E+03   6361  0.00000E+00      0.000
    6364.0000 -0.19882E+00  0.19472E+00 -0.19882E+00  0.19472E+00 -0.40990E-02 -0.12653E+04  0.12391E+04 -0.12653E+04  0.12391E+04 -0.25544E+02 -0.14833E+03 -0.10652E+03  0.00000E+00  0.00000E+00  0.00000E+00  0.56460E+02  0.19227E+04  0.65725E+03   6371  0.00000E+00      0.000
    6374.0000 -0.19882E+00  0.19472E+00 -0.19882E+00  0.19472E+00 -0.40990E-02 -0.12672E+04  0.12411E+04 -0.12672E+04  0.12411E+04 -0.25585E+02 -0.14833E+03 -0.10652E+03  0.00000E+00  0.00000E+00  0.00000E+00  0.56460E+02  0.19257E+04  0.65828E+03   6381  0.00000E+00      0.000
    6384.0000 -0.19882E+00  0.19472E+00 -0.19882E+00  0.19472E+00 -0.40990E-02 -0.12692E+04  0.12430E+04 -0.12692E+04  0.12430E+04 -0.25626E+02 -0.14833E+03 -0.10652E+03  0.00000E+00  0.00000E+00  0.00000E+00  0.56460E+02  0.19287E+04  0.65932E+03   6391  0.00000E+00      0.000
    6394.0000 -0.19882E+00  0.19472E+00 -0.19882E+00  0.19472E+00 -0.40990E-02 -0.12712E+04  0.12450E+04 -0.12712E+04  0.12450E+04 -0.25667E+02 -0.14833E+03 -0.10652E+03  0.00000E+00  0.00000E+00  0.00000E+00  0.56460E+02  0.19317E+04  0.66035E+03   6401  0.00000E+00      0.000
    6404.0000 -0.19882E+00  0.19472E+00 -0.19882E+00  0.19472E+00 -0.40990E-02 -0.12732E+04  0.12469E+04 -0.12732E+04  0.12469E+04 -0.25708E+02 -0.14833E+03 -0.10652E+03  0.00000E+00  0.00000E+00  0.00000E+00  0.56460E+02  0.19348E+04  0.66138E+03   6411  0.00000E+00      0.000
    6414.0000 -0.19882E+00  0.19472E+00 -0.19882E+00  0.19472E+00 -0.40990E-02 -0.12752E+04  0.12489E+04 -0.12752E+04  0.12489E+04 -0.25749E+02 -0.14833E+03 -0.10652E+03  0.00000E+00  0.00000E+00  0.00000E+00  0.56460E+02  0.19378E+04  0.66241E+03   6421  0.00000E+00      0.000
    6424.0000 -0.19882E+00  0.19472E+00 -0.19882E+00  0.19472E+00 -0.40990E-02 -0.12772E+04  0.12508E+04 -0.12772E+04  0.12508E+04 -0.25790E+02 -0.14833E+03 -0.10652E+03  0.00000E+00  0.00000E+00  0.00000E+00  0.56460E+02  0.19408E+04  0.66345E+03   6431  0.00000E+00      0.000
    6434.0000 -0.19882E+00  0.19472E+00 -0.19882E+00  0.19472E+00 -0.40990E-02 -0.12792E+04  0.12528E+04 -0.12792E+04  0.12528E+04 -0.25831E+02 -0.14833E+03 -0.10652E+03  0.00000E+00  0.00000E+00  0.00000E+00  0.56460E+02  0.19438E+04  0.66448E+03   6441  0.00000E+00      0.000
    6444.0000 -0.19882E+00  0.19472E+00 -0.19882E+00  0.19472E+00 -0.40990E-02 -0.12812E+04  0.12547E+04 -0.12812E+04  0.12547E+04 -0.25872E+02 -0.14833E+03 -0.10652E+03  0.00000E+00  0.00000E+00  0.00000E+00  0.56460E+02  0.19468E+04  0.66551E+03   6451  0.00000E+00      0.000
    6454.0000 -0.19882E+00  0.19472E+00 -0.19882E+00  0.19472E+00 -0.40990E-02 -0.12832E+04  0.12567E+04 -0.12832E+04  0.12567E+04 -0.25913E+02 -0.14833E+03 -0.10652E+03  0.00000E+00  0.00000E+00  0.00000E+00  0.56460E+02  0.19499E+04  0.66654E+03   6461  0.00000E+00      0.000
    6464.0000 -0.19882E+00  0.19472E+00 -0.19882E+00  0.19472E+00 -0.40990E-02 -0.12851E+04  0.12586E+04 -0.12851E+04  0.12586E+04 -0.25954E+02 -0.14833E+03 -0.10652E+03  0.00000E+00  0.00000E+00  0.00000E+00  0.56460E+02  0.19529E+04  0.66758E+03   6471  0.00000E+00      0.000
    6474.0000 -0.19882E+00  0.19472E+00 -0.19882E+00  0.19472E+00 -0.40990E-02 -0.12871E+04  0.12606E+04 -0.12871E+04  0.12606E+04 -0.25995E+02 -0.14833E+03 -0.10652E+03  0.00000E+00  0.00000E+00  0.00000E+00  0.56460E+02  0.19559E+04  0.66861E+03   6481  0.00000E+00      0.000
    6484.0000 -0.19882E+00  0.19472E+00 -0.19882E+00  0.19472E+00 -0.40990E-02 -0.12891E+04  0.12625E+04 -0.12891E+04  0.12625E+04 -0.26036E+02 -0.14833E+03 -0.10652E+03  0.00000E+00  0.00000E+00  0.00000E+00  0.56460E+02  0.19589E+04  0.66964E+03   6491  0.00000E+00      0.000
    6494.0000 -0.19882E+00  0.19472E+00 -0.19882E+00  0.19472E+00 -0.40990E-02 -0.12911E+04  0.12645E+04 -0.12911E+04  0.12645E+04 -0.26077E+02 -0.14833E+03 -0.10652E+03  0.00000E+00  0.00000E+00  0.00000E+00  0.56460E+02  0.19619E+04  0.67068E+03   6501  0.00000E+00      0.000
    6504.0000 -0.19882E+00  0.19472E+00 -0.19882E+00  0.19472E+00 -0.40990E-02 -0.12931E+04  0.12664E+04 -0.12931E+04  0.12664E+04 -0.26118E+02 -0.14833E+03 -0.10652E+03  0.00000E+00  0.00000E+00  0.00000E+00  0.56460E+02  0.19650E+04  0.67171E+03   6511  0.00000E+00      0.000
    6514.0000 -0.19882E+00  0.19472E+00 -0.19882E+00  0.19472E+00 -0.40990E-02 -0.12951E+04  0.12684E+04 -0.12951E+04  0.12684E+04 -0.26159E+02 -0.14833E+03 -0.10652E+03  0.00000E+00  0.00000E+00  0.00000E+00  0.56460E+02  0.19680E+04  0.67274E+03   6521  0.00000E+00      0.000
    6524.0000 -0.19882E+00  0.19472E+00 -0.19882E+00  0.19472E+00 -0.40990E-02 -0.12971E+04  0.12703E+04 -0.12971E+04  0.12703E+04 -0.26200E+02 -0.14833E+03 -0.10652E+03  0.00000E+00  0.00000E+00  0.00000E+00  0.56460E+02  0.19710E+04  0.67377E+03   6531  0.00000E+00      0.000
    6534.0000 -0.19882E+00  0.19472E+00 -0.19882E+00  0.19472E+00 -0.40990E-02 -0.12991E+04  0.12722E+04 -0.12991E+04  0.12722E+04 -0.26241E+02 -0.14833E+03 -0.10652E+03  0.00000E+00  0.00000E+00  0.00000E+00  0.56460E+02  0.19740E+04  0.67481E+03   6541  0.00000E+00      0.000
    6544.0000 -0.19882E+00  0.19472E+00 -0.19882E+00  0.19472E+00 -0.40990E-02 -0.13011E+04  0.12742E+04 -0.13011E+04  0.12742E+04 -0.26282E+02 -0.14833E+03 -0.10652E+03  0.00000E+00  0.00000E+00  0.00000E+00  0.56460E+02  0.19771E+04  0.67584E+03   6551  0.00000E+00      0.000
    6554.0000 -0.19882E+00  0.19472E+00 -0.19882E+00  0.19472E+00 -0.40990E-02 -0.13030E+04  0.12761E+04 -0.13030E+04  0.12761E+04 -0.26323E+02 -0.14833E+03 -0.10652E+03  0.00000E+00  0.00000E+00  0.00000E+00  0.56460E+02  0.19801E+04  0.67687E+03   6561  0.00000E+00      0.000
    6564.0000 -0.19882E+00  0.19472E+00 -0.19882E+00  0.19472E+00 -0.40990E-02 -0.13050E+04  0.12781E+04 -0.13050E+04  0.12781E+04 -0.26364E+02 -0.14833E+03 -0.10652E+03  0.00000E+00  0.00000E+00  0.00000E+00  0.56460E+02  0.19831E+04  0.67790E+03   6571  0.00000E+00      0.000
    6570.0000 -0.19882E+00  0.19472E+00 -0.19882E+00  0.19472E+00 -0.40990E-02 -0.13062E+04  0.12793E+04 -0.13062E+04  0.12793E+04 -0.26389E+02 -0.14833E+03 -0.10652E+03  0.00000E+00  0.00000E+00  0.00000E+00  0.56460E+02  0.19849E+04  0.67852E+03   6577  0.00000E+00      0.000
    6574.0000 -0.19882E+00  0.19472E+00 -0.19882E+00  0.19472E+00 -0.40990E-02 -0.13070E+04  0.12800E+04 -0.13070E+04  0.12800E+04 -0.26405E+02 -0.14833E+03 -0.10652E+03  0.00000E+00  0.00000E+00  0.00000E+00  0.56460E+02  0.19861E+04  0.67894E+03   6581  0.00000E+00      0.000
    6584.0000 -0.19882E+00  0.19472E+00 -0.19882E+00  0.19472E+00 -0.40990E-02 -0.13090E+04  0.12820E+04 -0.13090E+04  0.12820E+04 -0.26446E+02 -0.14833E+03 -0.10652E+03  0.00000E+00  0.00000E+00  0.00000E+00  0.56460E+02  0.19891E+04  0.67997E+03   6591  0.00000E+00      0.000
    6594.0000 -0.19882E+00  0.19472E+00 -0.19882E+00  0.19472E+00 -0.40990E-02 -0.13110E+04  0.12839E+04 -0.13110E+04  0.12839E+04 -0.26487E+02 -0.14833E+03 -0.10652E+03  0.00000E+00  0.00000E+00  0.00000E+00  0.56460E+02  0.19922E+04  0.68100E+03   6601  0.00000E+00      0.000
    6604.0000 -0.19882E+00  0.19472E+00 -0.19882E+00  0.19472E+00 -0.40990E-02 -0.13130E+04  0.12859E+04 -0.13130E+04  0.12859E+04 -0.26528E+02 -0.14833E+03 -0.10652E+03  0.00000E+00  0.00000E+00  0.00000E+00  0.56460E+02  0.19952E+04  0.68204E+03   6611  0.00000E+00      0.000
    6614.0000 -0.19882E+00  0.19472E+00 -0.19882E+00  0.19472E+00 -0.40990E-02 -0.13150E+04  0.12878E+04 -0.13150E+04  0.12878E+04 -0.26569E+02 -0.14833E+03 -0.10652E+03  0.00000E+00  0.00000E+00  0.00000E+00  0.56460E+02  0.19982E+04  0.68307E+03   6621  0.00000E+00      0.000
    6624.0000 -0.19882E+00  0.19472E+00 -0.19882E+00  0.19472E+00 -0.40990E-02 -0.13170E+04  0.12898E+04 -0.13170E+04  0.12898E+04 -0.26610E+02 -0.14833E+03 -0.10652E+03  0.00000E+00  0.00000E+00  0.00000E+00  0.56460E+02  0.20012E+04  0.68410E+03   6631  0.00000E+00      0.000
    6634.0000 -0.19882E+00  0.19472E+00 -0.19882E+00  0.19472E+00 -0.40990E-02 -0.13189E+04  0.12917E+04 -0.13189E+04  0.12917E+04 -0.26651E+02 -0.14833E+03 -0.10652E+03  0.00000E+00  0.00000E+00  0.00000E+00  0.56460E+02  0.20042E+04  0.68513E+03   6641  0.00000E+00      0.000
    6644.0000 -0.19882E+00  0.19472E+00 -0.19882E+00  0.19472E+00 -0.40990E-02 -0.13209E+04  0.12937E+04 -0.13209E+04  0.12937E+04 -0.26692E+02 -0.14833E+03 -0.10652E+03  0.00000E+00  0.00000E+00  0.00000E+00  0.56460E+02  0.20073E+04  0.68617E+03   6651  0.00000E+00      0.000
    6654.0000 -0.19882E+00  0.19472E+00 -0.19882E+00  0.19472E+00 -0.40990E-02 -0.13229E+04  0.12956E+04 -0.13229E+04  0.12956E+04 -0.26733E+02 -0.14833E+03 -0.10652E+03  0.00000E+00  0.00000E+00  0.00000E+00  0.56460E+02  0.20103E+04  0.68720E+03   6661  0.00000E+00      0.000
    6664.0000 -0.19882E+00  0.19472E+00 -0.19882E+00  0.19472E+00 -0.40990E-02 -0.13249E+04  0.12976E+04 -0.13249E+04  0.12976E+04 -0.26774E+02 -0.14833E+03 -0.10652E+03  0.00000E+00  0.00000E+00  0.00000E+00  0.56460E+02  0.20133E+04  0.68823E+03   6671  0.00000E+00      0.000
    6674.0000 -0.19882E+00  0.19472E+00 -0.19882E+00  0.19472E+00 -0.40990E-02 -0.13269E+04  0.12995E+04 -0.13269E+04  0.12995E+04 -0.26815E+02 -0.14833E+03 -0.10652E+03  0.00000E+00  0.00000E+00  0.00000E+00  0.56460E+02  0.20163E+04  0.68926E+03   6681  0.00000E+00      0.000
    6684.0000 -0.19882E+00  0.19472E+00 -0.19882E+00  0.19472E+00 -0.40990E-02 -0.13289E+04  0.13014E+04 -0.13289E+04  0.13014E+04 -0.26856E+02 -0.14833E+03 -0.10652E+03  0.00000E+00  0.00000E+00  0.00000E+00  0.56460E+02  0.20193E+04  0.69030E+03   6691  0.00000E+00      0.000
    6694.0000 -0.19882E+00  0.19472E+00 -0.19882E+00  0.19472E+00 -0.40990E-02 -0.13309E+04  0.13034E+04 -0.13309E+04  0.13034E+04 -0.26897E+02 -0.14833E+03 -0.10652E+03  0.00000E+00  0.00000E+00  0.00000E+00  0.56460E+02  0.20224E+04  0.69133E+03   6701  0.00000E+00      0.000
    6704.0000 -0.19882E+00  0.19472E+00 -0.19882E+00  0.19472E+00 -0.40990E-02 -0.13329E+04  0.13053E+04 -0.13329E+04  0.13053E+04 -0.26938E+02 -0.14833E+03 -0.10652E+03  0.00000E+00  0.00000E+00  0.00000E+00  0.56460E+02  0.20254E+04  0.69236E+03   6711  0.00000E+00      0.000
    6714.0000 -0.19882E+00  0.19472E+00 -0.19882E+00  0.19472E+00 -0.40990E-02 -0.13349E+04  0.13073E+04 -0.13349E+04  0.13073E+04 -0.26979E+02 -0.14833E+03 -0.10652E+03  0.00000E+00  0.00000E+00  0.00000E+00  0.56460E+02  0.20284E+04  0.69340E+03   6721  0.00000E+00      0.000
    6724.0000 -0.19882E+00  0.19472E+00 -0.19882E+00  0.19472E+00 -0.40990E-02 -0.13368E+04  0.13092E+04 -0.13368E+04  0.13092E+04 -0.27020E+02 -0.14833E+03 -0.10652E+03  0.00000E+00  0.00000E+00  0.00000E+00  0.56460E+02  0.20314E+04  0.69443E+03   6731  0.00000E+00      0.000
    6734.0000 -0.19882E+00  0.19472E+00 -0.19882E+00  0.19472E+00 -0.40990E-02 -0.13388E+04  0.13112E+04 -0.13388E+04  0.13112E+04 -0.27061E+02 -0.14833E+03 -0.10652E+03  0.00000E+00  0.00000E+00  0.00000E+00  0.56460E+02  0.20345E+04  0.69546E+03   6741  0.00000E+00      0.000
    6744.0000 -0.19882E+00  0.19472E+00 -0.19882E+00  0.19472E+00 -0.40990E-02 -0.13408E+04  0.13131E+04 -0.13408E+04  0.13131E+04 -0.27102E+02 -0.14833E+03 -0.10652E+03  0.00000E+00  0.00000E+00  0.00000E+00  0.56460E+02  0.20375E+04  0.69649E+03   6751  0.00000E+00      0.000
    6754.0000 -0.19882E+00  0.19472E+00 -0.19882E+00  0.19472E+00 -0.40990E-02 -0.13428E+04  0.13151E+04 -0.13428E+04  0.13151E+04 -0.27143E+02 -0.14833E+03 -0.10652E+03  0.00000E+00  0.00000E+00  0.00000E+00  0.56460E+02  0.20405E+04  0.69753E+03   6761  0.00000E+00      0.000
    6764.0000 -0.19882E+00  0.19472E+00 -0.19882E+00  0.19472E+00 -0.40990E-02 -0.13448E+04  0.13170E+04 -0.13448E+04  0.13170E+04 -0.27184E+02 -0.14833E+03 -0.10652E+03  0.00000E+00  0.00000E+00  0.00000E+00  0.56460E+02  0.20435E+04  0.69856E+03   6771  0.00000E+00      0.000
    6774.0000 -0.19882E+00  0.19472E+00 -0.19882E+00  0.19472E+00 -0.40990E-02 -0.13468E+04  0.13190E+04 -0.13468E+04  0.13190E+04 -0.27225E+02 -0.14833E+03 -0.10652E+03  0.00000E+00  0.00000E+00  0.00000E+00  0.56460E+02  0.20465E+04  0.69959E+03   6781  0.00000E+00      0.000
    6784.0000 -0.19882E+00  0.19472E+00 -0.19882E+00  0.19472E+00 -0.40990E-02 -0.13488E+04  0.13209E+04 -0.13488E+04  0.13209E+04 -0.27266E+02 -0.14833E+03 -0.10652E+03  0.00000E+00  0.00000E+00  0.00000E+00  0.56460E+02  0.20496E+04  0.70062E+03   6791  0.00000E+00      0.000
    6794.0000 -0.19882E+00  0.19472E+00 -0.19882E+00  0.19472E+00 -0.40990E-02 -0.13508E+04  0.13229E+04 -0.13508E+04  0.13229E+04 -0.27307E+02 -0.14833E+03 -0.10652E+03  0.00000E+00  0.00000E+00  0.00000E+00  0.56460E+02  0.20526E+04  0.70166E+03   6801  0.00000E+00      0.000
    6804.0000 -0.19882E+00  0.19472E+00 -0.19882E+00  0.19472E+00 -0.40990E-02 -0.13528E+04  0.13248E+04 -0.13528E+04  0.13248E+04 -0.27348E+02 -0.14833E+03 -0.10652E+03  0.00000E+00  0.00000E+00  0.00000E+00  0.56460E+02  0.20556E+04  0.70269E+03   6811  0.00000E+00      0.000
    6814.0000 -0.19882E+00  0.19472E+00 -0.19882E+00  0.19472E+00 -0.40990E-02 -0.13547E+04  0.13268E+04 -0.13547E+04  0.13268E+04 -0.27389E+02 -0.14833E+03 -0.10652E+03  0.00000E+00  0.00000E+00  0.00000E+00  0.56460E+02  0.20586E+04  0.70372E+03   6821  0.00000E+00      0.000
    6824.0000 -0.19882E+00  0.19472E+00 -0.19882E+00  0.19472E+00 -0.40990E-02 -0.13567E+04  0.13287E+04 -0.13567E+04  0.13287E+04 -0.27430E+02 -0.14833E+03 -0.10652E+03  0.00000E+00  0.00000E+00  0.00000E+00  0.56460E+02  0.20616E+04  0.70476E+03   6831  0.00000E+00      0.000
    6834.0000 -0.19882E+00  0.19472E+00 -0.19882E+00  0.19472E+00 -0.40990E-02 -0.13587E+04  0.13307E+04 -0.13587E+04  0.13307E+04 -0.27471E+02 -0.14833E+03 -0.10652E+03  0.00000E+00  0.00000E+00  0.00000E+00  0.56460E+02  0.20647E+04  0.70579E+03   6841  0.00000E+00      0.000
    6844.0000 -0.19882E+00  0.19472E+00 -0.19882E+00  0.19472E+00 -0.40990E-02 -0.13607E+04  0.13326E+04 -0.13607E+04  0.13326E+04 -0.27512E+02 -0.14833E+03 -0.10652E+03  0.00000E+00  0.00000E+00  0.00000E+00  0.56460E+02  0.20677E+04  0.70682E+03   6851  0.00000E+00      0.000
    6854.0000 -0.19882E+00  0.19472E+00 -0.19882E+00  0.19472E+00 -0.40990E-02 -0.13627E+04  0.13345E+04 -0.13627E+04  0.13345E+04 -0.27553E+02 -0.14833E+03 -0.10652E+03  0.00000E+00  0.00000E+00  0.00000E+00  0.56460E+02  0.20707E+04  0.70785E+03   6861  0.00000E+00      0.000
    6864.0000 -0.19882E+00  0.19472E+00 -0.19882E+00  0.19472E+00 -0.40990E-02 -0.13647E+04  0.13365E+04 -0.13647E+04  0.13365E+04 -0.27594E+02 -0.14833E+03 -0.10652E+03  0.00000E+00  0.00000E+00  0.00000E+00  0.56460E+02  0.20737E+04  0.70889E+03   6871  0.00000E+00      0.000
    6874.0000 -0.19882E+00  0.19472E+00 -0.19882E+00  0.19472E+00 -0.40990E-02 -0.13667E+04  0.13384E+04 -0.13667E+04  0.13384E+04 -0.27635E+02 -0.14833E+03 -0.10652E+03  0.00000E+00  0.00000E+00  0.00000E+00  0.56460E+02  0.20767E+04  0.70992E+03   6881  0.00000E+00      0.000
    6884.0000 -0.19882E+00  0.19472E+00 -0.19882E+00  0.19472E+00 -0.40990E-02 -0.13687E+04  0.13404E+04 -0.13687E+04  0.13404E+04 -0.27676E+02 -0.14833E+03 -0.10652E+03  0.00000E+00  0.00000E+00  0.00000E+00  0.56460E+02  0.20798E+04  0.71095E+03   6891  0.00000E+00      0.000
    6894.0000 -0.19882E+00  0.19472E+00 -0.19882E+00  0.19472E+00 -0.40990E-02 -0.13707E+04  0.13423E+04 -0.13706E+04  0.13423E+04 -0.27717E+02 -0.14833E+03 -0.10652E+03  0.00000E+00  0.00000E+00  0.00000E+00  0.56460E+02  0.20828E+04  0.71198E+03   6901  0.00000E+00      0.000
    6904.0000 -0.19882E+00  0.19472E+00 -0.19882E+00  0.19472E+00 -0.40990E-02 -0.13726E+04  0.13443E+04 -0.13726E+04  0.13443E+04 -0.27758E+02 -0.14833E+03 -0.10652E+03  0.00000E+00  0.00000E+00  0.00000E+00  0.56460E+02  0.20858E+04  0.71302E+03   6911  0.00000E+00      0.000
    6914.0000 -0.19882E+00  0.19472E+00 -0.19882E+00  0.19472E+00 -0.40990E-02 -0.13746E+04  0.13462E+04 -0.13746E+04  0.13462E+04 -0.27799E+02 -0.14833E+03 -0.10652E+03  0.00000E+00  0.00000E+00  0.00000E+00  0.56460E+02  0.20888E+04  0.71405E+03   6921  0.00000E+00      0.000
    6924.0000 -0.19882E+00  0.19472E+00 -0.19882E+00  0.19472E+00 -0.40990E-02 -0.13766E+04  0.13482E+04 -0.13766E+04  0.13482E+04 -0.27840E+02 -0.14833E+03 -0.10652E+03  0.00000E+00  0.00000E+00  0.00000E+00  0.56460E+02  0.20918E+04  0.71508E+03   6931  0.00000E+00      0.000
    6934.0000 -0.19882E+00  0.19472E+00 -0.19882E+00  0.19472E+00 -0.40990E-02 -0.13786E+04  0.13501E+04 -0.13786E+04  0.13501E+04 -0.27881E+02 -0.14833E+03 -0.10652E+03  0.00000E+00  0.00000E+00  0.00000E+00  0.56460E+02  0.20949E+04  0.71612E+03   6941  0.00000E+00      0.000
    6935.0000 -0.19882E+00  0.19472E+00 -0.19882E+00  0.19472E+00 -0.40990E-02 -0.13788E+04  0.13503E+04 -0.13788E+04  0.13503E+04 -0.27885E+02 -0.14833E+03 -0.10652E+03  0.00000E+00  0.00000E+00  0.00000E+00  0.56460E+02  0.20952E+04  0.71622E+03   6942  0.00000E+00      0.000
    6944.0000 -0.19882E+00  0.19472E+00 -0.19882E+00  0.19472E+00 -0.40990E-02 -0.13806E+04  0.13521E+04 -0.13806E+04  0.13521E+04 -0.27922E+02 -0.14833E+03 -0.10652E+03  0.00000E+00  0.00000E+00  0.00000E+00  0.56460E+02  0.20979E+04  0.71715E+03   6951  0.00000E+00      0.000
    6954.0000 -0.19882E+00  0.19472E+00 -0.19882E+00  0.19472E+00 -0.40990E-02 -0.13826E+04  0.13540E+04 -0.13826E+04  0.13540E+04 -0.27963E+02 -0.14833E+03 -0.10652E+03  0.00000E+00  0.00000E+00  0.00000E+00  0.56460E+02  0.21009E+04  0.71818E+03   6961  0.00000E+00      0.000
    6964.0000 -0.19882E+00  0.19472E+00 -0.19882E+00  0.19472E+00 -0.40990E-02 -0.13846E+04  0.13560E+04 -0.13846E+04  0.13560E+04 -0.28004E+02 -0.14833E+03 -0.10652E+03  0.00000E+00  0.00000E+00  0.00000E+00  0.56460E+02  0.21039E+04  0.71921E+03   6971  0.00000E+00      0.000
    6974.0000 -0.19882E+00  0.19472E+00 -0.19882E+00  0.19472E+00 -0.40990E-02 -0.13866E+04  0.13579E+04 -0.13866E+04  0.13579E+04 -0.28045E+02 -0.14833E+03 -0.10652E+03  0.00000E+00  0.00000E+00  0.00000E+00  0.56460E+02  0.21069E+04  0.72025E+03   6981  0.00000E+00      0.000
    6984.0000 -0.19882E+00  0.19472E+00 -0.19882E+00  0.19472E+00 -0.40990E-02 -0.13885E+04  0.13599E+04 -0.13885E+04  0.13599E+04 -0.28086E+02 -0.14833E+03 -0.10652E+03  0.00000E+00  0.00000E+00  0.00000E+00  0.56460E+02  0.21100E+04  0.72128E+03   6991  0.00000E+00      0.000
    6994.0000 -0.19882E+00  0.19472E+00 -0.19882E+00  0.19472E+00 -0.40990E-02 -0.13905E+04  0.13618E+04 -0.13905E+04  0.13618E+04 -0.28127E+02 -0.14833E+03 -0.10652E+03  0.00000E+00  0.00000E+00  0.00000E+00  0.56460E+02  0.21130E+04  0.72231E+03   7001  0.00000E+00      0.000
    7004.0000 -0.19882E+00  0.19472E+00 -0.19882E+00  0.19472E+00 -0.40990E-02 -0.13925E+04  0.13638E+04 -0.13925E+04  0.13638E+04 -0.28168E+02 -0.14833E+03 -0.10652E+03  0.00000E+00  0.00000E+00  0.00000E+00  0.56460E+02  0.21160E+04  0.72334E+03   7011  0.00000E+00      0.000
    7014.0000 -0.19882E+00  0.19472E+00 -0.19882E+00  0.19472E+00 -0.40990E-02 -0.13945E+04  0.13657E+04 -0.13945E+04  0.13657E+04 -0.28209E+02 -0.14833E+03 -0.10652E+03  0.00000E+00  0.00000E+00  0.00000E+00  0.56460E+02  0.21190E+04  0.72438E+03   7021  0.00000E+00      0.000
    7024.0000 -0.19882E+00  0.19472E+00 -0.19882E+00  0.19472E+00 -0.40990E-02 -0.13965E+04  0.13676E+04 -0.13965E+04  0.13676E+04 -0.28250E+02 -0.14833E+03 -0.10652E+03  0.00000E+00  0.00000E+00  0.00000E+00  0.56460E+02  0.21220E+04  0.72541E+03   7031  0.00000E+00      0.000
    7034.0000 -0.19882E+00  0.19472E+00 -0.19882E+00  0.19472E+00 -0.40990E-02 -0.13985E+04  0.13696E+04 -0.13985E+04  0.13696E+04 -0.28291E+02 -0.14833E+03 -0.10652E+03  0.00000E+00  0.00000E+00  0.00000E+00  0.56460E+02  0.21251E+04  0.72644E+03   7041  0.00000E+00      0.000
    7044.0000 -0.19882E+00  0.19472E+00 -0.19882E+00  0.19472E+00 -0.40990E-02 -0.14005E+04  0.13715E+04 -0.14005E+04  0.13715E+04 -0.28332E+02 -0.14833E+03 -0.10652E+03  0.00000E+00  0.00000E+00  0.00000E+00  0.56460E+02  0.21281E+04  0.72747E+03   7051  0.00000E+00      0.000
    7054.0000 -0.19882E+00  0.19472E+00 -0.19882E+00  0.19472E+00 -0.40990E-02 -0.14025E+04  0.13735E+04 -0.14025E+04  0.13735E+04 -0.28373E+02 -0.14833E+03 -0.10652E+03  0.00000E+00  0.00000E+00  0.00000E+00  0.56460E+02  0.21311E+04  0.72851E+03   7061  0.00000E+00      0.000
    7064.0000 -0.19882E+00  0.19472E+00 -0.19882E+00  0.19472E+00 -0.40990E-02 -0.14045E+04  0.13754E+04 -0.14045E+04  0.13754E+04 -0.28414E+02 -0.14833E+03 -0.10652E+03  0.00000E+00  0.00000E+00  0.00000E+00  0.56460E+02  0.21341E+04  0.72954E+03   7071  0.00000E+00      0.000
    7074.0000 -0.19882E+00  0.19472E+00 -0.19882E+00  0.19472E+00 -0.40990E-02 -0.14064E+04  0.13774E+04 -0.14064E+04  0.13774E+04 -0.28455E+02 -0.14833E+03 -0.10652E+03  0.00000E+00  0.00000E+00  0.00000E+00  0.56460E+02  0.21371E+04  0.73057E+03   7081  0.00000E+00      0.000
    7084.0000 -0.19882E+00  0.19472E+00 -0.19882E+00  0.19472E+00 -0.40990E-02 -0.14084E+04  0.13793E+04 -0.14084E+04  0.13793E+04 -0.28496E+02 -0.14833E+03 -0.10652E+03  0.00000E+00  0.00000E+00  0.00000E+00  0.56460E+02  0.21402E+04  0.73161E+03   7091  0.00000E+00      0.000
    7094.0000 -0.19882E+00  0.19472E+00 -0.19882E+00  0.19472E+00 -0.40990E-02 -0.14104E+04  0.13813E+04 -0.14104E+04  0.13813E+04 -0.28537E+02 -0.14833E+03 -0.10652E+03  0.00000E+00  0.00000E+00  0.00000E+00  0.56460E+02  0.21432E+04  0.73264E+03   7101  0.00000E+00      0.000
    7104.0000 -0.19882E+00  0.19472E+00 -0.19882E+00  0.19472E+00 -0.40990E-02 -0.14124E+04  0.13832E+04 -0.14124E+04  0.13832E+04 -0.28578E+02 -0.14833E+03 -0.10652E+03  0.00000E+00  0.00000E+00  0.00000E+00  0.56460E+02  0.21462E+04  0.73367E+03   7111  0.00000E+00      0.000
    7114.0000 -0.19882E+00  0.19472E+00 -0.19882E+00  0.19472E+00 -0.40990E-02 -0.14144E+04  0.13852E+04 -0.14144E+04  0.13852E+04 -0.28619E+02 -0.14833E+03 -0.10652E+03  0.00000E+00  0.00000E+00  0.00000E+00  0.56460E+02  0.21492E+04  0.73470E+03   7121  0.00000E+00      0.000
    7124.0000 -0.19882E+00  0.19472E+00 -0.19882E+00  0.19472E+00 -0.40990E-02 -0.14164E+04  0.13871E+04 -0.14164E+04  0.13871E+04 -0.28660E+02 -0.14833E+03 -0.10652E+03  0.00000E+00  0.00000E+00  0.00000E+00  0.56460E+02  0.21522E+04  0.73574E+03   7131  0.00000E+00      0.000
    7134.0000 -0.19882E+00  0.19472E+00 -0.19882E+00  0.19472E+00 -0.40990E-02 -0.14184E+04  0.13891E+04 -0.14184E+04  0.13891E+04 -0.28701E+02 -0.14833E+03 -0.10652E+03  0.00000E+00  0.00000E+00  0.00000E+00  0.56460E+02  0.21553E+04  0.73677E+03   7141  0.00000E+00      0.000
    7144.0000 -0.19882E+00  0.19472E+00 -0.19882E+00  0.19472E+00 -0.40990E-02 -0.14204E+04  0.13910E+04 -0.14204E+04  0.13910E+04 -0.28742E+02 -0.14833E+03 -0.10652E+03  0.00000E+00  0.00000E+00  0.00000E+00  0.56460E+02  0.21583E+04  0.73780E+03   7151  0.00000E+00      0.000
    7154.0000 -0.19882E+00  0.19472E+00 -0.19882E+00  0.19472E+00 -0.40990E-02 -0.14224E+04  0.13930E+04 -0.14224E+04  0.13930E+04 -0.28783E+02 -0.14833E+03 -0.10652E+03  0.00000E+00  0.00000E+00  0.00000E+00  0.56460E+02  0.21613E+04  0.73883E+03   7161  0.00000E+00      0.000
    7164.0000 -0.19882E+00  0.19472E+00 -0.19882E+00  0.19472E+00 -0.40990E-02 -0.14243E+04  0.13949E+04 -0.14243E+04  0.13949E+04 -0.28824E+02 -0.14833E+03 -0.10652E+03  0.00000E+00  0.00000E+00  0.00000E+00  0.56460E+02  0.21643E+04  0.73987E+03   7171  0.00000E+00      0.000
    7174.0000 -0.19882E+00  0.19472E+00 -0.19882E+00  0.19472E+00 -0.40990E-02 -0.14263E+04  0.13969E+04 -0.14263E+04  0.13969E+04 -0.28865E+02 -0.14833E+03 -0.10652E+03  0.00000E+00  0.00000E+00  0.00000E+00  0.56460E+02  0.21673E+04  0.74090E+03   7181  0.00000E+00      0.000
    7184.0000 -0.19882E+00  0.19472E+00 -0.19882E+00  0.19472E+00 -0.40990E-02 -0.14283E+04  0.13988E+04 -0.14283E+04  0.13988E+04 -0.28906E+02 -0.14833E+03 -0.10652E+03  0.00000E+00  0.00000E+00  0.00000E+00  0.56460E+02  0.21704E+04  0.74193E+03   7191  0.00000E+00      0.000
    7194.0000 -0.19882E+00  0.19472E+00 -0.19882E+00  0.19472E+00 -0.40990E-02 -0.14303E+04  0.14007E+04 -0.14303E+04  0.14007E+04 -0.28947E+02 -0.14833E+03 -0.10652E+03  0.00000E+00  0.00000E+00  0.00000E+00  0.56460E+02  0.21734E+04  0.74297E+03   7201  0.00000E+00      0.000
    7204.0000 -0.19882E+00  0.19472E+00 -0.19882E+00  0.19472E+00 -0.40990E-02 -0.14323E+04  0.14027E+04 -0.14323E+04  0.14027E+04 -0.28987E+02 -0.14833E+03 -0.10652E+03  0.00000E+00  0.00000E+00  0.00000E+00  0.56460E+02  0.21764E+04  0.74400E+03   7211  0.00000E+00      0.000
    7214.0000 -0.19882E+00  0.19472E+00 -0.19882E+00  0.19472E+00 -0.40990E-02 -0.14343E+04  0.14046E+04 -0.14343E+04  0.14046E+04 -0.29028E+02 -0.14833E+03 -0.10652E+03  0.00000E+00  0.00000E+00  0.00000E+00  0.56460E+02  0.21794E+04  0.74503E+03   7221  0.00000E+00      0.000
    7224.0000 -0.19882E+00  0.19472E+00 -0.19882E+00  0.19472E+00 -0.40990E-02 -0.14363E+04  0.14066E+04 -0.14363E+04  0.14066E+04 -0.29069E+02 -0.14833E+03 -0.10652E+03  0.00000E+00  0.00000E+00  0.00000E+00  0.56460E+02  0.21824E+04  0.74606E+03   7231  0.00000E+00      0.000
    7234.0000 -0.19882E+00  0.19472E+00 -0.19882E+00  0.19472E+00 -0.40990E-02 -0.14383E+04  0.14085E+04 -0.14383E+04  0.14085E+04 -0.29110E+02 -0.14833E+03 -0.10652E+03  0.00000E+00  0.00000E+00  0.00000E+00  0.56460E+02  0.21855E+04  0.74710E+03   7241  0.00000E+00      0.000
    7244.0000 -0.19882E+00  0.19472E+00 -0.19882E+00  0.19472E+00 -0.40990E-02 -0.14402E+04  0.14105E+04 -0.14402E+04  0.14105E+04 -0.29151E+02 -0.14833E+03 -0.10652E+03  0.00000E+00  0.00000E+00  0.00000E+00  0.56460E+02  0.21885E+04  0.74813E+03   7251  0.00000E+00      0.000
    7254.0000 -0.19882E+00  0.19472E+00 -0.19882E+00  0.19472E+00 -0.40990E-02 -0.14422E+04  0.14124E+04 -0.14422E+04  0.14124E+04 -0.29192E+02 -0.14833E+03 -0.10652E+03  0.00000E+00  0.00000E+00  0.00000E+00  0.56460E+02  0.21915E+04  0.74916E+03   7261  0.00000E+00      0.000
    7264.0000 -0.19882E+00  0.19472E+00 -0.19882E+00  0.19472E+00 -0.40990E-02 -0.14442E+04  0.14144E+04 -0.14442E+04  0.14144E+04 -0.29233E+02 -0.14833E+03 -0.10652E+03  0.00000E+00  0.00000E+00  0.00000E+00  0.56460E+02  0.21945E+04  0.75019E+03   7271  0.00000E+00      0.000
    7274.0000 -0.19882E+00  0.19472E+00 -0.19882E+00  0.19472E+00 -0.40990E-02 -0.14462E+04  0.14163E+04 -0.14462E+04  0.14163E+04 -0.29274E+02 -0.14833E+03 -0.10652E+03  0.00000E+00  0.00000E+00  0.00000E+00  0.56460E+02  0.21975E+04  0.75123E+03   7281  0.00000E+00      0.000
    7284.0000 -0.19882E+00  0.19472E+00 -0.19882E+00  0.19472E+00 -0.40990E-02 -0.14482E+04  0.14183E+04 -0.14482E+04  0.14183E+04 -0.29315E+02 -0.14833E+03 -0.10652E+03  0.00000E+00  0.00000E+00  0.00000E+00  0.56460E+02  0.22006E+04  0.75226E+03   7291  0.00000E+00      0.000
    7294.0000 -0.19882E+00  0.19472E+00 -0.19882E+00  0.19472E+00 -0.40990E-02 -0.14502E+04  0.14202E+04 -0.14502E+04  0.14202E+04 -0.29356E+02 -0.14833E+03 -0.10652E+03  0.00000E+00  0.00000E+00  0.00000E+00  0.56460E+02  0.22036E+04  0.75329E+03   7301  0.00000E+00      0.000
    7300.0000 -0.19882E+00  0.19472E+00 -0.19882E+00  0.19472E+00 -0.40990E-02 -0.14514E+04  0.14214E+04 -0.14514E+04  0.14214E+04 -0.29381E+02 -0.14833E+03 -0.10652E+03  0.00000E+00  0.00000E+00  0.00000E+00  0.56460E+02  0.22054E+04  0.75391E+03   7307  0.00000E+00      0.000
end
